book,prop,gate,hr,n,hits,wilson_low,lift_vs_base,base_hr,train_hr,train_n,oos_hr,oos_n,ticket_clear,oos_ticket_clear
Goblin OVER,pitcher_ks,L5=5 + opp_bats_Strong + season_cush>=1,0.914,186,170,0.8648,0.2164,0.6976,0.9048,42,0.9167,144,True,True
Goblin OVER,earned_runs,L5=5 + opp_bats_Strong + season_cush>=1,0.9167,132,121,0.8569,0.2065,0.7102,0.9032,31,0.9208,101,True,True
Goblin OVER,earned_runs,L5=5 + L10>=8 + line_0.5,0.8988,247,222,0.8549,0.1886,0.7102,0.8113,53,0.9227,194,True,True
Goblin OVER,earned_runs,L5=5 + line_0.5,0.8951,286,256,0.8542,0.1849,0.7102,0.8197,61,0.9156,225,True,True
Goblin OVER,walks_allowed,L5=5 + opp_pitch_leaky + cover>=1,0.9208,101,93,0.8514,0.1818,0.739,0.8421,19,0.939,82,True,True
Goblin OVER,earned_runs,L10=10 + opp_bats_Strong,0.9375,64,60,0.85,0.2273,0.7102,0.9,10,0.9444,54,True,True
Goblin OVER,earned_runs,L5=5 + opp_bats_Strong + cover>=1,0.9091,132,120,0.8478,0.1989,0.7102,0.9,30,0.9118,102,True,True
Goblin OVER,earned_runs,L5=5 + opp_bats_Strong,0.9058,138,125,0.8455,0.1956,0.7102,0.875,32,0.9151,106,True,True
Goblin OVER,hits_allowed,L10=10 + cover>=1,0.9535,43,41,0.8454,0.2577,0.6958,0.75,4,0.9744,39,True,True
Goblin OVER,pitcher_ks,L5=5 + opp_pitch_stingy + season_cush>=1,0.8973,185,166,0.8452,0.1997,0.6976,0.9512,41,0.8819,144,True,True
Goblin OVER,earned_runs,L5=5 + L10>=8,0.8859,298,264,0.8448,0.1757,0.7102,0.8125,64,0.906,234,True,True
Goblin OVER,pitching_outs,L10=10 + own_pitch_leaky,0.9524,42,40,0.8421,0.2501,0.7023,1.0,10,0.9375,32,True,True
Goblin OVER,pitching_outs,L10=10 + season_cush>=2,0.9265,68,63,0.8391,0.2242,0.7023,0.8947,19,0.9388,49,True,True
Goblin OVER,earned_runs,L5=5 + cover>=2,0.8815,287,253,0.839,0.1713,0.7102,0.791,67,0.9091,220,True,True
Goblin OVER,hits_allowed,cover>=1,0.8879,214,190,0.8386,0.1921,0.6958,0.8431,51,0.9018,163,True,True
Goblin OVER,pitcher_ks,L5=5 + cover>=0.5,0.8747,391,342,0.8382,0.1771,0.6976,0.8529,102,0.8824,289,True,True
Goblin OVER,pitcher_ks,L5=5 + own_bats_Strong + season_cush>=1,0.8922,167,149,0.8361,0.1946,0.6976,0.7949,39,0.9219,128,True,True
Goblin OVER,pitcher_ks,L5=5 + opp_pitch_stingy + cover>=1,0.9146,82,75,0.8341,0.217,0.6976,0.9286,14,0.9118,68,True,True
Goblin OVER,earned_runs,L10=10 + opp_pitch_stingy,0.9146,82,75,0.8341,0.2044,0.7102,0.8333,12,0.9286,70,True,True
Goblin OVER,earned_runs,L10=10,0.8871,186,165,0.8336,0.1769,0.7102,0.8125,32,0.9026,154,True,True
Goblin OVER,earned_runs,L5=5 + cover>=1.5,0.8738,309,270,0.8321,0.1636,0.7102,0.7887,71,0.8992,238,True,True
Goblin OVER,pitcher_ks,L5=5 + season_cush>=1,0.8668,443,384,0.832,0.1692,0.6976,0.8407,113,0.8758,330,True,True
Goblin OVER,hits_allowed,L5>=4 + cover>=1,0.8827,196,173,0.8301,0.1869,0.6958,0.8095,42,0.9026,154,True,True
Goblin OVER,walks_allowed,L5=5 + cover>=1.5,0.8818,203,179,0.8301,0.1428,0.739,0.8049,41,0.9012,162,True,True
Goblin OVER,earned_runs,L5=5 + opp_pitch_stingy + season_cush>=1,0.8921,139,124,0.8296,0.1819,0.7102,0.8,30,0.9174,109,True,True
Goblin OVER,walks_allowed,L5=5 + opp_pitch_leaky + season_cush>=1,0.908,87,79,0.8289,0.169,0.739,0.8333,18,0.9275,69,True,True
Goblin OVER,earned_runs,L5=5 + cover>=1,0.868,356,309,0.8289,0.1578,0.7102,0.7975,79,0.8881,277,True,True
Goblin OVER,earned_runs,L5=5,0.8672,369,320,0.8288,0.157,0.7102,0.7952,83,0.8881,286,True,True
Goblin OVER,earned_runs,L5=5 + cover>=0.5,0.8672,369,320,0.8288,0.157,0.7102,0.7952,83,0.8881,286,True,True
Goblin OVER,earned_runs,L5=5 + season_cush>=1,0.8682,349,303,0.8287,0.158,0.7102,0.8025,81,0.8881,268,True,True
Goblin OVER,walks_allowed,L5>=4 + cover>=1.5,0.8665,382,331,0.8287,0.1275,0.739,0.8387,93,0.8754,289,True,True
Goblin OVER,hits_allowed,L10>=8 + cover>=1,0.8855,166,147,0.8282,0.1897,0.6958,0.8462,39,0.8976,127,True,True
Goblin OVER,pitcher_ks,L10>=9 + cover>=0.5,0.8652,371,321,0.8267,0.1676,0.6976,0.8125,80,0.8797,291,True,True
Goblin OVER,hits_allowed,L10=10 + season_cush>=2,0.9103,78,71,0.8262,0.2145,0.6958,0.7143,14,0.9531,64,True,True
Goblin OVER,pitching_outs,L10>=9 + season_cush>=2,0.8756,225,197,0.826,0.1733,0.7023,0.8542,48,0.8814,177,True,True
Goblin OVER,earned_runs,L10>=8 + line_0.5,0.8523,792,675,0.8259,0.1421,0.7102,0.8075,187,0.8661,605,True,True
Goblin OVER,walks_allowed,L5=5 + cover>=1,0.8745,231,202,0.8255,0.1355,0.739,0.8,45,0.8925,186,True,True
Goblin OVER,earned_runs,L5=5 + season_cush>=2,0.8814,177,156,0.8254,0.1712,0.7102,0.8163,49,0.9062,128,True,True
Goblin OVER,earned_runs,L10=10 + own_bats_Strong,0.9143,70,64,0.8253,0.2041,0.7102,0.9,10,0.9167,60,True,True
Goblin OVER,pitcher_ks,L5>=4 + cover>=1,0.873,244,213,0.8253,0.1754,0.6976,0.8333,54,0.8842,190,True,True
Goblin OVER,walks_allowed,L5=5 + cover>=0.5,0.873,244,213,0.8253,0.134,0.739,0.8039,51,0.8912,193,True,True
Goblin OVER,pitcher_ks,L10>=8 + cover>=1,0.8776,196,172,0.8243,0.18,0.6976,0.8049,41,0.8968,155,True,True
Goblin OVER,earned_runs,L10=10 + cover>=1.5,0.8962,106,95,0.8237,0.186,0.7102,0.7727,22,0.9286,84,True,True
Goblin OVER,earned_runs,L5=5 + opp_pitch_stingy,0.8851,148,131,0.8237,0.1749,0.7102,0.7812,32,0.9138,116,True,True
Goblin OVER,earned_runs,L10=10 + cover>=0.5,0.8938,113,101,0.8235,0.1836,0.7102,0.7727,22,0.9231,91,True,True
Goblin OVER,earned_runs,L10=10 + cover>=1,0.8938,113,101,0.8235,0.1836,0.7102,0.7727,22,0.9231,91,True,True
Goblin OVER,walks_allowed,L5>=4 + cover>=2,0.8648,318,275,0.8228,0.1258,0.739,0.8378,74,0.873,244,True,True
Goblin OVER,pitcher_ks,L10>=8 + opp_pitch_stingy + cover>=1,0.9011,91,82,0.8226,0.2035,0.6976,0.8462,13,0.9103,78,True,True
Goblin OVER,earned_runs,L10>=9 + opp_bats_Strong,0.8763,194,170,0.8225,0.1661,0.7102,0.8333,36,0.8861,158,True,True
Goblin OVER,pitcher_ks,L5=5 + L10>=8,0.8609,381,328,0.8225,0.1633,0.6976,0.8111,90,0.8763,291,True,True
Goblin OVER,earned_runs,L5=5 + own_pitch_stingy,0.898,98,88,0.8223,0.1878,0.7102,0.8235,17,0.9136,81,True,True
Goblin OVER,walks_allowed,L5=5 + own_bats_Strong + season_cush>=1,0.9036,83,75,0.8212,0.1646,0.739,0.9286,14,0.8986,69,True,True
Goblin OVER,hits_allowed,L10=10 + season_cush>=1,0.9,90,81,0.8208,0.2042,0.6958,0.7647,17,0.9315,73,True,True
Goblin OVER,earned_runs,L5=5 + own_pitch_stingy + cover>=1,0.8969,97,87,0.8205,0.1867,0.7102,0.8235,17,0.9125,80,True,True
Goblin OVER,earned_runs,L5=5 + opp_pitch_stingy + cover>=1,0.8841,138,122,0.82,0.1739,0.7102,0.7857,28,0.9091,110,True,True
Goblin OVER,pitcher_ks,L5=5 + opp_bats_Strong + cover>=1,0.9067,75,68,0.8197,0.2091,0.6976,0.8,15,0.9333,60,True,True
Goblin OVER,earned_runs,L10>=9 + cover>=1,0.8611,324,279,0.8192,0.1509,0.7102,0.8361,61,0.8669,263,True,True
Goblin OVER,walks_allowed,L5=5 + own_pitch_stingy + cover>=1,0.9024,82,74,0.8191,0.1634,0.739,0.7778,9,0.9178,73,True,True
Goblin OVER,earned_runs,L10=10 + season_cush>=1,0.8909,110,98,0.8189,0.1807,0.7102,0.7727,22,0.9205,88,True,True
Goblin OVER,pitching_outs,L10>=8 + season_cush>=2,0.8601,336,289,0.8189,0.1578,0.7023,0.8,65,0.8745,271,True,True
Goblin OVER,hits_allowed,L10>=8 + cover>=0.5,0.8564,404,346,0.8189,0.1606,0.6958,0.8022,91,0.8722,313,True,True
Goblin OVER,earned_runs,L10=10 + cover>=2,0.8932,103,92,0.8188,0.183,0.7102,0.7727,22,0.9259,81,True,True
Goblin OVER,walks_allowed,L5=5 + L10>=8 + line_0.5,0.8724,196,171,0.8185,0.1334,0.739,0.8,45,0.894,151,True,True
Goblin OVER,hits_allowed,cover>=0.5,0.8483,633,537,0.8183,0.1525,0.6958,0.7844,167,0.8712,466,True,True
Goblin OVER,hits_allowed,L5>=4 + season_cush>=2,0.8568,370,317,0.8174,0.161,0.6958,0.7303,89,0.8968,281,True,True
Goblin OVER,earned_runs,L5>=4 + cover>=2,0.8504,528,449,0.8174,0.1402,0.7102,0.8235,119,0.8582,409,True,True
Goblin OVER,pitcher_ks,L10>=8 + opp_bats_Strong + cover>=1,0.9012,81,73,0.817,0.2036,0.6976,0.7692,13,0.9265,68,True,True
Goblin OVER,pitcher_ks,L10>=8 + own_pitch_leaky + cover>=1,0.8977,88,79,0.8169,0.2001,0.6976,0.8,15,0.9178,73,True,True
Goblin OVER,earned_runs,L5=5 + L10>=8 + own_pitch_stingy,0.8977,88,79,0.8169,0.1875,0.7102,0.8125,16,0.9167,72,True,True
Goblin OVER,pitcher_ks,cover>=1,0.863,270,233,0.8168,0.1654,0.6976,0.8413,63,0.8696,207,True,True
Goblin OVER,pitching_outs,L5=5 + season_cush>=2,0.8729,181,158,0.8165,0.1706,0.7023,0.7708,48,0.9098,133,True,True
Goblin OVER,pitching_outs,L5>=4 + season_cush>=2,0.8571,343,294,0.8161,0.1548,0.7023,0.7662,77,0.8835,266,True,True
Goblin OVER,earned_runs,L10>=9 + cover>=0.5,0.8576,330,283,0.8157,0.1474,0.7102,0.8413,63,0.8614,267,True,True
Goblin OVER,pitcher_ks,L5=5 + own_pitch_stingy + season_cush>=1,0.8722,180,157,0.8156,0.1746,0.6976,0.8333,48,0.8864,132,True,True
Goblin OVER,walks_allowed,L10>=9 + cover>=1,0.8636,242,209,0.8147,0.1246,0.739,0.7907,43,0.8794,199,True,True
Goblin OVER,walks_allowed,L5=5 + cover>=2,0.8715,179,156,0.8146,0.1325,0.739,0.7879,33,0.8904,146,True,True
Goblin OVER,earned_runs,cover>=2,0.8441,667,563,0.8146,0.1339,0.7102,0.8457,162,0.8436,505,True,True
Goblin OVER,pitcher_ks,L5=5 + cover>=1,0.8708,178,155,0.8136,0.1732,0.6976,0.8049,41,0.8905,137,True,True
Goblin OVER,earned_runs,L10>=9 + season_cush>=1,0.8558,326,279,0.8135,0.1456,0.7102,0.8413,63,0.8593,263,True,True
Goblin OVER,earned_runs,L10>=9 + season_cush>=2,0.8684,190,165,0.813,0.1582,0.7102,0.814,43,0.8844,147,True,True
Goblin OVER,walks_allowed,L10>=8 + own_bats_Strong + season_cush>=1,0.881,126,111,0.8128,0.142,0.739,0.9655,29,0.8557,97,True,True
Goblin OVER,hits_allowed,L10=10 + cover>=0.5,0.8987,79,71,0.8127,0.2029,0.6958,0.7143,14,0.9385,65,True,True
Goblin OVER,walks_allowed,L10>=8 + cover>=1.5,0.8567,300,257,0.8125,0.1177,0.739,0.806,67,0.8712,233,True,True
Goblin OVER,walks_allowed,L10>=9 + cover>=1.5,0.8654,208,180,0.8123,0.1264,0.739,0.7895,38,0.8824,170,True,True
Goblin OVER,pitching_outs,season_cush>=2,0.8494,425,361,0.8123,0.1471,0.7023,0.7789,95,0.8697,330,True,True
Goblin OVER,hits_allowed,L5>=4 + cover>=0.5,0.8449,548,463,0.8122,0.1491,0.6958,0.75,136,0.8762,412,True,True
Goblin OVER,pitcher_ks,L5=5 + season_cush>=2,0.8562,299,256,0.8119,0.1586,0.6976,0.8,70,0.8734,229,True,True
Goblin OVER,walks_allowed,L5>=4 + cover>=1,0.8468,483,409,0.8119,0.1078,0.739,0.8387,124,0.8496,359,True,True
Goblin OVER,earned_runs,L10=10 + own_pitch_stingy,0.92,50,46,0.8116,0.2098,0.7102,0.8182,11,0.9487,39,True,True
Goblin OVER,walks_allowed,cover>=2,0.8514,370,315,0.8115,0.1124,0.739,0.802,101,0.8699,269,True,True
Goblin OVER,pitching_outs,L5=5 + L10>=8 + own_pitch_leaky,0.8913,92,82,0.8114,0.189,0.7023,0.8571,21,0.9014,71,True,True
Goblin OVER,earned_runs,L10>=9,0.8447,528,446,0.8113,0.1345,0.7102,0.823,113,0.8506,415,True,True
Goblin OVER,earned_runs,L10>=8 + cover>=2,0.8478,427,362,0.8106,0.1376,0.7102,0.8144,97,0.8576,330,True,True
Goblin OVER,earned_runs,L10>=8 + opp_bats_Strong + cover>=1,0.8632,212,183,0.8104,0.153,0.7102,0.8,40,0.8779,172,True,True
Goblin OVER,walks_allowed,L10>=8 + cover>=1,0.8496,379,322,0.8101,0.1106,0.739,0.837,92,0.8537,287,True,True
Goblin OVER,hits_allowed,L10>=9 + cover>=0.5,0.8583,254,218,0.81,0.1625,0.6958,0.7255,51,0.8916,203,True,True
Goblin OVER,walks_allowed,L10>=8 + cover>=2,0.8583,254,218,0.81,0.1193,0.739,0.7778,54,0.88,200,True,True
Goblin OVER,walks_allowed,L5=5 + L10>=8,0.861,223,192,0.8094,0.122,0.739,0.7885,52,0.883,171,True,True
Goblin OVER,earned_runs,L10>=9 + cover>=2,0.8566,265,227,0.8093,0.1464,0.7102,0.8182,55,0.8667,210,True,True
Goblin OVER,pitcher_ks,L5>=4 + cover>=0.5,0.8382,692,580,0.8089,0.1406,0.6976,0.8306,183,0.8409,509,True,True
Goblin OVER,walks_allowed,L5=5 + season_cush>=1,0.8627,204,176,0.8088,0.1237,0.739,0.7955,44,0.8812,160,True,True
Goblin OVER,hits_allowed,L10>=8 + season_cush>=2,0.8501,347,295,0.8088,0.1543,0.6958,0.7625,80,0.8764,267,True,True
Goblin OVER,earned_runs,line_0.5,0.8287,1489,1234,0.8088,0.1185,0.7102,0.826,431,0.8299,1058,True,True
Goblin OVER,hits_allowed,L10>=9 + season_cush>=2,0.8583,240,206,0.8086,0.1625,0.6958,0.7308,52,0.8936,188,True,True
Goblin OVER,pitcher_ks,L10>=8 + own_bats_Strong + cover>=1,0.8961,77,69,0.8082,0.1985,0.6976,0.8,20,0.9298,57,True,True
Goblin OVER,earned_runs,L10=10 + season_cush>=2,0.8961,77,69,0.8082,0.1859,0.7102,0.7647,17,0.9333,60,True,True
Goblin OVER,walks_allowed,L5=5 + opp_pitch_leaky,0.8716,148,129,0.8082,0.1326,0.739,0.7742,62,0.9419,86,True,True
Goblin OVER,walks_allowed,L10>=8 + own_pitch_stingy + cover>=1,0.8716,148,129,0.8082,0.1326,0.739,0.9,30,0.8644,118,True,True
Goblin OVER,hits_allowed,L5>=4 + L10>=8,0.8408,559,470,0.8081,0.145,0.6958,0.7902,143,0.8582,416,True,True
Goblin OVER,pitching_outs,L10>=9 + own_pitch_leaky,0.8639,191,165,0.808,0.1616,0.7023,0.8571,42,0.8658,149,True,True
Goblin OVER,pitching_outs,L10=10 + season_cush>=1,0.9,70,63,0.8077,0.1977,0.7023,0.85,20,0.92,50,True,True
Goblin OVER,hits_allowed,L10=10 + opp_pitch_stingy,0.9107,56,51,0.8074,0.2149,0.6958,1.0,9,0.8936,47,True,True
Goblin OVER,earned_runs,L5=5 + own_pitch_stingy + season_cush>=1,0.8889,90,80,0.8074,0.1787,0.7102,0.8235,17,0.9041,73,True,True
Goblin OVER,earned_runs,L10>=9 + cover>=1.5,0.8531,286,244,0.8074,0.1429,0.7102,0.8246,57,0.8603,229,True,True
Goblin OVER,pitching_outs,L5=5 + L10>=8,0.8622,196,169,0.807,0.1599,0.7023,0.8113,53,0.8811,143,True,True
Goblin OVER,walks_allowed,L5=5 + line_0.5,0.853,279,238,0.8067,0.114,0.739,0.7798,109,0.9,170,True,True
Goblin OVER,pitching_outs,L10>=9 + opp_pitch_leaky,0.8679,159,138,0.8065,0.1656,0.7023,0.9,40,0.8571,119,True,True
Goblin OVER,walks_allowed,L10>=9 + cover>=0.5,0.8549,255,218,0.8064,0.1159,0.739,0.7955,44,0.8673,211,True,True
Goblin OVER,earned_runs,L10>=8 + cover>=1,0.8389,565,474,0.8064,0.1287,0.7102,0.8214,112,0.8433,453,True,True
Goblin OVER,walks_allowed,L5>=4 + season_cush>=1,0.8462,377,319,0.8063,0.1072,0.739,0.8367,98,0.8495,279,True,True
Goblin OVER,pitching_outs,L10>=8 + own_pitch_leaky + season_cush>=1,0.8624,189,163,0.8061,0.1601,0.7023,0.8571,35,0.8636,154,True,True
Goblin OVER,earned_runs,L10>=8 + opp_bats_Strong + season_cush>=1,0.8584,219,188,0.8061,0.1482,0.7102,0.7857,42,0.8757,177,True,True
Goblin OVER,earned_runs,L10>=8 + cover>=1.5,0.8409,484,407,0.8057,0.1307,0.7102,0.8208,106,0.8466,378,True,True
Goblin OVER,pitcher_ks,L10>=9 + cover>=1,0.8684,152,132,0.8055,0.1708,0.6976,0.7667,30,0.8934,122,True,True
Goblin OVER,pitcher_ks,L5=5 + opp_pitch_leaky + season_cush>=1,0.8671,158,137,0.8054,0.1695,0.6976,0.878,41,0.8632,117,True,True
Goblin OVER,pitcher_ks,L5=5 + own_bats_Strong + cover>=1,0.8986,69,62,0.8051,0.201,0.6976,0.8421,19,0.92,50,True,True
Goblin OVER,walks_allowed,L10>=9 + own_bats_Strong,0.8608,194,167,0.8051,0.1218,0.739,0.8,45,0.8792,149,True,True
Goblin OVER,pitcher_ks,L5>=4 + season_cush>=2,0.8391,522,438,0.8051,0.1415,0.6976,0.8077,130,0.8495,392,True,True
Goblin OVER,walks_allowed,cover>=1.5,0.8414,454,382,0.805,0.1024,0.739,0.7857,126,0.8628,328,True,True
Goblin OVER,walks_allowed,L10=10 + own_pitch_leaky,0.9091,55,50,0.8042,0.1701,0.739,0.9286,14,0.9024,41,True,True
Goblin OVER,earned_runs,L5>=4 + cover>=1.5,0.8358,603,504,0.8041,0.1256,0.7102,0.8134,134,0.8422,469,True,True
Goblin OVER,walks_allowed,L10>=9,0.8402,463,389,0.804,0.1012,0.739,0.7778,117,0.8613,346,True,True
Goblin OVER,hits_allowed,L10>=8 + opp_bats_Strong + season_cush>=1,0.8552,221,189,0.8027,0.1594,0.6958,0.7931,58,0.8773,163,True,True
Goblin OVER,hits_allowed,L10>=8 + own_pitch_stingy + cover>=1,0.8971,68,61,0.8024,0.2013,0.6958,0.8125,16,0.9231,52,True,True
Goblin OVER,pitcher_ks,L10>=9 + season_cush>=2,0.8438,352,297,0.8021,0.1462,0.6976,0.7692,65,0.8606,287,True,True
Goblin OVER,walks_allowed,L10>=8 + own_bats_Strong + cover>=1,0.8658,149,129,0.8018,0.1268,0.739,0.9412,34,0.8435,115,True,True
Goblin OVER,pitcher_ks,L5=5 + L10>=8 + own_pitch_stingy,0.8634,161,139,0.8018,0.1658,0.6976,0.7805,41,0.8917,120,True,True
Goblin OVER,pitcher_ks,L10=10 + cover>=0.5,0.8634,161,139,0.8018,0.1658,0.6976,0.8649,37,0.8629,124,True,True
Goblin OVER,walks_allowed,L10>=8 + opp_pitch_leaky + cover>=1,0.8623,167,144,0.8018,0.1233,0.739,0.8333,42,0.872,125,True,True
Goblin OVER,hits_allowed,L10>=8 + own_bats_Strong + cover>=1,0.8919,74,66,0.8009,0.1961,0.6958,0.9,20,0.8889,54,True,True
Goblin OVER,earned_runs,L5>=4 + L10>=8,0.8336,571,476,0.8009,0.1234,0.7102,0.8142,113,0.8384,458,True,True
Goblin OVER,pitching_outs,L5=5 + season_cush>=1,0.8545,213,182,0.8008,0.1522,0.7023,0.7778,63,0.8867,150,True,True
Goblin OVER,hits_allowed,L10>=9 + season_cush>=1,0.8444,315,266,0.8003,0.1486,0.6958,0.7571,70,0.8694,245,True,True
Goblin OVER,hits_allowed,L5=5 + L10>=8,0.8476,269,228,0.7998,0.1518,0.6958,0.7703,74,0.8769,195,True,True
Goblin OVER,hits_allowed,season_cush>=2,0.8376,431,361,0.7998,0.1418,0.6958,0.7383,107,0.8704,324,True,True
Goblin OVER,earned_runs,cover>=1.5,0.8278,784,649,0.7998,0.1176,0.7102,0.8307,189,0.8269,595,True,True
Goblin OVER,earned_runs,L10>=8 + opp_bats_Strong,0.8407,364,306,0.7995,0.1305,0.7102,0.7361,72,0.8664,292,True,True
Goblin OVER,walks_allowed,L10>=8 + line_0.5,0.8283,699,579,0.7986,0.0893,0.739,0.7826,207,0.8476,492,True,True
Goblin OVER,pitching_outs,L5=5 + opp_pitch_stingy + season_cush>=1,0.8804,92,81,0.7985,0.1781,0.7023,0.7857,28,0.9219,64,True,True
Goblin OVER,pitching_outs,L10>=9 + season_cush>=1,0.848,250,212,0.7983,0.1457,0.7023,0.8491,53,0.8477,197,True,True
Goblin OVER,earned_runs,L5>=4 + season_cush>=2,0.8441,295,249,0.7983,0.1339,0.7102,0.8065,62,0.8541,233,True,True
Goblin OVER,walks_allowed,L5=5 + own_bats_Strong + cover>=1,0.8776,98,86,0.7981,0.1386,0.739,0.875,16,0.878,82,True,True
Goblin OVER,pitcher_ks,L10>=8 + cover>=0.5,0.8324,525,437,0.798,0.1348,0.6976,0.7949,117,0.8431,408,True,True
Goblin OVER,pitching_outs,L5=5 + own_pitch_leaky + season_cush>=1,0.875,104,91,0.7978,0.1727,0.7023,0.75,28,0.9211,76,True,True
Goblin OVER,hits_allowed,L10>=9 + cover>=1,0.8689,122,106,0.7975,0.1731,0.6958,0.7692,26,0.8958,96,True,True
Goblin OVER,pitcher_ks,L5=5 + own_bats_Strong,0.8491,232,197,0.7974,0.1515,0.6976,0.7573,103,0.9225,129,True,True
Goblin OVER,pitcher_ks,L5=5 + opp_pitch_stingy,0.8448,277,234,0.7974,0.1472,0.6976,0.7937,126,0.8874,151,True,True
Goblin OVER,pitcher_ks,L5=5 + own_pitch_leaky + season_cush>=1,0.8589,163,140,0.7972,0.1613,0.6976,0.775,40,0.8862,123,True,True
Goblin OVER,pitcher_ks,L5=5 + opp_bats_Strong,0.845,271,229,0.7971,0.1474,0.6976,0.7603,121,0.9133,150,True,True
Goblin OVER,pitcher_ks,L10=10 + season_cush>=1,0.8556,180,154,0.7968,0.158,0.6976,0.8421,38,0.8592,142,True,True
Goblin OVER,earned_runs,L10>=8 + own_pitch_stingy + cover>=1,0.8505,214,182,0.7965,0.1403,0.7102,0.8636,44,0.8471,170,True,True
Goblin OVER,hits_allowed,L10>=8 + opp_pitch_leaky + season_cush>=1,0.8489,225,191,0.7963,0.1531,0.6958,0.8246,57,0.8571,168,True,True
Goblin OVER,pitcher_ks,L5=5 + L10>=8 + own_pitch_leaky,0.8647,133,115,0.7962,0.1671,0.6976,0.75,28,0.8952,105,True,True
Goblin OVER,walks_allowed,L10=10,0.8661,127,110,0.7961,0.1271,0.739,0.8,30,0.8866,97,True,True
Goblin OVER,hits_allowed,L10>=8 + season_cush>=1,0.8283,600,497,0.7961,0.1325,0.6958,0.7943,141,0.8388,459,True,True
Goblin OVER,pitcher_ks,cover>=0.5,0.8236,822,677,0.7961,0.126,0.6976,0.823,226,0.8238,596,True,True
Goblin OVER,hits_allowed,L10=10,0.859,156,134,0.7957,0.1632,0.6958,0.8,30,0.873,126,True,True
Goblin OVER,walks_allowed,L5>=4 + cover>=0.5,0.8288,549,455,0.795,0.0898,0.739,0.8227,141,0.8309,408,True,True
Goblin OVER,earned_runs,L10>=8 + cover>=0.5,0.8272,602,498,0.795,0.117,0.7102,0.8033,122,0.8333,480,True,True
Goblin OVER,pitching_outs,L10>=9,0.8329,431,359,0.7948,0.1306,0.7023,0.8421,95,0.8304,336,True,True
Goblin OVER,walks_allowed,L10>=9 + cover>=2,0.8539,178,152,0.7946,0.1149,0.739,0.7419,31,0.8776,147,True,True
Goblin OVER,earned_runs,L5=5 + L10>=8 + own_pitch_leaky,0.8651,126,109,0.7945,0.1549,0.7102,0.8077,26,0.88,100,True,True
Goblin OVER,earned_runs,season_cush>=2,0.8367,349,292,0.7943,0.1265,0.7102,0.7831,83,0.8534,266,True,True
Goblin OVER,earned_runs,L10>=8 + season_cush>=2,0.8419,272,229,0.7938,0.1317,0.7102,0.7857,56,0.8565,216,True,True
Goblin OVER,walks_allowed,L10>=8 + cover>=0.5,0.8325,418,348,0.7937,0.0935,0.739,0.8416,101,0.8297,317,True,True
Goblin OVER,earned_runs,L5>=4 + cover>=1,0.822,753,619,0.7931,0.1118,0.7102,0.816,163,0.8237,590,True,True
Goblin OVER,walks_allowed,L10>=9 + season_cush>=1,0.8448,232,196,0.7927,0.1058,0.739,0.7857,42,0.8579,190,True,True
Goblin OVER,walks_allowed,L10>=8 + opp_pitch_leaky + season_cush>=1,0.8592,142,122,0.7924,0.1202,0.739,0.8108,37,0.8762,105,True,True
Goblin OVER,hits_allowed,L5=5 + cover>=0.5,0.84,275,231,0.792,0.1442,0.6958,0.7042,71,0.8873,204,True,True
Goblin OVER,pitcher_ks,L10>=8 + season_cush>=2,0.8283,466,386,0.7914,0.1307,0.6976,0.7802,91,0.84,375,True,True
Goblin OVER,pitcher_ks,L10>=9 + season_cush>=1,0.828,471,390,0.7913,0.1304,0.6976,0.7684,95,0.8431,376,True,True
Goblin OVER,hits_allowed,L5>=4 + season_cush>=1,0.8207,736,604,0.7913,0.1249,0.6958,0.7487,195,0.8466,541,True,True
Goblin OVER,hits_allowed,L5=5 + season_cush>=1,0.836,311,260,0.7908,0.1402,0.6958,0.7108,83,0.8816,228,True,True
Goblin OVER,pitching_outs,L5>=4 + L10>=8 + own_pitch_leaky,0.85,180,153,0.7906,0.1477,0.7023,0.8611,36,0.8472,144,True,True
Goblin OVER,earned_runs,L10>=9 + opp_pitch_stingy,0.8438,224,189,0.7905,0.1336,0.7102,0.7755,49,0.8629,175,True,True
Goblin OVER,earned_runs,L10>=8,0.8148,1026,836,0.7899,0.1046,0.7102,0.786,229,0.8231,797,True,True
Goblin OVER,pitching_outs,L5>=4 + L10>=8,0.8295,393,326,0.7892,0.1272,0.7023,0.8214,84,0.8317,309,True,True
Goblin OVER,walks_allowed,L5>=4 + L10>=8,0.8281,413,342,0.7887,0.0891,0.739,0.8103,116,0.835,297,True,True
Goblin OVER,pitching_outs,L10>=9 + opp_pitch_stingy,0.8483,178,151,0.7883,0.146,0.7023,0.8235,34,0.8542,144,True,True
Goblin OVER,earned_runs,L5=5 + opp_pitch_leaky,0.8561,139,119,0.7882,0.1459,0.7102,0.7838,37,0.8824,102,True,True
Goblin OVER,earned_runs,L5=5 + opp_pitch_leaky + cover>=1,0.8561,139,119,0.7882,0.1459,0.7102,0.7838,37,0.8824,102,True,True
Goblin OVER,pitcher_ks,L10=10,0.8364,275,230,0.7881,0.1388,0.6976,0.8305,59,0.838,216,True,True
Goblin OVER,walks_allowed,L10>=8 + season_cush>=1,0.8323,328,273,0.7881,0.0933,0.739,0.8158,76,0.8373,252,True,True
Goblin OVER,walks_allowed,cover>=1,0.8202,623,511,0.7881,0.0812,0.739,0.788,184,0.8337,439,True,True
Goblin OVER,pitcher_ks,L5=5,0.8195,637,522,0.7877,0.1219,0.6976,0.7585,294,0.8717,343,True,True
Goblin OVER,walks_allowed,line_0.5,0.8068,1755,1416,0.7877,0.0678,0.739,0.7719,903,0.8439,852,True,True
Goblin OVER,hits_allowed,L5=5 + season_cush>=2,0.8442,199,168,0.7874,0.1484,0.6958,0.6607,56,0.9161,143,True,True
Goblin OVER,pitching_outs,L10>=8 + season_cush>=1,0.8263,426,352,0.7874,0.124,0.7023,0.8235,85,0.827,341,True,True
Goblin OVER,earned_runs,L10>=8 + season_cush>=1,0.8205,585,480,0.7874,0.1103,0.7102,0.8034,117,0.8248,468,True,True
Goblin OVER,pitching_outs,L5>=4 + season_cush>=1,0.8254,441,364,0.7872,0.1231,0.7023,0.7905,105,0.8363,336,True,True
Goblin OVER,walks_allowed,L10>=8 + own_pitch_stingy + season_cush>=1,0.8636,110,95,0.7871,0.1246,0.739,0.8947,19,0.8571,91,True,True
Goblin OVER,pitching_outs,L10>=8 + own_pitch_leaky,0.8318,321,267,0.787,0.1295,0.7023,0.8485,66,0.8275,255,True,True
Goblin OVER,pitching_outs,L10=10 + opp_pitch_stingy,0.9,50,45,0.7864,0.1977,0.7023,0.9375,16,0.8824,34,True,True
Goblin OVER,pitcher_ks,L10>=8 + own_pitch_stingy + season_cush>=1,0.8295,346,287,0.7863,0.1319,0.6976,0.7397,73,0.8535,273,True,True
Goblin OVER,pitcher_ks,season_cush>=2,0.8182,627,513,0.7861,0.1206,0.6976,0.8101,158,0.8209,469,True,True
Goblin OVER,walks_allowed,L10>=9 + own_pitch_stingy,0.8485,165,140,0.7859,0.1095,0.739,0.8571,42,0.8455,123,True,True
Goblin OVER,walks_allowed,L10>=9 + opp_pitch_leaky,0.8424,203,171,0.7859,0.1034,0.739,0.7241,58,0.8897,145,True,True
Goblin OVER,hits_allowed,L10>=8 + opp_pitch_leaky + cover>=1,0.8929,56,50,0.7853,0.1971,0.6958,0.75,16,0.95,40,True,True
Goblin OVER,hits_allowed,L5=5 + cover>=1,0.855,131,112,0.7846,0.1592,0.6958,0.7333,30,0.8911,101,True,True
Goblin OVER,pitcher_ks,L10>=8 + opp_bats_Strong + season_cush>=1,0.8297,317,263,0.7844,0.1321,0.6976,0.8281,64,0.83,253,True,True
Goblin OVER,earned_runs,L10>=8 + opp_pitch_stingy + cover>=1,0.8369,233,195,0.7841,0.1267,0.7102,0.8298,47,0.8387,186,True,True
Goblin OVER,walks_allowed,season_cush>=1,0.8208,480,394,0.784,0.0818,0.739,0.7943,141,0.8319,339,True,True
Goblin OVER,pitching_outs,L5=5,0.8321,274,228,0.7833,0.1298,0.7023,0.75,92,0.8736,182,True,True
Goblin OVER,pitching_outs,L5=5 + opp_pitch_stingy,0.8571,119,102,0.7831,0.1548,0.7023,0.7619,42,0.9091,77,True,True
Goblin OVER,pitching_outs,L5=5 + own_bats_Strong + season_cush>=1,0.8706,85,74,0.783,0.1683,0.7023,0.8261,23,0.8871,62,True,True
Goblin OVER,walks_allowed,L10>=8 + own_pitch_leaky + cover>=1,0.8511,141,120,0.783,0.1121,0.739,0.9167,36,0.8286,105,True,True
Goblin OVER,pitcher_ks,L5>=4 + season_cush>=1,0.8084,971,785,0.7825,0.1108,0.6976,0.7891,256,0.8154,715,True,True
Goblin OVER,hits_allowed,L5=5 + opp_pitch_leaky + season_cush>=1,0.8584,113,97,0.7823,0.1626,0.6958,0.75,36,0.9091,77,True,True
Goblin OVER,pitching_outs,L10>=9 + own_bats_Strong,0.8427,178,150,0.782,0.1404,0.7023,0.8421,38,0.8429,140,True,True
Goblin OVER,walks_allowed,L10>=8,0.8099,826,669,0.7818,0.0709,0.739,0.7773,247,0.8238,579,True,True
Goblin OVER,hits_allowed,L10=10 + own_bats_Strong,0.8909,55,49,0.7817,0.1951,0.6958,1.0,4,0.8824,51,True,True
Goblin OVER,pitcher_ks,L10>=9 + opp_bats_Strong,0.8275,313,259,0.7817,0.1299,0.6976,0.8169,71,0.8306,242,True,True
Goblin OVER,walks_allowed,L5=5 + own_pitch_stingy + season_cush>=1,0.8852,61,54,0.7816,0.1462,0.739,0.8333,6,0.8909,55,True,True
Goblin OVER,earned_runs,L10>=8 + opp_pitch_leaky + cover>=1,0.8356,225,188,0.7816,0.1254,0.7102,0.7843,51,0.8506,174,True,True
Goblin OVER,walks_allowed,L5=5,0.8247,348,287,0.7813,0.0857,0.739,0.7434,152,0.8878,196,True,True
Goblin OVER,earned_runs,L5>=4 + season_cush>=1,0.8111,741,601,0.7813,0.1009,0.7102,0.7952,166,0.8157,575,True,True
Goblin OVER,pitching_outs,L10>=9 + opp_bats_Strong,0.8418,177,149,0.7809,0.1395,0.7023,0.8684,38,0.8345,139,True,True
Goblin OVER,earned_runs,L10>=8 + opp_pitch_stingy,0.8192,437,358,0.7804,0.109,0.7102,0.7857,98,0.8289,339,True,True
Goblin OVER,earned_runs,cover>=1,0.8054,1033,832,0.7802,0.0952,0.7102,0.8235,238,0.8,795,True,True
Goblin OVER,walks_allowed,L10>=8 + opp_pitch_leaky,0.8237,346,285,0.7801,0.0847,0.739,0.7632,114,0.8534,232,True,True
Goblin OVER,earned_runs,L5=5 + own_pitch_leaky + cover>=1,0.8421,171,144,0.78,0.1319,0.7102,0.8049,41,0.8538,130,True,True
Goblin OVER,pitcher_ks,L10>=9 + own_pitch_stingy,0.8234,351,289,0.78,0.1258,0.6976,0.7791,86,0.8377,265,True,True
Goblin OVER,pitcher_ks,L10=10 + cover>=1,0.8718,78,68,0.7798,0.1742,0.6976,0.8235,17,0.8852,61,True,True
Goblin OVER,walks_allowed,L5=5 + L10>=8 + own_pitch_stingy,0.8718,78,68,0.7798,0.1328,0.739,0.7333,15,0.9048,63,True,True
Goblin OVER,earned_runs,L5=5 + own_pitch_leaky,0.8409,176,148,0.7797,0.1307,0.7102,0.8049,41,0.8519,135,True,True
Goblin OVER,hits_allowed,L10>=9,0.8131,578,470,0.7793,0.1173,0.6958,0.7874,127,0.8204,451,True,True
Goblin OVER,earned_runs,L5=5 + own_pitch_leaky + season_cush>=1,0.8412,170,143,0.7788,0.131,0.7102,0.8049,41,0.8527,129,True,True
Goblin OVER,walks_allowed,L10>=9 + own_pitch_leaky,0.8377,191,160,0.7788,0.0987,0.739,0.8,45,0.8493,146,True,True
Goblin OVER,pitching_outs,L10>=8 + opp_pitch_stingy + season_cush>=1,0.8378,185,155,0.7779,0.1355,0.7023,0.8182,33,0.8421,152,True,True
Goblin OVER,pitcher_ks,L10=10 + own_pitch_stingy,0.8534,116,99,0.7778,0.1558,0.6976,0.8667,15,0.8515,101,True,True
Goblin OVER,hits_allowed,L5=5 + opp_bats_Strong + season_cush>=1,0.8534,116,99,0.7778,0.1576,0.6958,0.697,33,0.9157,83,True,True
Goblin OVER,hits_allowed,L10>=9 + opp_pitch_stingy,0.8319,226,188,0.7776,0.1361,0.6958,0.8182,44,0.8352,182,True,True
Goblin OVER,earned_runs,L10>=9 + own_bats_Strong,0.835,200,167,0.7773,0.1248,0.7102,0.7879,33,0.8443,167,True,True
Goblin OVER,pitcher_ks,L10=10 + season_cush>=2,0.8431,153,129,0.7772,0.1455,0.6976,0.8182,33,0.85,120,True,True
Goblin OVER,pitcher_ks,L10>=9 + opp_pitch_leaky,0.8266,271,224,0.777,0.129,0.6976,0.8525,61,0.819,210,True,True
Goblin OVER,earned_runs,L5>=4 + own_pitch_stingy,0.8228,316,260,0.7769,0.1126,0.7102,0.8209,67,0.8233,249,True,True
Goblin OVER,pitcher_ks,L5>=4 + cover>=1.5,0.8732,71,62,0.7763,0.1756,0.6976,1.0,15,0.8393,56,True,True
Goblin OVER,walks_allowed,L5>=4 + opp_pitch_leaky,0.8206,340,279,0.7763,0.0816,0.739,0.7834,157,0.8525,183,True,True
Goblin OVER,earned_runs,L10>=9 + opp_pitch_leaky,0.8333,204,170,0.7761,0.1231,0.7102,0.8182,44,0.8375,160,True,True
Goblin OVER,earned_runs,L5>=4 + cover>=0.5,0.8039,862,693,0.7761,0.0937,0.7102,0.7897,195,0.8081,667,True,True
Goblin OVER,earned_runs,L5=5 + opp_pitch_leaky + season_cush>=1,0.8473,131,111,0.7759,0.1371,0.7102,0.7838,37,0.8723,94,True,True
Goblin OVER,hits_allowed,L10>=8 + own_bats_Strong + season_cush>=1,0.8291,234,194,0.7756,0.1333,0.6958,0.8298,47,0.8289,187,True,True
Goblin OVER,pitcher_ks,L10=10 + own_bats_Strong,0.8659,82,71,0.7755,0.1683,0.6976,0.6875,16,0.9091,66,True,True
Goblin OVER,pitcher_ks,L10>=8 + own_bats_Strong + season_cush>=1,0.8224,304,250,0.7755,0.1248,0.6976,0.7143,63,0.8506,241,True,True
Goblin OVER,pitching_outs,L10>=8,0.8049,774,623,0.7755,0.1026,0.7023,0.8255,149,0.8,625,True,True
Goblin OVER,hits_allowed,L10>=8 + own_pitch_stingy + season_cush>=1,0.8254,252,208,0.7737,0.1296,0.6958,0.7879,66,0.8387,186,True,True
Goblin OVER,walks_allowed,L10>=8 + own_pitch_stingy,0.8185,336,275,0.7737,0.0795,0.739,0.7714,105,0.8398,231,True,True
Goblin OVER,earned_runs,L5>=4 + opp_pitch_leaky,0.8171,350,286,0.7733,0.1069,0.7102,0.7667,90,0.8346,260,True,True
Goblin OVER,pitcher_ks,L5=5 + own_pitch_leaky + cover>=1,0.8642,81,70,0.773,0.1666,0.6976,0.75,16,0.8923,65,True,True
Goblin OVER,pitcher_ks,L5=5 + own_pitch_leaky,0.8294,211,175,0.7728,0.1318,0.6976,0.7558,86,0.88,125,True,True
Goblin OVER,hits_allowed,L10>=8 + opp_bats_Strong,0.8128,422,343,0.7728,0.117,0.6958,0.7981,104,0.8176,318,True,True
Goblin OVER,pitcher_ks,L10>=9,0.8023,769,617,0.7727,0.1047,0.6976,0.767,176,0.8128,593,True,True
Goblin OVER,earned_runs,L5>=4,0.8002,891,713,0.7727,0.09,0.7102,0.7794,204,0.8064,687,True,True
Goblin OVER,walks_allowed,cover>=0.5,0.8024,754,605,0.7725,0.0634,0.739,0.7804,214,0.8111,540,True,True
Goblin OVER,pitcher_ks,L10>=8 + own_pitch_stingy,0.8055,617,497,0.7724,0.1079,0.6976,0.7432,148,0.8252,469,True,True
Goblin OVER,walks_allowed,L10>=8 + own_bats_Strong,0.8176,329,269,0.7723,0.0786,0.739,0.7767,103,0.8363,226,True,True
Goblin OVER,pitcher_ks,L10=10 + opp_pitch_leaky,0.8557,97,83,0.7722,0.1581,0.6976,0.8571,21,0.8553,76,True,True
Goblin OVER,earned_runs,L10>=9 + own_pitch_leaky,0.8273,220,182,0.7718,0.1171,0.7102,0.7805,41,0.838,179,True,True
Goblin OVER,earned_runs,L10>=8 + opp_pitch_leaky + season_cush>=1,0.8267,225,186,0.7718,0.1165,0.7102,0.7647,51,0.8448,174,True,True
Goblin OVER,earned_runs,L5>=4 + opp_bats_Strong,0.8166,338,276,0.7718,0.1064,0.7102,0.7746,71,0.8277,267,True,True
Goblin OVER,pitcher_ks,L5=5 + cover>=1.5,0.8793,58,51,0.7712,0.1817,0.6976,1.0,11,0.8511,47,True,True
Goblin OVER,walks_allowed,L10=10 + own_bats_Strong,0.8793,58,51,0.7712,0.1403,0.739,0.875,8,0.88,50,True,True
Goblin OVER,pitching_outs,L5=5 + own_pitch_leaky,0.8421,133,112,0.7707,0.1398,0.7023,0.6977,43,0.9111,90,True,True
Goblin OVER,pitching_outs,L10>=8 + opp_pitch_stingy,0.8162,321,262,0.7702,0.1139,0.7023,0.8333,60,0.8123,261,True,True
Goblin OVER,pitching_outs,season_cush>=1,0.8028,639,513,0.7702,0.1005,0.7023,0.7891,147,0.8069,492,True,True
Goblin OVER,hits_allowed,L10>=8,0.7941,1161,922,0.7699,0.0983,0.6958,0.7845,283,0.7973,878,True,True
Goblin OVER,hits_allowed,season_cush>=1,0.7944,1075,854,0.7692,0.0986,0.6958,0.7483,294,0.8118,781,True,True
Goblin OVER,pitcher_ks,L10>=8 + own_pitch_stingy + cover>=1,0.873,63,55,0.7689,0.1754,0.6976,0.7143,14,0.9184,49,True,True
Goblin OVER,walks_allowed,L5=5 + own_pitch_leaky + cover>=1,0.8556,90,77,0.7684,0.1166,0.739,0.8947,19,0.8451,71,True,True
Goblin OVER,pitcher_ks,L5=5 + own_pitch_stingy,0.8185,270,221,0.7682,0.1209,0.6976,0.7424,132,0.8913,138,True,True
Goblin OVER,hits_allowed,L10>=8 + opp_pitch_leaky,0.8066,455,367,0.7678,0.1108,0.6958,0.8365,104,0.7977,351,True,True
Goblin OVER,earned_runs,L5=5 + own_bats_Strong,0.8413,126,106,0.7675,0.1311,0.7102,0.7586,29,0.866,97,True,True
Goblin OVER,earned_runs,L5=5 + own_bats_Strong + cover>=1,0.8413,126,106,0.7675,0.1311,0.7102,0.7586,29,0.866,97,True,True
Goblin OVER,pitcher_ks,L5>=4 + L10>=8,0.7978,742,592,0.7674,0.1002,0.6976,0.7287,188,0.8213,554,True,True
Goblin OVER,hits_allowed,L10>=8 + opp_pitch_stingy + season_cush>=1,0.8189,254,208,0.7669,0.1231,0.6958,0.7903,62,0.8281,192,True,True
Goblin OVER,hits_allowed,L10>=8 + own_bats_Strong,0.8058,448,361,0.7666,0.11,0.6958,0.7849,93,0.8113,355,True,True
Goblin OVER,earned_runs,L10>=8 + opp_pitch_leaky,0.8081,396,320,0.7664,0.0979,0.7102,0.766,94,0.8212,302,True,True
Goblin OVER,earned_runs,L10>=9 + own_pitch_stingy,0.827,185,153,0.766,0.1168,0.7102,0.8261,46,0.8273,139,True,True
Goblin OVER,pitcher_ks,L10>=8 + season_cush>=1,0.7958,769,612,0.7659,0.0982,0.6976,0.7607,163,0.8053,606,True,True
Goblin OVER,pitcher_ks,L10=10 + opp_bats_Strong,0.84,125,105,0.7658,0.1424,0.6976,0.7931,29,0.8542,96,True,True
Goblin OVER,earned_runs,L10=10 + own_pitch_leaky,0.859,78,67,0.7649,0.1488,0.7102,0.8182,11,0.8657,67,True,True
Goblin OVER,earned_runs,L10>=8 + own_pitch_leaky,0.8073,384,310,0.7649,0.0971,0.7102,0.7826,69,0.8127,315,True,True
Goblin OVER,walks_allowed,L5=5 + own_pitch_stingy,0.8358,134,112,0.7639,0.0968,0.739,0.7333,60,0.9189,74,True,True
Goblin OVER,pitcher_ks,L5=5 + own_pitch_stingy + cover>=1,0.875,56,49,0.7637,0.1774,0.6976,0.7692,13,0.907,43,True,True
Goblin OVER,pitching_outs,L10>=8 + own_bats_Strong + season_cush>=1,0.8274,168,139,0.7631,0.1251,0.7023,0.8621,29,0.8201,139,True,True
Goblin OVER,hits_allowed,L5=5 + own_pitch_stingy + season_cush>=1,0.839,118,99,0.7622,0.1432,0.6958,0.7143,35,0.8916,83,True,True
Goblin OVER,hits_allowed,L5=5 + own_bats_Strong + season_cush>=1,0.839,118,99,0.7622,0.1432,0.6958,0.7941,34,0.8571,84,True,True
Goblin OVER,walks_allowed,L5>=4,0.7908,846,669,0.7621,0.0518,0.739,0.755,400,0.8229,446,True,True
Goblin OVER,pitcher_ks,cover>=1.5,0.8571,77,66,0.762,0.1595,0.6976,1.0,16,0.8197,61,True,True
Goblin OVER,earned_runs,L10>=8 + own_pitch_stingy + season_cush>=1,0.8174,219,179,0.7609,0.1072,0.7102,0.8333,48,0.8129,171,True,True
Goblin OVER,walks_allowed,L10>=8 + own_pitch_leaky + season_cush>=1,0.8321,137,114,0.7607,0.0931,0.739,0.9091,33,0.8077,104,True,True
Goblin OVER,hits_allowed,L10>=9 + opp_pitch_leaky,0.8178,214,175,0.7606,0.122,0.6958,0.8163,49,0.8182,165,True,True
Goblin OVER,pitching_outs,L10>=8 + opp_pitch_leaky,0.8099,284,230,0.7602,0.1076,0.7023,0.8596,57,0.7974,227,True,True
Goblin OVER,earned_runs,L10>=8 + opp_pitch_stingy + season_cush>=1,0.8127,251,204,0.7599,0.1025,0.7102,0.8039,51,0.815,200,True,True
Goblin OVER,walks_allowed,L10>=8 + own_pitch_leaky,0.8057,314,253,0.7584,0.0667,0.739,0.8409,88,0.792,226,True,True
Goblin OVER,pitching_outs,L10=10,0.8378,111,93,0.7582,0.1355,0.7023,0.871,31,0.825,80,True,True
Goblin OVER,earned_runs,L10>=8 + own_pitch_stingy,0.799,418,334,0.758,0.0888,0.7102,0.7864,103,0.8032,315,True,True
Goblin OVER,pitcher_ks,L10>=8 + opp_pitch_leaky + season_cush>=1,0.8088,272,220,0.7579,0.1112,0.6976,0.7931,58,0.8131,214,True,True
Goblin OVER,earned_runs,L10>=8 + own_bats_Strong,0.8,395,316,0.7577,0.0898,0.7102,0.7662,77,0.8082,318,True,True
Goblin OVER,hitter_ks,L10>=9 + cover>=2,0.8173,197,161,0.7574,0.1962,0.6211,0.814,43,0.8182,154,True,True
Goblin OVER,hits_allowed,L10=10 + own_pitch_leaky,0.8615,65,56,0.7573,0.1657,0.6958,0.7647,17,0.8958,48,True,True
Goblin OVER,walks_allowed,L5=5 + own_pitch_leaky,0.8308,130,108,0.757,0.0918,0.739,0.8302,53,0.8312,77,True,True
Goblin OVER,hits_allowed,L10>=9 + own_bats_Strong,0.8122,229,186,0.7566,0.1164,0.6958,0.7778,45,0.8207,184,True,True
Goblin OVER,earned_runs,L5=5 + own_bats_Strong + season_cush>=1,0.8333,120,100,0.7565,0.1231,0.7102,0.7586,29,0.8571,91,True,True
Goblin OVER,hits_allowed,L10>=8 + own_pitch_stingy,0.794,500,397,0.7564,0.0982,0.6958,0.7647,136,0.8049,364,True,True
Goblin OVER,walks_allowed,L5=5 + own_bats_Strong,0.8264,144,119,0.7563,0.0874,0.739,0.7458,59,0.8824,85,True,True
Goblin OVER,earned_runs,L10>=8 + own_pitch_leaky + cover>=1,0.8143,210,171,0.7562,0.1041,0.7102,0.8108,37,0.815,173,True,True
Goblin OVER,walks_allowed,L5=5 + own_pitch_leaky + season_cush>=1,0.8444,90,76,0.7557,0.1054,0.739,0.8571,21,0.8406,69,True,True
Goblin OVER,walks_allowed,L5=5 + opp_bats_Strong + cover>=1,0.8421,95,80,0.7557,0.1031,0.739,0.6429,14,0.8765,81,True,True
Goblin OVER,walks_allowed,L10>=9 + opp_pitch_stingy,0.8198,172,141,0.7555,0.0808,0.739,0.7895,38,0.8284,134,True,True
Goblin OVER,hits_allowed,L10>=8 + opp_pitch_stingy,0.7939,456,362,0.7543,0.0981,0.6958,0.7826,115,0.7977,341,True,True
Goblin OVER,pitching_outs,L10>=8 + own_bats_Strong,0.8026,304,244,0.7542,0.1003,0.7023,0.8431,51,0.7945,253,True,True
Goblin OVER,walks_allowed,L10>=8 + opp_pitch_stingy + cover>=1,0.8224,152,125,0.7539,0.0834,0.739,0.8158,38,0.8246,114,True,True
Goblin OVER,earned_runs,cover>=0.5,0.7773,1275,991,0.7536,0.0671,0.7102,0.7634,317,0.7818,958,True,True
Goblin OVER,earned_runs,L5>=4 + L10>=8 + own_pitch_leaky,0.8128,203,165,0.7535,0.1026,0.7102,0.8286,35,0.8095,168,True,True
Goblin OVER,walks_allowed,L5=5 + L10>=8 + own_pitch_leaky,0.8452,84,71,0.753,0.1062,0.739,0.8947,19,0.8308,65,True,True
Goblin OVER,hits_allowed,L10>=9 + opp_bats_Strong,0.8107,206,167,0.7517,0.1149,0.6958,0.75,44,0.8272,162,True,True
Goblin OVER,walks_allowed,L10=10 + opp_pitch_leaky,0.8679,53,46,0.7516,0.1289,0.739,0.8125,16,0.8919,37,True,True
Goblin OVER,pitcher_ks,L10=10 + opp_pitch_stingy,0.8268,127,105,0.7516,0.1292,0.6976,0.8519,27,0.82,100,True,True
Goblin OVER,hits_allowed,L10>=8 + opp_bats_Strong + cover>=1,0.8621,58,50,0.7507,0.1663,0.6958,0.6923,13,0.9111,45,True,True
Goblin OVER,pitching_outs,L5=5 + own_bats_Strong,0.8304,112,93,0.7502,0.1281,0.7023,0.7778,36,0.8553,76,True,True
Goblin OVER,pitcher_ks,season_cush>=1,0.7732,1371,1060,0.7502,0.0756,0.6976,0.7869,352,0.7684,1019,True,True
Goblin OVER,pitches_thrown,L5>=4 + L10>=8 + own_pitch_leaky,0.8462,78,66,0.7501,0.142,0.7042,0.8182,22,0.8571,56,True,True
Goblin OVER,pitcher_ks,L5>=4 + own_pitch_stingy,0.7816,728,569,0.7501,0.084,0.6976,0.7212,373,0.8451,355,True,True
Goblin OVER,pitching_outs,L10=10 + own_bats_Strong,0.881,42,37,0.75,0.1787,0.7023,0.9,10,0.875,32,True,True
Goblin OVER,hits_allowed,L10>=8 + opp_pitch_stingy + cover>=1,0.8493,73,62,0.75,0.1535,0.6958,0.8824,17,0.8393,56,True,True
Goblin OVER,pitching_outs,L5=5 + opp_pitch_leaky + season_cush>=1,0.8493,73,62,0.75,0.147,0.7023,0.7727,22,0.8824,51,True,True
Goblin OVER,earned_runs,season_cush>=1,0.7753,1077,835,0.7494,0.0651,0.7102,0.7656,256,0.7783,821,True,True
Goblin OVER,pitcher_ks,L10>=8 + opp_bats_Strong,0.7846,571,448,0.749,0.087,0.6976,0.7556,135,0.7936,436,True,True
Goblin OVER,hits_allowed,L5>=4 + opp_bats_Strong,0.7857,532,418,0.7489,0.0899,0.6958,0.7269,271,0.8467,261,True,True
Goblin OVER,walks_allowed,L10>=8 + opp_bats_Strong,0.7951,327,260,0.7481,0.0561,0.739,0.7527,93,0.812,234,True,True
Goblin OVER,pitcher_ks,L10>=8,0.7706,1373,1058,0.7476,0.073,0.6976,0.7368,342,0.7818,1031,True,True
Goblin OVER,hits_allowed,L5=5 + L10>=8 + own_pitch_stingy,0.8302,106,88,0.7475,0.1344,0.6958,0.7188,32,0.8784,74,True,True
Goblin OVER,pitching_outs,L10>=8 + opp_bats_Strong,0.795,317,252,0.7471,0.0927,0.7023,0.8197,61,0.7891,256,True,True
Goblin OVER,pitching_outs,L10>=8 + opp_bats_Strong + season_cush>=1,0.8114,175,142,0.747,0.1091,0.7023,0.7419,31,0.8264,144,True,True
Goblin OVER,pitcher_ks,L10>=8 + cover>=1.5,0.8596,57,49,0.7468,0.162,0.6976,1.0,9,0.8333,48,True,True
Goblin OVER,pitches_thrown,L10>=9 + own_pitch_leaky,0.8472,72,61,0.7468,0.143,0.7042,0.7273,22,0.9,50,True,True
Goblin OVER,pitcher_ks,L5=5 + opp_pitch_leaky,0.8047,215,173,0.7465,0.1071,0.6976,0.7447,94,0.8512,121,True,True
Goblin OVER,pitcher_ks,L10>=8 + opp_pitch_leaky,0.7846,492,386,0.7461,0.087,0.6976,0.7647,119,0.7909,373,True,True
Goblin OVER,pitching_outs,L5>=4,0.7781,712,554,0.7461,0.0758,0.7023,0.709,244,0.8141,468,True,True
Goblin OVER,walks_allowed,L5>=4 + L10>=8 + own_pitch_leaky,0.8141,156,127,0.7458,0.0751,0.739,0.8974,39,0.7863,117,True,True
Goblin OVER,walks_allowed,L5>=4 + own_pitch_leaky,0.7932,324,257,0.7458,0.0542,0.739,0.7867,150,0.7989,174,True,True
Goblin OVER,earned_runs,L10>=8 + own_pitch_leaky + season_cush>=1,0.8027,223,179,0.7455,0.0925,0.7102,0.7895,38,0.8054,185,True,True
Goblin OVER,hits_allowed,L5>=4 + own_pitch_stingy,0.7811,571,446,0.7454,0.0853,0.6958,0.7327,318,0.8419,253,True,True
Goblin OVER,pitcher_ks,L5>=4 + own_bats_Strong,0.7776,697,542,0.7453,0.08,0.6976,0.7346,358,0.823,339,True,True
Goblin OVER,pitching_outs,L5>=4 + own_pitch_leaky,0.794,301,239,0.7448,0.0917,0.7023,0.7157,102,0.8342,199,True,True
Goblin OVER,walks_allowed,L10>=8 + opp_pitch_stingy,0.7912,340,269,0.7448,0.0522,0.739,0.7444,90,0.808,250,True,True
Goblin OVER,hits_allowed,L10=10 + opp_bats_Strong,0.878,41,36,0.7446,0.1822,0.6958,0.875,8,0.8788,33,True,True
Goblin OVER,hits_allowed,L5=5 + opp_pitch_stingy + season_cush>=1,0.8175,137,112,0.7445,0.1217,0.6958,0.6875,32,0.8571,105,True,True
Goblin OVER,pitches_thrown,L10>=8 + own_pitch_leaky + season_cush>=1,0.8421,76,64,0.744,0.1379,0.7042,0.8,15,0.8525,61,True,True
Goblin OVER,earned_runs,L5>=4 + own_bats_Strong,0.7896,347,274,0.7437,0.0794,0.7102,0.7831,83,0.7917,264,True,True
Goblin OVER,pitcher_ks,L5>=4 + opp_bats_Strong,0.7759,705,547,0.7437,0.0783,0.6976,0.7096,365,0.8471,340,True,True
Goblin OVER,walks_allowed,L5>=4 + opp_bats_Strong,0.7904,334,264,0.7436,0.0514,0.739,0.7386,153,0.8343,181,True,True
Goblin OVER,hits_allowed,L5=5,0.783,470,368,0.7435,0.0872,0.6958,0.6816,223,0.8745,247,True,True
Goblin OVER,pitcher_ks,L10>=8 + opp_pitch_leaky + cover>=1,0.8525,61,52,0.7428,0.1549,0.6976,0.8,15,0.8696,46,True,True
Goblin OVER,walks_allowed,L10>=8 + opp_bats_Strong + cover>=1,0.8117,154,125,0.7426,0.0727,0.739,0.7714,35,0.8235,119,True,True
Goblin OVER,pitcher_ks,L5>=4,0.7629,1712,1306,0.7421,0.0653,0.6976,0.7178,886,0.8111,826,True,True
Goblin OVER,pitcher_ks,L10>=9 + opp_pitch_stingy,0.7874,348,274,0.7413,0.0898,0.6976,0.7561,82,0.797,266,True,True
Goblin OVER,walks_allowed,L5>=4 + own_pitch_stingy,0.7874,348,274,0.7413,0.0484,0.739,0.7412,170,0.8315,178,True,True
Goblin OVER,pitcher_ks,L10>=8 + opp_pitch_stingy + season_cush>=1,0.7881,335,264,0.7412,0.0905,0.6976,0.7703,74,0.7931,261,True,True
Goblin OVER,pitches_thrown,L10>=8,0.7851,377,296,0.7409,0.0809,0.7042,0.764,89,0.7917,288,True,True
Goblin OVER,hits_allowed,L5>=4 + opp_pitch_stingy,0.7768,569,442,0.7408,0.081,0.6958,0.7536,276,0.7986,293,True,True
Goblin OVER,pitching_outs,L5=5 + opp_pitch_leaky,0.8315,89,74,0.7404,0.1292,0.7023,0.7143,28,0.8852,61,True,True
Goblin OVER,walks_allowed,L5>=4 + own_bats_Strong,0.7855,359,282,0.7401,0.0465,0.739,0.7733,172,0.7968,187,True,True
Goblin OVER,hits_allowed,L5>=4,0.7633,1373,1048,0.7401,0.0675,0.6958,0.7049,715,0.8267,658,True,True
Goblin OVER,hits_allowed,L5=5 + opp_bats_Strong,0.8034,178,143,0.7388,0.1076,0.6958,0.6824,85,0.914,93,True,True
Goblin OVER,hitter_ks,L5=5 + K%>=28 + opp_pitch_leaky,0.8047,169,136,0.7385,0.1836,0.6211,0.7885,104,0.8308,65,True,True
Goblin OVER,pitcher_ks,L5=5 + opp_pitch_leaky + cover>=1,0.8545,55,47,0.7384,0.1569,0.6976,0.8,15,0.875,40,True,True
Goblin OVER,pitching_outs,L5=5 + own_pitch_stingy,0.8235,102,84,0.7382,0.1212,0.7023,0.8158,38,0.8281,64,True,True
Goblin OVER,hits_allowed,L5=5 + own_pitch_stingy + cover>=1,0.86,50,43,0.7381,0.1642,0.6958,0.7333,15,0.9143,35,True,True
Goblin OVER,hits_allowed,L5>=4 + L10>=8 + own_pitch_leaky,0.8023,177,142,0.7374,0.1065,0.6958,0.7609,46,0.8168,131,True,True
Goblin OVER,earned_runs,L5>=4 + own_pitch_leaky,0.7827,359,281,0.7372,0.0725,0.7102,0.7753,89,0.7852,270,True,True
Goblin OVER,walks_allowed,L10=10 + season_cush>=1,0.8406,69,58,0.7367,0.1016,0.739,0.8333,12,0.8421,57,True,True
Goblin OVER,hits+runs+rbis,L10>=9 + BA>=.275,0.7722,575,444,0.7362,0.1391,0.6331,0.7654,179,0.7753,396,True,True
Goblin OVER,walks_allowed,L5=5 + opp_bats_Strong,0.8067,150,121,0.7361,0.0677,0.739,0.7302,63,0.8621,87,True,True
Goblin OVER,pitching_outs,L10>=8 + opp_pitch_leaky + season_cush>=1,0.8067,150,121,0.7361,0.1044,0.7023,0.8286,35,0.8,115,True,True
Goblin OVER,earned_runs,L10>=8 + own_bats_Strong + cover>=1,0.7945,219,174,0.7361,0.0843,0.7102,0.8,40,0.7933,179,True,True
Goblin OVER,pitcher_ks,L10>=8 + own_bats_Strong,0.772,535,413,0.7345,0.0744,0.6976,0.7176,131,0.7896,404,True,True
Goblin OVER,walks_allowed,L10=10 + cover>=0.5,0.8356,73,61,0.7343,0.0966,0.739,0.8333,12,0.8361,61,True,True
Goblin OVER,walks_allowed,L10=10 + cover>=1,0.8356,73,61,0.7343,0.0966,0.739,0.8333,12,0.8361,61,True,True
Goblin OVER,walks_allowed,L10=10 + opp_bats_Strong,0.8519,54,46,0.734,0.1129,0.739,0.8182,11,0.8605,43,True,True
Goblin OVER,pitches_thrown,L10>=8 + own_pitch_leaky,0.8039,153,123,0.7339,0.0997,0.7042,0.7949,39,0.807,114,True,True
Goblin OVER,walks_allowed,L10>=9 + opp_bats_Strong,0.7968,187,149,0.7334,0.0578,0.739,0.6735,49,0.8406,138,True,True
Goblin OVER,pitcher_ks,L10>=9 + cover>=1.5,0.8571,49,42,0.7333,0.1595,0.6976,1.0,8,0.8293,41,True,True
Goblin OVER,hits_allowed,L10>=8 + own_pitch_leaky,0.7764,398,309,0.7329,0.0806,0.6958,0.7579,95,0.7822,303,True,True
Goblin OVER,hits_allowed,L10>=9 + own_pitch_stingy,0.7884,241,190,0.7325,0.0926,0.6958,0.7377,61,0.8056,180,True,True
Goblin OVER,pitcher_ks,L5>=4 + opp_pitch_stingy,0.7641,708,541,0.7315,0.0665,0.6976,0.7079,356,0.821,352,True,True
Goblin OVER,earned_runs,L5>=4 + opp_pitch_stingy,0.7769,363,282,0.7313,0.0667,0.7102,0.7468,79,0.7852,284,True,True
Goblin OVER,hits_allowed,L10>=8 + own_pitch_leaky + cover>=1,0.8448,58,49,0.7307,0.149,0.6958,0.8667,15,0.8372,43,True,True
Goblin OVER,pitcher_ks,line_1.5,0.7876,226,178,0.7297,0.09,0.6976,0.8302,53,0.7746,173,True,True
Goblin OVER,walks_allowed,L10=10 + cover>=1.5,0.8358,67,56,0.7294,0.0968,0.739,0.8,10,0.8421,57,True,True
Goblin OVER,pitching_outs,L5=5 + own_pitch_stingy + season_cush>=1,0.8289,76,63,0.729,0.1266,0.7023,0.8148,27,0.8367,49,True,True
Goblin OVER,pitches_thrown,L10>=9,0.7943,175,139,0.7284,0.0901,0.7042,0.7234,47,0.8203,128,True,True
Goblin OVER,pitches_thrown,L10>=8 + season_cush>=1,0.7914,187,148,0.7276,0.0872,0.7042,0.7568,37,0.8,150,True,True
Goblin OVER,pitching_outs,L10=10 + opp_bats_Strong,0.8605,43,37,0.7274,0.1582,0.7023,0.9,10,0.8485,33,True,True
Goblin OVER,hits_allowed,L10>=9 + own_pitch_leaky,0.7906,191,151,0.7274,0.0948,0.6958,0.7692,39,0.7961,152,True,True
Goblin OVER,walks_allowed,own_pitch_stingy,0.7514,1223,919,0.7264,0.0124,0.739,0.7202,697,0.7928,526,True,True
Goblin OVER,hits_allowed,L5>=4 + opp_pitch_leaky,0.7648,506,387,0.726,0.069,0.6958,0.6861,274,0.8578,232,True,True
Goblin OVER,hits_allowed,L5>=4 + own_bats_Strong,0.7639,521,398,0.7256,0.0681,0.6958,0.7194,253,0.806,268,True,True
Goblin OVER,pitcher_ks,L5>=4 + own_pitch_leaky,0.7598,641,487,0.7252,0.0622,0.6976,0.7389,337,0.7829,304,True,True
Goblin OVER,pitcher_ks,L10>=9 + own_pitch_leaky,0.7805,246,192,0.7247,0.0829,0.6976,0.7059,51,0.8,195,True,True
Goblin OVER,hits_allowed,L10>=8 + own_pitch_leaky + season_cush>=1,0.7868,197,155,0.7244,0.091,0.6958,0.76,50,0.7959,147,True,True
Goblin OVER,pitching_outs,L5=5 + L10>=8 + own_pitch_stingy,0.8286,70,58,0.7238,0.1263,0.7023,0.7917,24,0.8478,46,True,True
Goblin OVER,hitter_ks,L10>=8 + K%>=28 + opp_pitch_stingy,0.7718,333,257,0.7237,0.1507,0.6211,0.7866,164,0.7574,169,True,True
Goblin OVER,pitches_thrown,L5>=4 + L10>=8,0.788,184,145,0.7234,0.0838,0.7042,0.7619,42,0.7958,142,True,True
Goblin OVER,hits_allowed,L5=5 + opp_pitch_leaky + cover>=1,0.8511,47,40,0.7231,0.1553,0.6958,0.7333,15,0.9062,32,True,True
Goblin OVER,pitching_outs,L10>=8 + own_pitch_stingy,0.7743,288,223,0.7226,0.072,0.7023,0.7636,55,0.7768,233,True,True
Goblin OVER,pitcher_ks,L10>=8 + opp_pitch_stingy,0.7582,608,461,0.7226,0.0606,0.6976,0.7417,151,0.7637,457,True,True
Goblin OVER,pitching_outs,L5>=4 + opp_pitch_leaky,0.7761,268,208,0.7225,0.0738,0.7023,0.7283,92,0.8011,176,True,True
Goblin OVER,pitching_outs,L5=5 + opp_bats_Strong + season_cush>=1,0.8243,74,61,0.7223,0.122,0.7023,0.7143,21,0.8679,53,True,True
Goblin OVER,hitter_ks,K%>=28 + opp_pitch_stingy,0.7433,1753,1303,0.7223,0.1222,0.6211,0.7467,1137,0.737,616,True,True
Goblin OVER,hits+runs+rbis,L10=10 + BA>=.300,0.8393,56,47,0.7219,0.2062,0.6331,0.8889,27,0.7931,29,True,True
Goblin OVER,hits_allowed,L5=5 + opp_pitch_stingy,0.7846,195,153,0.7217,0.0888,0.6958,0.7073,82,0.8407,113,True,True
Goblin OVER,pitching_outs,L5>=4 + own_bats_Strong,0.7739,283,219,0.7216,0.0716,0.7023,0.7629,97,0.7796,186,True,True
Goblin OVER,pitches_thrown,L10>=8 + season_cush>=2,0.7857,182,143,0.7205,0.0815,0.7042,0.7568,37,0.7931,145,True,True
Goblin OVER,earned_runs,L10=10 + opp_pitch_leaky,0.8261,69,57,0.7202,0.1159,0.7102,0.6923,13,0.8571,56,True,True
Goblin OVER,pitches_thrown,L5=5 + own_pitch_leaky,0.8261,69,57,0.7202,0.1219,0.7042,0.8235,34,0.8286,35,True,True
Goblin OVER,pitching_outs,L5>=4 + opp_pitch_stingy,0.771,297,229,0.72,0.0687,0.7023,0.6429,98,0.8342,199,True,True
Goblin OVER,hits_allowed,L5=5 + own_bats_Strong + cover>=1,0.8431,51,43,0.7199,0.1473,0.6958,0.7857,14,0.8649,37,True,True
Goblin OVER,pitches_thrown,L10>=8 + opp_pitch_leaky,0.7908,153,121,0.7197,0.0866,0.7042,0.7059,34,0.8151,119,True,True
Goblin OVER,earned_runs,L10>=8 + own_bats_Strong + season_cush>=1,0.7783,221,172,0.719,0.0681,0.7102,0.8049,41,0.7722,180,True,True
Goblin OVER,pitcher_ks,L5>=4 + opp_pitch_leaky,0.7537,601,453,0.7178,0.0561,0.6976,0.7016,305,0.8074,296,True,True
Goblin OVER,walks_allowed,L10=10 + opp_pitch_stingy,0.8364,55,46,0.7174,0.0974,0.739,0.75,12,0.8605,43,True,True
Goblin OVER,hitter_ks,L10>=8 + cover>=2,0.7639,360,275,0.7174,0.1428,0.6211,0.7347,98,0.7748,262,True,True
Goblin OVER,walks_allowed,opp_pitch_leaky,0.7428,1174,872,0.717,0.0038,0.739,0.6997,656,0.7973,518,True,True
Goblin OVER,pitches_thrown,L10>=8 + own_pitch_stingy,0.7926,135,107,0.7166,0.0884,0.7042,0.7188,32,0.8155,103,True,True
Goblin OVER,hitter_ks,L10>=9 + cover>=1.5,0.7642,335,256,0.7159,0.1431,0.6211,0.7303,89,0.7764,246,True,True
Goblin OVER,walks_allowed,own_bats_Strong,0.7416,1188,881,0.7159,0.0026,0.739,0.7071,652,0.7836,536,True,True
Goblin OVER,hits+runs+rbis,L10>=8 + BA>=.275,0.74,1319,976,0.7156,0.1069,0.6331,0.7512,418,0.7347,901,True,True
Goblin OVER,pitching_outs,L5>=4 + opp_bats_Strong,0.7681,276,212,0.7149,0.0658,0.7023,0.6667,81,0.8103,195,True,True
Goblin OVER,pitches_thrown,L10>=8 + opp_bats_Strong,0.7857,154,121,0.7144,0.0815,0.7042,0.8,35,0.7815,119,True,True
Goblin OVER,pitches_thrown,L10>=8 + opp_bats_Strong + season_cush>=1,0.8158,76,62,0.7142,0.1116,0.7042,0.7857,14,0.8226,62,True,True
Goblin OVER,hits+runs+rbis,L10>=8 + BA>=.300,0.7606,355,270,0.7135,0.1275,0.6331,0.7687,147,0.7548,208,True,True
Goblin OVER,walks_allowed,L5=5 + opp_bats_Strong + season_cush>=1,0.8125,80,65,0.7134,0.0735,0.739,0.5833,12,0.8529,68,True,True
Goblin OVER,pitcher_ks,L10>=9 + own_bats_Strong,0.7664,274,210,0.7129,0.0688,0.6976,0.6667,63,0.7962,211,True,True
Goblin OVER,pitches_thrown,L10>=8 + opp_pitch_stingy + season_cush>=1,0.8095,84,68,0.7128,0.1053,0.7042,0.7778,18,0.8182,66,True,True
Goblin OVER,walks_allowed,L5=5 + opp_pitch_stingy + cover>=1,0.8068,88,71,0.7122,0.0678,0.739,0.7619,21,0.8209,67,True,True
Goblin OVER,hits+runs+rbis,L10=10,0.7575,367,278,0.7111,0.1244,0.6331,0.7578,128,0.7573,239,True,True
Goblin OVER,hits_allowed,L5=5 + own_pitch_stingy,0.7739,199,154,0.7109,0.0781,0.6958,0.6822,107,0.8804,92,True,True
Goblin OVER,pitches_thrown,L10>=9 + opp_pitch_stingy,0.8133,75,61,0.7107,0.1091,0.7042,0.7273,22,0.8491,53,True,True
Goblin OVER,hits+runs+rbis,L10=10 + opp_bats_Strong,0.7903,124,98,0.7105,0.1572,0.6331,0.814,43,0.7778,81,True,True
Goblin OVER,hits_allowed,L5=5 + opp_bats_Strong + cover>=1,0.8367,49,41,0.7096,0.1409,0.6958,0.6667,12,0.8919,37,True,True
Goblin OVER,hits+runs+rbis,L5=5 + BA>=.275,0.7572,346,262,0.7094,0.1241,0.6331,0.7064,109,0.7806,237,True,True
Goblin OVER,pitching_outs,L10>=9 + own_pitch_stingy,0.7815,151,118,0.709,0.0792,0.7023,0.8125,32,0.7731,119,True,True
Goblin OVER,walks_allowed,L5>=4 + opp_pitch_stingy,0.7575,334,253,0.7088,0.0185,0.739,0.7179,156,0.7921,178,True,True
Goblin OVER,hits+runs+rbis,L10>=8 + opp_pitch_leaky + season_cush>=1,0.7361,1046,770,0.7086,0.103,0.6331,0.7205,297,0.7423,749,True,True
Goblin OVER,hits_allowed,L5=5 + L10>=8 + own_pitch_leaky,0.798,99,79,0.7085,0.1022,0.6958,0.7586,29,0.8143,70,True,True
Goblin OVER,hits+runs+rbis,L10>=8 + opp_pitch_leaky + cover>=1,0.7356,1078,793,0.7085,0.1025,0.6331,0.7192,317,0.7424,761,True,True
Goblin OVER,walks_allowed,L10>=8 + opp_bats_Strong + season_cush>=1,0.7863,131,103,0.7084,0.0473,0.739,0.7143,28,0.8058,103,True,True
Goblin OVER,pitches_thrown,L10>=8 + own_bats_Strong,0.7913,115,91,0.7082,0.0871,0.7042,0.76,25,0.8,90,True,True
Goblin OVER,walks_allowed,opp_bats_Strong,0.7335,1167,856,0.7074,-0.0055,0.739,0.6986,627,0.7741,540,True,True
Goblin OVER,walks_allowed,opp_pitch_stingy,0.733,1191,873,0.7072,-0.006,0.739,0.6976,635,0.7734,556,True,True
Goblin OVER,hits_allowed,L10=10 + opp_pitch_leaky,0.8246,57,47,0.7063,0.1288,0.6958,0.75,12,0.8444,45,True,True
Goblin OVER,pitcher_ks,L10=10 + own_pitch_leaky,0.8023,86,69,0.706,0.1047,0.6976,0.6957,23,0.8413,63,True,True
Goblin OVER,hitter_ks,L10>=8 + K%>=28,0.7342,952,699,0.7053,0.1131,0.6211,0.75,452,0.72,500,True,True
Goblin OVER,pitches_thrown,L5>=4,0.7441,508,378,0.7044,0.0399,0.7042,0.73,237,0.7565,271,True,True
Goblin OVER,hitter_ks,K%>=28,0.7171,4630,3320,0.7039,0.096,0.6211,0.7205,3088,0.7101,1542,True,True
Goblin OVER,hits+runs+rbis,L5>=4 + BA>=.275,0.7283,1270,925,0.7032,0.0952,0.6331,0.7293,543,0.7276,727,True,True
Goblin OVER,hits+runs+rbis,L10=10 + season_cush>=2,0.7794,136,106,0.7026,0.1463,0.6331,0.7027,37,0.8081,99,True,True
Goblin OVER,hits_allowed,L5=5 + opp_pitch_stingy + cover>=1,0.8214,56,46,0.7016,0.1256,0.6958,0.6364,11,0.8667,45,True,True
Goblin OVER,hits+runs+rbis,L5=5 + opp_bats_Strong + season_cush>=1,0.7434,452,336,0.7012,0.1103,0.6331,0.75,144,0.7403,308,True,True
Goblin OVER,hits+runs+rbis,L10>=8 + opp_bats_Strong + season_cush>=1,0.7295,998,728,0.7011,0.0964,0.6331,0.7338,278,0.7278,720,True,True
Goblin OVER,hitter_ks,L10>=9 + cover>=1,0.74,523,387,0.7007,0.1189,0.6211,0.7313,134,0.7429,389,True,True
Goblin OVER,hitter_ks,L5=5 + K%>=28,0.7461,386,288,0.7004,0.125,0.6211,0.7321,280,0.783,106,True,True
Goblin OVER,hits+runs+rbis,L10>=8 + opp_pitch_leaky,0.7198,2038,1467,0.6999,0.0867,0.6331,0.7126,755,0.7241,1283,True,True
Goblin OVER,hits+runs+rbis,L10>=8 + opp_bats_Strong + cover>=1,0.728,1011,736,0.6997,0.0949,0.6331,0.7292,288,0.7275,723,True,True
Goblin OVER,pitches_thrown,L5>=4 + season_cush>=1,0.7559,254,192,0.6995,0.0517,0.7042,0.7,50,0.7696,204,True,True
Goblin OVER,hits_allowed,L5=5 + opp_pitch_leaky,0.767,176,135,0.6993,0.0712,0.6958,0.618,89,0.9195,87,True,True
Goblin OVER,hits_allowed,L5=5 + own_bats_Strong,0.767,176,135,0.6993,0.0712,0.6958,0.6897,87,0.8427,89,True,True
Goblin OVER,hits+runs+rbis,L10=10 + cover>=0.5,0.7589,224,170,0.6989,0.1258,0.6331,0.7246,69,0.7742,155,True,True
Goblin OVER,hitter_ks,L5=5 + season_cush>=1,0.7769,130,101,0.698,0.1558,0.6211,0.8421,19,0.7658,111,True,True
Goblin OVER,hits+runs+rbis,L10>=9 + opp_pitch_leaky,0.7308,754,551,0.698,0.0977,0.6331,0.726,292,0.7338,462,True,True
Goblin OVER,pitches_thrown,L10>=9 + season_cush>=1,0.7864,103,81,0.6977,0.0822,0.7042,0.7,20,0.8072,83,True,True
Goblin OVER,pitcher_ks,L10>=8 + own_pitch_leaky + season_cush>=1,0.7528,267,201,0.6977,0.0552,0.6976,0.6909,55,0.7689,212,True,True
Goblin OVER,hits+runs+rbis,L10>=9 + opp_bats_Strong,0.7304,716,523,0.6968,0.0973,0.6331,0.7395,261,0.7253,455,True,True
Goblin OVER,hits+runs+rbis,L10=10 + own_pitch_stingy,0.7697,152,117,0.6967,0.1366,0.6331,0.78,50,0.7647,102,True,True
Goblin OVER,pitches_thrown,L5>=4 + opp_pitch_stingy,0.7598,204,155,0.6967,0.0556,0.7042,0.7386,88,0.7759,116,True,True
Goblin OVER,pitching_outs,L5>=4 + own_pitch_stingy,0.75,284,213,0.6965,0.0477,0.7023,0.7115,104,0.7722,180,True,True
Goblin OVER,hitter_ks,L10>=9 + K%>=28,0.7378,473,349,0.6964,0.1167,0.6211,0.7409,247,0.7345,226,True,True
Goblin OVER,pitches_thrown,L10>=8 + opp_pitch_stingy,0.7669,163,125,0.6963,0.0627,0.7042,0.7692,39,0.7661,124,True,True
Goblin OVER,pitches_thrown,L5>=4 + opp_bats_Strong,0.76,200,152,0.6963,0.0558,0.7042,0.7766,94,0.7453,106,True,True
Goblin OVER,hits+runs+rbis,L10=10 + cover>=1,0.7568,222,168,0.6963,0.1237,0.6331,0.7246,69,0.7712,153,True,True
Goblin OVER,walks_allowed,own_pitch_leaky,0.7229,1144,827,0.6963,-0.0161,0.739,0.6862,596,0.7628,548,True,True
Goblin OVER,pitcher_ks,own_pitch_stingy,0.7142,2554,1824,0.6963,0.0166,0.6976,0.6945,1411,0.7384,1143,True,True
Goblin OVER,walks_allowed,L10=10 + cover>=2,0.8136,59,48,0.6962,0.0746,0.739,0.75,8,0.8235,51,True,True
Goblin OVER,pitching_outs,L10>=8 + own_pitch_stingy + season_cush>=1,0.7703,148,114,0.6962,0.068,0.7023,0.7647,34,0.7719,114,True,True
Goblin OVER,walks_allowed,L5=5 + opp_pitch_stingy + season_cush>=1,0.7975,79,63,0.696,0.0585,0.739,0.7778,18,0.8033,61,True,True
Goblin OVER,hits+runs+rbis,L10>=9 + season_cush>=1,0.7253,950,689,0.696,0.0922,0.6331,0.7143,238,0.7289,712,True,True
Goblin OVER,hitter_ks,L5>=4 + cover>=2,0.7359,496,365,0.6954,0.1148,0.6211,0.6984,126,0.7486,370,True,True
Goblin OVER,hits+runs+rbis,L10=10 + season_cush>=1,0.757,214,162,0.6953,0.1239,0.6331,0.7,60,0.7792,154,True,True
Goblin OVER,pitches_thrown,L5>=4 + own_pitch_leaky,0.757,214,162,0.6953,0.0528,0.7042,0.75,100,0.7632,114,True,True
Goblin OVER,hits+runs+rbis,L5=5 + opp_pitch_leaky + season_cush>=1,0.7381,443,327,0.6953,0.105,0.6331,0.7385,130,0.738,313,True,True
Goblin OVER,hitter_ks,L10>=9 + K%>=22,0.7238,1003,726,0.6953,0.1027,0.6211,0.7133,422,0.7315,581,True,True
Goblin OVER,hits_allowed,opp_bats_Strong,0.7138,2261,1614,0.6949,0.018,0.6958,0.6982,1249,0.7332,1012,True,True
Goblin OVER,hitter_ks,L10>=8 + K%>=22 + opp_pitch_stingy,0.7241,946,685,0.6948,0.103,0.6211,0.7107,401,0.7339,545,True,True
Goblin OVER,pitcher_ks,L5>=4 + L10>=8 + own_pitch_leaky,0.751,257,193,0.6947,0.0534,0.6976,0.6615,65,0.7812,192,True,True
Goblin OVER,hitter_ks,L10>=9 + season_cush>=1,0.7532,235,177,0.6943,0.1321,0.6211,0.7612,67,0.75,168,True,True
Goblin OVER,pitches_thrown,L5=5,0.7658,158,121,0.694,0.0616,0.7042,0.7442,86,0.7917,72,True,True
Goblin OVER,earned_runs,opp_bats_Strong,0.7185,1364,980,0.694,0.0083,0.7102,0.6973,446,0.7288,918,True,True
Goblin OVER,hitter_ks,L10>=9 + own_bats_Strong,0.7336,518,380,0.6939,0.1125,0.6211,0.723,213,0.741,305,True,True
Goblin OVER,hits+runs+rbis,L10=10 + opp_pitch_stingy,0.7692,143,110,0.6937,0.1361,0.6331,0.7778,45,0.7653,98,True,True
Goblin OVER,hitter_ks,L10>=9 + cover>=0.5,0.732,541,396,0.6931,0.1109,0.6211,0.7259,135,0.734,406,True,True
Goblin OVER,hits+runs+rbis,L5=5 + BA>=.300,0.7949,78,62,0.6925,0.1618,0.6331,0.8333,30,0.7708,48,True,True
Goblin OVER,hits+runs+rbis,L10>=9 + cover>=0.5,0.7214,980,707,0.6925,0.0883,0.6331,0.7183,252,0.7225,728,True,True
Goblin OVER,hits+runs+rbis,L10=10 + opp_pitch_leaky,0.7671,146,112,0.6923,0.134,0.6331,0.7627,59,0.7701,87,True,True
Goblin OVER,hits+runs+rbis,L10>=9 + cover>=1,0.7211,968,698,0.692,0.088,0.6331,0.7183,252,0.7221,716,True,True
Goblin OVER,hitter_ks,L10=10 + K%>=28,0.771,131,101,0.6919,0.1499,0.6211,0.7538,65,0.7879,66,True,True
Goblin OVER,pitches_thrown,L5=5 + L10>=8,0.8,70,56,0.6918,0.0958,0.7042,0.8261,23,0.7872,47,True,True
Goblin OVER,earned_runs,own_bats_Strong,0.7161,1335,956,0.6913,0.0059,0.7102,0.6856,439,0.731,896,True,True
Goblin OVER,hitter_ks,cover>=2,0.7299,548,400,0.6912,0.1088,0.6211,0.7078,154,0.7386,394,True,True
Goblin OVER,hits+runs+rbis,L10>=9 + cover>=2,0.7225,836,604,0.6912,0.0894,0.6331,0.7264,212,0.7212,624,True,True
Goblin OVER,hits+runs+rbis,L10>=9,0.7116,1841,1310,0.6905,0.0785,0.6331,0.719,662,0.7074,1179,True,True
Goblin OVER,hits+runs+rbis,L10>=8 + opp_bats_Strong,0.711,1948,1385,0.6905,0.0779,0.6331,0.703,707,0.7156,1241,True,True
Goblin OVER,hits+runs+rbis,L10=10 + BA>=.275,0.7687,134,103,0.6904,0.1356,0.6331,0.8,40,0.7553,94,True,True
Goblin OVER,walks_allowed,L10>=8 + opp_pitch_stingy + season_cush>=1,0.7687,134,103,0.6904,0.0297,0.739,0.7778,27,0.7664,107,True,True
Goblin OVER,hits+runs+rbis,L10>=9 + BA>=.300,0.7628,156,119,0.6903,0.1297,0.6331,0.7867,75,0.7407,81,True,True
Goblin OVER,pitcher_ks,L10>=8 + own_pitch_leaky,0.7317,477,349,0.6902,0.0341,0.6976,0.7009,117,0.7417,360,True,True
Goblin OVER,pitches_thrown,L5>=4 + own_pitch_stingy,0.7537,203,153,0.6901,0.0495,0.7042,0.7423,97,0.7642,106,True,True
Goblin OVER,hits,L10>=9 + BA>=.275,0.7425,299,222,0.6901,0.1479,0.5946,0.7963,108,0.712,191,True,True
Goblin OVER,earned_runs,own_pitch_leaky,0.7131,1363,972,0.6885,0.0029,0.7102,0.6858,436,0.726,927,True,True
Goblin OVER,pitching_outs,opp_pitch_stingy,0.7159,1063,761,0.688,0.0136,0.7023,0.6716,405,0.7432,658,True,True
Goblin OVER,hits_allowed,own_pitch_stingy,0.707,2283,1614,0.688,0.0112,0.6958,0.6803,1270,0.7404,1013,True,True
Goblin OVER,pitches_thrown,L10>=9 + opp_bats_Strong,0.7971,69,55,0.6878,0.0929,0.7042,0.75,20,0.8163,49,True,True
Goblin OVER,hits+runs+rbis,L10>=8 + BA>=.275 + opp_pitch_stingy,0.73,463,338,0.6878,0.0969,0.6331,0.6978,139,0.7438,324,True,True
Goblin OVER,pitching_outs,opp_bats_Strong,0.7159,1035,741,0.6877,0.0136,0.7023,0.6761,389,0.7399,646,True,True
Goblin OVER,pitching_outs,own_pitch_leaky,0.716,1007,721,0.6874,0.0137,0.7023,0.6569,376,0.7512,631,True,True
Goblin OVER,hits+runs+rbis,L10>=9 + cover>=1.5,0.7172,916,657,0.6872,0.0841,0.6331,0.7089,237,0.7202,679,True,True
Goblin OVER,hits+runs+rbis,L10>=8 + line_0.5,0.7001,4708,3296,0.6868,0.067,0.6331,0.698,1626,0.7012,3082,True,True
Goblin OVER,pitches_thrown,L10>=9 + season_cush>=2,0.7778,99,77,0.6864,0.0736,0.7042,0.7,20,0.7975,79,True,True
Goblin OVER,earned_runs,opp_pitch_leaky,0.7112,1340,953,0.6864,0.001,0.7102,0.7064,453,0.7136,887,True,True
Goblin OVER,hitter_ks,L10>=8 + K%>=22,0.7045,2521,1776,0.6864,0.0834,0.6211,0.6978,1092,0.7096,1429,True,True
Goblin OVER,hitter_ks,L5=5 + cover>=2,0.7396,288,213,0.686,0.1185,0.6211,0.6197,71,0.7788,217,True,True
Goblin OVER,total_bases,L10>=9 + BA>=.275,0.739,295,218,0.686,0.1444,0.5946,0.783,106,0.7143,189,True,True
Goblin OVER,hitter_ks,L5=5 + K%>=22,0.7132,1060,756,0.6852,0.0921,0.6211,0.691,712,0.7586,348,True,True
Goblin OVER,hits+runs+rbis,L10>=9 + own_pitch_stingy,0.7169,809,580,0.6849,0.0838,0.6331,0.7147,312,0.7183,497,True,True
Goblin OVER,walks_allowed,L5=5 + opp_pitch_stingy,0.763,135,103,0.6846,0.024,0.739,0.7143,63,0.8056,72,True,True
Goblin OVER,pitching_outs,line_2.5+,0.7023,2570,1805,0.6844,0.0,0.7023,0.6615,966,0.7269,1604,True,True
Goblin OVER,hits+runs+rbis,L10=10 + cover>=1.5,0.7487,199,149,0.6842,0.1156,0.6331,0.6852,54,0.7724,145,True,True
Goblin OVER,hits+runs+rbis,L10>=8 + season_cush>=1,0.7024,2497,1754,0.6842,0.0693,0.6331,0.6971,657,0.7043,1840,True,True
Goblin OVER,earned_runs,opp_pitch_stingy,0.7079,1397,989,0.6836,-0.0023,0.7102,0.6536,459,0.7345,938,True,True
Goblin OVER,hits+runs+rbis,L10>=8 + cover>=1,0.7016,2567,1801,0.6836,0.0685,0.6331,0.6968,686,0.7033,1881,True,True
Goblin OVER,hits_allowed,opp_pitch_stingy,0.7016,2316,1625,0.6827,0.0058,0.6958,0.6714,1278,0.7389,1038,True,True
Goblin OVER,hits+runs+rbis,L5=5 + opp_bats_Strong,0.7188,626,450,0.6824,0.0857,0.6331,0.7158,285,0.7214,341,True,True
Goblin OVER,hits+runs+rbis,L5>=4 + opp_pitch_leaky,0.7012,2346,1645,0.6824,0.0681,0.6331,0.6911,968,0.7083,1378,True,True
Goblin OVER,hitter_ks,L5=5 + K%>=22 + opp_pitch_leaky,0.7262,431,313,0.6823,0.1051,0.6211,0.7184,277,0.7403,154,True,True
Goblin OVER,hits+runs+rbis,L10>=8 + BA>=.275 + opp_pitch_leaky,0.7222,522,377,0.6823,0.0891,0.6331,0.7456,169,0.711,353,True,True
Goblin OVER,pitches_thrown,line_2.5+,0.7042,1721,1212,0.6822,0.0,0.7042,0.6875,944,0.7246,777,True,True
Goblin OVER,hits+runs+rbis,L10>=8 + cover>=1.5,0.7013,2270,1592,0.6822,0.0682,0.6331,0.6894,586,0.7055,1684,True,True
Goblin OVER,hits+runs+rbis,L10>=8 + cover>=2,0.7024,2036,1430,0.6821,0.0693,0.6331,0.6982,507,0.7037,1529,True,True
Goblin OVER,pitches_thrown,L5>=4 + season_cush>=2,0.7424,229,170,0.682,0.0382,0.7042,0.6809,47,0.7582,182,True,True
Goblin OVER,hits+runs+rbis,L10=10 + cover>=2,0.7474,194,145,0.6819,0.1143,0.6331,0.6852,54,0.7714,140,True,True
Goblin OVER,hits_allowed,opp_pitch_leaky,0.7011,2215,1553,0.6817,0.0053,0.6958,0.6907,1219,0.7139,996,True,True
Goblin OVER,hitter_ks,L5=5 + K%>=28 + opp_pitch_stingy,0.7591,137,104,0.6811,0.138,0.6211,0.7692,117,0.7,20,True,True
Goblin OVER,hitter_ks,L10>=9 + opp_pitch_stingy,0.7244,439,318,0.6808,0.1033,0.6211,0.7175,177,0.729,262,True,True
Goblin OVER,hits_allowed,L5>=4 + own_pitch_leaky,0.7225,472,341,0.6804,0.0267,0.6958,0.6652,233,0.7782,239,True,True
Goblin OVER,hits+runs+rbis,L5=5 + opp_bats_Strong + cover>=1,0.7206,501,361,0.6797,0.0875,0.6331,0.7178,163,0.7219,338,True,True
Goblin OVER,hits_allowed,L5=5 + own_pitch_leaky + season_cush>=1,0.7623,122,93,0.6795,0.0665,0.6958,0.6061,33,0.8202,89,True,True
Goblin OVER,pitching_outs,L5=5 + opp_bats_Strong,0.7742,93,72,0.6793,0.0719,0.7023,0.6538,26,0.8209,67,True,True
Goblin OVER,hits+runs+rbis,L5>=4 + L10>=8 + own_pitch_leaky,0.7091,935,663,0.6792,0.076,0.6331,0.722,259,0.7041,676,True,True
Goblin OVER,hitter_ks,L5=5 + L10>=8,0.7176,563,404,0.679,0.0965,0.6211,0.6684,190,0.7426,373,True,True
Goblin OVER,hitter_ks,L5=5 + L10>=8 + line_0.5,0.7176,563,404,0.679,0.0965,0.6211,0.6684,190,0.7426,373,True,True
Goblin OVER,pitches_thrown,own_pitch_leaky,0.7141,682,487,0.679,0.0099,0.7042,0.7018,379,0.7294,303,True,True
Goblin OVER,hits+runs+rbis,L5=5 + season_cush>=1,0.7071,1007,712,0.6782,0.074,0.6331,0.7041,267,0.7081,740,True,True
Goblin OVER,hits+runs+rbis,season_cush>=2,0.7026,1372,964,0.6779,0.0695,0.6331,0.6724,351,0.713,1021,True,True
Goblin OVER,hits+runs+rbis,L10>=9 + own_bats_Strong,0.7087,865,613,0.6775,0.0756,0.6331,0.7091,330,0.7084,535,True,True
Goblin OVER,hits+runs+rbis,L5=5 + opp_pitch_leaky + cover>=1,0.718,500,359,0.677,0.0849,0.6331,0.7315,149,0.7123,351,True,True
Goblin OVER,hitter_ks,L10>=9,0.7032,1203,846,0.6768,0.0821,0.6211,0.6895,496,0.7129,707,True,True
Goblin OVER,pitches_thrown,season_cush>=1,0.7243,370,268,0.6767,0.0201,0.7042,0.7308,78,0.7226,292,True,True
Goblin OVER,hitter_ks,L5=5 + cover>=1.5,0.7207,426,307,0.6762,0.0996,0.6211,0.6162,99,0.7523,327,True,True
Goblin OVER,hits+runs+rbis,L5=5 + opp_pitch_leaky,0.7131,610,435,0.676,0.08,0.6331,0.7098,255,0.7155,355,True,True
Goblin OVER,hitter_ks,L5=5 + K%>=22 + opp_pitch_stingy,0.7218,399,288,0.6759,0.1007,0.6211,0.6952,269,0.7769,130,True,True
Goblin OVER,hits+runs+rbis,L10>=8 + K%>=22 + opp_pitch_leaky,0.7082,802,568,0.6758,0.0751,0.6331,0.6804,316,0.7263,486,True,True
Goblin OVER,hitter_ks,L10>=8 + cover>=1.5,0.7112,658,468,0.6755,0.0901,0.6211,0.6856,194,0.722,464,True,True
Goblin OVER,earned_runs,own_pitch_stingy,0.7004,1352,947,0.6755,-0.0098,0.7102,0.6847,463,0.7087,889,True,True
Goblin OVER,hits_allowed,L10=10 + own_pitch_stingy,0.8039,51,41,0.6754,0.1081,0.6958,0.8333,12,0.7949,39,True,True
Goblin OVER,hits+runs+rbis,L10>=8 + own_pitch_leaky + season_cush>=1,0.7038,996,701,0.6747,0.0707,0.6331,0.6988,249,0.7055,747,True,True
Goblin OVER,pitches_thrown,own_pitch_stingy,0.709,708,502,0.6745,0.0048,0.7042,0.6878,394,0.7357,314,True,True
Goblin OVER,hitter_ks,L5>=4 + cover>=1.5,0.7039,976,687,0.6745,0.0828,0.6211,0.6745,255,0.7143,721,True,True
Goblin OVER,hits+runs+rbis,L10>=8 + own_pitch_stingy + cover>=1,0.7028,1043,733,0.6743,0.0697,0.6331,0.6759,253,0.7114,790,True,True
Goblin OVER,hits+runs+rbis,L5=5 + BA>=.275 + opp_pitch_leaky,0.7586,116,88,0.6733,0.1255,0.6331,0.7941,34,0.7439,82,True,True
Goblin OVER,pitches_thrown,opp_pitch_stingy,0.7077,715,506,0.6733,0.0035,0.7042,0.6908,401,0.7293,314,True,True
Goblin OVER,hits+runs+rbis,L5=5 + own_pitch_stingy + season_cush>=1,0.7166,441,316,0.6728,0.0835,0.6331,0.6637,113,0.7348,328,True,True
Goblin OVER,pitches_thrown,L5=5 + season_cush>=1,0.775,80,62,0.6721,0.0708,0.7042,0.7,20,0.8,60,True,True
Goblin OVER,hitter_ks,L5>=4 + season_cush>=1,0.724,308,223,0.6716,0.1029,0.6211,0.75,84,0.7143,224,True,True
Goblin OVER,pitches_thrown,opp_bats_Strong,0.7063,698,493,0.6715,0.0021,0.7042,0.6873,387,0.7299,311,True,True
Goblin OVER,hits+runs+rbis,L10>=8 + own_pitch_leaky + cover>=1,0.7002,1024,717,0.6714,0.0671,0.6331,0.6914,256,0.7031,768,True,True
Goblin OVER,hitter_ks,L10>=8 + season_cush>=1,0.7235,311,225,0.6713,0.1024,0.6211,0.747,83,0.7149,228,True,True
Goblin OVER,hitter_ks,season_cush>=1,0.7189,370,266,0.671,0.0978,0.6211,0.7523,109,0.705,261,True,True
Goblin OVER,hits_allowed,L5=5 + own_pitch_leaky,0.7399,173,128,0.6698,0.0441,0.6958,0.6582,79,0.8085,94,True,True
Goblin OVER,hits+runs+rbis,L10>=8 + BA>=.300 + opp_pitch_stingy,0.752,125,94,0.6695,0.1189,0.6331,0.75,52,0.7534,73,True,True
Goblin OVER,hits+runs+rbis,L10>=9 + own_pitch_leaky,0.7038,692,487,0.6687,0.0707,0.6331,0.7122,205,0.7002,487,True,True
Goblin OVER,hits+runs+rbis,L10>=9 + opp_pitch_stingy,0.7046,633,446,0.6679,0.0715,0.6331,0.6946,203,0.7093,430,True,True
Goblin OVER,hits+runs+rbis,L10>=8 + BA>=.300 + opp_pitch_leaky,0.7464,138,103,0.6678,0.1133,0.6331,0.7705,61,0.7273,77,True,True
Goblin OVER,hits+runs+rbis,L10>=9 + season_cush>=2,0.7089,474,336,0.6664,0.0758,0.6331,0.6727,110,0.7198,364,True,True
Goblin OVER,hitter_ks,L10>=9 + own_pitch_leaky,0.707,512,362,0.6662,0.0859,0.6211,0.6685,184,0.7287,328,True,True
Goblin OVER,pitches_thrown,L10>=8 + own_bats_Strong + season_cush>=1,0.7925,53,42,0.6654,0.0883,0.7042,0.6364,11,0.8333,42,True,True
Goblin OVER,pitches_thrown,L10>=9 + opp_pitch_leaky,0.7746,71,55,0.6648,0.0704,0.7042,0.6842,19,0.8077,52,True,True
Goblin OVER,hitter_ks,L5=5 + L10>=8 + own_pitch_leaky,0.7265,223,162,0.6645,0.1054,0.6211,0.6744,43,0.7389,180,True,True
Goblin OVER,hits+runs+rbis,L10=10 + K%>=22,0.7426,136,101,0.6632,0.1095,0.6331,0.6279,43,0.7957,93,True,True
Goblin OVER,hits+runs+rbis,L10=10 + own_pitch_leaky,0.7426,136,101,0.6632,0.1095,0.6331,0.6923,39,0.7629,97,True,True
Goblin OVER,hitter_ks,L10>=8 + own_bats_Strong + cover>=1,0.7052,485,342,0.6631,0.0841,0.6211,0.6947,131,0.709,354,True,True
Goblin OVER,hitter_ks,L5=5 + opp_pitch_stingy + cover>=1,0.7205,254,183,0.6623,0.0994,0.6211,0.6719,64,0.7368,190,True,True
Goblin OVER,pitches_thrown,L5=5 + opp_bats_Strong,0.7714,70,54,0.6605,0.0672,0.7042,0.7778,36,0.7647,34,True,True
Goblin OVER,hitter_ks,L10>=8 + own_bats_Strong + season_cush>=1,0.7525,101,76,0.6601,0.1314,0.6211,0.7692,26,0.7467,75,True,True
Goblin OVER,pitches_thrown,season_cush>=2,0.7108,325,231,0.6592,0.0066,0.7042,0.7231,65,0.7077,260,True,True
Goblin OVER,hitter_ks,L10>=9 + opp_pitch_leaky,0.7006,501,351,0.6591,0.0795,0.6211,0.7005,207,0.7007,294,True,True
Goblin OVER,total_bases,L10>=8 + BA>=.300,0.7133,293,209,0.659,0.1187,0.5946,0.7197,157,0.7059,136,True,True
Goblin OVER,hits+runs+rbis,L5=5 + L10>=8 + own_pitch_stingy,0.7062,388,274,0.659,0.0731,0.6331,0.6408,103,0.7298,285,True,True
Goblin OVER,pitches_thrown,L10>=8 + opp_pitch_leaky + season_cush>=1,0.7671,73,56,0.6583,0.0629,0.7042,0.6923,13,0.7833,60,True,True
Goblin OVER,hits,L10>=8 + BA>=.300,0.7119,295,210,0.6577,0.1173,0.5946,0.717,159,0.7059,136,True,True
Goblin OVER,hitter_ks,L5=5 + opp_bats_Strong + season_cush>=1,0.7759,58,45,0.6534,0.1548,0.6211,0.8,5,0.7736,53,True,True
Goblin OVER,pitches_thrown,L5=5 + opp_pitch_leaky,0.7759,58,45,0.6534,0.0717,0.7042,0.7586,29,0.7931,29,True,True
Goblin OVER,hitter_ks,L5=5 + own_pitch_leaky + cover>=1,0.7091,275,195,0.6528,0.088,0.6211,0.6809,47,0.7149,228,True,True
Goblin OVER,pitches_thrown,L5=5 + season_cush>=2,0.76,75,57,0.6522,0.0558,0.7042,0.7,20,0.7818,55,True,True
Goblin OVER,hitter_ks,L10>=8 + opp_pitch_stingy + season_cush>=1,0.7474,95,71,0.6516,0.1263,0.6211,0.72,25,0.7571,70,True,True
Goblin OVER,pitches_thrown,L10>=9 + own_pitch_stingy,0.7705,61,47,0.6509,0.0663,0.7042,0.6667,15,0.8043,46,True,True
Goblin OVER,pitches_thrown,L5>=4 + opp_pitch_leaky,0.7164,201,144,0.6505,0.0122,0.7042,0.701,97,0.7308,104,True,True
Goblin OVER,pitches_thrown,L5=5 + opp_pitch_stingy,0.7606,71,54,0.6496,0.0564,0.7042,0.7179,39,0.8125,32,True,True
Goblin OVER,pitches_thrown,L5=5 + own_bats_Strong,0.78,50,39,0.6476,0.0758,0.7042,0.7083,24,0.8462,26,True,True
Goblin OVER,hitter_ks,L5=5 + L10>=8 + own_pitch_stingy,0.7087,230,163,0.6469,0.0876,0.6211,0.6944,108,0.7213,122,True,True
Goblin OVER,hits+runs+rbis,L10=10 + own_bats_Strong,0.7254,142,103,0.6467,0.0923,0.6331,0.6585,41,0.7525,101,True,True
Goblin OVER,hits+runs+rbis,L10>=8 + K%>=28 + opp_pitch_leaky,0.7135,192,137,0.6459,0.0804,0.6331,0.642,81,0.7658,111,True,True
Goblin OVER,hitter_ks,L5=5 + opp_pitch_leaky + season_cush>=1,0.75,80,60,0.6452,0.1289,0.6211,0.7857,14,0.7424,66,True,True
Goblin OVER,hitter_ks,L5=5 + own_bats_Strong + cover>=1,0.7027,259,182,0.6444,0.0816,0.6211,0.6333,60,0.7236,199,True,True
Goblin OVER,hits+runs+rbis,L5=5 + BA>=.275 + opp_pitch_stingy,0.7222,144,104,0.644,0.0891,0.6331,0.62,50,0.7766,94,True,True
Goblin OVER,pitches_thrown,L10>=8 + own_pitch_stingy + season_cush>=1,0.7576,66,50,0.6419,0.0534,0.7042,0.7333,15,0.7647,51,True,True
Goblin OVER,hits_allowed,L5=5 + own_pitch_leaky + cover>=1,0.7755,49,38,0.6412,0.0797,0.6958,0.6667,9,0.8,40,True,True
Goblin OVER,hits,L10=10 + own_pitch_leaky,0.7692,52,40,0.6387,0.1746,0.5946,0.8261,23,0.7241,29,True,True
Goblin OVER,pitches_thrown,L5=5 + own_pitch_stingy,0.7538,65,49,0.6369,0.0496,0.7042,0.7429,35,0.7667,30,True,True
Goblin OVER,hitter_ks,L10>=8 + own_pitch_stingy + season_cush>=1,0.7164,134,96,0.6349,0.0953,0.6211,0.7119,59,0.72,75,True,True
Goblin OVER,pitches_thrown,L10>=9 + own_bats_Strong,0.7805,41,32,0.6329,0.0763,0.7042,0.6,10,0.8387,31,True,True
Goblin OVER,total_bases,L10=10 + own_pitch_leaky,0.7647,51,39,0.6324,0.1701,0.5946,0.8261,23,0.7143,28,True,True
Goblin OVER,total_bases,L10=10 + own_bats_Strong,0.7544,57,43,0.629,0.1598,0.5946,0.8261,23,0.7059,34,True,True
Goblin OVER,hitter_ks,L10>=8 + opp_bats_Strong + season_cush>=1,0.7045,132,93,0.6218,0.0834,0.6211,0.7,30,0.7059,102,True,True
Goblin OVER,hits,L10=10 + BA>=.275,0.7273,66,48,0.6096,0.1327,0.5946,0.75,32,0.7059,34,True,True
Goblin OVER,total_bases,L10=10 + BA>=.275,0.7273,66,48,0.6096,0.1327,0.5946,0.75,32,0.7059,34,True,True
Goblin OVER,hits_allowed,line_1.5,0.75,40,30,0.5981,0.0542,0.6958,1.0,1,0.7436,39,True,True
Goblin OVER,hitter_ks,L5=5 + own_pitch_leaky + season_cush>=1,0.72,50,36,0.5833,0.0989,0.6211,,0,0.72,50,True,True
Standard UNDER,total_bases,L5=5 + own_pitch_stingy + cover>=1,0.7045,44,31,0.5578,0.1673,0.5372,0.3333,3,0.7317,41,True,True
Goblin OVER,hitterfantasyscore,BA>=.275 + opp_pitch_leaky,0.7831,189,148,0.719,0.1171,0.666,0.7831,189,,0,True,False
Goblin OVER,hitterfantasyscore,BA>=.300,0.7917,120,95,0.7105,0.1257,0.666,0.7917,120,,0,True,False
Goblin OVER,hitter_ks,L5>=4 + K%>=28,0.7255,1319,957,0.7008,0.1044,0.6211,0.7408,926,0.6896,393,True,False
Goblin OVER,hitter_ks,L5>=4 + K%>=22,0.7029,3534,2484,0.6876,0.0818,0.6211,0.707,2321,0.695,1213,True,False
Goblin OVER,hits+runs+rbis,BA>=.275 + opp_pitch_leaky,0.7053,2409,1699,0.6868,0.0722,0.6331,0.7303,1231,0.6791,1178,True,False
Goblin OVER,hitter_ks,L10>=8 + K%>=28 + opp_pitch_leaky,0.7296,429,313,0.6857,0.1085,0.6211,0.7668,193,0.6992,236,True,False
Goblin OVER,hitterfantasyscore,BA>=.275,0.7263,486,353,0.685,0.0603,0.666,0.7263,486,,0,True,False
Goblin OVER,hits+runs+rbis,L5>=4 + opp_bats_Strong,0.7033,2265,1593,0.6842,0.0702,0.6331,0.7078,989,0.6998,1276,True,False
Goblin OVER,hits+runs+rbis,L5>=4 + L10>=8,0.7014,2324,1630,0.6825,0.0683,0.6331,0.7098,665,0.698,1659,True,False
Goblin OVER,hitter_ks,L10>=8 + own_bats_Strong,0.7054,1273,898,0.6798,0.0843,0.6211,0.7173,520,0.6972,753,True,False
Goblin OVER,hits+runs+rbis,L10>=8 + own_bats_Strong + season_cush>=1,0.7027,1137,799,0.6755,0.0696,0.6331,0.7108,325,0.6995,812,True,False
Goblin OVER,hits+runs+rbis,L10>=8 + own_bats_Strong + cover>=1,0.701,1157,811,0.6739,0.0679,0.6331,0.7104,335,0.6971,822,True,False
Goblin OVER,hits+runs+rbis,L5=5 + own_bats_Strong,0.7089,560,397,0.67,0.0758,0.6331,0.7333,195,0.6959,365,True,False
Goblin OVER,hitterfantasyscore,L10>=8 + BA>=.275,0.746,126,94,0.6635,0.08,0.666,0.746,126,,0,True,False
Goblin OVER,hits+runs+rbis,L5=5 + own_bats_Strong + season_cush>=1,0.7025,400,281,0.6559,0.0694,0.6331,0.725,80,0.6969,320,True,False
Goblin OVER,hitter_ks,L10>=8 + opp_pitch_leaky + season_cush>=1,0.7192,146,105,0.6414,0.0981,0.6211,0.8056,36,0.6909,110,True,False
Goblin OVER,hits,L5=5 + BA>=.300 + opp_pitch_leaky,0.7727,44,34,0.6301,0.1781,0.5946,0.8621,29,0.6,15,True,False
Goblin OVER,hitter_ks,L10=10 + opp_bats_Strong,0.7212,104,75,0.6283,0.1001,0.6211,0.7556,45,0.6949,59,True,False
Goblin OVER,hitterfantasyscore,L10>=8 + BA>=.300,0.775,40,31,0.625,0.109,0.666,0.775,40,,0,True,False
Goblin OVER,hits,L10=10 + own_bats_Strong,0.7458,59,44,0.622,0.1512,0.5946,0.8261,23,0.6944,36,True,False
Goblin OVER,hitter_ks,L10=10 + opp_pitch_leaky,0.7059,119,84,0.6186,0.0848,0.6211,0.7368,38,0.6914,81,True,False
Goblin OVER,hits,L10>=9 + BA>=.300,0.7174,92,66,0.6181,0.1228,0.5946,0.7907,43,0.6531,49,True,False
Goblin OVER,total_bases,L10>=9 + BA>=.300,0.7174,92,66,0.6181,0.1228,0.5946,0.7907,43,0.6531,49,True,False
Goblin OVER,total_bases,L5=5 + BA>=.300 + opp_pitch_leaky,0.7556,45,34,0.6133,0.161,0.5946,0.8333,30,0.6,15,True,False
Goblin OVER,hitterfantasyscore,L10>=9 + own_pitch_leaky,0.72,75,54,0.6096,0.054,0.666,0.72,75,,0,True,False
Goblin OVER,hits,L10>=8 + BA>=.300 + opp_pitch_leaky,0.7019,104,73,0.6081,0.1073,0.5946,0.7719,57,0.617,47,True,False
Goblin OVER,total_bases,L10>=8 + BA>=.300 + opp_pitch_leaky,0.7019,104,73,0.6081,0.1073,0.5946,0.7719,57,0.617,47,True,False
Goblin OVER,pitcherfantasyscore,L5>=4 + opp_pitch_leaky,0.7321,56,41,0.6041,0.0565,0.6756,0.7321,56,,0,True,False
Goblin OVER,pitcherfantasyscore,L5=5,0.7273,55,40,0.5977,0.0517,0.6756,0.7273,55,,0,True,False
Goblin OVER,hits,L10=10 + BA>=.300,0.7391,46,34,0.5974,0.1445,0.5946,0.75,32,0.7143,14,True,False
Goblin OVER,total_bases,L10=10 + BA>=.300,0.7391,46,34,0.5974,0.1445,0.5946,0.75,32,0.7143,14,True,False
Goblin OVER,hitterfantasyscore,L10=10,0.7167,60,43,0.5923,0.0507,0.666,0.7167,60,,0,True,False
Goblin OVER,pitcherfantasyscore,L5>=4 + opp_bats_Strong,0.7222,54,39,0.5911,0.0466,0.6756,0.7222,54,,0,True,False
Goblin OVER,hits,L5=5 + opp_bats_Strong + season_cush>=1,0.7381,42,31,0.5893,0.1435,0.5946,0.9231,13,0.6552,29,True,False
Goblin OVER,pitcherfantasyscore,L5>=4 + own_pitch_leaky,0.7143,56,40,0.5852,0.0387,0.6756,0.7143,56,,0,True,False
Goblin OVER,pitching_outs,L10=10 + own_pitch_stingy,0.72,50,36,0.5833,0.0177,0.7023,0.7647,17,0.697,33,True,False
Goblin OVER,pitching_outs,L10>=8 + cover>=0.5,0.9583,24,23,0.7976,0.256,0.7023,1.0,4,0.95,20,False,True
Goblin OVER,pitches_thrown,L5=5 + L10>=8 + own_pitch_leaky,0.9355,31,29,0.7928,0.2313,0.7042,1.0,12,0.8947,19,False,True
Goblin OVER,pitching_outs,L10>=9 + cover>=0.5,0.9565,23,22,0.7901,0.2542,0.7023,1.0,4,0.9474,19,False,True
Goblin OVER,pitching_outs,cover>=0.5,0.9333,30,28,0.7868,0.231,0.7023,0.875,8,0.9545,22,False,True
Goblin OVER,pitching_outs,L5>=4 + cover>=0.5,0.931,29,27,0.7804,0.2287,0.7023,0.8571,7,0.9545,22,False,True
Goblin OVER,hits_allowed,cover>=1.5,0.9091,33,30,0.7643,0.2133,0.6958,0.75,4,0.931,29,False,True
Goblin OVER,pitcher_ks,L5=5 + cover>=2,0.95,20,19,0.7639,0.2524,0.6976,1.0,4,0.9375,16,False,True
Goblin OVER,pitcher_ks,cover>=2,0.9231,26,24,0.7586,0.2255,0.6976,1.0,5,0.9048,21,False,True
Goblin OVER,pitcher_ks,L10>=8 + cover>=2,0.9444,18,17,0.7424,0.2468,0.6976,1.0,2,0.9375,16,False,True
Goblin OVER,pitcher_ks,L5>=4 + cover>=2,0.9167,24,22,0.7415,0.2191,0.6976,1.0,5,0.8947,19,False,True
Goblin OVER,hits_allowed,L10>=8 + cover>=1.5,0.9167,24,22,0.7415,0.2209,0.6958,0.5,2,0.9545,22,False,True
Goblin OVER,pitching_outs,L5=5 + cover>=0.5,0.9167,24,22,0.7415,0.2144,0.7023,0.8,5,0.9474,19,False,True
Goblin OVER,hits_allowed,L5>=4 + cover>=1.5,0.8966,29,26,0.7361,0.2008,0.6958,0.5,2,0.9259,27,False,True
Goblin OVER,hits_allowed,L5=5 + cover>=1.5,0.913,23,21,0.732,0.2172,0.6958,0.5,2,0.9524,21,False,True
Goblin OVER,pitcher_ks,L10>=9 + cover>=2,0.9412,17,16,0.7302,0.2436,0.6976,1.0,2,0.9333,15,False,True
Goblin OVER,pitching_outs,L10=10 + opp_pitch_leaky,0.8611,36,31,0.7134,0.1588,0.7023,0.9,10,0.8462,26,False,True
Goblin OVER,hits_allowed,L10>=9 + cover>=1.5,0.9,20,18,0.699,0.2042,0.6958,0.5,2,0.9444,18,False,True
Goblin OVER,pitches_thrown,L5=5 + own_pitch_leaky + season_cush>=1,0.8529,34,29,0.6987,0.1487,0.7042,0.875,8,0.8462,26,False,True
Goblin OVER,pitcher_ks,L10=10 + cover>=1.5,0.8485,33,28,0.6908,0.1509,0.6976,1.0,5,0.8214,28,False,True
Goblin OVER,hits_allowed,line_2.5+,0.6959,5577,3881,0.6837,0.0001,0.6958,0.6716,3121,0.7268,2456,False,True
Goblin OVER,hits+runs+rbis,L5>=4 + cover>=2,0.6977,3225,2250,0.6816,0.0646,0.6331,0.6855,795,0.7016,2430,False,True
Goblin OVER,hits+runs+rbis,L5=5 + BA>=.300 + opp_pitch_leaky,0.8333,36,30,0.6811,0.2002,0.6331,1.0,14,0.7273,22,False,True
Goblin OVER,pitcher_ks,opp_bats_Strong,0.697,2340,1631,0.6781,-0.0006,0.6976,0.6774,1271,0.7203,1069,False,True
Goblin OVER,hits_allowed,own_bats_Strong,0.6967,2232,1555,0.6773,0.0009,0.6958,0.6648,1229,0.7358,1003,False,True
Goblin OVER,pitches_thrown,L5=5 + opp_pitch_stingy + season_cush>=1,0.8286,35,29,0.6732,0.1244,0.7042,0.7143,7,0.8571,28,False,True
Goblin OVER,pitcher_ks,opp_pitch_leaky,0.6916,2390,1653,0.6728,-0.006,0.6976,0.6772,1295,0.7087,1095,False,True
Goblin OVER,hitter_ks,cover>=1.5,0.6989,1106,773,0.6712,0.0778,0.6211,0.6898,303,0.7024,803,False,True
Goblin OVER,hits+runs+rbis,L10>=8 + season_cush>=2,0.6993,961,672,0.6695,0.0662,0.6331,0.6585,246,0.7133,715,False,True
Goblin OVER,pitching_outs,own_bats_Strong,0.6982,1024,715,0.6694,-0.0041,0.7023,0.6632,383,0.7192,641,False,True
Goblin OVER,hits+runs+rbis,L10>=8 + own_pitch_stingy + season_cush>=1,0.6975,1048,731,0.669,0.0644,0.6331,0.6732,254,0.7053,794,False,True
Goblin OVER,pitching_outs,opp_pitch_leaky,0.698,1000,698,0.6688,-0.0043,0.7023,0.664,372,0.7182,628,False,True
Goblin OVER,hits+runs+rbis,L5>=4 + season_cush>=2,0.6976,959,669,0.6678,0.0645,0.6331,0.6812,207,0.7021,752,False,True
Goblin OVER,pitching_outs,own_pitch_stingy,0.692,1065,737,0.6636,-0.0103,0.7023,0.6651,424,0.7098,641,False,True
Goblin OVER,pitches_thrown,opp_pitch_leaky,0.6984,683,477,0.6629,-0.0058,0.7042,0.664,369,0.7389,314,False,True
Goblin OVER,hitter_ks,L5=5 + own_pitch_leaky,0.6995,599,419,0.6616,0.0784,0.6211,0.69,371,0.7149,228,False,True
Goblin OVER,hitter_ks,L10>=8 + opp_pitch_stingy,0.685,1254,859,0.6588,0.0639,0.6211,0.6642,545,0.701,709,False,True
Goblin OVER,hitter_ks,L5=5 + cover>=0.5,0.6947,642,446,0.658,0.0736,0.6211,0.625,160,0.7178,482,False,True
Goblin OVER,hitter_ks,L5=5 + cover>=1,0.6947,642,446,0.658,0.0736,0.6211,0.625,160,0.7178,482,False,True
Goblin OVER,hitter_ks,L5=5 + opp_pitch_stingy + season_cush>=1,0.8108,37,30,0.6579,0.1897,0.6211,1.0,5,0.7812,32,False,True
Goblin OVER,hits+runs+rbis,L5=5 + own_pitch_stingy,0.6937,591,410,0.6554,0.0606,0.6331,0.661,236,0.7155,355,False,True
Goblin OVER,hitter_ks,L10>=8 + opp_pitch_stingy + cover>=1,0.6967,455,317,0.653,0.0756,0.6211,0.6452,124,0.716,331,False,True
Goblin OVER,hitter_ks,L10>=9 + opp_bats_Strong,0.6938,503,349,0.6522,0.0727,0.6211,0.6537,205,0.7215,298,False,True
Goblin OVER,hitter_ks,L5=5,0.6746,1429,964,0.6499,0.0535,0.6211,0.6526,947,0.7178,482,False,True
Goblin OVER,hitter_ks,L5=5 + line_0.5,0.6746,1429,964,0.6499,0.0535,0.6211,0.6526,947,0.7178,482,False,True
Goblin OVER,hits+runs+rbis,L5=5 + own_pitch_stingy + cover>=1,0.6928,472,327,0.6498,0.0597,0.6331,0.64,125,0.7118,347,False,True
Goblin OVER,walks_allowed,season_cush>=2,0.8056,36,29,0.6497,0.0666,0.739,0.6154,13,0.913,23,False,True
Goblin OVER,hits+runs+rbis,L10=10 + K%>=28,0.8125,32,26,0.6469,0.1794,0.6331,0.75,8,0.8333,24,False,True
Goblin OVER,hitter_ks,L5=5 + opp_pitch_stingy,0.6855,550,377,0.6455,0.0644,0.6211,0.6583,360,0.7368,190,False,True
Goblin OVER,hits+runs+rbis,L5=5 + season_cush>=2,0.6912,408,282,0.6447,0.0581,0.6331,0.6304,92,0.7089,316,False,True
Standard UNDER,earned_runs,L5>=4 + opp_pitch_leaky,0.8214,28,23,0.6441,0.2416,0.5798,0.75,4,0.8333,24,False,True
Goblin OVER,total_bases,L5>=4 + BA>=.300,0.6945,347,241,0.6441,0.0999,0.5946,0.6909,220,0.7008,127,False,True
Goblin OVER,hitter_ks,L5=5 + opp_bats_Strong,0.6793,555,377,0.6393,0.0582,0.6211,0.6583,360,0.7179,195,False,True
Goblin OVER,hitter_ks,L5=5 + own_bats_Strong,0.6787,554,376,0.6387,0.0576,0.6211,0.6535,355,0.7236,199,False,True
Goblin OVER,hitter_ks,L5=5 + own_bats_Strong + season_cush>=1,0.8065,31,25,0.6372,0.1854,0.6211,,0,0.8065,31,False,True
Goblin OVER,hitter_ks,L10=10 + K%>=22,0.6967,244,170,0.6364,0.0756,0.6211,0.6916,107,0.7007,137,False,True
Goblin OVER,hits,L10>=8 + BA>=.275 + opp_pitch_stingy,0.687,345,237,0.6362,0.0924,0.5946,0.6424,151,0.7216,194,False,True
Goblin OVER,total_bases,L10>=8 + BA>=.275 + opp_pitch_stingy,0.6862,341,234,0.6351,0.0916,0.5946,0.6419,148,0.7202,193,False,True
Goblin OVER,pitches_thrown,own_bats_Strong,0.6702,667,447,0.6336,-0.034,0.7042,0.6429,364,0.703,303,False,True
Goblin OVER,hitter_ks,L5=5 + opp_bats_Strong + cover>=1,0.689,254,175,0.6296,0.0679,0.6211,0.5932,59,0.7179,195,False,True
Standard UNDER,earned_runs,L5=5,0.8261,23,19,0.6286,0.2463,0.5798,0.8,5,0.8333,18,False,True
Goblin OVER,pitches_thrown,L5>=4 + own_bats_Strong,0.6983,179,125,0.6275,-0.0059,0.7042,0.6585,82,0.732,97,False,True
Goblin OVER,hits+runs+rbis,L5=5 + K%>=22 + opp_pitch_stingy,0.6831,243,166,0.6222,0.05,0.6331,0.6381,105,0.7174,138,False,True
Goblin OVER,walks_allowed,L10=10 + own_pitch_stingy,0.7714,35,27,0.6098,0.0324,0.739,0.75,8,0.7778,27,False,True
Goblin OVER,hitter_ks,L5=5 + own_pitch_stingy + cover>=1,0.6693,251,168,0.609,0.0482,0.6211,0.5833,84,0.7126,167,False,True
Goblin OVER,pitches_thrown,L10=10,0.7632,38,29,0.6079,0.059,0.7042,0.8125,16,0.7273,22,False,True
Goblin OVER,hits,L5>=4 + season_HR>70%,0.6596,329,217,0.6068,0.065,0.5946,0.6517,290,0.7179,39,False,True
Goblin OVER,hitter_ks,L5=5 + own_pitch_stingy,0.6463,588,380,0.6068,0.0252,0.6211,0.62,421,0.7126,167,False,True
Goblin OVER,total_bases,L5>=4 + season_HR>70%,0.6585,325,214,0.6053,0.0639,0.5946,0.6528,288,0.7027,37,False,True
Goblin OVER,walks_allowed,L5>=4 + season_cush>=2,0.7857,28,22,0.6046,0.0467,0.739,0.5,8,0.9,20,False,True
Goblin OVER,hitter_ks,L5=5 + own_pitch_stingy + season_cush>=1,0.7647,34,26,0.6,0.1436,0.6211,0.8889,9,0.72,25,False,True
Goblin OVER,pitches_thrown,L5=5 + opp_bats_Strong + season_cush>=1,0.7568,37,28,0.5988,0.0526,0.7042,0.625,8,0.7931,29,False,True
Goblin OVER,hits+runs+rbis,L5=5 + BA>=.300 + opp_pitch_stingy,0.7778,27,21,0.5924,0.1447,0.6331,0.625,8,0.8421,19,False,True
Goblin OVER,pitches_thrown,L5=5 + opp_pitch_leaky + season_cush>=1,0.7576,33,25,0.5898,0.0534,0.7042,0.6667,9,0.7917,24,False,True
Goblin OVER,walks_allowed,L5=5 + season_cush>=2,0.8,20,16,0.584,0.061,0.739,0.5,4,0.875,16,False,True
Goblin OVER,pitches_thrown,L5=5 + own_bats_Strong + season_cush>=1,0.7826,23,18,0.581,0.0784,0.7042,0.6667,3,0.8,20,False,True
Goblin OVER,hitter_ks,L10=10 + own_pitch_leaky,0.6639,122,81,0.5762,0.0428,0.6211,0.6042,48,0.7027,74,False,True
Goblin OVER,pitches_thrown,L5=5 + own_pitch_stingy + season_cush>=1,0.7353,34,25,0.5688,0.0311,0.7042,0.5714,7,0.7778,27,False,True
Goblin OVER,total_bases,L10>=8 + BA>=.300 + opp_pitch_stingy,0.6566,99,65,0.5588,0.062,0.5946,0.614,57,0.7143,42,False,True
Goblin OVER,hits,L10>=8 + BA>=.300 + opp_pitch_stingy,0.6535,101,66,0.5566,0.0589,0.5946,0.6102,59,0.7143,42,False,True
Standard UNDER,hits,L5=5 + own_pitch_stingy,0.6769,65,44,0.5561,0.1216,0.5553,0.6154,26,0.7179,39,False,True
Goblin OVER,hits,L5=5 + K%>=28 + opp_pitch_leaky,0.6939,49,34,0.5547,0.0993,0.5946,0.6667,30,0.7368,19,False,True
Goblin OVER,total_bases,L5=5 + K%>=28 + opp_pitch_leaky,0.6939,49,34,0.5547,0.0993,0.5946,0.6667,30,0.7368,19,False,True
Goblin OVER,hitter_ks,L5=5 + BA>=.275 + opp_pitch_stingy,0.65,100,65,0.5525,0.0289,0.6211,0.6286,70,0.7,30,False,True
Standard UNDER,hits,L5=5 + own_pitch_stingy + cover>=1,0.6977,43,30,0.5489,0.1424,0.5553,0.5,4,0.7179,39,False,True
Goblin OVER,singles,L10>=9 + own_pitch_stingy,0.7241,29,21,0.5428,0.1845,0.5396,0.6667,3,0.7308,26,False,True
Goblin OVER,hits+runs+rbis,L5=5 + K%>=28 + opp_pitch_leaky,0.6615,65,43,0.5404,0.0284,0.6331,0.5926,27,0.7105,38,False,True
Goblin OVER,walks_allowed,L10>=8 + season_cush>=2,0.7391,23,17,0.5353,0.0001,0.739,0.3333,6,0.8824,17,False,True
Goblin OVER,walks_allowed,L10>=9 + season_cush>=2,0.7391,23,17,0.5353,0.0001,0.739,0.3333,6,0.8824,17,False,True
Goblin OVER,plate_appearances,L10>=8 + opp_pitch_leaky,0.7391,23,17,0.5353,0.2246,0.5145,0.75,8,0.7333,15,False,True
Goblin OVER,total_bases,L10=10 + K%>=22,0.6944,36,25,0.5314,0.0998,0.5946,0.6364,11,0.72,25,False,True
Goblin OVER,singles,L10>=9 + own_bats_Strong,0.697,33,23,0.5266,0.1574,0.5396,0.6875,16,0.7059,17,False,True
Goblin OVER,hits,L10=10 + K%>=22,0.6842,38,26,0.5254,0.0896,0.5946,0.6364,11,0.7037,27,False,True
Goblin OVER,pitches_thrown,L5=5 + L10>=8 + own_pitch_stingy,0.7037,27,19,0.5152,-0.0005,0.7042,0.6667,6,0.7143,21,False,True
Goblin OVER,pitcher_ks,line_0.5,0.6667,39,26,0.5098,-0.0309,0.6976,0.5789,19,0.75,20,False,True
Standard UNDER,hits_allowed,L10>=8 + own_pitch_leaky,0.7083,24,17,0.5083,0.2154,0.4929,0.625,8,0.75,16,False,True
Goblin OVER,total_bases,L10=10 + season_cush>=1,0.6579,38,25,0.4989,0.0633,0.5946,0.25,4,0.7059,34,False,True
Standard OVER,singles,L5=5 + BA>=.275,0.6786,28,19,0.4934,0.1924,0.4862,0.5556,9,0.7368,19,False,True
Standard OVER,hits,L5>=4 + own_bats_Strong,0.6,75,45,0.4869,0.1226,0.4774,0.4872,39,0.7222,36,False,True
Standard UNDER,hits+runs+rbis,L10=10,0.6538,26,17,0.4622,0.1189,0.5349,0.5,8,0.7222,18,False,True
Standard UNDER,singles,L10>=9 + opp_pitch_stingy,0.6053,38,23,0.4472,0.0682,0.5371,0.4444,18,0.75,20,False,True
Standard UNDER,hits_allowed,L10>=8 + opp_bats_Strong,0.6061,33,20,0.4368,0.1132,0.4929,0.4615,13,0.7,20,False,True
Standard UNDER,hits_allowed,L10>=8 + own_bats_Strong,0.5862,29,17,0.4074,0.0933,0.4929,0.4167,12,0.7059,17,False,True
Goblin OVER,pitching_outs,L10=10 + cover>=0.5,0.9375,16,15,0.7167,0.2352,0.7023,1.0,2,0.9286,14,False,False
Goblin OVER,pitcher_ks,line_2.5+,0.6943,5760,3999,0.6822,-0.0033,0.6976,0.6904,3243,0.6992,2517,False,False
Goblin OVER,pitcher_ks,own_bats_Strong,0.6993,2368,1656,0.6805,0.0017,0.6976,0.7026,1298,0.6953,1070,False,False
Goblin OVER,hits+runs+rbis,L10>=8 + cover>=0.5,0.6982,2634,1839,0.6804,0.0651,0.6331,0.6936,692,0.6998,1942,False,False
Goblin OVER,hits+runs+rbis,L10>=8,0.6934,4899,3397,0.6803,0.0603,0.6331,0.6927,1705,0.6938,3194,False,False
Goblin OVER,hits+runs+rbis,L5>=4 + season_cush>=1,0.6958,3399,2365,0.6801,0.0627,0.6331,0.6844,865,0.6997,2534,False,False
Goblin OVER,hits,BA>=.275 + opp_pitch_leaky,0.699,2269,1586,0.6798,0.1044,0.5946,0.7111,1516,0.6746,753,False,False
Goblin OVER,hits+runs+rbis,L5>=4 + cover>=1.5,0.6938,3583,2486,0.6785,0.0607,0.6331,0.6785,902,0.699,2681,False,False
Goblin OVER,total_bases,BA>=.275 + opp_pitch_leaky,0.6949,2324,1615,0.6759,0.1003,0.5946,0.7077,1543,0.6697,781,False,False
Goblin OVER,hits+runs+rbis,L10>=8 + own_pitch_stingy,0.695,2131,1481,0.6751,0.0619,0.6331,0.6934,737,0.6958,1394,False,False
Goblin OVER,hits+runs+rbis,L10>=8 + own_bats_Strong,0.6941,2239,1554,0.6747,0.061,0.6331,0.7033,873,0.6881,1366,False,False
Goblin OVER,hits+runs+rbis,BA>=.275,0.6866,5501,3777,0.6742,0.0535,0.6331,0.6953,2819,0.6775,2682,False,False
Goblin OVER,pitcher_ks,opp_pitch_stingy,0.6924,2396,1659,0.6736,-0.0052,0.6976,0.6902,1320,0.6952,1076,False,False
Goblin OVER,hits+runs+rbis,L5=5 + line_0.5,0.6981,1338,934,0.6729,0.065,0.6331,0.7026,548,0.6949,790,False,False
Goblin OVER,hits+runs+rbis,L5>=4 + own_pitch_leaky,0.6902,2124,1466,0.6702,0.0571,0.6331,0.683,899,0.6955,1225,False,False
Goblin OVER,hits+runs+rbis,L5>=4,0.6827,5480,3741,0.6702,0.0496,0.6331,0.6816,2327,0.6835,3153,False,False
Goblin OVER,hits+runs+rbis,L5>=4 + own_bats_Strong,0.6888,2349,1618,0.6698,0.0557,0.6331,0.6921,1023,0.6863,1326,False,False
Goblin OVER,hits+runs+rbis,cover>=2,0.6829,4964,3390,0.6698,0.0498,0.6331,0.6699,1242,0.6873,3722,False,False
Goblin OVER,hits+runs+rbis,L5>=4 + cover>=1,0.6841,4026,2754,0.6695,0.051,0.6331,0.6702,1037,0.6889,2989,False,False
Goblin OVER,pitcher_ks,own_pitch_leaky,0.6886,2293,1579,0.6694,-0.009,0.6976,0.6978,1264,0.6774,1029,False,False
Goblin OVER,hits+runs+rbis,L5=5,0.6935,1416,982,0.669,0.0604,0.6331,0.6945,586,0.6928,830,False,False
Goblin OVER,hits,L10>=8 + BA>=.275,0.6984,978,683,0.6689,0.1038,0.5946,0.7041,436,0.6937,542,False,False
Goblin OVER,hits,BA>=.300,0.6951,1233,857,0.6688,0.1005,0.5946,0.6984,799,0.6889,434,False,False
Goblin OVER,hits+runs+rbis,L5=5 + cover>=2,0.6975,1005,701,0.6684,0.0644,0.6331,0.7126,261,0.6922,744,False,False
Goblin OVER,total_bases,L10>=8 + BA>=.275,0.6979,970,677,0.6683,0.1033,0.5946,0.704,429,0.6932,541,False,False
Goblin OVER,hits+runs+rbis,L5=5 + cover>=1.5,0.6956,1061,738,0.6672,0.0625,0.6331,0.6915,282,0.697,779,False,False
Goblin OVER,total_bases,BA>=.300,0.6934,1249,866,0.6672,0.0988,0.5946,0.6947,809,0.6909,440,False,False
Goblin OVER,hits+runs+rbis,L10>=8 + own_pitch_leaky,0.6881,1847,1271,0.6666,0.055,0.6331,0.6699,618,0.6973,1229,False,False
Goblin OVER,hits+runs+rbis,L5=5 + L10>=8 + line_0.5,0.6973,892,622,0.6664,0.0642,0.6331,0.6973,261,0.6973,631,False,False
Goblin OVER,hitter_ks,L5>=4 + L10>=8,0.6901,1449,1000,0.6658,0.069,0.6211,0.6861,583,0.6928,866,False,False
Goblin OVER,hits+runs+rbis,L5=5 + cover>=0.5,0.6928,1146,794,0.6655,0.0597,0.6331,0.694,317,0.6924,829,False,False
Goblin OVER,hitterfantasyscore,opp_pitch_leaky,0.6921,1205,834,0.6655,0.0261,0.666,0.6921,1205,,0,False,False
Goblin OVER,hits+runs+rbis,L5>=4 + cover>=0.5,0.6798,4173,2837,0.6655,0.0467,0.6331,0.6633,1075,0.6856,3098,False,False
Goblin OVER,hits+runs+rbis,L5=5 + cover>=1,0.692,1130,782,0.6645,0.0589,0.6331,0.6945,311,0.6911,819,False,False
Goblin OVER,hitter_ks,K%>=22,0.6722,14375,9663,0.6645,0.0511,0.6211,0.6695,9165,0.677,5210,False,False
Goblin OVER,hits+runs+rbis,L5=5 + L10>=8,0.6947,927,644,0.6643,0.0616,0.6331,0.6909,275,0.6963,652,False,False
Goblin OVER,hits+runs+rbis,season_cush>=1,0.674,6335,4270,0.6624,0.0409,0.6331,0.669,1701,0.6759,4634,False,False
Goblin OVER,hitter_ks,L10>=8 + cover>=1,0.6886,1185,816,0.6617,0.0675,0.6211,0.6708,322,0.6952,863,False,False
Goblin OVER,hits+runs+rbis,cover>=1.5,0.6736,5974,4024,0.6616,0.0405,0.6331,0.6615,1545,0.6778,4429,False,False
Goblin OVER,hitter_ks,L10>=8 + K%>=22 + opp_pitch_leaky,0.6889,1051,724,0.6602,0.0678,0.6211,0.6996,466,0.6803,585,False,False
Goblin OVER,hits,BA>=.275,0.6723,5606,3769,0.6599,0.0777,0.5946,0.6721,3730,0.6727,1876,False,False
Goblin OVER,hits+runs+rbis,L5>=4 + K%>=22,0.6791,2275,1545,0.6597,0.046,0.6331,0.667,1000,0.6886,1275,False,False
Goblin OVER,hitterfantasyscore,own_bats_Strong,0.6858,1222,838,0.6592,0.0198,0.666,0.6858,1222,,0,False,False
Goblin OVER,hits+runs+rbis,BA>=.300,0.684,1367,935,0.6588,0.0509,0.6331,0.7007,685,0.6672,682,False,False
Goblin OVER,total_bases,BA>=.275,0.6703,5635,3777,0.6579,0.0757,0.5946,0.6714,3734,0.6681,1901,False,False
Goblin OVER,hitter_ks,L10>=8 + own_pitch_stingy,0.6832,1291,882,0.6573,0.0621,0.6211,0.7015,603,0.6672,688,False,False
Goblin OVER,hitter_ks,L10>=8 + line_0.5,0.6732,3256,2192,0.6569,0.0521,0.6211,0.6702,1413,0.6755,1843,False,False
Goblin OVER,hitter_ks,L10>=8,0.6728,3258,2192,0.6565,0.0517,0.6211,0.6702,1413,0.6748,1845,False,False
Goblin OVER,hitter_ks,L10>=8 + cover>=0.5,0.6801,1360,925,0.6549,0.059,0.6211,0.6649,373,0.6859,987,False,False
Goblin OVER,hits+runs+rbis,L5>=4 + own_pitch_stingy,0.6744,2270,1531,0.6549,0.0413,0.6331,0.6716,953,0.6765,1317,False,False
Goblin OVER,hits+runs+rbis,cover>=1,0.6637,7848,5209,0.6532,0.0306,0.6331,0.6566,2085,0.6663,5763,False,False
Goblin OVER,hitter_ks,L5>=4 + opp_pitch_stingy,0.6732,2133,1436,0.653,0.0521,0.6211,0.6691,1375,0.6807,758,False,False
Goblin OVER,hits_allowed,own_pitch_leaky,0.6706,2228,1494,0.6508,-0.0252,0.6958,0.6495,1224,0.6962,1004,False,False
Goblin OVER,hits,L5>=4 + BA>=.275,0.6723,1669,1122,0.6494,0.0777,0.5946,0.6661,1150,0.6859,519,False,False
Goblin OVER,hitter_ks,cover>=1,0.6659,3017,2009,0.6489,0.0448,0.6211,0.6675,764,0.6653,2253,False,False
Goblin OVER,hits+runs+rbis,L10>=8 + K%>=22,0.6696,1946,1303,0.6484,0.0365,0.6331,0.6534,704,0.6787,1242,False,False
Goblin OVER,hitter_ks,L5>=4 + own_bats_Strong,0.6693,1990,1332,0.6484,0.0482,0.6211,0.6682,1293,0.6714,697,False,False
Goblin OVER,hitterfantasyscore,line_2.5+,0.669,1834,1227,0.6472,0.003,0.666,0.669,1834,,0,False,False
Goblin OVER,total_bases,L5>=4 + BA>=.275,0.6701,1655,1109,0.6471,0.0755,0.5946,0.6632,1146,0.6857,509,False,False
Goblin OVER,hitter_ks,L5>=4 + cover>=1,0.6675,2099,1401,0.647,0.0464,0.6211,0.6519,540,0.6729,1559,False,False
Goblin OVER,hits+runs+rbis,L5=5 + own_bats_Strong + cover>=1,0.6903,465,321,0.6469,0.0572,0.6331,0.6822,107,0.6927,358,False,False
Goblin OVER,hits+runs+rbis,L5=5 + K%>=22,0.6847,609,417,0.6468,0.0516,0.6331,0.6704,270,0.6962,339,False,False
Goblin OVER,hits+runs+rbis,L5=5 + own_pitch_leaky,0.6874,515,354,0.6461,0.0543,0.6331,0.691,178,0.6855,337,False,False
Goblin OVER,hitterfantasyscore,own_pitch_stingy,0.6718,1225,823,0.645,0.0058,0.666,0.6718,1225,,0,False,False
Goblin OVER,hits+runs+rbis,line_0.5,0.6506,24656,16042,0.6447,0.0175,0.6331,0.6523,12777,0.6489,11879,False,False
Goblin OVER,hitter_ks,L5>=4,0.6576,5239,3445,0.6446,0.0365,0.6211,0.657,3420,0.6586,1819,False,False
Goblin OVER,hits+runs+rbis,L10>=9 + K%>=22,0.6782,724,491,0.6433,0.0451,0.6331,0.646,274,0.6978,450,False,False
Goblin OVER,pitcherfantasyscore,own_pitch_stingy,0.6932,352,244,0.6431,0.0176,0.6756,0.6932,352,,0,False,False
Goblin OVER,hits+runs+rbis,cover>=0.5,0.653,8851,5780,0.6431,0.0199,0.6331,0.6443,2339,0.6562,6512,False,False
Goblin OVER,pitcherfantasyscore,line_2.5+,0.6756,817,552,0.6428,0.0,0.6756,0.6756,817,,0,False,False
Goblin OVER,hits+runs+rbis,L10>=8 + opp_pitch_stingy,0.6652,1771,1178,0.6428,0.0321,0.6331,0.6465,594,0.6746,1177,False,False
Goblin OVER,hits,L5>=4 + BA>=.300,0.6914,350,242,0.6412,0.0968,0.5946,0.6878,221,0.6977,129,False,False
Goblin OVER,hitter_ks,L5>=4 + opp_bats_Strong,0.6609,2126,1405,0.6405,0.0398,0.6211,0.663,1356,0.6571,770,False,False
Goblin OVER,hits+runs+rbis,L5=5 + own_pitch_leaky + cover>=1,0.6852,432,296,0.6399,0.0521,0.6331,0.6804,97,0.6866,335,False,False
Standard UNDER,earned_runs,L5=5 + cover>=0.5,0.875,16,14,0.6398,0.2952,0.5798,0.8,5,0.9091,11,False,False
Goblin OVER,hitter_ks,L10>=9 + own_pitch_stingy,0.6815,496,338,0.6392,0.0604,0.6211,0.6964,247,0.6667,249,False,False
Goblin OVER,hits+runs+rbis,L5=5 + own_pitch_leaky + season_cush>=1,0.687,377,259,0.6385,0.0539,0.6331,0.6829,82,0.6881,295,False,False
Goblin OVER,hits+runs+rbis,L5>=4 + BA>=.300,0.6931,290,201,0.6378,0.06,0.6331,0.708,113,0.6836,177,False,False
Goblin OVER,hitter_ks,L5>=4 + cover>=0.5,0.6569,2448,1608,0.6378,0.0358,0.6211,0.6488,635,0.6597,1813,False,False
Goblin OVER,hits+runs+rbis,L5=5 + K%>=22 + opp_pitch_leaky,0.6962,260,181,0.6377,0.0631,0.6331,0.704,125,0.6889,135,False,False
Goblin OVER,hitter_ks,L5>=4 + own_pitch_leaky,0.658,2035,1339,0.6371,0.0369,0.6211,0.6617,1271,0.6518,764,False,False
Goblin OVER,hitter_ks,L10>=8 + own_pitch_leaky + cover>=1,0.6781,525,356,0.637,0.057,0.6211,0.65,120,0.6864,405,False,False
Goblin OVER,hitterfantasyscore,opp_bats_Strong,0.6637,1228,815,0.6368,-0.0023,0.666,0.6637,1228,,0,False,False
Goblin OVER,hitter_ks,cover>=0.5,0.6509,4423,2879,0.6367,0.0298,0.6211,0.6595,1122,0.648,3301,False,False
Goblin OVER,total_bases,L10>=8 + season_cush>=1,0.6634,1236,820,0.6366,0.0688,0.5946,0.6477,369,0.6701,867,False,False
Goblin OVER,hits+runs+rbis,opp_pitch_leaky,0.6443,12530,8073,0.6359,0.0112,0.6331,0.6398,6511,0.6491,6019,False,False
Goblin OVER,hits+runs+rbis,L10>=8 + opp_pitch_stingy + season_cush>=1,0.6674,887,592,0.6357,0.0343,0.6331,0.6624,237,0.6692,650,False,False
Goblin OVER,hitter_ks,L5>=4 + L10>=8 + own_pitch_leaky,0.6747,584,394,0.6356,0.0536,0.6211,0.6614,189,0.681,395,False,False
Goblin OVER,hitterfantasyscore,K%>=22,0.6606,1429,944,0.6356,-0.0054,0.666,0.6606,1429,,0,False,False
Goblin OVER,hitterfantasyscore,L10>=8,0.6738,604,407,0.6355,0.0078,0.666,0.6738,604,,0,False,False
Goblin OVER,hitterfantasyscore,L10>=8 + own_bats_Strong,0.6912,285,197,0.6353,0.0252,0.666,0.6912,285,,0,False,False
Goblin OVER,total_bases,L10>=8 + opp_bats_Strong + cover>=1,0.676,534,361,0.6352,0.0814,0.5946,0.6748,163,0.6765,371,False,False
Goblin OVER,hits,L10>=8 + cover>=0.5,0.6602,1395,921,0.635,0.0656,0.5946,0.6361,382,0.6693,1013,False,False
Goblin OVER,hitterfantasyscore,line_1.5,0.662,1204,797,0.6348,-0.004,0.666,0.662,1204,,0,False,False
Goblin OVER,hits+runs+rbis,own_bats_Strong,0.6432,12174,7830,0.6346,0.0101,0.6331,0.6519,6441,0.6334,5733,False,False
Goblin OVER,hitter_ks,L5=5 + opp_pitch_leaky,0.6738,558,376,0.6339,0.0527,0.6211,0.6603,365,0.6995,193,False,False
Goblin OVER,hits+runs+rbis,L10>=8 + opp_pitch_stingy + cover>=1,0.6648,913,607,0.6336,0.0317,0.6331,0.6626,246,0.6657,667,False,False
Goblin OVER,hits+runs+rbis,L5>=4 + opp_pitch_stingy,0.6545,2000,1309,0.6334,0.0214,0.6331,0.6478,883,0.6598,1117,False,False
Goblin OVER,hitter_ks,L10>=8 + own_pitch_stingy + cover>=1,0.6778,450,305,0.6333,0.0567,0.6211,0.6643,143,0.684,307,False,False
Goblin OVER,hits,L10>=8 + cover>=1,0.6599,1185,782,0.6325,0.0653,0.5946,0.6542,321,0.662,864,False,False
Goblin OVER,total_bases,L10>=8 + cover>=1,0.6575,1384,910,0.6321,0.0629,0.5946,0.6324,389,0.6673,995,False,False
Goblin OVER,total_bases,L10>=8 + cover>=0.5,0.6563,1443,947,0.6314,0.0617,0.5946,0.6324,408,0.6657,1035,False,False
Goblin OVER,hits+runs+rbis,L5=5 + opp_pitch_stingy + season_cush>=1,0.6803,366,249,0.6309,0.0472,0.6331,0.7041,98,0.6716,268,False,False
Goblin OVER,hitter_ks,L10>=8 + opp_bats_Strong,0.6559,1334,875,0.63,0.0348,0.6211,0.6473,567,0.6623,767,False,False
Goblin OVER,hits,L10>=8 + opp_bats_Strong + cover>=1,0.6739,463,312,0.6299,0.0793,0.5946,0.6879,141,0.6677,322,False,False
Goblin OVER,total_bases,L10>=8 + opp_pitch_leaky + season_cush>=1,0.672,500,336,0.6297,0.0774,0.5946,0.661,177,0.678,323,False,False
Goblin OVER,hitter_ks,L10>=8 + own_pitch_leaky,0.655,1400,917,0.6297,0.0339,0.6211,0.6221,561,0.677,839,False,False
Goblin OVER,total_bases,L10>=8 + opp_bats_Strong + season_cush>=1,0.6731,468,315,0.6293,0.0785,0.5946,0.6732,153,0.673,315,False,False
Goblin OVER,total_bases,L10>=8 + own_pitch_stingy + cover>=1,0.6684,582,389,0.6291,0.0738,0.5946,0.6275,153,0.683,429,False,False
Goblin OVER,hitterfantasyscore,L10>=9,0.6907,236,163,0.629,0.0247,0.666,0.6907,236,,0,False,False
Goblin OVER,hitter_ks,L5>=4 + own_pitch_stingy,0.6493,2096,1361,0.6286,0.0282,0.6211,0.6443,1428,0.6602,668,False,False
Goblin OVER,hitter_ks,L10>=8 + opp_pitch_leaky,0.6543,1325,867,0.6283,0.0332,0.6211,0.6799,578,0.6345,747,False,False
Goblin OVER,hits+runs+rbis,opp_bats_Strong,0.6366,11908,7581,0.6279,0.0035,0.6331,0.6344,6259,0.6391,5649,False,False
Goblin OVER,hits,L10>=8 + own_pitch_stingy + cover>=1,0.6708,480,322,0.6276,0.0762,0.5946,0.6634,101,0.6728,379,False,False
Goblin OVER,hits,L10>=8 + opp_bats_Strong,0.6546,1219,798,0.6275,0.06,0.5946,0.6393,560,0.6677,659,False,False
Goblin OVER,hitter_ks,L10=10,0.6856,264,181,0.6273,0.0645,0.6211,0.6937,111,0.6797,153,False,False
Goblin OVER,hits+runs+rbis,L5=5 + L10>=8 + own_pitch_leaky,0.6783,345,234,0.6272,0.0452,0.6331,0.6753,77,0.6791,268,False,False
Goblin OVER,hits,L10>=8 + BA>=.275 + opp_pitch_leaky,0.6768,362,245,0.627,0.0822,0.5946,0.7169,166,0.6429,196,False,False
Goblin OVER,hits,L5=5 + BA>=.275,0.672,439,295,0.6267,0.0774,0.5946,0.6699,312,0.6772,127,False,False
Goblin OVER,pitcherfantasyscore,own_pitch_leaky,0.6788,330,224,0.6266,0.0032,0.6756,0.6788,330,,0,False,False
Goblin OVER,hitterfantasyscore,L10>=8 + own_pitch_stingy,0.6836,275,188,0.6265,0.0176,0.666,0.6836,275,,0,False,False
Goblin OVER,hits,L5>=4 + L10>=8,0.6505,1525,992,0.6262,0.0559,0.5946,0.6378,646,0.6598,879,False,False
Goblin OVER,total_bases,L10>=8 + BA>=.275 + opp_pitch_leaky,0.6759,361,244,0.626,0.0813,0.5946,0.7152,165,0.6429,196,False,False
Goblin OVER,hitter_ks,opp_pitch_stingy,0.6349,10775,6841,0.6258,0.0138,0.6211,0.6341,6684,0.6363,4091,False,False
Goblin OVER,hitter_ks,L10>=8 + opp_bats_Strong + cover>=1,0.668,497,332,0.6255,0.0469,0.6211,0.6148,122,0.6853,375,False,False
Goblin OVER,pitches_thrown,L10=10 + opp_pitch_stingy,0.8421,19,16,0.6243,0.1379,0.7042,0.875,8,0.8182,11,False,False
Goblin OVER,hitterfantasyscore,own_pitch_leaky,0.6514,1199,781,0.624,-0.0146,0.666,0.6514,1199,,0,False,False
Goblin OVER,hits+runs+rbis,L5=5 + opp_pitch_stingy,0.6654,520,346,0.6237,0.0323,0.6331,0.6712,222,0.6611,298,False,False
Goblin OVER,total_bases,L5=5 + BA>=.275,0.669,432,289,0.6233,0.0744,0.5946,0.6656,305,0.6772,127,False,False
Goblin OVER,hits+runs+rbis,own_pitch_stingy,0.6319,11960,7558,0.6233,-0.0012,0.6331,0.6244,6135,0.6398,5825,False,False
Goblin OVER,pitcherfantasyscore,opp_pitch_leaky,0.676,321,217,0.623,0.0004,0.6756,0.676,321,,0,False,False
Goblin OVER,hits,L5>=4 + L10>=8 + own_pitch_leaky,0.6592,669,441,0.6225,0.0646,0.5946,0.6643,286,0.6554,383,False,False
Goblin OVER,hitter_ks,L5>=4 + opp_pitch_leaky,0.6435,2017,1298,0.6224,0.0224,0.6211,0.6555,1315,0.6211,702,False,False
Goblin OVER,hits,L10>=8,0.6393,3097,1980,0.6223,0.0447,0.5946,0.6294,1376,0.6473,1721,False,False
Goblin OVER,hits,L10>=8 + line_0.5,0.6393,3097,1980,0.6223,0.0447,0.5946,0.6294,1376,0.6473,1721,False,False
Goblin OVER,total_bases,L5>=4 + L10>=8,0.6467,1500,970,0.6221,0.0521,0.5946,0.6319,633,0.6574,867,False,False
Goblin OVER,hits+runs+rbis,own_pitch_leaky,0.631,11472,7239,0.6221,-0.0021,0.6331,0.6415,6089,0.6192,5383,False,False
Goblin OVER,total_bases,L10>=8 + opp_bats_Strong,0.6493,1209,785,0.622,0.0547,0.5946,0.6302,549,0.6652,660,False,False
Goblin OVER,pitcherfantasyscore,own_bats_Strong,0.6736,337,227,0.6218,-0.002,0.6756,0.6736,337,,0,False,False
Goblin OVER,hits,L5>=4 + opp_bats_Strong,0.64,2692,1723,0.6217,0.0454,0.5946,0.6308,1888,0.6617,804,False,False
Goblin OVER,hitter_ks,L10>=8 + opp_pitch_leaky + cover>=1,0.664,494,328,0.6212,0.0429,0.6211,0.6992,133,0.651,361,False,False
Goblin OVER,total_bases,L10>=8 + own_bats_Strong + season_cush>=1,0.66,600,396,0.6212,0.0654,0.5946,0.6537,205,0.6633,395,False,False
Goblin OVER,hits,L10>=8 + own_pitch_stingy,0.6467,1387,897,0.6212,0.0521,0.5946,0.6437,623,0.6492,764,False,False
Goblin OVER,total_bases,L10>=8 + opp_pitch_leaky + cover>=1,0.6608,572,378,0.6211,0.0662,0.5946,0.6387,191,0.6719,381,False,False
Goblin OVER,hits,L5>=4 + opp_pitch_leaky,0.6391,2793,1785,0.6211,0.0445,0.5946,0.6398,1949,0.6374,844,False,False
Goblin OVER,total_bases,L10>=8 + own_pitch_stingy + season_cush>=1,0.6628,513,340,0.6208,0.0682,0.5946,0.6549,142,0.6658,371,False,False
Goblin OVER,hits,L10>=8 + own_bats_Strong + cover>=1,0.6612,549,363,0.6206,0.0666,0.5946,0.6835,158,0.6522,391,False,False
Goblin OVER,total_bases,L10>=8 + own_pitch_leaky + season_cush>=1,0.6602,568,375,0.6203,0.0656,0.5946,0.6432,185,0.6684,383,False,False
Goblin OVER,total_bases,L5>=4 + opp_bats_Strong,0.6387,2660,1699,0.6203,0.0441,0.5946,0.6262,1870,0.6684,790,False,False
Goblin OVER,total_bases,L5>=4 + opp_pitch_leaky,0.6377,2777,1771,0.6197,0.0431,0.5946,0.6343,1944,0.6459,833,False,False
Goblin OVER,total_bases,L10>=8 + opp_pitch_leaky,0.646,1260,814,0.6192,0.0514,0.5946,0.6472,564,0.6451,696,False,False
Goblin OVER,total_bases,L10>=8 + line_0.5,0.6362,3068,1952,0.6191,0.0416,0.5946,0.625,1344,0.645,1724,False,False
Goblin OVER,hits,L10>=8 + opp_pitch_leaky,0.6455,1261,814,0.6187,0.0509,0.5946,0.6473,567,0.6441,694,False,False
Goblin OVER,hits,L5>=4 + own_pitch_stingy,0.6367,2813,1791,0.6187,0.0421,0.5946,0.6334,1994,0.6447,819,False,False
Goblin OVER,total_bases,L10>=8 + cover>=1.5,0.647,1119,724,0.6185,0.0524,0.5946,0.6282,312,0.6543,807,False,False
Goblin OVER,total_bases,L10>=8,0.6355,3073,1953,0.6184,0.0409,0.5946,0.6239,1348,0.6446,1725,False,False
Goblin OVER,hits,L10>=9 + opp_bats_Strong,0.6696,339,227,0.6179,0.075,0.5946,0.6897,145,0.6546,194,False,False
Goblin OVER,total_bases,L5>=4 + own_pitch_stingy,0.636,2764,1758,0.6179,0.0414,0.5946,0.6298,1969,0.6516,795,False,False
Goblin OVER,total_bases,L5>=4 + cover>=1,0.6361,2668,1697,0.6176,0.0415,0.5946,0.6304,744,0.6383,1924,False,False
Goblin OVER,hits,L10>=8 + opp_pitch_leaky + cover>=1,0.6605,489,323,0.6175,0.0659,0.5946,0.66,150,0.6608,339,False,False
Goblin OVER,hits,L10>=8 + own_pitch_leaky,0.6445,1232,794,0.6173,0.0499,0.5946,0.636,544,0.6512,688,False,False
Goblin OVER,total_bases,L10>=8 + cover>=2,0.6481,949,615,0.6171,0.0535,0.5946,0.6442,267,0.6496,682,False,False
Goblin OVER,total_bases,L5>=4 + L10>=8 + own_pitch_leaky,0.6537,670,438,0.6169,0.0591,0.5946,0.662,287,0.6475,383,False,False
Goblin OVER,total_bases,L10>=8 + own_pitch_stingy,0.6427,1363,876,0.6169,0.0481,0.5946,0.6356,601,0.6483,762,False,False
Goblin OVER,total_bases,L5>=4 + season_cush>=1,0.639,1853,1184,0.6168,0.0444,0.5946,0.6289,547,0.6432,1306,False,False
Goblin OVER,hits+runs+rbis,L5=5 + opp_pitch_stingy + cover>=1,0.6634,413,274,0.6165,0.0303,0.6331,0.6724,116,0.6599,297,False,False
Goblin OVER,hits,L10>=8 + own_bats_Strong,0.6413,1483,951,0.6165,0.0467,0.5946,0.6395,724,0.643,759,False,False
Goblin OVER,hits,L5>=4,0.6282,6664,4186,0.6165,0.0336,0.5946,0.6258,4661,0.6335,2003,False,False
Goblin OVER,total_bases,L5>=4 + cover>=0.5,0.6345,2725,1729,0.6162,0.0399,0.5946,0.6258,759,0.6378,1966,False,False
Goblin OVER,walks_allowed,line_1.5,0.6436,1198,771,0.616,-0.0954,0.739,0.6322,696,0.6594,502,False,False
Goblin OVER,hits,L10>=8 + own_pitch_leaky + cover>=1,0.6564,553,363,0.6159,0.0618,0.5946,0.6461,178,0.6613,375,False,False
Goblin OVER,total_bases,L5=5 + opp_bats_Strong + cover>=1,0.6742,267,180,0.6158,0.0796,0.5946,0.7442,86,0.6409,181,False,False
Goblin OVER,hitter_ks,line_0.5,0.6216,25665,15954,0.6157,0.0005,0.6211,0.6238,15999,0.618,9666,False,False
Goblin OVER,total_bases,L5>=4 + cover>=1.5,0.6356,2239,1423,0.6154,0.041,0.5946,0.6331,616,0.6365,1623,False,False
Goblin OVER,total_bases,L5>=4,0.6272,6574,4123,0.6154,0.0326,0.5946,0.6226,4608,0.6378,1966,False,False
Goblin OVER,hitter_ks,own_bats_Strong,0.625,9757,6098,0.6153,0.0039,0.6211,0.6283,6002,0.6197,3755,False,False
Goblin OVER,total_bases,L5>=4 + cover>=2,0.637,1912,1218,0.6152,0.0424,0.5946,0.6456,522,0.6338,1390,False,False
Goblin OVER,hits,L5>=4 + cover>=1,0.6345,2446,1552,0.6152,0.0399,0.5946,0.6368,658,0.6337,1788,False,False
Goblin OVER,total_bases,L10>=8 + own_bats_Strong + cover>=1,0.6524,653,426,0.6151,0.0578,0.5946,0.635,200,0.66,453,False,False
Goblin OVER,hits,season_HR>70%,0.6484,805,522,0.6148,0.0538,0.5946,0.6508,733,0.625,72,False,False
Goblin OVER,hits,L5=5 + BA>=.275 + opp_pitch_leaky,0.6845,187,128,0.6147,0.0899,0.5946,0.7174,138,0.5918,49,False,False
Goblin OVER,hits,L10>=9 + own_pitch_leaky,0.6657,350,233,0.6147,0.0711,0.5946,0.7297,111,0.636,239,False,False
Goblin OVER,hits,L5>=4 + cover>=0.5,0.6325,2778,1757,0.6144,0.0379,0.5946,0.6297,775,0.6335,2003,False,False
Goblin OVER,total_bases,L10>=8 + own_pitch_leaky,0.6412,1232,790,0.614,0.0466,0.5946,0.6327,539,0.6479,693,False,False
Goblin OVER,total_bases,season_cush>=1,0.6297,3678,2316,0.614,0.0351,0.5946,0.6107,1043,0.6372,2635,False,False
Goblin OVER,hitter_ks,L5=5 + opp_pitch_leaky + cover>=1,0.6731,260,175,0.6139,0.052,0.6211,0.597,67,0.6995,193,False,False
Goblin OVER,total_bases,L10>=9 + opp_bats_Strong,0.6647,337,224,0.6127,0.0701,0.5946,0.6806,144,0.6528,193,False,False
Goblin OVER,total_bases,season_cush>=2,0.6567,466,306,0.6124,0.0621,0.5946,0.6522,161,0.659,305,False,False
Goblin OVER,total_bases,L10>=8 + own_bats_Strong,0.6371,1477,941,0.6123,0.0425,0.5946,0.6331,714,0.6409,763,False,False
Goblin OVER,hits,season_cush>=1,0.6704,267,179,0.612,0.0758,0.5946,0.7424,66,0.6468,201,False,False
Goblin OVER,total_bases,L10>=9 + own_pitch_leaky,0.6629,350,232,0.6118,0.0683,0.5946,0.7273,110,0.6333,240,False,False
Goblin OVER,total_bases,L10>=8 + own_pitch_leaky + cover>=1,0.6501,623,405,0.6118,0.0555,0.5946,0.6364,187,0.656,436,False,False
Goblin OVER,hitter_ks,own_pitch_stingy,0.6213,10136,6297,0.6118,0.0002,0.6211,0.6259,6416,0.6132,3720,False,False
Goblin OVER,hits,L5>=4 + own_bats_Strong,0.6287,2995,1883,0.6113,0.0341,0.5946,0.626,2115,0.6352,880,False,False
Goblin OVER,total_bases,L5=5 + opp_pitch_leaky,0.6477,667,432,0.6107,0.0531,0.5946,0.6539,471,0.6327,196,False,False
Goblin OVER,hits+runs+rbis,K%>=22,0.6191,12698,7861,0.6106,-0.014,0.6331,0.6201,6702,0.6179,5996,False,False
Goblin OVER,hitterfantasyscore,L10>=8 + K%>=22,0.6667,288,192,0.6103,0.0007,0.666,0.6667,288,,0,False,False
Goblin OVER,hits,L5>=4 + own_pitch_leaky,0.6291,2572,1618,0.6102,0.0345,0.5946,0.6269,1745,0.6336,827,False,False
Goblin OVER,total_bases,season_HR>70%,0.6449,749,483,0.6099,0.0503,0.5946,0.6465,679,0.6286,70,False,False
Goblin OVER,total_bases,L5>=4 + own_pitch_leaky,0.6289,2541,1598,0.6099,0.0343,0.5946,0.627,1724,0.6328,817,False,False
Goblin OVER,hitter_ks,L5>=4 + BA>=.275,0.6472,652,422,0.6098,0.0261,0.6211,0.6554,415,0.6329,237,False,False
Goblin OVER,hitter_ks,own_pitch_leaky,0.6193,10188,6309,0.6098,-0.0018,0.6211,0.6173,6238,0.6223,3950,False,False
Goblin OVER,hits,L5=5 + opp_pitch_leaky,0.6464,673,435,0.6095,0.0518,0.5946,0.6576,479,0.6186,194,False,False
Goblin OVER,hits+runs+rbis,opp_pitch_stingy,0.618,10684,6603,0.6088,-0.0151,0.6331,0.6161,5595,0.6202,5089,False,False
Goblin OVER,hitter_ks,L5=5 + BA>=.275,0.6726,223,150,0.6086,0.0515,0.6211,0.6905,168,0.6182,55,False,False
Goblin OVER,total_bases,L5>=4 + own_bats_Strong,0.6258,2945,1843,0.6082,0.0312,0.5946,0.6218,2089,0.6355,856,False,False
Goblin OVER,hitterfantasyscore,L10=10 + opp_pitch_stingy,0.8333,18,15,0.6078,0.1673,0.666,0.8333,18,,0,False,False
Goblin OVER,total_bases,L5=5 + opp_bats_Strong,0.6457,635,410,0.6077,0.0511,0.5946,0.6476,454,0.6409,181,False,False
Goblin OVER,hitterfantasyscore,K%>=28,0.6508,484,315,0.6073,-0.0152,0.666,0.6508,484,,0,False,False
Goblin OVER,total_bases,cover>=2,0.6241,3222,2011,0.6073,0.0295,0.5946,0.6134,864,0.6281,2358,False,False
Goblin OVER,hits,cover>=1,0.6228,3733,2325,0.6072,0.0282,0.5946,0.616,1013,0.6254,2720,False,False
Goblin OVER,hits,L5=5 + opp_bats_Strong + cover>=1,0.6654,269,179,0.6071,0.0708,0.5946,0.7386,88,0.6298,181,False,False
Goblin OVER,hits,L5>=4 + cover>=1.5,0.6376,963,614,0.6067,0.043,0.5946,0.6601,253,0.6296,710,False,False
Goblin OVER,hits+runs+rbis,L10>=8 + K%>=22 + opp_pitch_stingy,0.6424,713,458,0.6065,0.0093,0.6331,0.5992,242,0.6645,471,False,False
Goblin OVER,hitter_ks,opp_bats_Strong,0.6158,10299,6342,0.6064,-0.0053,0.6211,0.6208,6364,0.6076,3935,False,False
Goblin OVER,hits,L10>=8 + season_cush>=1,0.6754,191,129,0.6061,0.0808,0.5946,0.7561,41,0.6533,150,False,False
Goblin OVER,earned_runs,line_1.5,0.6297,1642,1034,0.6061,-0.0805,0.7102,0.6123,570,0.639,1072,False,False
Goblin OVER,hits,L10>=9,0.6376,905,577,0.6057,0.043,0.5946,0.65,380,0.6286,525,False,False
Goblin OVER,hitterfantasyscore,L10>=8 + opp_pitch_leaky,0.6654,257,171,0.6056,-0.0006,0.666,0.6654,257,,0,False,False
Goblin OVER,hitter_ks,L10=10 + cover>=0.5,0.6972,109,76,0.6055,0.0761,0.6211,0.7895,19,0.6778,90,False,False
Goblin OVER,hitter_ks,L10=10 + cover>=1,0.6972,109,76,0.6055,0.0761,0.6211,0.7895,19,0.6778,90,False,False
Goblin OVER,hits,L5=5 + opp_bats_Strong,0.6433,642,413,0.6055,0.0487,0.5946,0.6486,461,0.6298,181,False,False
Goblin OVER,hits,cover>=0.5,0.6187,5238,3241,0.6055,0.0241,0.5946,0.6052,1421,0.6238,3817,False,False
Goblin OVER,total_bases,L5=5 + BA>=.275 + opp_pitch_leaky,0.6758,182,123,0.6048,0.0812,0.5946,0.7045,132,0.6,50,False,False
Goblin OVER,total_bases,L5=5 + opp_pitch_leaky + season_cush>=1,0.6682,220,147,0.6035,0.0736,0.5946,0.7313,67,0.6405,153,False,False
Goblin OVER,pitcherfantasyscore,L5>=4,0.6828,145,99,0.6031,0.0072,0.6756,0.6828,145,,0,False,False
Goblin OVER,total_bases,L10>=9,0.6344,900,571,0.6025,0.0398,0.5946,0.6436,376,0.6279,524,False,False
Goblin OVER,hitterfantasyscore,L10>=8 + own_pitch_leaky,0.6682,211,141,0.6022,0.0022,0.666,0.6682,211,,0,False,False
Goblin OVER,total_bases,L5=5,0.6256,1568,981,0.6014,0.031,0.5946,0.6321,1147,0.6081,421,False,False
Goblin OVER,total_bases,cover>=1.5,0.6164,4069,2508,0.6013,0.0218,0.5946,0.6091,1100,0.6191,2969,False,False
Goblin OVER,total_bases,L5=5 + line_0.5,0.6253,1564,978,0.6011,0.0307,0.5946,0.6321,1147,0.6067,417,False,False
Goblin OVER,total_bases,cover>=1,0.6135,5757,3532,0.6009,0.0189,0.5946,0.6069,1529,0.6159,4228,False,False
Goblin OVER,total_bases,L5=5 + opp_bats_Strong + season_cush>=1,0.6683,202,135,0.6008,0.0737,0.5946,0.7581,62,0.6286,140,False,False
Goblin OVER,hitter_ks,opp_pitch_leaky,0.6104,9890,6037,0.6008,-0.0107,0.6211,0.6144,6178,0.6037,3712,False,False
Goblin OVER,hits,L10>=9 + cover>=0.5,0.6463,441,285,0.6005,0.0517,0.5946,0.6724,116,0.6369,325,False,False
Goblin OVER,total_bases,L5=5 + own_bats_Strong,0.6373,670,427,0.6002,0.0427,0.5946,0.6577,485,0.5838,185,False,False
Goblin OVER,hits,cover>=2,0.6414,541,347,0.6001,0.0468,0.5946,0.6818,154,0.6253,387,False,False
Goblin OVER,pitcherfantasyscore,L5=5 + opp_pitch_leaky,0.8095,21,17,0.6,0.1339,0.6756,0.8095,21,,0,False,False
Goblin OVER,hits,L5=5 + own_bats_Strong,0.6366,688,438,0.6,0.042,0.5946,0.6573,499,0.582,189,False,False
Goblin OVER,hits,L5=5,0.624,1601,999,0.6,0.0294,0.5946,0.6329,1174,0.5995,427,False,False
Goblin OVER,hits,L5=5 + line_0.5,0.624,1601,999,0.6,0.0294,0.5946,0.6329,1174,0.5995,427,False,False
Goblin OVER,hits,L10>=8 + opp_pitch_stingy + cover>=1,0.6462,424,274,0.5996,0.0516,0.5946,0.6466,116,0.6461,308,False,False
Goblin OVER,pitcherfantasyscore,opp_bats_Strong,0.6531,320,209,0.5994,-0.0225,0.6756,0.6531,320,,0,False,False
Goblin OVER,total_bases,L10>=8 + opp_pitch_stingy + season_cush>=1,0.6452,434,280,0.5991,0.0506,0.5946,0.614,114,0.6562,320,False,False
Goblin OVER,hits,cover>=1.5,0.6273,1159,727,0.599,0.0327,0.5946,0.6308,325,0.6259,834,False,False
Goblin OVER,hits,L5=5 + BA>=.300,0.6916,107,74,0.5987,0.097,0.5946,0.7215,79,0.6071,28,False,False
Goblin OVER,hits,L5>=4 + season_cush>=1,0.6684,190,127,0.5987,0.0738,0.5946,0.7436,39,0.649,151,False,False
Goblin OVER,total_bases,L5>=4 + K%>=22,0.617,2783,1717,0.5987,0.0224,0.5946,0.6114,2043,0.6324,740,False,False
Goblin OVER,hitter_ks,BA>=.275,0.6149,3386,2082,0.5984,-0.0062,0.6211,0.618,2047,0.6102,1339,False,False
Goblin OVER,hits,L10>=9 + own_bats_Strong,0.6469,388,251,0.5981,0.0523,0.5946,0.6859,156,0.6207,232,False,False
Goblin OVER,hits,L5>=4 + cover>=2,0.6411,496,318,0.598,0.0465,0.5946,0.6853,143,0.6232,353,False,False
Goblin OVER,hits,own_bats_Strong,0.6062,13232,8021,0.5978,0.0116,0.5946,0.6103,8891,0.5978,4341,False,False
Goblin OVER,total_bases,L5>=4 + opp_pitch_stingy,0.6175,2353,1453,0.5977,0.0229,0.5946,0.6122,1640,0.6297,713,False,False
Goblin OVER,hits,L10>=9 + cover>=1,0.6452,403,260,0.5973,0.0506,0.5946,0.69,100,0.6304,303,False,False
Goblin OVER,hits,L5>=4 + opp_pitch_stingy,0.617,2394,1477,0.5973,0.0224,0.5946,0.6118,1664,0.6288,730,False,False
Goblin OVER,hits,L5>=4 + K%>=22,0.6153,2818,1734,0.5972,0.0207,0.5946,0.6112,2068,0.6267,750,False,False
Goblin OVER,total_bases,L5>=4 + season_cush>=2,0.6523,302,197,0.597,0.0577,0.5946,0.6538,104,0.6515,198,False,False
Goblin OVER,total_bases,own_bats_Strong,0.6053,13162,7967,0.5969,0.0107,0.5946,0.6079,8849,0.6,4313,False,False
Goblin OVER,hits,L10>=8 + opp_pitch_stingy,0.6255,1100,688,0.5965,0.0309,0.5946,0.5988,486,0.6466,614,False,False
Goblin OVER,hits+runs+rbis,L5>=4 + K%>=28,0.6361,588,374,0.5964,0.003,0.6331,0.5778,270,0.6855,318,False,False
Goblin OVER,hits,L10>=8 + cover>=1.5,0.6414,449,288,0.596,0.0468,0.5946,0.65,100,0.639,349,False,False
Goblin OVER,total_bases,L5=5 + own_pitch_stingy,0.6319,709,448,0.5958,0.0373,0.5946,0.6328,531,0.6292,178,False,False
Goblin OVER,hits,opp_pitch_leaky,0.6041,13344,8061,0.5958,0.0095,0.5946,0.6048,8940,0.6026,4404,False,False
Goblin OVER,hitterfantasyscore,opp_pitch_stingy,0.6228,1230,766,0.5953,-0.0432,0.666,0.6228,1230,,0,False,False
Goblin OVER,total_bases,opp_pitch_leaky,0.6035,13376,8073,0.5952,0.0089,0.5946,0.6039,8949,0.6029,4427,False,False
Goblin OVER,total_bases,L10>=9 + cover>=0.5,0.6412,432,277,0.5949,0.0466,0.5946,0.6607,112,0.6344,320,False,False
Goblin OVER,hits+runs+rbis,L10>=8 + K%>=28,0.6397,458,293,0.5948,0.0066,0.6331,0.5824,170,0.6736,288,False,False
Goblin OVER,hits,L10>=9 + season_cush>=1,0.6893,103,71,0.5945,0.0947,0.5946,0.75,24,0.6709,79,False,False
Goblin OVER,total_bases,L10>=9 + cover>=1,0.6408,426,273,0.5942,0.0462,0.5946,0.6607,112,0.6338,314,False,False
Goblin OVER,total_bases,L10>=9 + season_cush>=1,0.6425,386,248,0.5935,0.0479,0.5946,0.6604,106,0.6357,280,False,False
Goblin OVER,total_bases,cover>=0.5,0.6052,6556,3968,0.5934,0.0106,0.5946,0.5941,1732,0.6092,4824,False,False
Goblin OVER,total_bases,L10>=8 + opp_pitch_stingy + cover>=1,0.6373,477,304,0.5932,0.0427,0.5946,0.6098,123,0.6469,354,False,False
Goblin OVER,total_bases,L5=5 + BA>=.300,0.6852,108,74,0.5925,0.0906,0.5946,0.7125,80,0.6071,28,False,False
Goblin OVER,total_bases,L5=5 + opp_pitch_leaky + cover>=1,0.6507,272,177,0.5923,0.0561,0.5946,0.6974,76,0.6327,196,False,False
Goblin OVER,total_bases,L10>=9 + own_bats_Strong,0.6408,387,248,0.5919,0.0462,0.5946,0.6753,154,0.618,233,False,False
Goblin OVER,hits,L5=5 + own_pitch_stingy,0.6278,720,452,0.5919,0.0332,0.5946,0.6325,536,0.6141,184,False,False
Goblin OVER,hits,own_pitch_stingy,0.5995,13132,7873,0.5911,0.0049,0.5946,0.5949,8806,0.6089,4326,False,False
Goblin OVER,total_bases,line_0.5,0.5955,31971,19038,0.5901,0.0009,0.5946,0.5944,21477,0.5978,10494,False,False
Goblin OVER,total_bases,own_pitch_stingy,0.5983,12961,7755,0.5899,0.0037,0.5946,0.5926,8679,0.61,4282,False,False
Goblin OVER,pitcherfantasyscore,L10>=8 + opp_pitch_stingy,0.7576,33,25,0.5898,0.082,0.6756,0.7576,33,,0,False,False
Goblin OVER,hits,L10>=9 + season_HR>70%,0.75,36,27,0.5893,0.1554,0.5946,0.7742,31,0.6,5,False,False
Goblin OVER,total_bases,L10>=9 + season_HR>70%,0.75,36,27,0.5893,0.1554,0.5946,0.7742,31,0.6,5,False,False
Goblin OVER,hits,line_0.5,0.5946,32468,19306,0.5893,0.0,0.5946,0.5941,21862,0.5957,10606,False,False
Goblin OVER,pitcherfantasyscore,opp_pitch_stingy,0.6418,335,215,0.5891,-0.0338,0.6756,0.6418,335,,0,False,False
Goblin OVER,total_bases,L5=5 + cover>=0.5,0.6288,590,371,0.5891,0.0342,0.5946,0.6805,169,0.6081,421,False,False
Goblin OVER,total_bases,L5=5 + cover>=1,0.6288,590,371,0.5891,0.0342,0.5946,0.6805,169,0.6081,421,False,False
Goblin OVER,total_bases,L10=10,0.6822,107,73,0.589,0.0876,0.5946,0.7209,43,0.6562,64,False,False
Goblin OVER,hitterfantasyscore,L10>=8 + K%>=22 + opp_pitch_leaky,0.6746,126,85,0.5887,0.0086,0.666,0.6746,126,,0,False,False
Goblin OVER,hits,opp_bats_Strong,0.5966,12993,7752,0.5882,0.002,0.5946,0.5935,8751,0.603,4242,False,False
Goblin OVER,total_bases,opp_bats_Strong,0.5966,12961,7733,0.5882,0.002,0.5946,0.593,8706,0.604,4255,False,False
Goblin OVER,total_bases,L10>=8 + opp_pitch_stingy,0.6166,1085,669,0.5873,0.022,0.5946,0.5885,469,0.638,616,False,False
Goblin OVER,hits,L10>=8 + K%>=22,0.6148,1176,723,0.5867,0.0202,0.5946,0.5944,535,0.6318,641,False,False
Goblin OVER,hits,L10=10,0.6789,109,74,0.5864,0.0843,0.5946,0.7209,43,0.6515,66,False,False
Goblin OVER,total_bases,L5=5 + K%>=22,0.6214,729,453,0.5856,0.0268,0.5946,0.6208,567,0.6235,162,False,False
Goblin OVER,hits,L10>=9 + opp_pitch_leaky,0.6377,334,213,0.5849,0.0431,0.5946,0.6761,142,0.6094,192,False,False
Goblin OVER,total_bases,own_pitch_leaky,0.5924,12810,7589,0.5839,-0.0022,0.5946,0.5985,8648,0.5798,4162,False,False
Goblin OVER,hits,own_pitch_leaky,0.5923,12901,7641,0.5838,-0.0023,0.5946,0.599,8721,0.5782,4180,False,False
Goblin OVER,total_bases,L10>=9 + opp_pitch_leaky,0.6358,335,213,0.583,0.0412,0.5946,0.669,142,0.6114,193,False,False
Goblin OVER,total_bases,L10>=8 + K%>=22 + opp_pitch_leaky,0.6274,475,298,0.583,0.0328,0.5946,0.5964,223,0.6548,252,False,False
Goblin OVER,hits,L10>=8 + cover>=2,0.6473,224,145,0.5827,0.0527,0.5946,0.6809,47,0.6384,177,False,False
Goblin OVER,hits,L5=5 + cover>=0.5,0.6221,598,372,0.5825,0.0275,0.5946,0.6784,171,0.5995,427,False,False
Goblin OVER,hits,L5=5 + cover>=1,0.6221,598,372,0.5825,0.0275,0.5946,0.6784,171,0.5995,427,False,False
Goblin OVER,hits,L10>=9 + opp_pitch_stingy,0.6353,329,209,0.582,0.0407,0.5946,0.625,144,0.6432,185,False,False
Goblin OVER,hitter_ks,BA>=.275 + opp_pitch_leaky,0.6091,1269,773,0.582,-0.012,0.6211,0.6088,777,0.6098,492,False,False
Goblin OVER,hits,L5=5 + opp_pitch_leaky + cover>=1,0.6407,270,173,0.5819,0.0461,0.5946,0.6974,76,0.6186,194,False,False
Goblin OVER,total_bases,L5=5 + K%>=22 + opp_pitch_leaky,0.6376,298,190,0.5816,0.043,0.5946,0.632,231,0.6567,67,False,False
Goblin OVER,hits,L5=5 + K%>=22,0.6172,734,453,0.5815,0.0226,0.5946,0.62,571,0.6074,163,False,False
Goblin OVER,total_bases,L10>=8 + K%>=22,0.6097,1171,714,0.5815,0.0151,0.5946,0.5882,527,0.6273,644,False,False
Goblin OVER,hitterfantasyscore,L10>=8 + opp_bats_Strong,0.6468,218,141,0.5813,-0.0192,0.666,0.6468,218,,0,False,False
Goblin OVER,hits,L10>=8 + K%>=22 + opp_pitch_leaky,0.6258,473,296,0.5813,0.0312,0.5946,0.5991,222,0.6494,251,False,False
Goblin OVER,pitcherfantasyscore,L5=5 + opp_bats_Strong,0.7826,23,18,0.581,0.107,0.6756,0.7826,23,,0,False,False
Goblin OVER,hits,L5=5 + own_pitch_leaky,0.6214,560,348,0.5806,0.0268,0.5946,0.6442,385,0.5714,175,False,False
Goblin OVER,hitterfantasyscore,L10>=8 + opp_pitch_stingy,0.6465,215,139,0.5805,-0.0195,0.666,0.6465,215,,0,False,False
Goblin OVER,total_bases,L5=5 + cover>=2,0.6224,527,328,0.5803,0.0278,0.5946,0.7,160,0.5886,367,False,False
Goblin OVER,hitter_ks,L10>=8 + BA>=.275,0.6319,345,218,0.5798,0.0108,0.6211,0.6031,131,0.6495,214,False,False
Goblin OVER,total_bases,L10>=9 + cover>=1.5,0.6314,350,221,0.5797,0.0368,0.5946,0.6977,86,0.6098,264,False,False
Goblin OVER,hitter_ks,L10>=8 + own_pitch_leaky + season_cush>=1,0.6731,104,70,0.5782,0.052,0.6211,0.875,8,0.6562,96,False,False
Goblin OVER,hits,L10>=8 + own_pitch_leaky + season_cush>=1,0.6883,77,53,0.578,0.0937,0.5946,0.6667,9,0.6912,68,False,False
Goblin OVER,hits,L10>=9 + own_pitch_stingy,0.6259,401,251,0.5776,0.0313,0.5946,0.6319,182,0.621,219,False,False
Goblin OVER,total_bases,L5=5 + own_pitch_leaky,0.6194,536,332,0.5776,0.0248,0.5946,0.6429,364,0.5698,172,False,False
Goblin OVER,hits,L5=5 + K%>=22 + opp_pitch_leaky,0.6339,295,187,0.5775,0.0393,0.5946,0.632,231,0.6406,64,False,False
Goblin OVER,hitterfantasyscore,L10>=9 + own_pitch_stingy,0.6697,109,73,0.577,0.0037,0.666,0.6697,109,,0,False,False
Goblin OVER,total_bases,L5=5 + cover>=1.5,0.6163,563,347,0.5755,0.0217,0.5946,0.6805,169,0.5888,394,False,False
Goblin OVER,total_bases,L10>=9 + opp_pitch_stingy,0.6288,326,205,0.5752,0.0342,0.5946,0.6197,142,0.6359,184,False,False
Goblin OVER,total_bases,L5=5 + season_cush>=1,0.6208,451,280,0.5752,0.0262,0.5946,0.6695,118,0.6036,333,False,False
Goblin OVER,total_bases,L10>=8 + season_cush>=2,0.6319,288,182,0.5748,0.0373,0.5946,0.605,119,0.6509,169,False,False
Goblin OVER,hitter_ks,L10=10 + opp_pitch_stingy,0.6782,87,59,0.5743,0.0571,0.6211,0.7561,41,0.6087,46,False,False
Goblin OVER,hitterfantasyscore,L10>=9 + opp_pitch_leaky,0.6782,87,59,0.5743,0.0122,0.666,0.6782,87,,0,False,False
Goblin OVER,hitterfantasyscore,L10>=9 + opp_pitch_stingy,0.6782,87,59,0.5743,0.0122,0.666,0.6782,87,,0,False,False
Goblin OVER,total_bases,opp_pitch_stingy,0.5827,11984,6983,0.5738,-0.0119,0.5946,0.5765,8004,0.5952,3980,False,False
Goblin OVER,hits,opp_pitch_stingy,0.5817,12113,7046,0.5729,-0.0129,0.5946,0.5757,8098,0.5938,4015,False,False
Goblin OVER,hitter_ks,L10=10 + cover>=1.5,0.6786,84,57,0.5728,0.0575,0.6211,0.7647,17,0.6567,67,False,False
Goblin OVER,hits,K%>=22,0.5809,14091,8186,0.5728,-0.0137,0.5946,0.582,9566,0.5788,4525,False,False
Goblin OVER,hitterfantasyscore,L10>=9 + K%>=22,0.6587,126,83,0.5723,-0.0073,0.666,0.6587,126,,0,False,False
Goblin OVER,total_bases,L10>=9 + own_pitch_stingy,0.6206,398,247,0.572,0.026,0.5946,0.6201,179,0.621,219,False,False
Goblin OVER,hitter_ks,L10>=8 + BA>=.275 + opp_pitch_stingy,0.6565,131,86,0.5718,0.0354,0.6211,0.6122,49,0.6829,82,False,False
Goblin OVER,hitter_ks,L10>=9 + BA>=.275,0.6636,110,73,0.5711,0.0425,0.6211,0.5926,27,0.6867,83,False,False
Goblin OVER,hits,L5=5 + L10>=8,0.6145,498,306,0.571,0.0199,0.5946,0.6073,191,0.6189,307,False,False
Goblin OVER,hits,L5=5 + L10>=8 + line_0.5,0.6145,498,306,0.571,0.0199,0.5946,0.6073,191,0.6189,307,False,False
Goblin OVER,total_bases,K%>=22,0.5786,14045,8126,0.5704,-0.016,0.5946,0.5786,9542,0.5785,4503,False,False
Goblin OVER,hits+runs+rbis,K%>=28,0.5862,3714,2177,0.5702,-0.0469,0.6331,0.574,2082,0.6017,1632,False,False
Goblin OVER,hits+runs+rbis,L10>=9 + K%>=28,0.649,151,98,0.57,0.0159,0.6331,0.5532,47,0.6923,104,False,False
Goblin OVER,total_bases,L5=5 + L10>=8 + line_0.5,0.6113,494,302,0.5676,0.0167,0.5946,0.6032,189,0.6164,305,False,False
Goblin OVER,hitterfantasyscore,L10=10 + own_pitch_leaky,0.7895,19,15,0.5667,0.1235,0.666,0.7895,19,,0,False,False
Goblin OVER,total_bases,L5=5 + own_pitch_stingy + cover>=1,0.6269,260,163,0.5667,0.0323,0.5946,0.622,82,0.6292,178,False,False
Goblin OVER,total_bases,L5=5 + L10>=8,0.6101,495,302,0.5664,0.0155,0.5946,0.6032,189,0.6144,306,False,False
Goblin OVER,hitter_ks,L10=10 + season_cush>=1,0.6885,61,42,0.5641,0.0674,0.6211,0.8182,11,0.66,50,False,False
Goblin OVER,total_bases,L10>=9 + cover>=2,0.6197,305,189,0.564,0.0251,0.5946,0.6923,78,0.5947,227,False,False
Goblin OVER,hits,L10>=9 + K%>=22,0.611,419,256,0.5635,0.0164,0.5946,0.5981,209,0.6238,210,False,False
Goblin OVER,hits,L5=5 + cover>=2,0.6255,243,152,0.5632,0.0309,0.5946,0.7286,70,0.5838,173,False,False
Goblin OVER,hitter_ks,L10=10 + own_bats_Strong,0.66,100,66,0.5628,0.0389,0.6211,0.6364,33,0.6716,67,False,False
Goblin OVER,hitterfantasyscore,L10>=9 + own_bats_Strong,0.6466,133,86,0.5623,-0.0194,0.666,0.6466,133,,0,False,False
Goblin OVER,hits,L5=5 + L10>=8 + own_pitch_leaky,0.6313,198,125,0.5622,0.0367,0.5946,0.6944,72,0.5952,126,False,False
Goblin OVER,hits+runs+rbis,L5=5 + K%>=28,0.6405,153,98,0.5619,0.0074,0.6331,0.5735,68,0.6941,85,False,False
Standard UNDER,total_bases,L5=5 + own_pitch_stingy,0.6545,110,72,0.5618,0.1173,0.5372,0.6207,58,0.6923,52,False,False
Goblin OVER,hits,L10>=8 + opp_bats_Strong + season_cush>=1,0.6709,79,53,0.5615,0.0763,0.5946,0.7368,19,0.65,60,False,False
Goblin OVER,total_bases,L10>=9 + K%>=22,0.6091,417,254,0.5615,0.0145,0.5946,0.5933,209,0.625,208,False,False
Goblin OVER,total_bases,L5=5 + own_bats_Strong + cover>=1,0.623,244,152,0.5607,0.0284,0.5946,0.7458,59,0.5838,185,False,False
Standard OVER,singles,BA>=.300,0.6364,165,105,0.5606,0.1502,0.4862,0.7534,73,0.5435,92,False,False
Goblin OVER,pitcherfantasyscore,L10>=8,0.6711,76,51,0.5594,-0.0045,0.6756,0.6711,76,,0,False,False
Goblin OVER,hitterfantasyscore,L10>=8 + BA>=.275 + opp_pitch_stingy,0.7273,33,24,0.5578,0.0613,0.666,0.7273,33,,0,False,False
Goblin OVER,hits,L5=5 + own_bats_Strong + cover>=1,0.6185,249,154,0.5568,0.0239,0.5946,0.7333,60,0.582,189,False,False
Goblin OVER,hits,L5=5 + own_pitch_stingy + cover>=1,0.6157,268,165,0.5562,0.0211,0.5946,0.619,84,0.6141,184,False,False
Goblin OVER,total_bases,L5>=4 + K%>=28,0.5954,603,359,0.5557,0.0008,0.5946,0.5745,423,0.6444,180,False,False
Goblin OVER,hits,L5>=4 + K%>=28,0.5941,606,360,0.5545,-0.0005,0.5946,0.5758,422,0.6359,184,False,False
Goblin OVER,singles,L10>=9,0.6774,62,42,0.5537,0.1378,0.5396,0.7037,27,0.6571,35,False,False
Goblin OVER,hits,L10>=8 + opp_pitch_stingy + season_cush>=1,0.6625,80,53,0.5536,0.0679,0.5946,0.75,8,0.6528,72,False,False
Goblin OVER,hitterfantasyscore,L10>=8 + BA>=.275 + opp_pitch_leaky,0.6852,54,37,0.5526,0.0192,0.666,0.6852,54,,0,False,False
Goblin OVER,total_bases,L5=5 + L10>=8 + own_pitch_leaky,0.6212,198,123,0.5519,0.0266,0.5946,0.6901,71,0.5827,127,False,False
Goblin OVER,hits,L5=5 + own_pitch_leaky + cover>=1,0.6147,231,142,0.5506,0.0201,0.5946,0.75,56,0.5714,175,False,False
Goblin OVER,singles,BA>=.300,0.5918,561,332,0.5506,0.0522,0.5396,0.5923,287,0.5912,274,False,False
Goblin OVER,hitterfantasyscore,L10>=9 + BA>=.275,0.6863,51,35,0.5497,0.0203,0.666,0.6863,51,,0,False,False
Goblin OVER,hits,L10>=8 + K%>=22 + opp_pitch_stingy,0.5967,429,256,0.5497,0.0021,0.5946,0.5591,186,0.6255,243,False,False
Goblin OVER,total_bases,L5=5 + own_pitch_leaky + cover>=1,0.614,228,140,0.5495,0.0194,0.5946,0.75,56,0.5698,172,False,False
Standard UNDER,hits,L10>=8 + own_bats_Strong,0.6667,69,46,0.5493,0.1114,0.5553,0.8,10,0.6441,59,False,False
Goblin OVER,hits,L5=5 + L10>=8 + own_pitch_stingy,0.6181,199,123,0.549,0.0235,0.5946,0.5738,61,0.6377,138,False,False
Standard UNDER,hitter_ks,BA>=.275 + opp_pitch_leaky,0.6548,84,55,0.5483,0.1044,0.5504,0.6548,84,,0,False,False
Goblin OVER,hitter_ks,L10=10 + cover>=2,0.6786,56,38,0.5482,0.0575,0.6211,0.7692,13,0.6512,43,False,False
Goblin OVER,total_bases,L5=5 + BA>=.275 + opp_pitch_stingy,0.6284,148,93,0.5482,0.0338,0.5946,0.633,109,0.6154,39,False,False
Standard UNDER,pitcherfantasyscore,L5>=4 + own_bats_Strong,0.8,15,12,0.5481,0.2919,0.5081,0.8,15,,0,False,False
Standard UNDER,total_bases,L5>=4 + opp_pitch_stingy,0.597,397,237,0.548,0.0598,0.5372,0.6161,224,0.5723,173,False,False
Standard UNDER,pitcher_ks,L5=5 + opp_bats_Strong,0.7778,18,14,0.5478,0.2543,0.5235,0.8889,9,0.6667,9,False,False
Goblin OVER,total_bases,L5=5 + L10>=8 + own_pitch_stingy,0.6173,196,121,0.5477,0.0227,0.5946,0.5667,60,0.6397,136,False,False
Standard UNDER,plate_appearances,own_pitch_stingy,0.6111,234,143,0.5473,0.0448,0.5663,0.6901,71,0.5767,163,False,False
Goblin OVER,hits,L5=5 + BA>=.275 + opp_pitch_stingy,0.6267,150,94,0.547,0.0321,0.5946,0.6273,110,0.625,40,False,False
Goblin OVER,pitcherfantasyscore,L10>=9,0.7188,32,23,0.5463,0.0432,0.6756,0.7188,32,,0,False,False
Goblin OVER,total_bases,L5=5 + own_bats_Strong + season_cush>=1,0.617,188,116,0.5458,0.0224,0.5946,0.75,44,0.5764,144,False,False
Goblin OVER,hits,L5=5 + cover>=1.5,0.5945,397,236,0.5455,-0.0001,0.5946,0.6441,118,0.5735,279,False,False
Standard UNDER,runs,opp_pitch_stingy,0.5941,404,240,0.5455,0.0517,0.5424,0.5907,281,0.6016,123,False,False
Goblin OVER,total_bases,L10>=8 + season_HR>70%,0.6277,137,86,0.5443,0.0331,0.5946,0.6161,112,0.68,25,False,False
Goblin OVER,hits,L10>=8 + opp_pitch_leaky + season_cush>=1,0.6667,63,42,0.5437,0.0721,0.5946,0.7391,23,0.625,40,False,False
Goblin OVER,hitter_ks,L10=10 + own_pitch_stingy,0.6538,78,51,0.5433,0.0327,0.6211,0.7273,44,0.5588,34,False,False
Standard UNDER,hits,own_pitch_stingy,0.5755,914,526,0.5432,0.0202,0.5553,0.5791,556,0.5698,358,False,False
Goblin OVER,total_bases,L5=5 + opp_pitch_stingy,0.5836,550,321,0.542,-0.011,0.5946,0.6024,415,0.5259,135,False,False
Standard UNDER,plate_appearances,opp_bats_Strong,0.6085,212,129,0.5414,0.0422,0.5663,0.5645,62,0.6267,150,False,False
Goblin OVER,total_bases,L5=5 + own_pitch_leaky + season_cush>=1,0.6129,186,114,0.5413,0.0183,0.5946,0.7551,49,0.562,137,False,False
Goblin OVER,total_bases,L5=5 + K%>=22 + opp_pitch_stingy,0.5993,282,169,0.5411,0.0047,0.5946,0.6037,217,0.5846,65,False,False
Standard UNDER,hits,K%>=28,0.5798,633,367,0.541,0.0245,0.5553,0.5658,357,0.5978,276,False,False
Goblin OVER,hits,L5=5 + opp_pitch_stingy,0.5821,560,326,0.5409,-0.0125,0.5946,0.6,420,0.5286,140,False,False
Standard UNDER,hits,L5>=4 + opp_pitch_stingy,0.5936,342,203,0.5408,0.0383,0.5553,0.6023,171,0.5848,171,False,False
Goblin OVER,hits+runs+rbis,K%>=28 + opp_pitch_stingy,0.5673,1322,750,0.5405,-0.0658,0.6331,0.5611,720,0.5748,602,False,False
Goblin OVER,pitcherfantasyscore,L5>=4 + own_bats_Strong,0.6571,70,46,0.5404,-0.0185,0.6756,0.6571,70,,0,False,False
Goblin OVER,hits,L5=5 + K%>=22 + opp_pitch_stingy,0.5972,288,172,0.5397,0.0026,0.5946,0.6018,221,0.5821,67,False,False
Standard OVER,pitching_outs,L5>=4 + own_pitch_stingy,0.7308,26,19,0.5392,0.2287,0.5021,0.875,16,0.5,10,False,False
Standard UNDER,singles,L5>=4 + own_pitch_stingy,0.5914,350,207,0.5392,0.0543,0.5371,0.5646,147,0.6108,203,False,False
Goblin OVER,hits,K%>=28,0.554,4117,2281,0.5388,-0.0406,0.5946,0.5456,2951,0.5755,1166,False,False
Goblin OVER,hitter_ks,L5=5 + BA>=.275 + opp_pitch_leaky,0.6463,82,53,0.5384,0.0252,0.6211,0.6912,68,0.4286,14,False,False
Goblin OVER,hits,L10=10 + opp_bats_Strong,0.7059,34,24,0.5383,0.1113,0.5946,0.7857,14,0.65,20,False,False
Goblin OVER,total_bases,L10=10 + opp_bats_Strong,0.7059,34,24,0.5383,0.1113,0.5946,0.7857,14,0.65,20,False,False
Standard UNDER,earned_runs,L5>=4 + cover>=0.5,0.7059,34,24,0.5383,0.1261,0.5798,0.75,8,0.6923,26,False,False
Goblin OVER,singles,BA>=.275,0.5635,1464,825,0.538,0.0239,0.5396,0.5724,774,0.5536,690,False,False
Goblin OVER,pitcherfantasyscore,L5>=4 + own_pitch_stingy,0.6567,67,44,0.5373,-0.0189,0.6756,0.6567,67,,0,False,False
Goblin OVER,total_bases,L10>=8 + K%>=22 + opp_pitch_stingy,0.5845,426,249,0.5372,-0.0101,0.5946,0.5525,181,0.6082,245,False,False
Goblin OVER,hits,L10>=8 + season_HR>70%,0.6154,156,96,0.5371,0.0208,0.5946,0.6047,129,0.6667,27,False,False
Goblin OVER,total_bases,K%>=28,0.5524,4106,2268,0.5371,-0.0422,0.5946,0.5409,2962,0.5822,1144,False,False
Standard UNDER,pitcher_ks,L5>=4 + opp_bats_Strong,0.6337,101,64,0.5364,0.1102,0.5235,0.6275,51,0.64,50,False,False
Goblin OVER,hits,L5=5 + season_cush>=1,0.6429,84,54,0.5362,0.0483,0.5946,0.7727,22,0.5968,62,False,False
Standard UNDER,earned_runs,own_pitch_stingy,0.6187,139,86,0.5358,0.0389,0.5798,0.5926,54,0.6353,85,False,False
Goblin OVER,singles,L10>=8 + BA>=.300,0.6456,79,51,0.5356,0.106,0.5396,0.697,33,0.6087,46,False,False
Goblin OVER,pitcherfantasyscore,L5=5 + own_pitch_stingy,0.7391,23,17,0.5353,0.0635,0.6756,0.7391,23,,0,False,False
Standard UNDER,hits+runs+rbis,L10>=8 + K%>=22 + opp_pitch_stingy,0.6522,69,45,0.5345,0.1173,0.5349,0.5556,9,0.6667,60,False,False
Goblin OVER,hits,L5=5 + opp_pitch_leaky + season_cush>=1,0.7097,31,22,0.5341,0.1151,0.5946,0.8462,13,0.6111,18,False,False
Goblin OVER,hitterfantasyscore,L10>=8 + K%>=22 + opp_pitch_stingy,0.6327,98,62,0.5339,-0.0333,0.666,0.6327,98,,0,False,False
Goblin OVER,hits,L10=10 + opp_pitch_stingy,0.6735,49,33,0.5338,0.0789,0.5946,0.6842,19,0.6667,30,False,False
Standard UNDER,hits,line_0.5,0.5548,2154,1195,0.5337,-0.0005,0.5553,0.5478,1119,0.5623,1035,False,False
Standard UNDER,hits,L5>=4 + own_pitch_stingy,0.59,300,177,0.5335,0.0347,0.5553,0.5761,184,0.6121,116,False,False
Goblin OVER,singles,own_pitch_stingy,0.5585,1495,835,0.5332,0.0189,0.5396,0.5383,745,0.5787,750,False,False
Goblin OVER,singles,L10>=8 + BA>=.275,0.6159,138,85,0.5327,0.0763,0.5396,0.66,50,0.5909,88,False,False
Standard UNDER,total_bases,opp_pitch_stingy,0.5623,1076,605,0.5325,0.0251,0.5372,0.5587,528,0.5657,548,False,False
Standard UNDER,hits,opp_pitch_stingy,0.5606,1138,638,0.5316,0.0053,0.5553,0.5681,551,0.5537,587,False,False
Goblin OVER,hits,L10>=9 + cover>=1.5,0.6021,191,115,0.5313,0.0075,0.5946,0.6458,48,0.5874,143,False,False
Goblin OVER,hits,L10>=8 + own_pitch_stingy + season_cush>=1,0.6386,83,53,0.5312,0.044,0.5946,0.7143,21,0.6129,62,False,False
Goblin OVER,hitterfantasyscore,L10>=8 + K%>=28,0.6386,83,53,0.5312,-0.0274,0.666,0.6386,83,,0,False,False
Standard OVER,pitcher_ks,L5>=4 + opp_pitch_stingy,0.6386,83,53,0.5312,0.1383,0.5003,0.575,40,0.6977,43,False,False
Goblin OVER,hits_allowed,line_0.5,0.6557,61,40,0.5305,-0.0401,0.6958,0.7143,28,0.6061,33,False,False
Goblin OVER,hits,L10>=8 + own_bats_Strong + season_cush>=1,0.6333,90,57,0.5302,0.0387,0.5946,0.7778,18,0.5972,72,False,False
Standard OVER,hits+runs+rbis,season_cush>=2,0.6739,46,31,0.5297,0.1818,0.4921,0.6667,3,0.6744,43,False,False
Goblin OVER,total_bases,L5=5 + K%>=28,0.6179,123,76,0.5297,0.0233,0.5946,0.6098,82,0.6341,41,False,False
Standard UNDER,walks,opp_pitch_stingy,0.6289,97,61,0.5295,0.1186,0.5103,0.6389,72,0.6,25,False,False
Goblin OVER,total_bases,L5=5 + own_pitch_stingy + season_cush>=1,0.6034,174,105,0.5293,0.0088,0.5946,0.5263,38,0.625,136,False,False
Standard UNDER,hits,L5>=4,0.5644,707,399,0.5276,0.0091,0.5553,0.557,386,0.5732,321,False,False
Standard UNDER,hits+runs+rbis,L5=5 + K%>=22 + opp_pitch_stingy,0.7647,17,13,0.5274,0.2298,0.5349,0.5,4,0.8462,13,False,False
Goblin OVER,pitches_thrown,L10=10 + opp_bats_Strong,0.7647,17,13,0.5274,0.0605,0.7042,0.7143,7,0.8,10,False,False
Standard UNDER,pitcher_ks,L10>=8 + opp_pitch_leaky + season_cush>=1,0.7647,17,13,0.5274,0.2412,0.5235,0.8,5,0.75,12,False,False
Standard UNDER,singles,L10>=8 + own_pitch_stingy,0.5943,212,126,0.5271,0.0572,0.5371,0.557,79,0.6165,133,False,False
Standard UNDER,runs,K%>=28,0.59,239,141,0.5267,0.0476,0.5424,0.6076,158,0.5556,81,False,False
Standard UNDER,plate_appearances,line_2.5+,0.5663,611,346,0.5267,0.0,0.5663,0.567,194,0.5659,417,False,False
Standard UNDER,total_bases,L10>=8 + own_bats_Strong,0.6148,122,75,0.5262,0.0776,0.5372,0.6,40,0.622,82,False,False
Standard UNDER,hits,L5>=4 + own_pitch_leaky,0.588,250,147,0.5261,0.0327,0.5553,0.6126,111,0.5683,139,False,False
Goblin OVER,hits,L5=5 + season_HR>70%,0.6429,70,45,0.5259,0.0483,0.5946,0.6102,59,0.8182,11,False,False
Standard UNDER,hitterfantasyscore,K%>=22,0.5717,453,259,0.5258,0.0392,0.5325,0.5717,453,,0,False,False
Standard UNDER,singles,own_pitch_stingy,0.5539,1206,668,0.5257,0.0168,0.5371,0.5642,592,0.544,614,False,False
Standard UNDER,hits+runs+rbis,K%>=22,0.5518,1390,767,0.5255,0.0169,0.5349,0.5481,675,0.5552,715,False,False
Goblin OVER,total_bases,L10=10 + opp_pitch_stingy,0.6667,48,32,0.5254,0.0721,0.5946,0.6842,19,0.6552,29,False,False
Standard UNDER,walks,L5>=4 + opp_pitch_stingy,0.6667,48,32,0.5254,0.1564,0.5103,0.6857,35,0.6154,13,False,False
Goblin OVER,singles,L10>=9 + BA>=.300,0.6744,43,29,0.5252,0.1348,0.5396,0.6957,23,0.65,20,False,False
Goblin OVER,singles,L10>=8,0.5949,195,116,0.5248,0.0553,0.5396,0.6667,57,0.5652,138,False,False
Goblin OVER,singles,L10>=8 + line_0.5,0.5949,195,116,0.5248,0.0553,0.5396,0.6667,57,0.5652,138,False,False
Standard UNDER,hits,L5>=4 + cover>=0.5,0.5794,321,186,0.5248,0.0241,0.5553,0.5636,55,0.5827,266,False,False
Goblin OVER,hitterfantasyscore,K%>=28 + opp_pitch_stingy,0.6012,163,98,0.5246,-0.0648,0.666,0.6012,163,,0,False,False
Goblin OVER,singles,BA>=.275 + opp_pitch_leaky,0.5619,687,386,0.5245,0.0223,0.5396,0.6,355,0.5211,332,False,False
Standard UNDER,pitcher_ks,L5>=4 + opp_pitch_leaky,0.6071,140,85,0.5244,0.0836,0.5235,0.5616,73,0.6567,67,False,False
Standard UNDER,total_bases,L5>=4 + K%>=28,0.593,199,118,0.5236,0.0558,0.5372,0.5965,114,0.5882,85,False,False
Goblin OVER,hits+runs+rbis,line_1.5,0.5374,4481,2408,0.5228,-0.0957,0.6331,0.5344,2429,0.5409,2052,False,False
Standard UNDER,hits,cover>=0.5,0.5762,328,189,0.5222,0.0209,0.5553,0.5614,57,0.5793,271,False,False
Standard UNDER,earned_runs,line_2.5+,0.5762,328,189,0.5222,-0.0036,0.5798,0.5814,129,0.5729,199,False,False
Standard UNDER,runs,K%>=22,0.5578,753,420,0.5221,0.0154,0.5424,0.575,480,0.5275,273,False,False
Goblin OVER,singles,line_0.5,0.5396,3143,1696,0.5221,0.0,0.5396,0.5329,1674,0.5473,1469,False,False
Standard UNDER,hits,K%>=22,0.5491,1262,693,0.5216,-0.0062,0.5553,0.5554,686,0.5417,576,False,False
Goblin OVER,singles,L10>=9 + BA>=.275,0.66,50,33,0.5215,0.1204,0.5396,0.6957,23,0.6296,27,False,False
Goblin OVER,hitterfantasyscore,L10=10 + K%>=22,0.7,30,21,0.5212,0.034,0.666,0.7,30,,0,False,False
Standard UNDER,plate_appearances,L10>=8 + K%>=22 + opp_pitch_leaky,0.7,30,21,0.5212,0.1337,0.5663,1.0,2,0.6786,28,False,False
Standard UNDER,hits,L10>=8 + own_pitch_leaky,0.6121,116,71,0.5212,0.0568,0.5553,0.55,20,0.625,96,False,False
Standard UNDER,plate_appearances,opp_pitch_leaky,0.5827,254,148,0.5212,0.0164,0.5663,0.5342,73,0.6022,181,False,False
Standard UNDER,singles,opp_pitch_stingy,0.5522,987,545,0.521,0.0151,0.5371,0.5694,483,0.5357,504,False,False
Goblin OVER,hits,L5=5 + K%>=28,0.608,125,76,0.5204,0.0134,0.5946,0.6098,82,0.6047,43,False,False
Goblin OVER,plate_appearances,L5>=4 + opp_pitch_leaky,0.6857,35,24,0.5202,0.1712,0.5145,0.75,4,0.6774,31,False,False
Goblin OVER,hitterfantasyscore,L10>=8 + K%>=28 + opp_pitch_leaky,0.675,40,27,0.5202,0.009,0.666,0.675,40,,0,False,False
Goblin OVER,pitcherfantasyscore,L10>=8 + own_bats_Strong,0.675,40,27,0.5202,-0.0006,0.6756,0.675,40,,0,False,False
Standard UNDER,earned_runs,cover>=0.5,0.675,40,27,0.5202,0.0952,0.5798,0.7,10,0.6667,30,False,False
Standard OVER,singles,L5>=4 + BA>=.275,0.6045,134,81,0.5199,0.1183,0.4862,0.6522,46,0.5795,88,False,False
Goblin OVER,total_bases,L5=5 + season_HR>70%,0.6377,69,44,0.5198,0.0431,0.5946,0.6102,59,0.8,10,False,False
Standard UNDER,pitcher_ks,opp_bats_Strong,0.5639,493,278,0.5198,0.0404,0.5235,0.5709,282,0.5545,211,False,False
Standard UNDER,hits,own_pitch_leaky,0.5534,833,461,0.5195,-0.0019,0.5553,0.5352,355,0.5669,478,False,False
Standard UNDER,earned_runs,opp_pitch_leaky,0.6029,136,82,0.519,0.0231,0.5798,0.6296,54,0.5854,82,False,False
Standard UNDER,runs,line_0.5,0.5424,1757,953,0.519,0.0,0.5424,0.5466,1158,0.5342,599,False,False
Standard UNDER,singles,line_0.5,0.5371,2901,1558,0.5189,0.0,0.5371,0.5443,1490,0.5294,1411,False,False
Standard UNDER,total_bases,line_0.5,0.542,1760,954,0.5187,0.0048,0.5372,0.5188,906,0.5667,854,False,False
Standard UNDER,total_bases,K%>=28,0.561,533,299,0.5186,0.0238,0.5372,0.5265,302,0.6061,231,False,False
Goblin OVER,hitterfantasyscore,L10>=8 + BA>=.300 + opp_pitch_leaky,0.7273,22,16,0.5185,0.0613,0.666,0.7273,22,,0,False,False
Standard UNDER,hitterfantasyscore,opp_pitch_stingy,0.5652,437,247,0.5184,0.0327,0.5325,0.5652,437,,0,False,False
Standard UNDER,singles,L5>=4,0.5516,843,465,0.5179,0.0145,0.5371,0.5445,382,0.5575,461,False,False
Goblin OVER,hitterfantasyscore,L10>=9 + opp_bats_Strong,0.6282,78,49,0.5173,-0.0378,0.666,0.6282,78,,0,False,False
Standard UNDER,runs,L5>=4 + opp_pitch_stingy,0.6,140,84,0.5172,0.0576,0.5424,0.5941,101,0.6154,39,False,False
Standard UNDER,hitter_ks,own_pitch_stingy,0.5694,346,197,0.5167,0.019,0.5504,0.5676,340,0.6667,6,False,False
Standard UNDER,total_bases,L5=5,0.5837,209,122,0.516,0.0465,0.5372,0.5778,90,0.5882,119,False,False
Standard UNDER,total_bases,own_pitch_stingy,0.5465,1010,552,0.5157,0.0093,0.5372,0.5452,609,0.5486,401,False,False
Standard OVER,singles,BA>=.275,0.5454,1091,595,0.5157,0.0592,0.4862,0.5813,535,0.5108,556,False,False
Goblin OVER,singles,own_bats_Strong,0.5406,1515,819,0.5154,0.001,0.5396,0.5314,843,0.5521,672,False,False
Standard UNDER,hits+runs+rbis,L5=5 + own_pitch_stingy,0.6117,103,63,0.5151,0.0768,0.5349,0.6585,41,0.5806,62,False,False
Standard UNDER,runs,own_pitch_stingy,0.5509,737,406,0.5148,0.0085,0.5424,0.5576,434,0.5413,303,False,False
Standard UNDER,hitter_ks,own_bats_Strong,0.5781,237,137,0.5144,0.0277,0.5504,0.5758,231,0.6667,6,False,False
Standard UNDER,total_bases,K%>=28 + opp_pitch_stingy,0.5806,217,126,0.5141,0.0434,0.5372,0.5225,111,0.6415,106,False,False
Standard UNDER,hits,L5>=4 + K%>=28,0.5789,228,132,0.5141,0.0236,0.5553,0.5797,138,0.5778,90,False,False
Standard UNDER,hits+runs+rbis,line_1.5,0.5315,3078,1636,0.5139,-0.0034,0.5349,0.5268,1490,0.5359,1588,False,False
Goblin OVER,singles,L10>=8 + own_pitch_stingy,0.6053,114,69,0.5135,0.0657,0.5396,0.7059,17,0.5876,97,False,False
Standard UNDER,total_bases,L5=5 + line_0.5,0.5933,150,89,0.5133,0.0561,0.5372,0.5686,51,0.6061,99,False,False
Standard UNDER,total_bases,L10>=8 + line_0.5,0.5748,254,146,0.5133,0.0376,0.5372,0.56,50,0.5784,204,False,False
Standard UNDER,singles,L5>=4 + opp_pitch_leaky,0.564,367,207,0.5129,0.0269,0.5371,0.5796,157,0.5524,210,False,False
Standard UNDER,hits,K%>=28 + opp_pitch_stingy,0.5725,269,154,0.5128,0.0172,0.5553,0.5547,137,0.5909,132,False,False
Standard UNDER,runs,own_bats_Strong,0.5473,804,440,0.5127,0.0049,0.5424,0.5275,527,0.5848,277,False,False
Standard UNDER,singles,K%>=22,0.5466,816,446,0.5123,0.0095,0.5371,0.5452,398,0.5478,418,False,False
Goblin OVER,singles,opp_pitch_stingy,0.5451,886,483,0.5122,0.0055,0.5396,0.5354,495,0.5575,391,False,False
Standard UNDER,hits,L10>=8,0.5714,273,156,0.5121,0.0161,0.5553,0.5161,62,0.5877,211,False,False
Standard UNDER,hits,L10>=8 + line_0.5,0.5714,273,156,0.5121,0.0161,0.5553,0.5161,62,0.5877,211,False,False
Standard UNDER,hits,own_bats_Strong,0.5489,705,387,0.512,-0.0064,0.5553,0.5186,322,0.5744,383,False,False
Standard UNDER,hits+runs+rbis,own_pitch_stingy,0.5389,1312,707,0.5118,0.004,0.5349,0.5575,565,0.5248,747,False,False
Goblin OVER,total_bases,K%>=28 + opp_pitch_stingy,0.5377,1434,771,0.5118,-0.0569,0.5946,0.5125,1038,0.6035,396,False,False
Standard OVER,pitcher_ks,L5>=4 + opp_bats_Strong,0.6234,77,48,0.5117,0.1231,0.5003,0.5682,44,0.697,33,False,False
Standard UNDER,plate_appearances,L10>=8 + K%>=22,0.6286,70,44,0.5115,0.0623,0.5663,0.8889,9,0.5902,61,False,False
Standard OVER,singles,BA>=.275 + opp_pitch_leaky,0.5597,402,225,0.5108,0.0735,0.4862,0.6256,203,0.4925,199,False,False
Standard UNDER,hits+runs+rbis,K%>=28,0.5605,380,213,0.5103,0.0256,0.5349,0.6019,206,0.5115,174,False,False
Standard UNDER,runs,L5>=4 + K%>=22,0.5693,274,156,0.5102,0.0269,0.5424,0.5833,192,0.5366,82,False,False
Standard UNDER,hits+runs+rbis,opp_pitch_stingy,0.5394,1118,603,0.5101,0.0045,0.5349,0.5346,520,0.5435,598,False,False
Standard UNDER,earned_runs,L10>=8,0.6203,79,49,0.51,0.0405,0.5798,0.6538,26,0.6038,53,False,False
Goblin OVER,pitcherfantasyscore,L10>=8 + opp_bats_Strong,0.6667,39,26,0.5098,-0.0089,0.6756,0.6667,39,,0,False,False
Standard UNDER,hits,opp_pitch_leaky,0.5474,654,358,0.5091,-0.0079,0.5553,0.5274,383,0.5756,271,False,False
Standard UNDER,hits+runs+rbis,L5>=4 + own_pitch_stingy,0.5584,394,220,0.509,0.0235,0.5349,0.6062,160,0.5256,234,False,False
Standard UNDER,hitter_ks,BA>=.275,0.5871,155,91,0.5084,0.0367,0.5504,0.5882,153,0.5,2,False,False
Standard UNDER,earned_runs,L10>=8 + opp_pitch_leaky,0.7083,24,17,0.5083,0.1285,0.5798,0.7778,9,0.6667,15,False,False
Goblin OVER,hits,K%>=28 + opp_pitch_stingy,0.5342,1419,758,0.5082,-0.0604,0.5946,0.5123,1015,0.5891,404,False,False
Standard UNDER,total_bases,L5>=4,0.5403,918,496,0.508,0.0031,0.5372,0.5294,544,0.5561,374,False,False
Standard UNDER,total_bases,own_bats_Strong,0.54,937,506,0.508,0.0028,0.5372,0.5157,508,0.5688,429,False,False
Standard UNDER,hits+runs+rbis,line_0.5,0.589,146,86,0.5079,0.0541,0.5349,0.5789,38,0.5926,108,False,False
Goblin OVER,pitcherfantasyscore,L10>=8 + own_pitch_stingy,0.6897,29,20,0.5077,0.0141,0.6756,0.6897,29,,0,False,False
Goblin OVER,hits,L10>=8 + K%>=28 + opp_pitch_leaky,0.6216,74,46,0.5077,0.027,0.5946,0.5263,19,0.6545,55,False,False
Standard UNDER,plate_appearances,opp_pitch_stingy,0.5727,227,130,0.5076,0.0064,0.5663,0.6494,77,0.5333,150,False,False
Standard UNDER,total_bases,L10>=8 + opp_pitch_stingy,0.5912,137,81,0.5075,0.054,0.5372,0.5667,30,0.5981,107,False,False
Standard UNDER,hits+runs+rbis,L10>=9,0.5878,148,87,0.5073,0.0529,0.5349,0.5652,46,0.598,102,False,False
Goblin OVER,singles,opp_bats_Strong,0.5331,1422,758,0.5071,-0.0065,0.5396,0.5314,811,0.5352,611,False,False
Standard UNDER,runs,K%>=28 + opp_pitch_stingy,0.6415,53,34,0.5069,0.0991,0.5424,0.6176,34,0.6842,19,False,False
Standard UNDER,pitches_thrown,L10>=8 + own_pitch_stingy,0.6415,53,34,0.5069,0.1187,0.5228,0.6071,28,0.68,25,False,False
Goblin OVER,total_bases,L10>=9 + season_cush>=2,0.6145,83,51,0.5069,0.0199,0.5946,0.6364,22,0.6066,61,False,False
Standard UNDER,total_bases,L5>=4 + cover>=0.5,0.5629,302,170,0.5065,0.0257,0.5372,0.4884,43,0.5753,259,False,False
Standard UNDER,hits+runs+rbis,L5>=4,0.5375,1001,538,0.5065,0.0026,0.5349,0.5433,427,0.5331,574,False,False
Goblin OVER,hits,L10>=8 + K%>=28,0.5784,185,107,0.5063,-0.0162,0.5946,0.5116,43,0.5986,142,False,False
Standard UNDER,total_bases,cover>=0.5,0.5617,308,173,0.5059,0.0245,0.5372,0.4773,44,0.5758,264,False,False
Goblin OVER,hitter_ks,BA>=.300,0.5459,599,327,0.5059,-0.0752,0.6211,0.5694,346,0.5138,253,False,False
Standard UNDER,hits+runs+rbis,L10>=8,0.5476,546,299,0.5057,0.0127,0.5349,0.5188,160,0.5596,386,False,False
Standard UNDER,singles,opp_pitch_leaky,0.5327,1286,685,0.5053,-0.0044,0.5371,0.5275,654,0.538,632,False,False
Standard UNDER,hits+runs+rbis,opp_pitch_leaky,0.5293,1585,839,0.5047,-0.0056,0.5349,0.5173,779,0.5409,806,False,False
Standard UNDER,hits,L5>=4 + L10>=8 + own_pitch_leaky,0.6458,48,31,0.5044,0.0905,0.5553,1.0,4,0.6136,44,False,False
Standard UNDER,hits+runs+rbis,L5=5 + opp_bats_Strong,0.6,105,63,0.5044,0.0651,0.5349,0.6087,46,0.5932,59,False,False
Standard UNDER,runs,L5>=4 + K%>=28,0.6042,96,58,0.5041,0.0618,0.5424,0.5921,76,0.65,20,False,False
Standard UNDER,total_bases,L10>=8,0.5559,358,199,0.5041,0.0187,0.5372,0.5281,89,0.5651,269,False,False
Standard UNDER,hitter_ks,line_0.5,0.542,666,361,0.5041,-0.0084,0.5504,0.5401,648,0.6111,18,False,False
Goblin OVER,plate_appearances,K%>=22,0.5377,848,456,0.5041,0.0232,0.5145,0.5549,364,0.5248,484,False,False
Standard UNDER,earned_runs,opp_pitch_stingy,0.5789,171,99,0.504,-0.0009,0.5798,0.6,55,0.569,116,False,False
Standard UNDER,runs,L10>=8 + line_0.5,0.5652,253,143,0.5036,0.0228,0.5424,0.5391,115,0.587,138,False,False
Standard UNDER,pitches_thrown,own_bats_Strong,0.5479,491,269,0.5036,0.0251,0.5228,0.5704,270,0.5204,221,False,False
Standard UNDER,singles,own_bats_Strong,0.5308,1300,690,0.5036,-0.0063,0.5371,0.5276,707,0.5346,593,False,False
Standard OVER,hitterfantasyscore,own_bats_Strong,0.5374,828,445,0.5034,0.0488,0.4886,0.5374,828,,0,False,False
Standard UNDER,hits+runs+rbis,own_pitch_leaky,0.5292,1438,761,0.5034,-0.0057,0.5349,0.4974,772,0.5661,666,False,False
Goblin OVER,singles,L5=5 + L10>=8,0.6667,36,24,0.5033,0.1271,0.5396,0.7143,14,0.6364,22,False,False
Goblin OVER,singles,L5=5 + L10>=8 + line_0.5,0.6667,36,24,0.5033,0.1271,0.5396,0.7143,14,0.6364,22,False,False
Standard UNDER,runs,L10>=8,0.5647,255,144,0.5033,0.0223,0.5424,0.5385,117,0.587,138,False,False
Standard UNDER,singles,cover>=0.5,0.5467,503,275,0.503,0.0096,0.5371,0.529,138,0.5534,365,False,False
Standard OVER,hits+runs+rbis,cover>=2,0.6125,80,49,0.5029,0.1204,0.4921,0.7059,17,0.5873,63,False,False
Goblin OVER,singles,opp_pitch_leaky,0.5273,1612,850,0.5029,-0.0123,0.5396,0.5169,859,0.5392,753,False,False
Standard UNDER,total_bases,L5>=4 + own_pitch_stingy,0.5522,393,217,0.5027,0.015,0.5372,0.5333,255,0.587,138,False,False
Standard UNDER,runs,L5>=4,0.5422,616,334,0.5027,-0.0002,0.5424,0.5435,425,0.5393,191,False,False
Standard UNDER,total_bases,L5=5 + K%>=22,0.5963,109,65,0.5025,0.0591,0.5372,0.6346,52,0.5614,57,False,False
Standard UNDER,hitterfantasyscore,line_2.5+,0.5325,1061,565,0.5024,0.0,0.5325,0.5325,1061,,0,False,False
Standard UNDER,plate_appearances,own_bats_Strong,0.5645,248,140,0.5023,-0.0018,0.5663,0.5205,73,0.5829,175,False,False
Standard OVER,hitterfantasyscore,BA>=.275 + opp_pitch_leaky,0.5878,131,77,0.5022,0.0992,0.4886,0.5878,131,,0,False,False
Goblin OVER,plate_appearances,BA>=.275,0.5441,544,296,0.5021,0.0296,0.5145,0.5519,241,0.538,303,False,False
Standard UNDER,total_bases,opp_bats_Strong,0.5306,1161,616,0.5018,-0.0066,0.5372,0.504,627,0.5618,534,False,False
Standard UNDER,hits+runs+rbis,L10>=9 + own_pitch_stingy,0.6164,73,45,0.5017,0.0815,0.5349,0.7143,21,0.5769,52,False,False
Goblin OVER,plate_appearances,BA>=.275 + opp_pitch_leaky,0.5654,237,134,0.5017,0.0509,0.5145,0.5354,99,0.587,138,False,False
Standard UNDER,hitter_ks,line_1.5,0.6212,66,41,0.5006,0.0708,0.5504,0.6094,64,1.0,2,False,False
Standard UNDER,hits,opp_bats_Strong,0.5332,904,482,0.5006,-0.0221,0.5553,0.4966,435,0.5672,469,False,False
Standard UNDER,plate_appearances,BA>=.275,0.5811,148,86,0.5005,0.0148,0.5663,0.617,47,0.5644,101,False,False
Goblin OVER,singles,L10>=9 + cover>=0.5,0.7143,21,15,0.5004,0.1747,0.5396,0.75,8,0.6923,13,False,False
Goblin OVER,singles,L10>=9 + opp_pitch_stingy,0.7143,21,15,0.5004,0.1747,0.5396,0.8571,7,0.6429,14,False,False
Goblin OVER,pitcherfantasyscore,L5=5 + own_pitch_leaky,0.7143,21,15,0.5004,0.0387,0.6756,0.7143,21,,0,False,False
Standard UNDER,hits+runs+rbis,L10>=9 + opp_pitch_leaky,0.6071,84,51,0.5002,0.0722,0.5349,0.6818,22,0.5806,62,False,False
Standard UNDER,singles,L5>=4 + cover>=0.5,0.544,500,272,0.5002,0.0069,0.5371,0.5255,137,0.551,363,False,False
Goblin OVER,plate_appearances,L10>=8 + K%>=22,0.6923,26,18,0.5001,0.1778,0.5145,0.7,10,0.6875,16,False,False
Standard OVER,hits+runs+rbis,BA>=.275,0.5302,1058,561,0.5001,0.0381,0.4921,0.5399,526,0.5207,532,False,False
Standard UNDER,hitter_ks,opp_pitch_leaky,0.5549,319,177,0.5,0.0045,0.5504,0.5466,311,0.875,8,False,False
Goblin OVER,hitter_ks,L10>=8 + BA>=.275 + opp_pitch_leaky,0.5827,139,81,0.4996,-0.0384,0.6211,0.537,54,0.6118,85,False,False
Standard UNDER,singles,L10>=9 + own_pitch_stingy,0.6271,59,37,0.4995,0.09,0.5371,0.6,15,0.6364,44,False,False
Standard UNDER,earned_runs,own_pitch_leaky,0.5789,152,88,0.4995,-0.0009,0.5798,0.6182,55,0.5567,97,False,False
Standard UNDER,singles,opp_bats_Strong,0.5285,1122,593,0.4993,-0.0086,0.5371,0.5267,562,0.5304,560,False,False
Standard UNDER,hits+runs+rbis,L10>=8 + K%>=22,0.562,242,136,0.499,0.0271,0.5349,0.4754,61,0.5912,181,False,False
Goblin OVER,hitterfantasyscore,L10>=9 + K%>=28,0.6579,38,25,0.4989,-0.0081,0.666,0.6579,38,,0,False,False
Standard UNDER,runs,L10>=8 + K%>=28,0.6579,38,25,0.4989,0.1155,0.5424,0.7857,14,0.5833,24,False,False
Goblin OVER,pitcherfantasyscore,L10>=8 + own_pitch_leaky,0.6579,38,25,0.4989,-0.0177,0.6756,0.6579,38,,0,False,False
Goblin OVER,total_bases,L10>=8 + K%>=28 + opp_pitch_leaky,0.6104,77,47,0.4987,0.0158,0.5946,0.5,22,0.6545,55,False,False
Standard UNDER,hitter_ks,L5>=4 + own_pitch_stingy,0.5846,130,76,0.4987,0.0342,0.5504,0.5873,126,0.5,4,False,False
Standard OVER,singles,L5>=4 + opp_bats_Strong,0.5699,186,106,0.498,0.0837,0.4862,0.5897,78,0.5556,108,False,False
Standard UNDER,hits+runs+rbis,L10>=8 + opp_bats_Strong,0.5617,235,132,0.4978,0.0268,0.5349,0.5844,77,0.5506,158,False,False
Standard OVER,pitcher_ks,opp_bats_Strong,0.536,653,350,0.4976,0.0357,0.5003,0.5175,400,0.5652,253,False,False
Standard UNDER,pitches_thrown,L5>=4 + opp_pitch_leaky,0.623,61,38,0.4975,0.1002,0.5228,0.5806,31,0.6667,30,False,False
Goblin OVER,pitcherfantasyscore,L5>=4 + opp_pitch_stingy,0.623,61,38,0.4975,-0.0526,0.6756,0.623,61,,0,False,False
Standard UNDER,hits+runs+rbis,L5>=4 + K%>=28,0.5909,110,65,0.4975,0.056,0.5349,0.629,62,0.5417,48,False,False
Standard UNDER,total_bases,K%>=22,0.5253,1226,644,0.4973,-0.0119,0.5372,0.5088,682,0.546,544,False,False
Standard UNDER,pitcher_ks,line_2.5+,0.524,1332,698,0.4972,0.0005,0.5235,0.5152,755,0.5355,577,False,False
Goblin OVER,runs,line_0.5,0.5263,1121,590,0.497,0.0,0.5263,0.5289,813,0.5195,308,False,False
Standard OVER,hitterfantasyscore,BA>=.275,0.5482,363,199,0.4968,0.0596,0.4886,0.5482,363,,0,False,False
Standard UNDER,singles,own_pitch_leaky,0.5258,1145,602,0.4968,-0.0113,0.5371,0.5257,622,0.5258,523,False,False
Goblin OVER,plate_appearances,own_bats_Strong,0.5302,845,448,0.4965,0.0157,0.5145,0.5366,410,0.5241,435,False,False
Goblin OVER,plate_appearances,opp_pitch_leaky,0.5277,976,515,0.4963,0.0132,0.5145,0.5469,426,0.5127,550,False,False
Standard UNDER,walks,own_bats_Strong,0.5691,181,103,0.4962,0.0588,0.5103,0.5634,142,0.5897,39,False,False
Goblin OVER,hits,L5=5 + own_pitch_leaky + season_cush>=1,0.6667,33,22,0.4961,0.0721,0.5946,1.0,6,0.5926,27,False,False
Standard UNDER,hits+runs+rbis,L10>=9 + K%>=22,0.6111,72,44,0.4956,0.0762,0.5349,0.5333,15,0.6316,57,False,False
Standard UNDER,hits+runs+rbis,own_bats_Strong,0.5217,1407,734,0.4956,-0.0132,0.5349,0.5014,714,0.5426,693,False,False
Goblin OVER,singles,own_pitch_leaky,0.5248,1107,581,0.4954,-0.0148,0.5396,0.5382,628,0.5073,479,False,False
Goblin OVER,hits,L5=5 + opp_pitch_stingy + cover>=1,0.5637,204,115,0.4951,-0.0309,0.5946,0.6406,64,0.5286,140,False,False
Goblin OVER,runs,BA>=.275 + opp_pitch_leaky,0.5583,240,134,0.4951,0.032,0.5263,0.5448,145,0.5789,95,False,False
Goblin OVER,total_bases,L10>=8 + K%>=28,0.5661,189,107,0.4949,-0.0285,0.5946,0.5,46,0.5874,143,False,False
Standard UNDER,walks,L5>=4 + own_bats_Strong,0.6024,83,50,0.4948,0.0921,0.5103,0.6029,68,0.6,15,False,False
Standard UNDER,pitcher_ks,opp_pitch_leaky,0.5345,608,325,0.4948,0.011,0.5235,0.5216,347,0.5517,261,False,False
Goblin OVER,runs,opp_pitch_leaky,0.5305,737,391,0.4944,0.0042,0.5263,0.5272,497,0.5375,240,False,False
Goblin OVER,runs,own_bats_Strong,0.5323,665,354,0.4943,0.006,0.5263,0.5245,530,0.563,135,False,False
Standard UNDER,pitches_thrown,line_2.5+,0.5228,1184,619,0.4943,0.0,0.5228,0.5472,636,0.4945,548,False,False
Standard UNDER,hits,L10>=8 + opp_pitch_stingy,0.5833,120,70,0.4939,0.028,0.5553,0.5517,29,0.5934,91,False,False
Standard UNDER,pitches_thrown,L5>=4,0.5743,148,85,0.4938,0.0515,0.5228,0.6053,76,0.5417,72,False,False
Goblin OVER,total_bases,L5=5 + opp_pitch_stingy + cover>=1,0.5635,197,111,0.4936,-0.0311,0.5946,0.6452,62,0.5259,135,False,False
Standard UNDER,singles,L5>=4 + opp_bats_Strong,0.5468,331,181,0.493,0.0097,0.5371,0.5034,147,0.5815,184,False,False
Standard UNDER,walks,L5>=4 + own_pitch_stingy,0.5918,98,58,0.4929,0.0815,0.5103,0.5694,72,0.6538,26,False,False
Standard OVER,hits+runs+rbis,L5>=4 + K%>=22,0.5509,285,157,0.4928,0.0588,0.4921,0.5673,104,0.5414,181,False,False
Goblin OVER,singles,cover>=1,0.5409,416,225,0.4928,0.0013,0.5396,0.5082,122,0.5544,294,False,False
Standard UNDER,total_bases,opp_pitch_leaky,0.5238,987,517,0.4926,-0.0134,0.5372,0.51,598,0.545,389,False,False
Goblin OVER,plate_appearances,line_2.5+,0.5145,1994,1026,0.4926,0.0,0.5145,0.522,885,0.5086,1109,False,False
Standard UNDER,hits+runs+rbis,L5>=4 + own_bats_Strong,0.5414,399,216,0.4923,0.0065,0.5349,0.5449,178,0.5385,221,False,False
Goblin OVER,plate_appearances,opp_bats_Strong,0.5258,854,449,0.4922,0.0113,0.5145,0.5342,395,0.5185,459,False,False
Standard UNDER,singles,L10>=8 + K%>=22,0.5794,126,73,0.4921,0.0423,0.5371,0.6364,33,0.5591,93,False,False
Standard UNDER,runs,L10>=8 + own_pitch_leaky,0.59,100,59,0.492,0.0476,0.5424,0.5192,52,0.6667,48,False,False
Goblin OVER,singles,cover>=0.5,0.5311,627,333,0.492,-0.0085,0.5396,0.5029,171,0.5417,456,False,False
Standard UNDER,hits,L5>=4 + K%>=22,0.5403,409,221,0.4919,-0.015,0.5553,0.5536,233,0.5227,176,False,False
Standard UNDER,hits+runs+rbis,L10>=9 + own_bats_Strong,0.6429,42,27,0.4917,0.108,0.5349,0.5714,14,0.6786,28,False,False
Standard UNDER,pitcher_ks,L10>=8 + opp_pitch_leaky,0.6429,42,27,0.4917,0.1194,0.5235,0.6111,18,0.6667,24,False,False
Standard UNDER,runs,opp_bats_Strong,0.5259,810,426,0.4915,-0.0165,0.5424,0.5279,574,0.5212,236,False,False
Goblin OVER,pitcherfantasyscore,L10>=9 + opp_pitch_stingy,0.7222,18,13,0.4913,0.0466,0.6756,0.7222,18,,0,False,False
Standard OVER,earned_runs,L5>=4 + opp_pitch_leaky,0.7222,18,13,0.4913,0.2318,0.4904,0.6,5,0.7692,13,False,False
Standard OVER,earned_runs,L5>=4 + opp_bats_Strong,0.7222,18,13,0.4913,0.2318,0.4904,1.0,2,0.6875,16,False,False
Standard UNDER,plate_appearances,K%>=28 + opp_pitch_stingy,0.6957,23,16,0.4913,0.1294,0.5663,0.7778,9,0.6429,14,False,False
Standard UNDER,hits+runs+rbis,L5>=4 + K%>=22,0.539,410,221,0.4906,0.0041,0.5349,0.5312,192,0.5459,218,False,False
Standard OVER,hits+runs+rbis,season_cush>=1,0.5315,572,304,0.4905,0.0394,0.4921,0.5043,117,0.5385,455,False,False
Standard UNDER,hitter_ks,K%>=28,0.6167,60,37,0.4902,0.0663,0.5504,0.6034,58,1.0,2,False,False
Goblin OVER,earned_runs,line_2.5+,0.5491,275,151,0.49,-0.1611,0.7102,0.5194,129,0.5753,146,False,False
Goblin OVER,hits+runs+rbis,L10>=8 + K%>=28 + opp_pitch_stingy,0.5647,170,96,0.4896,-0.0684,0.6331,0.5294,68,0.5882,102,False,False
Standard UNDER,total_bases,own_pitch_leaky,0.5218,916,478,0.4895,-0.0154,0.5372,0.4707,444,0.5699,472,False,False
Standard UNDER,pitches_thrown,L5>=4 + own_pitch_stingy,0.6056,71,43,0.4894,0.0828,0.5228,0.6512,43,0.5357,28,False,False
Standard UNDER,hits+runs+rbis,L5>=4 + opp_pitch_leaky,0.5329,501,267,0.4892,-0.002,0.5349,0.5263,209,0.5377,292,False,False
Standard UNDER,total_bases,L5>=4 + K%>=22,0.5343,466,249,0.4889,-0.0029,0.5372,0.5412,279,0.5241,187,False,False
Standard OVER,hits+runs+rbis,cover>=1.5,0.5669,157,89,0.4887,0.0748,0.4921,0.6923,26,0.542,131,False,False
Standard UNDER,hits+runs+rbis,L10>=8 + opp_pitch_stingy,0.5669,157,89,0.4887,0.032,0.5349,0.5135,37,0.5833,120,False,False
Standard UNDER,runs,L5>=4 + opp_bats_Strong,0.5458,295,161,0.4887,0.0034,0.5424,0.5438,217,0.5513,78,False,False
Standard UNDER,pitcher_ks,opp_pitch_stingy,0.5336,476,254,0.4887,0.0101,0.5235,0.529,276,0.54,200,False,False
Standard UNDER,hitterfantasyscore,opp_bats_Strong,0.5342,453,242,0.4882,0.0017,0.5325,0.5342,453,,0,False,False
Standard UNDER,total_bases,line_1.5,0.525,699,367,0.488,-0.0122,0.5372,0.5265,452,0.5223,247,False,False
Standard UNDER,hitterfantasyscore,own_pitch_stingy,0.5355,422,226,0.4879,0.003,0.5325,0.5355,422,,0,False,False
Standard UNDER,pitcher_ks,own_bats_Strong,0.5311,514,273,0.4879,0.0076,0.5235,0.5284,282,0.5345,232,False,False
Goblin OVER,hitterfantasyscore,L10=10 + own_pitch_stingy,0.6667,30,20,0.4878,0.0007,0.666,0.6667,30,,0,False,False
Standard UNDER,runs,L10>=8 + own_bats_Strong,0.5804,112,65,0.4878,0.038,0.5424,0.5405,37,0.6,75,False,False
Standard UNDER,plate_appearances,L10>=8,0.5694,144,82,0.4878,0.0031,0.5663,0.6538,26,0.5508,118,False,False
Standard UNDER,runs,opp_pitch_leaky,0.5185,1001,519,0.4875,-0.0239,0.5424,0.5294,646,0.4986,355,False,False
Standard UNDER,runs,L5>=4 + own_bats_Strong,0.5479,261,143,0.4873,0.0055,0.5424,0.5417,168,0.5591,93,False,False
Standard OVER,hits+runs+rbis,cover>=0.5,0.5183,986,511,0.4871,0.0262,0.4921,0.5143,210,0.5193,776,False,False
Standard UNDER,singles,L5>=4 + opp_pitch_stingy,0.5439,296,161,0.487,0.0068,0.5371,0.512,125,0.5673,171,False,False
Standard UNDER,hits+runs+rbis,opp_bats_Strong,0.5134,1383,710,0.487,-0.0215,0.5349,0.5186,700,0.5081,683,False,False
Standard UNDER,hitterfantasyscore,own_pitch_leaky,0.5323,449,239,0.4861,-0.0002,0.5325,0.5323,449,,0,False,False
Standard OVER,hits+runs+rbis,opp_pitch_leaky,0.5079,2034,1033,0.4861,0.0158,0.4921,0.5289,953,0.4894,1081,False,False
Standard UNDER,plate_appearances,L10>=8 + own_bats_Strong,0.6304,46,29,0.486,0.0641,0.5663,0.375,8,0.6842,38,False,False
Standard OVER,earned_runs,L5>=4,0.6304,46,29,0.486,0.14,0.4904,0.6667,9,0.6216,37,False,False
Standard UNDER,hitterfantasyscore,own_bats_Strong,0.5345,406,217,0.4859,0.002,0.5325,0.5345,406,,0,False,False
Standard UNDER,plate_appearances,K%>=22,0.5472,254,139,0.4858,-0.0191,0.5663,0.5,64,0.5632,190,False,False
Standard UNDER,singles,L5>=4 + own_bats_Strong,0.537,365,196,0.4857,-0.0001,0.5371,0.503,167,0.5657,198,False,False
Standard UNDER,pitches_thrown,opp_pitch_leaky,0.5307,473,251,0.4856,0.0079,0.5228,0.556,259,0.5,214,False,False
Standard UNDER,total_bases,L10>=8 + own_pitch_leaky,0.5633,158,89,0.4854,0.0261,0.5372,0.5,38,0.5833,120,False,False
Standard UNDER,pitcher_ks,own_pitch_stingy,0.5262,572,301,0.4853,0.0027,0.5235,0.5089,336,0.5508,236,False,False
Standard OVER,hits,BA>=.275,0.5949,79,47,0.4847,0.1175,0.4774,0.614,57,0.5455,22,False,False
Standard UNDER,hits+runs+rbis,L5>=4 + opp_bats_Strong,0.5332,407,217,0.4846,-0.0017,0.5349,0.5517,174,0.5193,233,False,False
Standard UNDER,plate_appearances,own_pitch_leaky,0.5473,243,133,0.4845,-0.019,0.5663,0.4416,77,0.5964,166,False,False
Standard UNDER,hits+runs+rbis,L5=5,0.5509,216,119,0.4843,0.016,0.5349,0.5976,82,0.5224,134,False,False
Standard UNDER,singles,L10>=8,0.5321,421,224,0.4843,-0.005,0.5371,0.4938,160,0.5556,261,False,False
Standard UNDER,singles,L10>=8 + line_0.5,0.5321,421,224,0.4843,-0.005,0.5371,0.4938,160,0.5556,261,False,False
Standard UNDER,total_bases,L5=5 + cover>=1,0.578,109,63,0.4842,0.0408,0.5372,0.3,10,0.6061,99,False,False
Standard UNDER,earned_runs,L10>=8 + own_pitch_stingy,0.68,25,17,0.4841,0.1002,0.5798,0.7,10,0.6667,15,False,False
Standard UNDER,runs,L5=5 + K%>=22,0.625,48,30,0.4836,0.0826,0.5424,0.6471,34,0.5714,14,False,False
Standard UNDER,pitcher_ks,L5>=4 + L10>=8,0.625,48,30,0.4836,0.1015,0.5235,0.5333,15,0.6667,33,False,False
Standard UNDER,pitches_thrown,opp_pitch_stingy,0.5274,493,260,0.4833,0.0046,0.5228,0.5641,273,0.4818,220,False,False
Standard OVER,pitching_outs,L5>=4,0.5904,83,49,0.4829,0.0883,0.5021,0.5741,54,0.6207,29,False,False
Standard UNDER,hits+runs+rbis,L5=5 + cover>=0.5,0.5621,153,86,0.4829,0.0272,0.5349,0.6364,33,0.5417,120,False,False
Standard UNDER,pitcher_ks,L5>=4,0.5409,281,152,0.4825,0.0174,0.5235,0.5106,141,0.5714,140,False,False
Standard OVER,hits+runs+rbis,line_1.5,0.4966,4720,2344,0.4824,0.0045,0.4921,0.4996,2318,0.4938,2402,False,False
Standard UNDER,earned_runs,own_bats_Strong,0.5662,136,77,0.4822,-0.0136,0.5798,0.6038,53,0.5422,83,False,False
Standard UNDER,total_bases,L5>=4 + L10>=8,0.5526,190,105,0.4816,0.0154,0.5372,0.5476,42,0.5541,148,False,False
Goblin OVER,runs,opp_bats_Strong,0.5202,642,334,0.4816,-0.0061,0.5263,0.5249,442,0.51,200,False,False
Goblin OVER,total_bases,L10=10 + cover>=0.5,0.6341,41,26,0.4812,0.0395,0.5946,0.25,4,0.6757,37,False,False
Goblin OVER,total_bases,L10=10 + cover>=1,0.6341,41,26,0.4812,0.0395,0.5946,0.25,4,0.6757,37,False,False
Standard UNDER,singles,K%>=28,0.5862,87,51,0.4812,0.0491,0.5371,0.6032,63,0.5417,24,False,False
Standard OVER,pitcher_ks,L5=5 + opp_pitch_stingy,0.7,20,14,0.481,0.1997,0.5003,0.7273,11,0.6667,9,False,False
Standard UNDER,total_bases,L5>=4 + own_pitch_leaky,0.5345,333,178,0.4809,-0.0027,0.5372,0.5135,185,0.5608,148,False,False
Goblin OVER,pitcherfantasyscore,L5>=4 + L10>=8,0.7333,15,11,0.4805,0.0577,0.6756,0.7333,15,,0,False,False
Standard UNDER,runs,L5>=4 + opp_pitch_leaky,0.5322,357,190,0.4804,-0.0102,0.5424,0.5339,236,0.5289,121,False,False
Goblin OVER,hits,L10>=9 + cover>=2,0.5824,91,53,0.4798,-0.0122,0.5946,0.7059,17,0.5541,74,False,False
Goblin OVER,runs,own_pitch_stingy,0.5253,455,239,0.4794,-0.001,0.5263,0.5186,295,0.5375,160,False,False
Standard OVER,pitcher_ks,opp_pitch_stingy,0.5168,683,353,0.4794,0.0165,0.5003,0.5194,412,0.5129,271,False,False
Goblin OVER,plate_appearances,own_pitch_stingy,0.513,848,435,0.4793,-0.0015,0.5145,0.4828,348,0.534,500,False,False
Standard OVER,pitcher_ks,L5>=4,0.5508,187,103,0.4792,0.0505,0.5003,0.4902,102,0.6235,85,False,False
Standard UNDER,total_bases,L5=5 + cover>=0.5,0.563,135,76,0.4787,0.0258,0.5372,0.375,16,0.5882,119,False,False
Goblin OVER,hits,L10=10 + cover>=0.5,0.6279,43,27,0.4786,0.0333,0.5946,0.25,4,0.6667,39,False,False
Goblin OVER,hits,L10=10 + cover>=1,0.6279,43,27,0.4786,0.0333,0.5946,0.25,4,0.6667,39,False,False
Standard OVER,hits,L5>=4 + own_pitch_stingy,0.6279,43,27,0.4786,0.1505,0.4774,0.6364,11,0.625,32,False,False
Standard UNDER,runs,L10>=8 + opp_pitch_stingy,0.6,65,39,0.4786,0.0576,0.5424,0.5714,28,0.6216,37,False,False
Standard UNDER,plate_appearances,L10>=8 + opp_pitch_leaky,0.6,65,39,0.4786,0.0337,0.5663,0.6667,9,0.5893,56,False,False
Standard UNDER,hitter_ks,opp_bats_Strong,0.5358,293,157,0.4786,-0.0146,0.5504,0.5312,288,0.8,5,False,False
Standard UNDER,hits+runs+rbis,L5>=4 + own_pitch_leaky,0.5282,390,206,0.4786,-0.0067,0.5349,0.4839,186,0.5686,204,False,False
Standard UNDER,hits+runs+rbis,L10>=8 + own_pitch_stingy,0.5417,240,130,0.4785,0.0068,0.5349,0.5634,71,0.5325,169,False,False
Standard UNDER,runs,own_pitch_leaky,0.5173,636,329,0.4785,-0.0251,0.5424,0.5219,456,0.5056,180,False,False
Standard UNDER,pitches_thrown,own_pitch_leaky,0.5228,482,252,0.4782,0.0,0.5228,0.5604,273,0.4737,209,False,False
Standard UNDER,walks,L5>=4 + opp_bats_Strong,0.5875,80,47,0.478,0.0772,0.5103,0.6122,49,0.5484,31,False,False
Goblin OVER,runs,K%>=22,0.5155,679,350,0.4779,-0.0108,0.5263,0.5209,503,0.5,176,False,False
Standard OVER,hits,cover>=0.5,0.535,286,153,0.4771,0.0576,0.4774,0.4789,71,0.5535,215,False,False
Standard UNDER,hits+runs+rbis,K%>=28 + opp_pitch_stingy,0.5743,101,58,0.4768,0.0394,0.5349,0.6327,49,0.5192,52,False,False
Goblin OVER,singles,L5>=4 + L10>=8,0.5833,84,49,0.4765,0.0437,0.5396,0.7143,14,0.5571,70,False,False
Standard UNDER,total_bases,L10>=8 + K%>=28 + opp_pitch_stingy,0.6222,45,28,0.4763,0.085,0.5372,0.4615,13,0.6875,32,False,False
Goblin OVER,hits,L10>=9 + K%>=28,0.6071,56,34,0.4763,0.0125,0.5946,0.5556,9,0.617,47,False,False
Goblin OVER,total_bases,L10>=9 + K%>=28,0.6071,56,34,0.4763,0.0125,0.5946,0.5556,9,0.617,47,False,False
Standard OVER,hits+runs+rbis,BA>=.275 + opp_pitch_leaky,0.5259,386,203,0.4761,0.0338,0.4921,0.582,189,0.4721,197,False,False
Standard OVER,hits+runs+rbis,K%>=22,0.4972,2134,1061,0.476,0.0051,0.4921,0.5039,1018,0.491,1116,False,False
Goblin OVER,singles,L10>=8 + own_bats_Strong,0.5814,86,50,0.4758,0.0418,0.5396,0.6296,27,0.5593,59,False,False
Standard UNDER,total_bases,L5=5 + opp_pitch_stingy,0.5814,86,50,0.4758,0.0442,0.5372,0.5641,39,0.5957,47,False,False
Standard UNDER,singles,L10>=8 + K%>=22 + opp_pitch_stingy,0.6389,36,23,0.4757,0.1018,0.5371,0.75,4,0.625,32,False,False
Standard OVER,pitcher_ks,line_2.5+,0.5006,1542,772,0.4757,0.0003,0.5003,0.4964,969,0.5079,573,False,False
Standard OVER,hitterfantasyscore,opp_pitch_leaky,0.5099,810,413,0.4755,0.0213,0.4886,0.5099,810,,0,False,False
Standard UNDER,hits,L5=5 + line_0.5,0.5606,132,74,0.4754,0.0053,0.5553,0.5405,37,0.5684,95,False,False
Standard UNDER,pitcher_ks,season_cush>=1,0.5606,132,74,0.4754,0.0371,0.5235,0.4737,38,0.5957,94,False,False
Standard UNDER,pitches_thrown,season_cush>=1,0.5271,351,185,0.4748,0.0043,0.5228,0.5694,72,0.5161,279,False,False
Goblin OVER,runs,BA>=.275,0.5269,353,186,0.4748,0.0006,0.5263,0.518,222,0.542,131,False,False
Standard UNDER,total_bases,L5>=4 + cover>=1,0.5676,111,63,0.4747,0.0304,0.5372,0.3,10,0.5941,101,False,False
Goblin OVER,singles,L10>=8 + cover>=0.5,0.5778,90,52,0.4746,0.0382,0.5396,0.7143,14,0.5526,76,False,False
Goblin OVER,singles,L5=5,0.5778,90,52,0.4746,0.0382,0.5396,0.6818,44,0.4783,46,False,False
Goblin OVER,singles,L5=5 + line_0.5,0.5778,90,52,0.4746,0.0382,0.5396,0.6818,44,0.4783,46,False,False
Standard UNDER,pitches_thrown,L5>=4 + own_bats_Strong,0.589,73,43,0.4745,0.0662,0.5228,0.725,40,0.4242,33,False,False
Standard OVER,pitcher_ks,own_pitch_stingy,0.5136,627,322,0.4745,0.0133,0.5003,0.5165,395,0.5086,232,False,False
Standard UNDER,hits+runs+rbis,L10>=9 + own_pitch_leaky,0.617,47,29,0.4743,0.0821,0.5349,0.5333,15,0.6562,32,False,False
Standard UNDER,pitches_thrown,L10>=8 + opp_pitch_leaky,0.617,47,29,0.4743,0.0942,0.5228,0.5833,24,0.6522,23,False,False
Goblin OVER,singles,L5>=4 + cover>=1,0.536,250,134,0.4741,-0.0036,0.5396,0.5147,68,0.544,182,False,False
Standard UNDER,plate_appearances,L10>=8 + own_pitch_leaky,0.6,60,36,0.4737,0.0337,0.5663,0.5556,9,0.6078,51,False,False
Standard UNDER,total_bases,cover>=1,0.5641,117,66,0.4736,0.0269,0.5372,0.2727,11,0.5943,106,False,False
Standard UNDER,runs,L10>=8 + K%>=22,0.5641,117,66,0.4736,0.0217,0.5424,0.5625,48,0.5652,69,False,False
Standard OVER,hitterfantasyscore,BA>=.300,0.5745,94,54,0.4735,0.0859,0.4886,0.5745,94,,0,False,False
Standard OVER,pitching_outs,opp_pitch_stingy,0.5436,195,106,0.4735,0.0415,0.5021,0.5746,134,0.4754,61,False,False
Standard OVER,hits+runs+rbis,L5>=4 + season_cush>=2,0.6552,29,19,0.4734,0.1631,0.4921,0.0,1,0.6786,28,False,False
Standard UNDER,pitcher_ks,L10>=8 + opp_bats_Strong,0.6552,29,19,0.4734,0.1317,0.5235,0.75,12,0.5882,17,False,False
Standard UNDER,total_bases,L5>=4 + opp_bats_Strong,0.5245,368,193,0.4734,-0.0127,0.5372,0.5209,215,0.5294,153,False,False
Goblin OVER,singles,cover>=2,0.6818,22,15,0.4732,0.1422,0.5396,1.0,3,0.6316,19,False,False
Goblin OVER,singles,L5>=4 + cover>=2,0.6818,22,15,0.4732,0.1422,0.5396,1.0,3,0.6316,19,False,False
Goblin OVER,runs,L5=5 + own_pitch_stingy,0.6818,22,15,0.4732,0.1555,0.5263,0.7143,21,0.0,1,False,False
Standard OVER,rbis,own_pitch_stingy,0.6818,22,15,0.4732,0.1818,0.5,0.6667,12,0.7,10,False,False
Goblin OVER,hits,L5=5 + BA>=.300 + opp_pitch_stingy,0.6316,38,24,0.4728,0.037,0.5946,0.6562,32,0.5,6,False,False
Goblin OVER,total_bases,L5=5 + BA>=.300 + opp_pitch_stingy,0.6316,38,24,0.4728,0.037,0.5946,0.6562,32,0.5,6,False,False
Standard UNDER,earned_runs,L5>=4 + own_pitch_stingy,0.6316,38,24,0.4728,0.0518,0.5798,0.4444,9,0.6897,29,False,False
Standard UNDER,hits+runs+rbis,line_2.5+,0.55,160,88,0.4726,0.0151,0.5349,0.5304,115,0.6,45,False,False
Standard OVER,hits,cover>=1,0.55,160,88,0.4726,0.0726,0.4774,0.4906,53,0.5794,107,False,False
Standard UNDER,plate_appearances,BA>=.275 + opp_pitch_leaky,0.5968,62,37,0.4725,0.0305,0.5663,0.6364,11,0.5882,51,False,False
Standard UNDER,pitches_thrown,own_pitch_stingy,0.5158,506,261,0.4723,-0.007,0.5228,0.5326,276,0.4957,230,False,False
Standard OVER,singles,own_pitch_stingy,0.4949,1867,924,0.4723,0.0087,0.4862,0.4858,916,0.5037,951,False,False
Standard UNDER,hits,L5>=4 + opp_bats_Strong,0.5339,251,134,0.4721,-0.0214,0.5553,0.5323,124,0.5354,127,False,False
Standard OVER,singles,opp_pitch_stingy,0.4971,1533,762,0.4721,0.0109,0.4862,0.4801,829,0.517,704,False,False
Standard UNDER,hits+runs+rbis,cover>=0.5,0.5268,317,167,0.4719,-0.0081,0.5349,0.5625,80,0.5148,237,False,False
Standard UNDER,hits,L5=5,0.5564,133,74,0.4716,0.0011,0.5553,0.5263,38,0.5684,95,False,False
Standard OVER,singles,line_0.5,0.4862,4280,2081,0.4713,0.0,0.4862,0.484,2246,0.4887,2034,False,False
Standard OVER,hits+runs+rbis,own_pitch_leaky,0.4935,1929,952,0.4712,0.0014,0.4921,0.5079,947,0.4796,982,False,False
Standard UNDER,total_bases,L5=5 + opp_bats_Strong,0.5783,83,48,0.4709,0.0411,0.5372,0.575,40,0.5814,43,False,False
Standard OVER,hits+runs+rbis,L5=5 + own_bats_Strong,0.6078,51,31,0.4708,0.1157,0.4921,0.7,10,0.5854,41,False,False
Standard OVER,singles,opp_bats_Strong,0.4947,1686,834,0.4708,0.0085,0.4862,0.4786,886,0.5125,800,False,False
Standard UNDER,hits+runs+rbis,L10>=8 + own_pitch_leaky,0.5388,206,111,0.4707,0.0039,0.5349,0.4722,72,0.5746,134,False,False
Goblin OVER,plate_appearances,L5>=4 + own_pitch_leaky,0.625,40,25,0.4703,0.1105,0.5145,0.4,5,0.6571,35,False,False
Standard UNDER,hits,L5>=4 + L10>=8,0.551,147,81,0.4703,-0.0043,0.5553,0.5161,31,0.5603,116,False,False
Standard UNDER,runs,cover>=0.5,0.5331,242,129,0.4702,-0.0093,0.5424,0.5432,81,0.528,161,False,False
Standard UNDER,runs,L5>=4 + cover>=0.5,0.5331,242,129,0.4702,-0.0093,0.5424,0.5432,81,0.528,161,False,False
Standard OVER,walks,K%>=28,0.5497,151,83,0.4701,0.0546,0.4951,0.602,98,0.4528,53,False,False
Standard OVER,earned_runs,own_bats_Strong,0.5497,151,83,0.4701,0.0593,0.4904,0.5238,42,0.5596,109,False,False
Standard OVER,singles,own_bats_Strong,0.4928,1800,887,0.4697,0.0066,0.4862,0.4762,989,0.5129,811,False,False
Goblin OVER,runs,L5>=4,0.5466,161,88,0.4695,0.0203,0.5263,0.5547,128,0.5152,33,False,False
Standard UNDER,walks_allowed,own_pitch_stingy,0.5466,161,88,0.4695,0.0452,0.5014,0.5818,110,0.4706,51,False,False
Standard OVER,pitcherfantasyscore,line_2.5+,0.5156,448,231,0.4694,0.0,0.5156,0.5156,448,,0,False,False
Standard UNDER,runs,L5>=4 + L10>=8,0.5583,120,67,0.469,0.0159,0.5424,0.5517,58,0.5645,62,False,False
Goblin OVER,singles,K%>=22,0.5165,424,219,0.469,-0.0231,0.5396,0.5322,233,0.4974,191,False,False
Standard UNDER,hits,L10>=8 + cover>=0.5,0.5574,122,68,0.4688,0.0021,0.5553,0.6,20,0.549,102,False,False
Standard UNDER,pitches_thrown,season_cush>=2,0.5231,325,170,0.4688,0.0003,0.5228,0.5588,68,0.5136,257,False,False
Standard OVER,pitcher_ks,L10>=8 + opp_bats_Strong,0.7059,17,12,0.4687,0.2056,0.5003,0.6667,6,0.7273,11,False,False
Goblin OVER,pitcherfantasyscore,L10>=9 + own_pitch_stingy,0.7059,17,12,0.4687,0.0303,0.6756,0.7059,17,,0,False,False
Standard UNDER,hitter_ks,L10>=8 + own_bats_Strong,0.7059,17,12,0.4687,0.1555,0.5504,0.75,16,0.0,1,False,False
Standard UNDER,hits+runs+rbis,L5>=4 + opp_pitch_stingy,0.5244,307,161,0.4686,-0.0105,0.5349,0.5414,133,0.5115,174,False,False
Standard UNDER,singles,L5>=4 + L10>=8,0.5389,193,104,0.4685,0.0018,0.5371,0.5139,72,0.5537,121,False,False
Standard UNDER,pitcher_ks,L5=5,0.6,55,33,0.4681,0.0765,0.5235,0.5667,30,0.64,25,False,False
Standard UNDER,total_bases,L10>=8 + cover>=0.5,0.5538,130,72,0.4681,0.0166,0.5372,0.6111,18,0.5446,112,False,False
Standard UNDER,runs,L5>=4 + own_pitch_leaky,0.5325,231,123,0.4681,-0.0099,0.5424,0.5312,192,0.5385,39,False,False
Standard UNDER,singles,L5>=4 + K%>=22,0.5306,245,130,0.4681,-0.0065,0.5371,0.5275,91,0.5325,154,False,False
Standard OVER,hits+runs+rbis,opp_bats_Strong,0.4898,2015,987,0.468,-0.0023,0.4921,0.5005,961,0.4801,1054,False,False
Goblin OVER,singles,L10>=8 + cover>=1,0.5811,74,43,0.4674,0.0415,0.5396,0.6667,12,0.5645,62,False,False
Standard UNDER,hitter_ks,L5>=4 + K%>=28,0.6667,24,16,0.4671,0.1163,0.5504,0.6364,22,1.0,2,False,False
Standard UNDER,plate_appearances,L10>=9 + K%>=22,0.6667,24,16,0.4671,0.1004,0.5663,1.0,4,0.6,20,False,False
Standard UNDER,singles,L10>=9 + K%>=22,0.5965,57,34,0.467,0.0594,0.5371,0.65,20,0.5676,37,False,False
Standard OVER,hitterfantasyscore,opp_bats_Strong,0.5019,785,394,0.467,0.0133,0.4886,0.5019,785,,0,False,False
Standard OVER,hitterfantasyscore,line_2.5+,0.4886,2026,990,0.4669,0.0,0.4886,0.4886,2026,,0,False,False
Standard OVER,hits+runs+rbis,opp_pitch_stingy,0.4884,2027,990,0.4667,-0.0037,0.4921,0.4951,1018,0.4817,1009,False,False
Standard UNDER,earned_runs,opp_bats_Strong,0.5443,158,86,0.4665,-0.0355,0.5798,0.5,56,0.5686,102,False,False
Standard OVER,pitching_outs,own_pitch_stingy,0.5437,160,87,0.4664,0.0416,0.5021,0.5688,109,0.4902,51,False,False
Goblin OVER,plate_appearances,L5>=4 + BA>=.275,0.6364,33,21,0.4662,0.1219,0.5145,0.5,4,0.6552,29,False,False
Goblin OVER,plate_appearances,L10>=8 + own_bats_Strong,0.6364,33,21,0.4662,0.1219,0.5145,0.6667,15,0.6111,18,False,False
Goblin OVER,runs,L5=5,0.6364,33,21,0.4662,0.1101,0.5263,0.6429,28,0.6,5,False,False
Goblin OVER,runs,L5=5 + K%>=22,0.6364,33,21,0.4662,0.1101,0.5263,0.6429,28,0.6,5,False,False
Goblin OVER,runs,L5=5 + line_0.5,0.6364,33,21,0.4662,0.1101,0.5263,0.6429,28,0.6,5,False,False
Goblin OVER,runs,own_pitch_leaky,0.5192,339,176,0.4661,-0.0071,0.5263,0.5402,261,0.4487,78,False,False
Standard OVER,pitches_thrown,own_pitch_leaky,0.5347,202,108,0.4659,0.031,0.5037,0.4857,105,0.5876,97,False,False
Standard UNDER,hits+runs+rbis,L5>=4 + cover>=0.5,0.5209,311,162,0.4655,-0.014,0.5349,0.5641,78,0.5064,233,False,False
Standard UNDER,singles,L5>=4 + own_pitch_leaky,0.5209,311,162,0.4655,-0.0162,0.5371,0.5101,149,0.5309,162,False,False
Goblin OVER,singles,L10>=8 + own_pitch_leaky,0.5902,61,36,0.465,0.0506,0.5396,0.625,32,0.5517,29,False,False
Standard OVER,hits+runs+rbis,own_pitch_stingy,0.4859,2198,1068,0.465,-0.0062,0.4921,0.4754,1079,0.496,1119,False,False
Standard UNDER,hits+runs+rbis,L10>=8 + opp_pitch_leaky,0.5226,287,150,0.4649,-0.0123,0.5349,0.4943,87,0.535,200,False,False
Goblin OVER,plate_appearances,opp_pitch_stingy,0.504,621,313,0.4648,-0.0105,0.5145,0.4744,293,0.5305,328,False,False
Standard UNDER,hitterfantasyscore,opp_pitch_leaky,0.5115,434,222,0.4646,-0.021,0.5325,0.5115,434,,0,False,False
Standard UNDER,pitches_thrown,opp_bats_Strong,0.5096,471,240,0.4645,-0.0132,0.5228,0.5191,262,0.4976,209,False,False
Standard OVER,singles,L5>=4 + own_bats_Strong,0.5277,235,124,0.4639,0.0415,0.4862,0.5278,108,0.5276,127,False,False
Standard OVER,pitcher_ks,own_pitch_leaky,0.5032,616,310,0.4639,0.0029,0.5003,0.4974,378,0.5126,238,False,False
Standard UNDER,walks,own_pitch_stingy,0.5281,231,122,0.4638,0.0178,0.5103,0.5337,163,0.5147,68,False,False
Standard UNDER,walks_allowed,opp_pitch_stingy,0.5455,143,78,0.4637,0.0441,0.5014,0.6292,89,0.4074,54,False,False
Standard UNDER,walks,line_0.5,0.5103,437,223,0.4635,0.0,0.5103,0.5099,304,0.5113,133,False,False
Goblin OVER,singles,L5>=4 + cover>=1.5,0.5625,96,54,0.4628,0.0229,0.5396,0.6842,38,0.4828,58,False,False
Standard UNDER,hits,L10>=8 + own_pitch_stingy,0.5612,98,55,0.4625,0.0059,0.5553,0.5556,27,0.5634,71,False,False
Standard UNDER,pitcher_ks,own_pitch_leaky,0.5059,508,257,0.4625,-0.0176,0.5235,0.5035,286,0.509,222,False,False
Standard UNDER,pitches_thrown,L10>=8,0.5577,104,58,0.4619,0.0349,0.5228,0.5455,44,0.5667,60,False,False
Standard UNDER,pitching_outs,L5>=4 + opp_bats_Strong,0.6,50,30,0.4618,0.1055,0.4945,0.7,20,0.5333,30,False,False
Standard UNDER,plate_appearances,L10>=8 + own_pitch_stingy,0.6,50,30,0.4618,0.0337,0.5663,0.8,5,0.5778,45,False,False
Goblin OVER,singles,L5>=4 + cover>=0.5,0.5185,297,154,0.4618,-0.0211,0.5396,0.5128,78,0.5205,219,False,False
Standard OVER,pitches_thrown,line_2.5+,0.5037,544,274,0.4618,0.0,0.5037,0.4528,307,0.5696,237,False,False
Standard UNDER,hitter_ks,L5>=4 + own_bats_Strong,0.5556,108,60,0.4615,0.0052,0.5504,0.5534,103,0.6,5,False,False
Standard OVER,singles,L5>=4 + cover>=1,0.5196,281,146,0.4613,0.0334,0.4862,0.5397,63,0.5138,218,False,False
Standard OVER,pitcher_ks,opp_pitch_leaky,0.5038,528,266,0.4613,0.0035,0.5003,0.4866,337,0.534,191,False,False
Standard UNDER,pitching_outs,opp_bats_Strong,0.5199,277,144,0.4612,0.0254,0.4945,0.5304,115,0.5123,162,False,False
Standard UNDER,hits,L10>=9 + opp_pitch_stingy,0.6216,37,23,0.461,0.0663,0.5553,0.625,8,0.6207,29,False,False
Standard UNDER,hits,L10>=9 + own_pitch_leaky,0.6216,37,23,0.461,0.0663,0.5553,0.8,10,0.5556,27,False,False
Standard UNDER,hits,L5>=4 + own_bats_Strong,0.5297,202,107,0.461,-0.0256,0.5553,0.5,96,0.5566,106,False,False
Goblin OVER,singles,L5>=4 + own_pitch_stingy,0.53,200,106,0.4609,-0.0096,0.5396,0.4722,72,0.5625,128,False,False
Standard UNDER,singles,L10>=8 + opp_pitch_leaky,0.53,200,106,0.4609,-0.0071,0.5371,0.5342,73,0.5276,127,False,False
Standard UNDER,hitter_ks,L5>=4,0.5159,314,162,0.4608,-0.0345,0.5504,0.5166,302,0.5,12,False,False
Standard OVER,hits+runs+rbis,own_bats_Strong,0.4818,2138,1030,0.4606,-0.0103,0.4921,0.4818,1042,0.4818,1096,False,False
Standard UNDER,pitcherfantasyscore,opp_pitch_leaky,0.5349,172,92,0.4604,0.0268,0.5081,0.5349,172,,0,False,False
Standard UNDER,pitching_outs,own_pitch_leaky,0.5164,304,157,0.4604,0.0219,0.4945,0.4932,146,0.538,158,False,False
Standard UNDER,walks,opp_bats_Strong,0.5357,168,90,0.4603,0.0254,0.5103,0.5333,105,0.5397,63,False,False
Goblin OVER,singles,L10>=9 + cover>=1,0.6842,19,13,0.4601,0.1446,0.5396,0.75,8,0.6364,11,False,False
Standard UNDER,hitter_ks,L10>=8 + own_pitch_stingy,0.6842,19,13,0.4601,0.1338,0.5504,0.7222,18,0.0,1,False,False
Standard OVER,walks,L10>=8 + own_pitch_stingy,0.6842,19,13,0.4601,0.1891,0.4951,0.6,10,0.7778,9,False,False
Standard UNDER,hits_allowed,own_pitch_leaky,0.517,294,152,0.46,0.0241,0.4929,0.4913,173,0.5537,121,False,False
Standard OVER,total_bases,BA>=.275 + opp_pitch_leaky,0.5177,282,146,0.4596,0.0674,0.4503,0.5217,184,0.5102,98,False,False
Goblin OVER,hits+runs+rbis,L5=5 + K%>=28 + opp_pitch_stingy,0.5893,56,33,0.4588,-0.0438,0.6331,0.6087,23,0.5758,33,False,False
Standard UNDER,earned_runs,L5>=4,0.5647,85,48,0.4588,-0.0151,0.5798,0.5,20,0.5846,65,False,False
Standard UNDER,pitching_outs,line_2.5+,0.4945,732,362,0.4584,0.0,0.4945,0.479,334,0.5075,398,False,False
Standard UNDER,runs,L5=5 + K%>=22 + opp_pitch_leaky,0.6429,28,18,0.4583,0.1005,0.5424,0.6667,18,0.6,10,False,False
Goblin OVER,pitcherfantasyscore,L10>=8 + opp_pitch_leaky,0.6429,28,18,0.4583,-0.0327,0.6756,0.6429,28,,0,False,False
Standard UNDER,runs,BA>=.275,0.506,415,210,0.4581,-0.0364,0.5424,0.4852,270,0.5448,145,False,False
Standard UNDER,hits+runs+rbis,L5=5 + opp_pitch_stingy,0.5862,58,34,0.458,0.0513,0.5349,0.5333,15,0.6047,43,False,False
Standard OVER,pitching_outs,line_2.5+,0.5021,482,242,0.4576,0.0,0.5021,0.5108,325,0.4841,157,False,False
Standard UNDER,walks,L5>=4,0.5325,169,90,0.4574,0.0222,0.5103,0.5294,119,0.54,50,False,False
Standard UNDER,pitcherfantasyscore,line_2.5+,0.5081,372,189,0.4574,0.0,0.5081,0.5081,372,,0,False,False
Standard UNDER,total_bases,L5=5 + K%>=28,0.6098,41,25,0.4573,0.0726,0.5372,0.7143,21,0.5,20,False,False
Standard UNDER,singles,L5=5 + opp_pitch_stingy,0.5833,60,35,0.4573,0.0462,0.5371,0.5517,29,0.6129,31,False,False
Standard OVER,total_bases,season_cush>=1,0.5221,226,118,0.4572,0.0718,0.4503,0.4426,61,0.5515,165,False,False
Standard OVER,total_bases,L5>=4,0.5133,300,154,0.457,0.063,0.4503,0.5058,172,0.5234,128,False,False
Standard UNDER,hits+runs+rbis,L5>=4 + BA>=.275,0.5385,143,77,0.4568,0.0036,0.5349,0.4717,53,0.5778,90,False,False
Standard OVER,singles,L5>=4 + own_pitch_stingy,0.5231,216,113,0.4567,0.0369,0.4862,0.5181,83,0.5263,133,False,False
Standard UNDER,hitter_ks,opp_pitch_stingy,0.5178,253,131,0.4564,-0.0326,0.5504,0.5203,246,0.4286,7,False,False
Standard UNDER,hits+runs+rbis,L10>=9 + opp_bats_Strong,0.5781,64,37,0.4561,0.0432,0.5349,0.6667,18,0.5435,46,False,False
Standard OVER,walks_allowed,own_pitch_leaky,0.5248,202,106,0.4561,0.0258,0.499,0.4924,132,0.5857,70,False,False
Standard OVER,hitterfantasyscore,K%>=22,0.4869,996,485,0.456,-0.0017,0.4886,0.4869,996,,0,False,False
Standard OVER,pitcher_ks,own_bats_Strong,0.4945,639,316,0.4559,-0.0058,0.5003,0.4826,402,0.5148,237,False,False
Standard OVER,walks_allowed,opp_bats_Strong,0.5255,196,103,0.4558,0.0265,0.499,0.4831,118,0.5897,78,False,False
Standard UNDER,hits_allowed,line_2.5+,0.4928,692,341,0.4557,-0.0001,0.4929,0.4846,421,0.5055,271,False,False
Standard UNDER,runs,L5>=4 + own_pitch_stingy,0.5197,229,119,0.4552,-0.0227,0.5424,0.512,125,0.5288,104,False,False
Goblin OVER,plate_appearances,own_pitch_leaky,0.4916,716,352,0.4551,-0.0229,0.5145,0.5343,350,0.4508,366,False,False
Goblin OVER,singles,L5>=4 + BA>=.275,0.5281,178,94,0.4549,-0.0115,0.5396,0.5082,61,0.5385,117,False,False
Standard OVER,hits,own_bats_Strong,0.498,512,255,0.4549,0.0206,0.4774,0.461,295,0.5484,217,False,False
Standard OVER,hits,opp_pitch_leaky,0.4956,573,284,0.4549,0.0182,0.4774,0.4723,343,0.5304,230,False,False
Standard OVER,singles,opp_pitch_leaky,0.4779,1806,863,0.4549,-0.0083,0.4862,0.4757,927,0.4801,879,False,False
Standard UNDER,hits,L10>=8 + K%>=22,0.5284,176,93,0.4548,-0.0269,0.5553,0.4318,44,0.5606,132,False,False
Standard OVER,hits,own_pitch_stingy,0.4925,668,329,0.4548,0.0151,0.4774,0.4915,413,0.4941,255,False,False
Standard UNDER,total_bases,L5>=4 + opp_pitch_leaky,0.5072,345,175,0.4547,-0.03,0.5372,0.4885,217,0.5391,128,False,False
Standard UNDER,plate_appearances,L10>=9,0.6,45,27,0.4545,0.0337,0.5663,0.5556,9,0.6111,36,False,False
Standard UNDER,pitcher_ks,L5>=4 + season_cush>=1,0.5676,74,42,0.4541,0.0441,0.5235,0.4737,19,0.6,55,False,False
Standard OVER,hits,line_0.5,0.4779,1676,801,0.4541,0.0005,0.4774,0.4642,1019,0.4992,657,False,False
Standard OVER,singles,own_pitch_leaky,0.4782,1606,768,0.4539,-0.008,0.4862,0.4675,909,0.4921,697,False,False
Standard OVER,singles,L5=5 + opp_pitch_stingy + cover>=1,0.6667,21,14,0.4537,0.1805,0.4862,0.7143,7,0.6429,14,False,False
Standard OVER,earned_runs,L5>=4 + own_pitch_leaky,0.6667,21,14,0.4537,0.1763,0.4904,0.8,5,0.625,16,False,False
Standard UNDER,hits+runs+rbis,L10>=8 + own_bats_Strong,0.5222,203,106,0.4537,-0.0127,0.5349,0.4638,69,0.5522,134,False,False
Standard UNDER,total_bases,L10>=8 + K%>=22,0.5222,203,106,0.4537,-0.015,0.5372,0.4815,54,0.5369,149,False,False
Goblin OVER,plate_appearances,L5>=4 + own_bats_Strong,0.5957,47,28,0.4534,0.0812,0.5145,0.6667,3,0.5909,44,False,False
Standard UNDER,pitches_thrown,L10>=8 + season_cush>=2,0.5957,47,28,0.4534,0.0729,0.5228,0.5714,14,0.6061,33,False,False
Standard UNDER,hitter_ks,L5>=4 + BA>=.275,0.5957,47,28,0.4534,0.0453,0.5504,0.6087,46,0.0,1,False,False
Standard OVER,total_bases,L5>=4 + own_bats_Strong,0.5352,142,76,0.4533,0.0849,0.4503,0.494,83,0.5932,59,False,False
Goblin OVER,singles,L5=5 + cover>=0.5,0.5595,84,47,0.4531,0.0199,0.5396,0.6579,38,0.4783,46,False,False
Goblin OVER,singles,L5=5 + cover>=1,0.5595,84,47,0.4531,0.0199,0.5396,0.6579,38,0.4783,46,False,False
Standard OVER,pitches_thrown,opp_bats_Strong,0.5174,230,119,0.4531,0.0137,0.5037,0.4516,124,0.5943,106,False,False
Standard OVER,walks,K%>=22,0.5103,290,148,0.4531,0.0152,0.4951,0.5372,188,0.4608,102,False,False
Goblin OVER,plate_appearances,L5>=4,0.5581,86,48,0.4529,0.0436,0.5145,0.4286,7,0.5696,79,False,False
Standard OVER,singles,L5>=4,0.4969,489,243,0.4528,0.0107,0.4862,0.4974,193,0.4966,296,False,False
Goblin OVER,walks,line_0.5,0.5106,284,145,0.4527,0.0,0.5106,0.4978,231,0.566,53,False,False
Standard OVER,pitcher_ks,L5>=4 + season_cush>=1,0.5918,49,29,0.4525,0.0915,0.5003,0.5714,7,0.5952,42,False,False
Standard UNDER,pitcher_ks,L10>=8,0.5521,96,53,0.4525,0.0286,0.5235,0.4872,39,0.5965,57,False,False
Standard UNDER,total_bases,L10>=8 + K%>=28,0.5446,112,61,0.4525,0.0074,0.5372,0.4667,30,0.5732,82,False,False
Standard UNDER,pitcher_ks,L5>=4 + own_bats_Strong,0.5439,114,62,0.4525,0.0204,0.5235,0.48,50,0.5938,64,False,False
Standard OVER,runs,opp_pitch_leaky,0.4809,1179,567,0.4525,0.0248,0.4561,0.4451,719,0.537,460,False,False
Standard OVER,hits,L5>=4 + cover>=0.5,0.549,102,56,0.4524,0.0716,0.4774,0.6111,18,0.5357,84,False,False
Standard UNDER,hits,L5=5 + cover>=1,0.5481,104,57,0.4524,-0.0072,0.5553,0.3333,9,0.5684,95,False,False
Goblin OVER,runs,L5>=4 + K%>=22,0.5463,108,59,0.4524,0.02,0.5263,0.5698,86,0.4545,22,False,False
Goblin OVER,runs,opp_pitch_stingy,0.5249,181,95,0.4524,-0.0014,0.5263,0.5252,139,0.5238,42,False,False
Standard OVER,hits+runs+rbis,cover>=1,0.4978,460,229,0.4523,0.0057,0.4921,0.5055,91,0.4959,369,False,False
Standard OVER,hitterfantasyscore,own_pitch_stingy,0.4861,829,403,0.4522,-0.0025,0.4886,0.4861,829,,0,False,False
Goblin OVER,plate_appearances,K%>=28,0.5185,216,112,0.4521,0.004,0.5145,0.5143,105,0.5225,111,False,False
Standard OVER,walks,line_0.5,0.4951,511,253,0.452,0.0,0.4951,0.4986,349,0.4877,162,False,False
Standard OVER,walks_allowed,line_1.5,0.4978,450,224,0.4518,-0.0012,0.499,0.4848,264,0.5161,186,False,False
Standard UNDER,hits_allowed,L5>=4,0.5263,171,90,0.4517,0.0334,0.4929,0.4771,109,0.6129,62,False,False
Standard UNDER,runs,cover>=1,0.5849,53,31,0.4509,0.0425,0.5424,0.65,20,0.5455,33,False,False
Standard UNDER,runs,L5>=4 + cover>=1,0.5849,53,31,0.4509,0.0425,0.5424,0.65,20,0.5455,33,False,False
Standard UNDER,runs,L5=5 + cover>=1,0.5849,53,31,0.4509,0.0425,0.5424,0.65,20,0.5455,33,False,False
Goblin OVER,singles,L5>=4,0.5014,367,184,0.4505,-0.0382,0.5396,0.473,148,0.5205,219,False,False
Goblin OVER,hitterfantasyscore,L10=10 + own_bats_Strong,0.6176,34,21,0.4504,-0.0484,0.666,0.6176,34,,0,False,False
Standard OVER,pitching_outs,L5>=4 + opp_bats_Strong,0.6176,34,21,0.4504,0.1155,0.5021,0.6087,23,0.6364,11,False,False
Standard UNDER,hits,L5=5 + opp_pitch_stingy,0.5818,55,32,0.4503,0.0265,0.5553,0.5,16,0.6154,39,False,False
Standard UNDER,runs,L10>=8 + opp_pitch_leaky,0.5302,149,79,0.4503,-0.0122,0.5424,0.5079,63,0.5465,86,False,False
Standard OVER,pitching_outs,opp_bats_Strong,0.5211,190,99,0.4503,0.019,0.5021,0.5156,128,0.5323,62,False,False
Goblin OVER,total_bases,L5=5 + opp_pitch_stingy + season_cush>=1,0.5306,147,78,0.4502,-0.064,0.5946,0.5789,38,0.5138,109,False,False
Standard UNDER,walks_allowed,line_1.5,0.5047,319,161,0.4501,0.0033,0.5014,0.5357,196,0.4553,123,False,False
Standard OVER,total_bases,cover>=2,0.5161,217,112,0.4499,0.0658,0.4503,0.434,53,0.5427,164,False,False
Standard UNDER,pitches_thrown,L5>=4 + opp_bats_Strong,0.5789,57,33,0.4498,0.0561,0.5228,0.6333,30,0.5185,27,False,False
Standard OVER,pitcherfantasyscore,own_pitch_leaky,0.522,182,95,0.4497,0.0064,0.5156,0.522,182,,0,False,False
Standard OVER,hits+runs+rbis,BA>=.300,0.5164,213,110,0.4496,0.0243,0.4921,0.5104,96,0.5214,117,False,False
Standard OVER,hits+runs+rbis,L5>=4 + cover>=0.5,0.4965,425,211,0.4492,0.0044,0.4921,0.4773,88,0.5015,337,False,False
Standard OVER,hits+runs+rbis,L5>=4,0.4885,610,298,0.4491,-0.0036,0.4921,0.4793,217,0.4936,393,False,False
Standard OVER,total_bases,cover>=0.5,0.4866,674,328,0.4491,0.0363,0.4503,0.4481,154,0.4981,520,False,False
Standard OVER,hits+runs+rbis,L10>=8 + BA>=.275,0.5738,61,35,0.449,0.0817,0.4921,0.5,12,0.5918,49,False,False
Goblin OVER,hits,L10=10 + opp_pitch_leaky,0.6522,23,15,0.4489,0.0576,0.5946,0.7143,7,0.625,16,False,False
Goblin OVER,total_bases,L10=10 + opp_pitch_leaky,0.6522,23,15,0.4489,0.0576,0.5946,0.7143,7,0.625,16,False,False
Standard UNDER,pitches_thrown,L10>=8 + own_pitch_stingy + season_cush>=1,0.6522,23,15,0.4489,0.1294,0.5228,0.6667,9,0.6429,14,False,False
Standard UNDER,pitching_outs,L10>=8 + own_pitch_leaky,0.6522,23,15,0.4489,0.1577,0.4945,0.8,5,0.6111,18,False,False
Standard OVER,pitching_outs,L5=5,0.6522,23,15,0.4489,0.1501,0.5021,0.6875,16,0.5714,7,False,False
Standard OVER,pitching_outs,L5>=4 + opp_pitch_leaky,0.6522,23,15,0.4489,0.1501,0.5021,0.75,16,0.4286,7,False,False
Standard OVER,total_bases,cover>=1,0.4921,508,250,0.4489,0.0418,0.4503,0.4569,116,0.5026,392,False,False
Standard OVER,earned_runs,own_pitch_leaky,0.5238,168,88,0.4486,0.0334,0.4904,0.5741,54,0.5,114,False,False
Goblin OVER,hitter_ks,L5>=4 + BA>=.300,0.5378,119,64,0.4485,-0.0833,0.6211,0.525,80,0.5641,39,False,False
Standard UNDER,hits+runs+rbis,L5=5 + opp_pitch_leaky,0.5385,117,63,0.4483,0.0036,0.5349,0.5957,47,0.5,70,False,False
Standard OVER,hits,L5>=4,0.5244,164,86,0.4483,0.047,0.4774,0.5125,80,0.5357,84,False,False
Standard UNDER,hits,L5>=4 + opp_pitch_leaky,0.5134,224,115,0.4483,-0.0419,0.5553,0.4892,139,0.5529,85,False,False
Goblin OVER,singles,cover>=1.5,0.5405,111,60,0.448,0.0009,0.5396,0.6667,39,0.4722,72,False,False
Standard OVER,total_bases,L5>=4 + opp_pitch_leaky,0.5421,107,58,0.4478,0.0918,0.4503,0.4821,56,0.6078,51,False,False
Standard UNDER,singles,L5=5,0.5253,158,83,0.4478,-0.0118,0.5371,0.5309,81,0.5195,77,False,False
Standard UNDER,singles,L5=5 + line_0.5,0.5253,158,83,0.4478,-0.0118,0.5371,0.5309,81,0.5195,77,False,False
Standard UNDER,hits,L5=5 + cover>=0.5,0.5429,105,57,0.4477,-0.0124,0.5553,0.3,10,0.5684,95,False,False
Standard UNDER,hits+runs+rbis,L10>=8 + K%>=28,0.5616,73,41,0.4476,0.0267,0.5349,0.5455,22,0.5686,51,False,False
Goblin OVER,runs,K%>=28,0.5139,216,111,0.4476,-0.0124,0.5263,0.5366,164,0.4423,52,False,False
Standard UNDER,hits+runs+rbis,L5=5 + K%>=22,0.557,79,44,0.4473,0.0221,0.5349,0.5526,38,0.561,41,False,False
Standard OVER,pitching_outs,L5>=4 + opp_pitch_stingy,0.6053,38,23,0.4472,0.1032,0.5021,0.5417,24,0.7143,14,False,False
Standard OVER,hits+runs+rbis,L5=5 + cover>=0.5,0.5517,87,48,0.4472,0.0596,0.4921,0.6,25,0.5323,62,False,False
Standard UNDER,total_bases,L5>=4 + own_bats_Strong,0.5,334,167,0.4467,-0.0372,0.5372,0.4734,207,0.5433,127,False,False
Standard OVER,total_bases,BA>=.275,0.4882,551,269,0.4467,0.0379,0.4503,0.5026,386,0.4545,165,False,False
Standard OVER,singles,L5>=4 + opp_pitch_stingy,0.5278,144,76,0.4466,0.0416,0.4862,0.5161,62,0.5366,82,False,False
Standard OVER,pitcherfantasyscore,own_bats_Strong,0.5202,173,90,0.4462,0.0046,0.5156,0.5202,173,,0,False,False
Standard UNDER,hits+runs+rbis,L10>=8 + line_0.5,0.6,40,24,0.446,0.0651,0.5349,1.0,2,0.5789,38,False,False
Goblin OVER,plate_appearances,BA>=.300,0.5294,136,72,0.4459,0.0149,0.5145,0.5593,59,0.5065,77,False,False
Standard UNDER,hits_allowed,own_pitch_stingy,0.5035,284,143,0.4457,0.0106,0.4929,0.4802,177,0.5421,107,False,False
Standard UNDER,singles,L10>=9,0.5303,132,70,0.4455,-0.0068,0.5371,0.5088,57,0.5467,75,False,False
Standard UNDER,hits+runs+rbis,L5>=4 + L10>=8,0.5057,261,132,0.4454,-0.0292,0.5349,0.5147,68,0.5026,193,False,False
Standard UNDER,singles,L10>=8 + opp_pitch_stingy,0.5312,128,68,0.4452,-0.0059,0.5371,0.4186,43,0.5882,85,False,False
Standard OVER,hitter_ks,own_pitch_leaky,0.4959,369,183,0.4452,0.0328,0.4631,0.4903,359,0.7,10,False,False
Standard UNDER,pitches_thrown,L10>=8 + opp_bats_Strong,0.5952,42,25,0.4449,0.0724,0.5228,0.6154,13,0.5862,29,False,False
Standard UNDER,singles,L5>=4 + BA>=.275,0.5226,155,81,0.4444,-0.0145,0.5371,0.4744,78,0.5714,77,False,False
Standard UNDER,hitter_ks,K%>=22,0.5339,118,63,0.4442,-0.0165,0.5504,0.5259,116,1.0,2,False,False
Goblin OVER,singles,L10>=8 + own_pitch_stingy + cover>=1,0.5909,44,26,0.4441,0.0513,0.5396,0.5,4,0.6,40,False,False
Standard UNDER,total_bases,L10>=9 + opp_pitch_stingy,0.5909,44,26,0.4441,0.0537,0.5372,0.5556,9,0.6,35,False,False
Standard UNDER,hits,L5=5 + opp_pitch_stingy + cover>=1,0.5909,44,26,0.4441,0.0356,0.5553,0.4,5,0.6154,39,False,False
Standard UNDER,total_bases,L10>=8 + own_pitch_stingy,0.5345,116,62,0.4441,-0.0027,0.5372,0.5,28,0.5455,88,False,False
Standard UNDER,hitterfantasyscore,L10>=9 + K%>=22,0.6875,16,11,0.444,0.155,0.5325,0.6875,16,,0,False,False
Standard UNDER,hits,L10>=8 + K%>=28,0.5351,114,61,0.4439,-0.0202,0.5553,0.4444,36,0.5769,78,False,False
Standard OVER,pitches_thrown,own_bats_Strong,0.5169,178,92,0.4439,0.0132,0.5037,0.5217,92,0.5116,86,False,False
Standard UNDER,hits,cover>=1,0.5357,112,60,0.4437,-0.0196,0.5553,0.3636,11,0.5545,101,False,False
Standard UNDER,singles,BA>=.275,0.4871,503,245,0.4437,-0.05,0.5371,0.489,227,0.4855,276,False,False
Goblin OVER,singles,L10>=8 + BA>=.275 + opp_pitch_stingy,0.587,46,27,0.4434,0.0474,0.5396,0.6,20,0.5769,26,False,False
Standard OVER,hitterfantasyscore,own_pitch_leaky,0.4785,767,367,0.4433,-0.0101,0.4886,0.4785,767,,0,False,False
Standard UNDER,hits,L5>=4 + cover>=1,0.5377,106,57,0.4432,-0.0176,0.5553,0.3333,9,0.5567,97,False,False
Standard OVER,singles,L5>=4 + cover>=0.5,0.4933,373,184,0.4429,0.0071,0.4862,0.4805,77,0.4966,296,False,False
Standard UNDER,pitches_thrown,L10>=8 + season_cush>=1,0.5833,48,28,0.4428,0.0605,0.5228,0.5714,14,0.5882,34,False,False
Standard OVER,singles,cover>=0.5,0.4745,942,447,0.4428,-0.0117,0.4862,0.4273,227,0.4895,715,False,False
Standard UNDER,pitcher_ks,L5>=4 + own_pitch_stingy,0.5252,139,73,0.4426,0.0017,0.5235,0.4925,67,0.5556,72,False,False
Standard UNDER,pitches_thrown,L5>=4 + season_cush>=1,0.5408,98,53,0.4425,0.018,0.5228,0.5862,29,0.5217,69,False,False
Goblin OVER,hitter_ks,L10>=8 + BA>=.300,0.6296,27,17,0.4423,0.0085,0.6211,0.6364,11,0.625,16,False,False
Goblin OVER,pitcherfantasyscore,L5=5 + opp_pitch_stingy,0.6296,27,17,0.4423,-0.046,0.6756,0.6296,27,,0,False,False
Standard UNDER,total_bases,L5=5 + opp_pitch_stingy + cover>=1,0.58,50,29,0.4423,0.0428,0.5372,0.3333,6,0.6136,44,False,False
Goblin OVER,plate_appearances,L10>=8,0.58,50,29,0.4423,0.0655,0.5145,0.6667,15,0.5429,35,False,False
Standard UNDER,plate_appearances,BA>=.300,0.58,50,29,0.4423,0.0137,0.5663,0.625,16,0.5588,34,False,False
Standard OVER,earned_runs,cover>=0.5,0.58,50,29,0.4423,0.0896,0.4904,0.5625,16,0.5882,34,False,False
Standard OVER,hits+runs+rbis,L5>=4 + opp_pitch_stingy,0.504,248,125,0.4422,0.0119,0.4921,0.4752,101,0.5238,147,False,False
Standard UNDER,hitter_ks,L5>=4 + opp_bats_Strong,0.5259,135,71,0.4421,-0.0245,0.5504,0.5191,131,0.75,4,False,False
Standard OVER,total_bases,own_bats_Strong,0.469,1292,606,0.442,0.0187,0.4503,0.4549,875,0.4988,417,False,False
Standard OVER,hits+runs+rbis,L5=5 + own_pitch_stingy,0.5769,52,30,0.4419,0.0848,0.4921,0.5714,21,0.5806,31,False,False
Standard OVER,pitches_thrown,own_pitch_stingy,0.5097,206,105,0.4419,0.006,0.5037,0.4576,118,0.5795,88,False,False
Standard UNDER,runs,L10>=8 + cover>=0.5,0.5455,88,48,0.4417,0.0031,0.5424,0.4815,27,0.5738,61,False,False
Standard UNDER,runs,L5=5 + cover>=0.5,0.5741,54,31,0.4416,0.0317,0.5424,0.619,21,0.5455,33,False,False
Goblin OVER,runs,L5>=4 + own_pitch_stingy,0.5465,86,47,0.4416,0.0202,0.5263,0.5775,71,0.4,15,False,False
Standard OVER,total_bases,cover>=1.5,0.4983,293,146,0.4414,0.048,0.4503,0.4324,74,0.5205,219,False,False
Standard OVER,total_bases,line_0.5,0.4615,2351,1085,0.4414,0.0112,0.4503,0.4484,1454,0.4827,897,False,False
Standard OVER,hits,L5>=4 + cover>=1,0.5488,82,45,0.4413,0.0714,0.4774,0.5882,17,0.5385,65,False,False
Standard UNDER,hits_allowed,L5>=4 + opp_pitch_leaky,0.5488,82,45,0.4413,0.0559,0.4929,0.5098,51,0.6129,31,False,False
Standard OVER,runs,BA>=.275 + opp_pitch_leaky,0.5068,221,112,0.4413,0.0507,0.4561,0.5,108,0.5133,113,False,False
Standard OVER,hits+runs+rbis,L5>=4 + season_cush>=1,0.5042,240,121,0.4413,0.0121,0.4921,0.5,42,0.5051,198,False,False
Goblin OVER,hits,L10>=8 + K%>=28 + opp_pitch_stingy,0.5513,78,43,0.4411,-0.0433,0.5946,0.5,18,0.5667,60,False,False
Standard UNDER,singles,L5=5 + own_pitch_stingy,0.5667,60,34,0.441,0.0296,0.5371,0.4762,21,0.6154,39,False,False
Standard UNDER,plate_appearances,L5>=4 + opp_pitch_leaky,0.5645,62,35,0.4409,-0.0018,0.5663,0.6667,12,0.54,50,False,False
Standard UNDER,total_bases,L5>=4 + L10>=8 + own_pitch_leaky,0.5541,74,41,0.4409,0.0169,0.5372,0.6,15,0.5424,59,False,False
Standard UNDER,hits+runs+rbis,BA>=.275,0.4854,478,232,0.4408,-0.0495,0.5349,0.4571,210,0.5075,268,False,False
Standard UNDER,runs,L10>=8 + opp_bats_Strong,0.5294,119,63,0.4402,-0.013,0.5424,0.55,60,0.5085,59,False,False
Goblin OVER,singles,L5>=4 + opp_bats_Strong,0.5146,171,88,0.4402,-0.025,0.5396,0.5147,68,0.5146,103,False,False
Standard OVER,hits,K%>=22,0.4696,1086,510,0.4401,-0.0078,0.4774,0.4516,682,0.5,404,False,False
Standard UNDER,earned_runs,L10>=8 + opp_bats_Strong,0.6207,29,18,0.44,0.0409,0.5798,0.6667,6,0.6087,23,False,False
Goblin OVER,walks,opp_pitch_leaky,0.5208,144,75,0.4398,0.0102,0.5106,0.5085,118,0.5769,26,False,False
Standard UNDER,pitching_outs,opp_pitch_leaky,0.4966,292,145,0.4396,0.0021,0.4945,0.4211,133,0.5597,159,False,False
Standard OVER,hits,own_pitch_leaky,0.4764,678,323,0.439,-0.001,0.4774,0.447,396,0.5177,282,False,False
Goblin OVER,walks,own_pitch_leaky,0.5321,109,58,0.4389,0.0215,0.5106,0.5402,87,0.5,22,False,False
Standard UNDER,walks_allowed,own_bats_Strong,0.5217,138,72,0.4389,0.0203,0.5014,0.5714,98,0.4,40,False,False
Standard UNDER,total_bases,L10>=8 + opp_pitch_leaky,0.5159,157,81,0.4383,-0.0213,0.5372,0.4889,45,0.5268,112,False,False
Standard UNDER,total_bases,L5=5 + L10>=8 + own_pitch_stingy,0.6129,31,19,0.4382,0.0757,0.5372,0.3333,3,0.6429,28,False,False
Standard UNDER,pitcher_ks,L5=5 + own_pitch_stingy,0.6129,31,19,0.4382,0.0894,0.5235,0.6111,18,0.6154,13,False,False
Standard UNDER,hitter_ks,L5=5 + own_pitch_stingy,0.6129,31,19,0.4382,0.0625,0.5504,0.6333,30,0.0,1,False,False
Standard OVER,pitches_thrown,opp_pitch_leaky,0.5047,214,108,0.4382,0.001,0.5037,0.4182,110,0.5962,104,False,False
Standard OVER,hits,opp_pitch_stingy,0.4738,743,352,0.4381,-0.0036,0.4774,0.4635,438,0.4885,305,False,False
Standard OVER,hitter_ks,line_0.5,0.469,985,462,0.4381,0.0059,0.4631,0.469,968,0.4706,17,False,False
Standard OVER,runs,own_pitch_leaky,0.4728,772,365,0.4378,0.0167,0.4561,0.4549,521,0.51,251,False,False
Standard UNDER,hits+runs+rbis,L10=10 + own_pitch_stingy,0.6667,18,12,0.4375,0.1318,0.5349,0.6,5,0.6923,13,False,False
Goblin OVER,plate_appearances,L5>=4 + L10>=8,0.6667,18,12,0.4375,0.1522,0.5145,0.5,2,0.6875,16,False,False
Standard UNDER,pitching_outs,L10>=8 + own_bats_Strong,0.6667,18,12,0.4375,0.1722,0.4945,0.4,5,0.7692,13,False,False
Standard OVER,hits+runs+rbis,L10>=8 + cover>=0.5,0.5361,97,52,0.4374,0.044,0.4921,0.6154,13,0.5238,84,False,False
Standard OVER,total_bases,L5>=4 + cover>=0.5,0.5166,151,78,0.4374,0.0663,0.4503,0.4643,28,0.5285,123,False,False
Standard UNDER,walks,K%>=22,0.4948,287,142,0.4374,-0.0155,0.5103,0.505,202,0.4706,85,False,False
Standard UNDER,runs,L10>=8 + own_pitch_stingy,0.5368,95,51,0.4371,-0.0056,0.5424,0.6,35,0.5,60,False,False
Standard UNDER,pitches_thrown,L5>=4 + season_cush>=2,0.5368,95,51,0.4371,0.014,0.5228,0.5862,29,0.5152,66,False,False
Standard OVER,walks,own_pitch_stingy,0.498,253,126,0.4369,0.0029,0.4951,0.4915,177,0.5132,76,False,False
Standard OVER,hits+runs+rbis,L5=5 + own_bats_Strong + season_cush>=1,0.6061,33,20,0.4368,0.114,0.4921,0.8,5,0.5714,28,False,False
Standard UNDER,singles,L5=5 + L10>=8 + own_pitch_stingy,0.6061,33,20,0.4368,0.069,0.5371,0.375,8,0.68,25,False,False
Standard UNDER,singles,L10>=8 + own_pitch_stingy + cover>=1,0.6061,33,20,0.4368,0.069,0.5371,0.375,8,0.68,25,False,False
Standard OVER,walks,L10>=8,0.6061,33,20,0.4368,0.111,0.4951,0.5714,21,0.6667,12,False,False
Standard OVER,walks,L10>=8 + line_0.5,0.6061,33,20,0.4368,0.111,0.4951,0.5714,21,0.6667,12,False,False
Standard OVER,total_bases,L5>=4 + own_pitch_stingy,0.5376,93,50,0.4368,0.0873,0.4503,0.525,40,0.5472,53,False,False
Standard UNDER,singles,L10>=8 + own_bats_Strong,0.5083,181,92,0.436,-0.0288,0.5371,0.4426,61,0.5417,120,False,False
Standard OVER,hits+runs+rbis,L5=5 + own_bats_Strong + cover>=1,0.6,35,21,0.4357,0.1079,0.4921,0.7778,9,0.5385,26,False,False
Standard OVER,total_bases,L5>=4 + BA>=.275,0.6,35,21,0.4357,0.1497,0.4503,0.6111,18,0.5882,17,False,False
Standard UNDER,runs,BA>=.300,0.5259,116,61,0.4356,-0.0165,0.5424,0.473,74,0.619,42,False,False
Standard UNDER,singles,L10>=8 + cover>=0.5,0.518,139,72,0.4356,-0.0191,0.5371,0.425,40,0.5556,99,False,False
Standard UNDER,total_bases,L5=5 + opp_pitch_leaky,0.5422,83,45,0.4355,0.005,0.5372,0.5946,37,0.5,46,False,False
Standard UNDER,hits,L10>=9,0.5422,83,45,0.4355,-0.0131,0.5553,0.6875,16,0.5075,67,False,False
Standard OVER,runs,line_0.5,0.4561,2230,1017,0.4355,0.0,0.4561,0.4312,1454,0.5026,776,False,False
Standard OVER,walks_allowed,opp_pitch_stingy,0.5052,194,98,0.4354,0.0062,0.499,0.453,117,0.5844,77,False,False
Goblin OVER,walks,K%>=22,0.5052,192,97,0.4351,-0.0054,0.5106,0.4847,163,0.6207,29,False,False
Standard OVER,hitter_ks,own_bats_Strong,0.4837,399,193,0.4351,0.0206,0.4631,0.491,391,0.125,8,False,False
Standard UNDER,total_bases,L10>=8 + K%>=22 + opp_pitch_stingy,0.5443,79,43,0.435,0.0071,0.5372,0.4211,19,0.5833,60,False,False
Standard OVER,earned_runs,line_2.5+,0.4929,282,139,0.435,0.0025,0.4904,0.4667,105,0.5085,177,False,False
Goblin OVER,hitterfantasyscore,L10>=8 + K%>=28 + opp_pitch_stingy,0.5946,37,22,0.4349,-0.0714,0.666,0.5946,37,,0,False,False
Standard UNDER,total_bases,L5=5 + K%>=22 + opp_pitch_stingy,0.5946,37,22,0.4349,0.0574,0.5372,0.6316,19,0.5556,18,False,False
Standard OVER,pitching_outs,season_cush>=1,0.5946,37,22,0.4349,0.0925,0.5021,0.5333,15,0.6364,22,False,False
Standard OVER,pitches_thrown,opp_pitch_stingy,0.5,222,111,0.4348,-0.0037,0.5037,0.4724,127,0.5368,95,False,False
Standard OVER,pitcher_ks,L5>=4 + own_pitch_leaky,0.5467,75,41,0.4345,0.0464,0.5003,0.4545,33,0.619,42,False,False
Standard OVER,total_bases,L5>=4 + own_pitch_leaky,0.5088,171,87,0.4345,0.0585,0.4503,0.5089,112,0.5085,59,False,False
Standard UNDER,pitcher_ks,L10>=8 + season_cush>=1,0.5897,39,23,0.4342,0.0662,0.5235,0.5833,12,0.5926,27,False,False
Standard UNDER,hits_allowed,L5>=4 + opp_bats_Strong,0.5479,73,40,0.4342,0.055,0.4929,0.4783,46,0.6667,27,False,False
Standard UNDER,hits_allowed,L5>=4 + own_pitch_leaky,0.5493,71,39,0.434,0.0564,0.4929,0.4524,42,0.6897,29,False,False
Standard OVER,hitter_ks,opp_pitch_leaky,0.4799,448,215,0.434,0.0168,0.4631,0.483,441,0.2857,7,False,False
Standard OVER,singles,K%>=22,0.4614,1257,580,0.434,-0.0248,0.4862,0.4628,672,0.4598,585,False,False
Standard UNDER,hits,L5=5 + K%>=22,0.5507,69,38,0.4338,-0.0046,0.5553,0.6087,23,0.5217,46,False,False
Standard OVER,walks_allowed,own_bats_Strong,0.5054,184,93,0.4338,0.0064,0.499,0.466,103,0.5556,81,False,False
Standard OVER,singles,cover>=1,0.4792,457,219,0.4338,-0.007,0.4862,0.469,113,0.4826,344,False,False
Standard UNDER,runs,L5=5 + line_0.5,0.5288,104,55,0.4336,-0.0136,0.5424,0.5211,71,0.5455,33,False,False
Standard OVER,walks,K%>=28 + opp_pitch_stingy,0.5814,43,25,0.4333,0.0863,0.4951,0.5926,27,0.5625,16,False,False
Goblin OVER,singles,L10>=8 + opp_pitch_stingy,0.5556,63,35,0.4332,0.016,0.5396,0.6087,23,0.525,40,False,False
Standard UNDER,plate_appearances,L5>=4 + own_pitch_stingy,0.5556,63,35,0.4332,-0.0107,0.5663,0.7143,7,0.5357,56,False,False
Standard UNDER,runs,L5=5 + opp_bats_Strong,0.5778,45,26,0.433,0.0354,0.5424,0.5588,34,0.6364,11,False,False
Standard OVER,hits,L5>=4 + opp_pitch_leaky,0.5778,45,26,0.433,0.1004,0.4774,0.4737,19,0.6538,26,False,False
Standard OVER,pitches_thrown,L5>=4 + opp_bats_Strong,0.5778,45,26,0.433,0.0741,0.5037,0.5833,24,0.5714,21,False,False
Standard OVER,pitches_thrown,L5>=4 + own_pitch_leaky,0.5778,45,26,0.433,0.0741,0.5037,0.619,21,0.5417,24,False,False
Standard OVER,runs,own_bats_Strong,0.4646,945,439,0.433,0.0085,0.4561,0.4526,623,0.4876,322,False,False
Goblin OVER,singles,L10>=9 + own_pitch_leaky,0.65,20,13,0.4329,0.1104,0.5396,0.6875,16,0.5,4,False,False
Goblin OVER,pitcherfantasyscore,L5=5 + own_bats_Strong,0.65,20,13,0.4329,-0.0256,0.6756,0.65,20,,0,False,False
Goblin OVER,walks,cover>=1,0.65,20,13,0.4329,0.1394,0.5106,0.4286,7,0.7692,13,False,False
Standard UNDER,hits_allowed,own_bats_Strong,0.491,279,137,0.4329,-0.0019,0.4929,0.4576,177,0.549,102,False,False
Standard UNDER,singles,L5=5 + own_pitch_stingy + cover>=1,0.5745,47,27,0.4328,0.0374,0.5371,0.375,8,0.6154,39,False,False
Standard UNDER,walks,L5>=4 + cover>=0.5,0.5745,47,27,0.4328,0.0642,0.5103,1.0,2,0.5556,45,False,False
Standard UNDER,hits_allowed,season_cush>=1,0.5614,57,32,0.4328,0.0685,0.4929,0.4762,21,0.6111,36,False,False
Goblin OVER,singles,L10>=8 + BA>=.275 + opp_pitch_leaky,0.5714,49,28,0.4327,0.0318,0.5396,0.6875,16,0.5152,33,False,False
Standard UNDER,plate_appearances,L10>=8 + opp_bats_Strong,0.566,53,30,0.4327,-0.0003,0.5663,0.4,10,0.6047,43,False,False
Standard OVER,pitcherfantasyscore,own_pitch_stingy,0.5026,193,97,0.4327,-0.013,0.5156,0.5026,193,,0,False,False
Standard UNDER,hitterfantasyscore,K%>=28,0.5094,159,81,0.4324,-0.0231,0.5325,0.5094,159,,0,False,False
Standard OVER,pitcher_ks,L5>=4 + own_bats_Strong,0.5349,86,46,0.4302,0.0346,0.5003,0.5,50,0.5833,36,False,False
Standard UNDER,hits_allowed,opp_bats_Strong,0.4876,283,138,0.43,-0.0053,0.4929,0.4588,170,0.531,113,False,False
Standard UNDER,pitcher_ks,season_cush>=2,0.6364,22,14,0.4295,0.1129,0.5235,0.5,8,0.7143,14,False,False
Standard UNDER,pitcher_ks,L5=5 + opp_pitch_leaky,0.6364,22,14,0.4295,0.1129,0.5235,0.6154,13,0.6667,9,False,False
Standard OVER,walks,L10>=8 + K%>=22,0.6364,22,14,0.4295,0.1413,0.4951,0.6111,18,0.75,4,False,False
Standard UNDER,pitching_outs,opp_pitch_stingy,0.4863,292,142,0.4295,-0.0082,0.4945,0.5,132,0.475,160,False,False
Standard OVER,singles,K%>=28,0.5366,82,44,0.4294,0.0504,0.4862,0.5238,42,0.55,40,False,False
Standard UNDER,total_bases,L5=5 + own_bats_Strong,0.5366,82,44,0.4294,-0.0006,0.5372,0.55,40,0.5238,42,False,False
Standard UNDER,runs,L5=5,0.5238,105,55,0.4291,-0.0186,0.5424,0.5139,72,0.5455,33,False,False
Goblin OVER,total_bases,L10>=8 + K%>=28 + opp_pitch_stingy,0.5385,78,42,0.4286,-0.0561,0.5946,0.5,18,0.55,60,False,False
Standard UNDER,total_bases,L5=5 + L10>=8,0.5385,78,42,0.4286,0.0013,0.5372,0.5833,12,0.5303,66,False,False
Standard UNDER,hits_allowed,opp_pitch_leaky,0.4848,297,144,0.4286,-0.0081,0.4929,0.4475,181,0.5431,116,False,False
Standard OVER,runs,L5>=4 + cover>=0.5,0.5065,154,78,0.4283,0.0504,0.4561,0.439,41,0.531,113,False,False
Standard UNDER,pitcherfantasyscore,own_bats_Strong,0.503,167,84,0.428,-0.0051,0.5081,0.503,167,,0,False,False
Standard OVER,pitcherfantasyscore,opp_pitch_leaky,0.5066,152,77,0.4279,-0.009,0.5156,0.5066,152,,0,False,False
Standard OVER,total_bases,own_pitch_stingy,0.4542,1354,615,0.4279,0.0039,0.4503,0.4501,882,0.4619,472,False,False
Standard OVER,hits,L5>=4 + K%>=22,0.5253,99,52,0.4278,0.0479,0.4774,0.5294,51,0.5208,48,False,False
Standard OVER,hits+runs+rbis,L5>=4 + opp_bats_Strong,0.4883,256,125,0.4277,-0.0038,0.4921,0.4731,93,0.4969,163,False,False
Standard OVER,runs,BA>=.275,0.4705,508,239,0.4275,0.0144,0.4561,0.461,282,0.4823,226,False,False
Standard OVER,walks,own_bats_Strong,0.4931,217,107,0.4273,-0.002,0.4951,0.5062,162,0.4545,55,False,False
Standard OVER,runs,season_HR>70%,0.625,24,15,0.4271,0.1689,0.4561,0.6087,23,1.0,1,False,False
Standard UNDER,hitter_ks,K%>=28 + opp_pitch_stingy,0.625,24,15,0.4271,0.0746,0.5504,0.625,24,,0,False,False
Standard UNDER,total_bases,L10>=8 + opp_bats_Strong,0.5068,148,75,0.4271,-0.0304,0.5372,0.4545,44,0.5288,104,False,False
Standard OVER,hits_allowed,opp_pitch_leaky,0.493,215,106,0.4269,0.0298,0.4632,0.4545,121,0.5426,94,False,False
Standard UNDER,total_bases,L10>=9,0.5175,114,59,0.4267,-0.0197,0.5372,0.64,25,0.4831,89,False,False
Standard UNDER,singles,L5=5 + opp_bats_Strong,0.5441,68,37,0.4266,0.007,0.5371,0.4571,35,0.6364,33,False,False
Standard OVER,total_bases,own_pitch_leaky,0.4524,1397,632,0.4265,0.0021,0.4503,0.4437,933,0.4698,464,False,False
Standard OVER,hits+runs+rbis,L5>=4 + L10>=8,0.5269,93,49,0.4264,0.0348,0.4921,0.6154,13,0.5125,80,False,False
Standard OVER,total_bases,opp_pitch_leaky,0.4515,1424,643,0.4259,0.0012,0.4503,0.4483,919,0.4574,505,False,False
Standard OVER,hits+runs+rbis,L5=5 + BA>=.275,0.6154,26,16,0.4253,0.1233,0.4921,0.5455,11,0.6667,15,False,False
Goblin OVER,hitterfantasyscore,L10=10 + opp_pitch_leaky,0.6154,26,16,0.4253,-0.0506,0.666,0.6154,26,,0,False,False
Standard UNDER,runs,L10>=8 + BA>=.275 + opp_pitch_leaky,0.6154,26,16,0.4253,0.073,0.5424,0.5882,17,0.6667,9,False,False
Goblin OVER,walks,K%>=28,0.5185,108,56,0.4253,0.0079,0.5106,0.4943,87,0.619,21,False,False
Goblin OVER,hitter_ks,line_1.5,0.512,125,64,0.4253,-0.1091,0.6211,0.451,51,0.5541,74,False,False
Standard OVER,hits+runs+rbis,L5>=4 + opp_pitch_leaky,0.4891,229,112,0.4251,-0.003,0.4921,0.527,74,0.471,155,False,False
Standard UNDER,runs,L10>=8 + K%>=22 + opp_pitch_leaky,0.55,60,33,0.4249,0.0076,0.5424,0.6667,24,0.4722,36,False,False
Standard OVER,runs,cover>=0.5,0.4747,375,178,0.4246,0.0186,0.4561,0.3793,87,0.5035,288,False,False
Goblin OVER,walks,cover>=0.5,0.6071,28,17,0.4241,0.0965,0.5106,0.4444,9,0.6842,19,False,False
Standard OVER,hits+runs+rbis,L5>=4 + own_pitch_leaky,0.4871,232,113,0.4235,-0.005,0.4921,0.4429,70,0.5062,162,False,False
Standard UNDER,pitcherfantasyscore,own_pitch_stingy,0.5,160,80,0.4234,-0.0081,0.5081,0.5,160,,0,False,False
Standard OVER,hits,L5>=4 + opp_pitch_stingy,0.5309,81,43,0.4233,0.0535,0.4774,0.6111,36,0.4667,45,False,False
Standard UNDER,total_bases,L10>=9 + own_pitch_leaky,0.56,50,28,0.4231,0.0228,0.5372,0.6667,12,0.5263,38,False,False
Standard UNDER,walks,cover>=0.5,0.5625,48,27,0.4227,0.0522,0.5103,0.6667,3,0.5556,45,False,False
Standard OVER,walks,BA>=.275,0.5316,79,42,0.4227,0.0365,0.4951,0.5,58,0.619,21,False,False
Standard UNDER,pitcherfantasyscore,L5>=4,0.5938,32,19,0.4226,0.0857,0.5081,0.5938,32,,0,False,False
Standard OVER,hits+runs+rbis,L10>=8 + season_cush>=1,0.5204,98,51,0.4226,0.0283,0.4921,0.5333,15,0.5181,83,False,False
Goblin OVER,total_bases,L10=10 + own_pitch_stingy,0.5652,46,26,0.4225,-0.0294,0.5946,0.6,20,0.5385,26,False,False
Standard OVER,walks,opp_pitch_leaky,0.4826,259,125,0.4225,-0.0125,0.4951,0.5031,159,0.45,100,False,False
Standard UNDER,hits,L10>=8 + K%>=28 + opp_pitch_stingy,0.5682,44,25,0.4222,0.0129,0.5553,0.5,14,0.6,30,False,False
Standard UNDER,hits+runs+rbis,L10>=8 + BA>=.275 + opp_pitch_leaky,0.5714,42,24,0.4221,0.0365,0.5349,0.6,15,0.5556,27,False,False
Standard OVER,pitches_thrown,L5>=4 + opp_pitch_stingy,0.5714,42,24,0.4221,0.0677,0.5037,0.5909,22,0.55,20,False,False
Standard OVER,runs,cover>=1,0.4921,191,94,0.4221,0.036,0.4561,0.4211,38,0.5098,153,False,False
Goblin OVER,total_bases,line_1.5,0.4825,257,124,0.4221,-0.1121,0.5946,0.4898,196,0.459,61,False,False
Standard UNDER,pitching_outs,own_bats_Strong,0.4825,257,124,0.4221,-0.012,0.4945,0.4569,116,0.5035,141,False,False
Standard OVER,hits_allowed,line_2.5+,0.4648,512,238,0.4221,0.0016,0.4632,0.4555,281,0.4762,231,False,False
Standard OVER,hitterfantasyscore,opp_pitch_stingy,0.4566,784,358,0.4221,-0.032,0.4886,0.4566,784,,0,False,False
Standard UNDER,hitterfantasyscore,L10>=9,0.5833,36,21,0.422,0.0508,0.5325,0.5833,36,,0,False,False
Standard UNDER,earned_runs,L5>=4 + opp_bats_Strong,0.5833,36,21,0.422,0.0035,0.5798,0.4286,7,0.6207,29,False,False
Goblin OVER,singles,L10>=8 + opp_pitch_leaky + cover>=1,0.5789,38,22,0.4219,0.0393,0.5396,0.75,8,0.5333,30,False,False
Goblin OVER,plate_appearances,L5>=4 + K%>=22,0.5789,38,22,0.4219,0.0644,0.5145,0.4,5,0.6061,33,False,False
Goblin OVER,singles,L5=5 + own_pitch_stingy,0.575,40,23,0.4219,0.0354,0.5396,0.6842,19,0.4762,21,False,False
Standard OVER,runs,K%>=22,0.4508,1067,481,0.4212,-0.0053,0.4561,0.4257,700,0.4986,367,False,False
Goblin OVER,total_bases,L5=5 + season_cush>=2,0.5342,73,39,0.421,-0.0604,0.5946,0.5556,9,0.5312,64,False,False
Goblin OVER,singles,L10>=8 + opp_pitch_leaky,0.5342,73,39,0.421,-0.0054,0.5396,0.7059,17,0.4821,56,False,False
Standard OVER,hits,K%>=28,0.4644,491,228,0.4207,-0.013,0.4774,0.4313,320,0.5263,171,False,False
Standard OVER,singles,L5>=4 + K%>=22,0.4969,161,80,0.4206,0.0107,0.4862,0.4658,73,0.5227,88,False,False
Standard OVER,total_bases,opp_pitch_stingy,0.4467,1229,549,0.4191,-0.0036,0.4503,0.425,793,0.4862,436,False,False
Standard OVER,runs,opp_bats_Strong,0.4506,932,420,0.419,-0.0055,0.4561,0.4168,583,0.5072,349,False,False
Goblin OVER,singles,L10>=8 + opp_bats_Strong,0.5385,65,35,0.4185,-0.0011,0.5396,0.7273,22,0.4419,43,False,False
Standard UNDER,runs,L5=5 + opp_pitch_leaky,0.5385,65,35,0.4185,-0.0039,0.5424,0.525,40,0.56,25,False,False
Standard UNDER,walks,opp_pitch_leaky,0.4798,248,119,0.4184,-0.0305,0.5103,0.4724,163,0.4941,85,False,False
Standard OVER,total_bases,BA>=.300,0.5,140,70,0.4183,0.0497,0.4503,0.531,113,0.3704,27,False,False
Standard OVER,hits+runs+rbis,L5>=4 + own_bats_Strong,0.4774,266,127,0.4182,-0.0147,0.4921,0.4819,83,0.4754,183,False,False
Standard OVER,hits+runs+rbis,L5=5,0.5089,112,57,0.4176,0.0168,0.4921,0.4898,49,0.5238,63,False,False
Goblin OVER,singles,L5=5 + cover>=1.5,0.541,61,33,0.4172,0.0014,0.5396,0.6571,35,0.3846,26,False,False
Standard UNDER,pitching_outs,own_pitch_stingy,0.475,280,133,0.4172,-0.0195,0.4945,0.4715,123,0.4777,157,False,False
Standard OVER,hits+runs+rbis,L5=5 + BA>=.275 + opp_pitch_stingy,0.6667,15,10,0.4171,0.1746,0.4921,0.6667,6,0.6667,9,False,False
Standard UNDER,hits+runs+rbis,L10=10 + opp_pitch_leaky,0.6667,15,10,0.4171,0.1318,0.5349,0.3333,3,0.75,12,False,False
Standard OVER,pitcher_ks,L5>=4 + cover>=0.5,0.6667,15,10,0.4171,0.1664,0.5003,0.5,2,0.6923,13,False,False
Goblin OVER,pitcherfantasyscore,L10>=9 + opp_bats_Strong,0.6667,15,10,0.4171,-0.0089,0.6756,0.6667,15,,0,False,False
Standard UNDER,earned_runs,L10>=8 + cover>=0.5,0.6667,15,10,0.4171,0.0869,0.5798,1.0,3,0.5833,12,False,False
Standard OVER,earned_runs,L5>=4 + own_bats_Strong,0.6667,15,10,0.4171,0.1763,0.4904,0.75,4,0.6364,11,False,False
Goblin OVER,first_inning_walks,line_0.5,0.6667,15,10,0.4171,0.0,0.6667,0.6667,15,,0,False,False
Standard OVER,hitter_ks,L5>=4 + opp_pitch_leaky,0.5091,110,56,0.4169,0.046,0.4631,0.5283,106,0.0,4,False,False
Standard UNDER,hits_allowed,opp_pitch_stingy,0.4739,287,136,0.4168,-0.019,0.4929,0.4885,174,0.4513,113,False,False
Standard UNDER,hitter_ks,own_pitch_leaky,0.4818,220,106,0.4167,-0.0686,0.5504,0.4813,214,0.5,6,False,False
Standard UNDER,total_bases,L10>=8 + cover>=1,0.5424,59,32,0.4166,0.0052,0.5372,0.5,4,0.5455,55,False,False
Standard UNDER,total_bases,L5=5 + L10>=8 + line_0.5,0.5424,59,32,0.4166,0.0052,0.5372,0.5,4,0.5455,55,False,False
Standard OVER,total_bases,K%>=22,0.438,2032,890,0.4166,-0.0123,0.4503,0.4299,1349,0.4539,683,False,False
Standard OVER,hits+runs+rbis,L5>=4 + cover>=1.5,0.5161,93,48,0.416,0.024,0.4921,0.6,15,0.5,78,False,False
Standard UNDER,walks,L5>=4 + K%>=22,0.5161,93,48,0.416,0.0058,0.5103,0.5079,63,0.5333,30,False,False
Standard OVER,hits_allowed,opp_bats_Strong,0.4815,216,104,0.4158,0.0183,0.4632,0.4545,121,0.5158,95,False,False
Goblin OVER,singles,L5=5 + BA>=.275,0.5455,55,30,0.4152,0.0059,0.5396,0.6923,26,0.4138,29,False,False
Standard OVER,pitches_thrown,L5>=4,0.5096,104,53,0.4149,0.0059,0.5037,0.5357,56,0.4792,48,False,False
Standard UNDER,hits_allowed,L5>=4 + own_bats_Strong,0.527,74,39,0.4148,0.0341,0.4929,0.48,50,0.625,24,False,False
Standard OVER,hits+runs+rbis,L5=5 + K%>=22,0.5472,53,29,0.4145,0.0551,0.4921,0.6,15,0.5263,38,False,False
Standard UNDER,hitter_ks,L5>=4 + opp_pitch_stingy,0.5098,102,52,0.4142,-0.0406,0.5504,0.5258,97,0.2,5,False,False
Goblin OVER,walks,opp_bats_Strong,0.5098,102,52,0.4142,-0.0008,0.5106,0.5176,85,0.4706,17,False,False
Standard OVER,hits+runs+rbis,K%>=28,0.4544,570,259,0.414,-0.0377,0.4921,0.4784,301,0.4275,269,False,False
Standard OVER,runs,L5>=4 + K%>=22,0.5,124,62,0.4133,0.0439,0.4561,0.4444,72,0.5769,52,False,False
Standard OVER,walks_allowed,own_pitch_stingy,0.4806,206,99,0.4133,-0.0184,0.499,0.4867,113,0.4731,93,False,False
Standard UNDER,runs,L5>=4 + L10>=8 + own_pitch_leaky,0.551,49,27,0.4131,0.0086,0.5424,0.5294,34,0.6,15,False,False
Standard OVER,singles,L10>=8 + BA>=.300,0.6471,17,11,0.413,0.1609,0.4862,1.0,3,0.5714,14,False,False
Standard UNDER,pitching_outs,L10>=9 + own_pitch_leaky,0.6471,17,11,0.413,0.1526,0.4945,0.8,5,0.5833,12,False,False
Standard UNDER,plate_appearances,L10>=9 + opp_bats_Strong,0.6471,17,11,0.413,0.0808,0.5663,0.25,4,0.7692,13,False,False
Standard UNDER,plate_appearances,L10>=9 + own_pitch_stingy,0.6471,17,11,0.413,0.0808,0.5663,1.0,1,0.625,16,False,False
Standard OVER,walks,L10>=8 + K%>=28,0.6471,17,11,0.413,0.152,0.4951,0.6875,16,0.0,1,False,False
Standard OVER,hits+runs+rbis,L5>=4 + own_pitch_stingy,0.4719,267,126,0.4129,-0.0202,0.4921,0.4476,105,0.4877,162,False,False
Standard OVER,total_bases,L5>=4 + K%>=22,0.4857,175,85,0.4128,0.0354,0.4503,0.4954,109,0.4697,66,False,False
Standard UNDER,walks_allowed,opp_pitch_leaky,0.4962,133,66,0.4126,-0.0052,0.5014,0.5,84,0.4898,49,False,False
Goblin OVER,hits,L10=10 + own_pitch_stingy,0.5532,47,26,0.4125,-0.0414,0.5946,0.6,20,0.5185,27,False,False
Standard UNDER,hitter_ks,L5=5 + own_bats_Strong,0.5532,47,26,0.4125,0.0028,0.5504,0.5435,46,1.0,1,False,False
Standard OVER,singles,L10>=8 + BA>=.275,0.5294,68,36,0.4124,0.0432,0.4862,0.5,16,0.5385,52,False,False
Standard OVER,singles,L5>=4 + cover>=1.5,0.5294,68,36,0.4124,0.0432,0.4862,0.6875,16,0.4808,52,False,False
Standard OVER,runs,own_pitch_stingy,0.4434,963,427,0.4123,-0.0127,0.4561,0.4251,614,0.4756,349,False,False
Standard OVER,singles,L5>=4 + own_pitch_leaky,0.4817,191,92,0.4119,-0.0045,0.4862,0.4675,77,0.4912,114,False,False
Standard OVER,pitching_outs,own_pitch_leaky,0.4785,209,100,0.4117,-0.0236,0.5021,0.4539,141,0.5294,68,False,False
Standard UNDER,plate_appearances,K%>=28,0.5303,66,35,0.4116,-0.036,0.5663,0.55,20,0.5217,46,False,False
Standard UNDER,hits+runs+rbis,L10>=8 + cover>=0.5,0.4961,129,64,0.4112,-0.0388,0.5349,0.5455,33,0.4792,96,False,False
Standard UNDER,pitching_outs,L5>=4,0.4961,129,64,0.4112,0.0016,0.4945,0.5172,58,0.4789,71,False,False
Goblin OVER,singles,L5=5 + opp_bats_Strong,0.5581,43,24,0.4111,0.0185,0.5396,0.7273,22,0.381,21,False,False
Standard UNDER,earned_runs,line_1.5,0.5581,43,24,0.4111,-0.0217,0.5798,0.5,8,0.5714,35,False,False
Standard UNDER,hits+runs+rbis,L10>=8 + opp_pitch_leaky + season_cush>=1,0.6316,19,12,0.4104,0.0967,0.5349,0.3333,3,0.6875,16,False,False
Standard UNDER,hits+runs+rbis,L10>=9 + K%>=28,0.6316,19,12,0.4104,0.0967,0.5349,,0,0.6316,19,False,False
Standard UNDER,runs,L5=5 + own_pitch_leaky + cover>=1,0.6316,19,12,0.4104,0.0892,0.5424,0.6154,13,0.6667,6,False,False
Standard OVER,hits,opp_bats_Strong,0.4516,547,247,0.4103,-0.0258,0.4774,0.4407,329,0.4679,218,False,False
Standard UNDER,hits+runs+rbis,L5=5 + BA>=.275,0.5641,39,22,0.4098,0.0292,0.5349,0.7143,14,0.48,25,False,False
Standard OVER,earned_runs,season_cush>=1,0.5641,39,22,0.4098,0.0737,0.4904,0.5,8,0.5806,31,False,False
Goblin OVER,walks,own_bats_Strong,0.5,114,57,0.4097,-0.0106,0.5106,0.4632,95,0.6842,19,False,False
Standard OVER,hitter_ks,opp_bats_Strong,0.458,393,180,0.4094,-0.0051,0.4631,0.4566,392,1.0,1,False,False
Goblin OVER,plate_appearances,L5>=4 + own_pitch_stingy,0.5676,37,21,0.4091,0.0531,0.5145,1.0,1,0.5556,36,False,False
Standard UNDER,runs,L10>=8 + BA>=.275,0.5676,37,21,0.4091,0.0252,0.5424,0.5,22,0.6667,15,False,False
Standard UNDER,runs,L5=5 + opp_pitch_leaky + cover>=1,0.5676,37,21,0.4091,0.0252,0.5424,0.5833,12,0.56,25,False,False
Standard OVER,singles,L10>=9 + BA>=.275,0.619,21,13,0.4088,0.1328,0.4862,1.0,3,0.5556,18,False,False
Standard UNDER,pitches_thrown,L10>=8 + opp_pitch_stingy + season_cush>=1,0.619,21,13,0.4088,0.0962,0.5228,0.7143,7,0.5714,14,False,False
Standard UNDER,plate_appearances,L5=5 + opp_pitch_leaky,0.619,21,13,0.4088,0.0527,0.5663,0.6667,6,0.6,15,False,False
Standard UNDER,hits+runs+rbis,L5=5 + L10>=8,0.5,110,55,0.4082,-0.0349,0.5349,0.5455,33,0.4805,77,False,False
Standard UNDER,runs,L5>=4 + BA>=.275,0.4894,141,69,0.4082,-0.053,0.5424,0.4787,94,0.5106,47,False,False
Goblin OVER,hits,L5=5 + opp_pitch_stingy + season_cush>=1,0.5758,33,19,0.4081,-0.0188,0.5946,0.6,5,0.5714,28,False,False
Goblin OVER,total_bases,L10=10 + cover>=1.5,0.5758,33,19,0.4081,-0.0188,0.5946,0.25,4,0.6207,29,False,False
Standard UNDER,walks_allowed,L5>=4 + opp_pitch_stingy,0.5758,33,19,0.4081,0.0744,0.5014,0.5882,17,0.5625,16,False,False
Standard OVER,earned_runs,opp_bats_Strong,0.4867,150,73,0.408,-0.0037,0.4904,0.4717,53,0.4948,97,False,False
Standard UNDER,hits,L10>=8 + opp_pitch_stingy + cover>=1,0.6087,23,14,0.4079,0.0534,0.5553,0.6667,3,0.6,20,False,False
Standard UNDER,plate_appearances,L10>=9 + own_pitch_leaky,0.6087,23,14,0.4079,0.0424,0.5663,0.4286,7,0.6875,16,False,False
Standard UNDER,walks_allowed,L10>=8,0.6087,23,14,0.4079,0.1073,0.5014,0.3636,11,0.8333,12,False,False
Standard UNDER,plate_appearances,L5>=4,0.4843,159,77,0.4079,-0.082,0.5663,0.5,30,0.4806,129,False,False
Standard UNDER,hits,L10>=8 + K%>=22 + opp_pitch_stingy,0.5205,73,38,0.4078,-0.0348,0.5553,0.4118,17,0.5536,56,False,False
Goblin OVER,plate_appearances,L5>=4 + opp_bats_Strong,0.5806,31,18,0.4077,0.0661,0.5145,1.0,1,0.5667,30,False,False
Standard UNDER,hitter_ks,BA>=.300,0.5806,31,18,0.4077,0.0302,0.5504,0.5806,31,,0,False,False
Standard UNDER,hits_allowed,L10>=8 + opp_pitch_leaky,0.5806,31,18,0.4077,0.0877,0.4929,0.4545,11,0.65,20,False,False
Standard UNDER,earned_runs,L5>=4 + L10>=8,0.5806,31,18,0.4077,0.0008,0.5798,0.5,6,0.6,25,False,False
Standard OVER,hits,K%>=28 + opp_pitch_stingy,0.4752,202,96,0.4075,-0.0022,0.4774,0.4414,111,0.5165,91,False,False
Goblin OVER,singles,L5=5 + opp_pitch_stingy,0.6,25,15,0.4074,0.0604,0.5396,0.8,10,0.4667,15,False,False
Standard UNDER,total_bases,L10>=8 + own_pitch_stingy + cover>=1,0.6,25,15,0.4074,0.0628,0.5372,0.3333,3,0.6364,22,False,False
Standard UNDER,total_bases,L10>=8 + opp_pitch_stingy + cover>=1,0.6,25,15,0.4074,0.0628,0.5372,0.5,2,0.6087,23,False,False
Standard OVER,walks,BA>=.275 + opp_pitch_leaky,0.5862,29,17,0.4074,0.0911,0.4951,0.5455,22,0.7143,7,False,False
Standard UNDER,earned_runs,L10>=8 + own_bats_Strong,0.5862,29,17,0.4074,0.0064,0.5798,0.6429,14,0.5333,15,False,False
Goblin OVER,singles,L5>=4 + opp_pitch_stingy,0.5052,97,49,0.4074,-0.0344,0.5396,0.4615,39,0.5345,58,False,False
Goblin OVER,total_bases,L10=10 + cover>=2,0.5926,27,16,0.4073,-0.002,0.5946,0.25,4,0.6522,23,False,False
Standard OVER,hits+runs+rbis,L10>=8 + BA>=.275 + opp_pitch_stingy,0.5926,27,16,0.4073,0.1005,0.4921,0.3333,3,0.625,24,False,False
Standard UNDER,hits+runs+rbis,L10>=9 + BA>=.275,0.5926,27,16,0.4073,0.0577,0.5349,0.6875,16,0.4545,11,False,False
Goblin OVER,singles,L10>=8 + BA>=.300 + opp_pitch_leaky,0.5926,27,16,0.4073,0.053,0.5396,0.6364,11,0.5625,16,False,False
Standard OVER,earned_runs,L5>=4 + cover>=0.5,0.5926,27,16,0.4073,0.1022,0.4904,0.625,8,0.5789,19,False,False
Standard OVER,pitcherfantasyscore,opp_pitch_stingy,0.4737,209,99,0.4071,-0.0419,0.5156,0.4737,209,,0,False,False
Standard UNDER,hits+runs+rbis,L10>=8 + BA>=.275,0.5211,71,37,0.4069,-0.0138,0.5349,0.5312,32,0.5128,39,False,False
Standard OVER,total_bases,L5>=4 + cover>=1,0.4891,137,67,0.4068,0.0388,0.4503,0.4231,26,0.5045,111,False,False
Standard OVER,earned_runs,opp_pitch_leaky,0.4863,146,71,0.4066,-0.0041,0.4904,0.48,50,0.4896,96,False,False
Standard OVER,singles,L5>=4 + opp_pitch_leaky,0.4709,223,105,0.4064,-0.0153,0.4862,0.5119,84,0.446,139,False,False
Standard UNDER,pitches_thrown,L5>=4 + own_pitch_leaky,0.537,54,29,0.4061,0.0142,0.5228,0.5789,19,0.5143,35,False,False
Goblin OVER,runs,BA>=.300,0.5122,82,42,0.4059,-0.0141,0.5263,0.5,54,0.5357,28,False,False
Standard UNDER,hits+runs+rbis,L5=5 + own_bats_Strong,0.5054,93,47,0.4056,-0.0295,0.5349,0.619,42,0.4118,51,False,False
Standard UNDER,hits+runs+rbis,L10>=8 + K%>=22 + opp_pitch_leaky,0.4919,124,61,0.4055,-0.043,0.5349,0.45,40,0.5119,84,False,False
Standard OVER,earned_runs,opp_pitch_stingy,0.4859,142,69,0.4052,-0.0045,0.4904,0.4222,45,0.5155,97,False,False
Standard OVER,pitcher_ks,season_cush>=1,0.4956,113,56,0.4051,-0.0047,0.5003,0.3913,23,0.5222,90,False,False
Standard UNDER,hits+runs+rbis,BA>=.275 + opp_pitch_leaky,0.469,226,106,0.405,-0.0659,0.5349,0.4095,105,0.5207,121,False,False
Standard OVER,hitterfantasyscore,K%>=28,0.4572,339,155,0.405,-0.0314,0.4886,0.4572,339,,0,False,False
Standard OVER,pitching_outs,opp_pitch_leaky,0.4773,176,84,0.4048,-0.0248,0.5021,0.4711,121,0.4909,55,False,False
Standard OVER,walks,opp_pitch_stingy,0.4885,131,64,0.4045,-0.0066,0.4951,0.4725,91,0.525,40,False,False
Standard UNDER,walks_allowed,own_pitch_leaky,0.4885,131,64,0.4045,-0.0129,0.5014,0.5309,81,0.42,50,False,False
Standard OVER,hitter_ks,opp_pitch_stingy,0.4543,372,169,0.4044,-0.0088,0.4631,0.4578,367,0.2,5,False,False
Goblin OVER,singles,L5>=4 + BA>=.300,0.5128,78,40,0.4039,-0.0268,0.5396,0.4231,26,0.5577,52,False,False
Standard UNDER,pitching_outs,season_cush>=1,0.4751,181,86,0.4037,-0.0194,0.4945,0.3871,31,0.4933,150,False,False
Standard OVER,walks,opp_bats_Strong,0.4751,181,86,0.4037,-0.02,0.4951,0.4754,122,0.4746,59,False,False
Standard OVER,walks_allowed,opp_pitch_leaky,0.4706,204,96,0.4033,-0.0284,0.499,0.4444,117,0.5057,87,False,False
Standard OVER,pitching_outs,own_bats_Strong,0.4706,204,96,0.4033,-0.0315,0.5021,0.4741,135,0.4638,69,False,False
Standard UNDER,pitching_outs,L5>=4 + own_bats_Strong,0.5417,48,26,0.4029,0.0472,0.4945,0.5833,24,0.5,24,False,False
Standard UNDER,hits_allowed,L5>=4 + own_pitch_stingy,0.5132,76,39,0.4029,0.0203,0.4929,0.4694,49,0.5926,27,False,False
Standard OVER,singles,L10>=8 + opp_bats_Strong,0.5238,63,33,0.4027,0.0376,0.4862,0.6154,13,0.5,50,False,False
Standard UNDER,singles,L5=5 + L10>=8,0.5238,63,33,0.4027,-0.0133,0.5371,0.4545,22,0.561,41,False,False
Standard UNDER,singles,L5=5 + L10>=8 + line_0.5,0.5238,63,33,0.4027,-0.0133,0.5371,0.4545,22,0.561,41,False,False
Standard OVER,hits+runs+rbis,line_0.5,0.4519,374,169,0.4022,-0.0402,0.4921,0.4899,149,0.4267,225,False,False
Standard UNDER,hits+runs+rbis,L10>=9 + cover>=0.5,0.5435,46,25,0.4018,0.0086,0.5349,0.4545,11,0.5714,35,False,False
Goblin OVER,walks,opp_pitch_stingy,0.5059,85,43,0.4017,-0.0047,0.5106,0.5,66,0.5263,19,False,False
Standard UNDER,pitcherfantasyscore,own_pitch_leaky,0.48,150,72,0.4015,-0.0281,0.5081,0.48,150,,0,False,False
Standard UNDER,runs,BA>=.275 + opp_pitch_leaky,0.4661,221,103,0.4014,-0.0763,0.5424,0.4392,148,0.5205,73,False,False
Standard UNDER,singles,cover>=1,0.4912,114,56,0.4013,-0.0459,0.5371,0.4,35,0.5316,79,False,False
Standard OVER,total_bases,opp_bats_Strong,0.4281,1266,542,0.4011,-0.0222,0.4503,0.4173,798,0.4466,468,False,False
Standard OVER,runs,L5>=4 + cover>=1,0.5,94,47,0.4009,0.0439,0.4561,0.4211,19,0.52,75,False,False
Standard UNDER,total_bases,L5=5 + K%>=22 + opp_pitch_leaky,0.5455,44,24,0.4007,0.0083,0.5372,0.65,20,0.4583,24,False,False
Standard UNDER,runs,L5=5 + L10>=8 + line_0.5,0.5455,44,24,0.4007,0.0031,0.5424,0.5714,21,0.5217,23,False,False
Standard UNDER,walks,L5>=4 + opp_pitch_leaky,0.5,92,46,0.3999,-0.0103,0.5103,0.4918,61,0.5161,31,False,False
Goblin OVER,singles,L5=5 + opp_bats_Strong + cover>=1,0.5476,42,23,0.3995,0.008,0.5396,0.7143,21,0.381,21,False,False
Standard OVER,rbis,opp_pitch_leaky,0.5476,42,23,0.3995,0.0476,0.5,0.5455,22,0.55,20,False,False
Standard UNDER,pitcher_ks,L5>=4 + own_pitch_leaky,0.5062,81,41,0.3995,-0.0173,0.5235,0.5128,39,0.5,42,False,False
Goblin OVER,runs,L5>=4 + opp_bats_Strong,0.5062,81,41,0.3995,-0.0201,0.5263,0.4918,61,0.55,20,False,False
Standard OVER,hits_allowed,own_pitch_leaky,0.4688,192,90,0.3995,0.0056,0.4632,0.4953,107,0.4353,85,False,False
Standard OVER,earned_runs,own_pitch_stingy,0.4874,119,58,0.3994,-0.003,0.4904,0.4857,35,0.4881,84,False,False
Standard UNDER,plate_appearances,L5>=4 + own_bats_Strong,0.5263,57,30,0.3992,-0.04,0.5663,0.5,10,0.5319,47,False,False
Goblin OVER,runs,cover>=0.5,0.5,90,45,0.3988,-0.0263,0.5263,0.4231,26,0.5312,64,False,False
Goblin OVER,runs,L5>=4 + opp_pitch_leaky,0.5,90,45,0.3988,-0.0263,0.5263,0.5075,67,0.4783,23,False,False
Standard OVER,total_bases,K%>=28,0.4325,800,346,0.3986,-0.0178,0.4503,0.416,536,0.4659,264,False,False
Standard UNDER,hits,L10>=8 + opp_bats_Strong,0.4949,99,49,0.3985,-0.0604,0.5553,0.4167,24,0.52,75,False,False
Standard OVER,hits+runs+rbis,L5=5 + opp_pitch_stingy,0.55,40,22,0.3983,0.0579,0.4921,0.5882,17,0.5217,23,False,False
Goblin OVER,singles,L5=5 + own_pitch_leaky,0.55,40,22,0.3983,0.0104,0.5396,0.6471,17,0.4783,23,False,False
Standard UNDER,total_bases,L5=5 + opp_bats_Strong + cover>=1,0.55,40,22,0.3983,0.0128,0.5372,0.25,4,0.5833,36,False,False
Standard UNDER,pitches_thrown,L10>=8 + opp_pitch_stingy,0.55,40,22,0.3983,0.0272,0.5228,0.6,15,0.52,25,False,False
Standard UNDER,hitter_ks,L5>=4 + K%>=22,0.55,40,22,0.3983,-0.0004,0.5504,0.5263,38,1.0,2,False,False
Standard OVER,hits+runs+rbis,L5=5 + cover>=1,0.5147,68,35,0.3983,0.0226,0.4921,0.6364,22,0.4565,46,False,False
Standard UNDER,pitches_thrown,L5>=4 + opp_pitch_stingy,0.5273,55,29,0.3979,0.0045,0.5228,0.6667,33,0.3182,22,False,False
Standard UNDER,pitching_outs,L5>=4 + opp_pitch_stingy,0.5273,55,29,0.3979,0.0328,0.4945,0.5909,22,0.4848,33,False,False
Standard UNDER,singles,L5=5 + opp_pitch_stingy + cover>=1,0.5526,38,21,0.3971,0.0155,0.5371,0.2857,7,0.6129,31,False,False
Standard UNDER,earned_runs,L10>=8 + opp_pitch_stingy,0.5526,38,21,0.3971,-0.0272,0.5798,0.6923,13,0.48,25,False,False
Standard UNDER,singles,L10>=8 + K%>=22 + opp_pitch_leaky,0.5152,66,34,0.3971,-0.0219,0.5371,0.619,21,0.4667,45,False,False
Standard UNDER,singles,L5=5 + K%>=22,0.5283,53,28,0.3966,-0.0088,0.5371,0.6087,23,0.4667,30,False,False
Standard OVER,hits,L5>=4 + own_pitch_leaky,0.4904,104,51,0.3964,0.013,0.4774,0.4839,62,0.5,42,False,False
Standard UNDER,total_bases,L5=5 + own_bats_Strong + cover>=1,0.5556,36,20,0.3958,0.0184,0.5372,0.3333,3,0.5758,33,False,False
Standard OVER,total_bases,L5>=4 + opp_pitch_stingy,0.4833,120,58,0.3958,0.033,0.4503,0.5167,60,0.45,60,False,False
Standard OVER,total_bases,line_1.5,0.4251,1042,443,0.3955,-0.0252,0.4503,0.4337,777,0.4,265,False,False
Standard UNDER,hitter_ks,L5>=4 + opp_pitch_leaky,0.4755,143,68,0.3954,-0.0749,0.5504,0.4676,139,0.75,4,False,False
Standard UNDER,singles,L5=5 + opp_bats_Strong + cover>=1,0.5294,51,27,0.3952,-0.0077,0.5371,0.3333,18,0.6364,33,False,False
Standard UNDER,total_bases,L10>=9 + own_bats_Strong,0.5294,51,27,0.3952,-0.0078,0.5372,0.6471,17,0.4706,34,False,False
Standard UNDER,plate_appearances,L10>=8 + opp_pitch_stingy,0.5294,51,27,0.3952,-0.0369,0.5663,0.7273,11,0.475,40,False,False
Goblin OVER,runs,L5>=4 + opp_pitch_stingy,0.5588,34,19,0.3945,0.0325,0.5263,0.5556,27,0.5714,7,False,False
Standard UNDER,runs,L10>=9,0.5,82,41,0.3942,-0.0424,0.5424,0.5,32,0.5,50,False,False
Standard UNDER,singles,L10>=8 + opp_bats_Strong,0.4675,169,79,0.3938,-0.0696,0.5371,0.4138,58,0.4955,111,False,False
Standard UNDER,pitcherfantasyscore,opp_bats_Strong,0.4726,146,69,0.3934,-0.0355,0.5081,0.4726,146,,0,False,False
Standard UNDER,plate_appearances,season_cush>=1,0.5625,32,18,0.3933,-0.0038,0.5663,0.4,5,0.5926,27,False,False
Standard OVER,runs,L5>=4,0.4509,275,124,0.3932,-0.0052,0.4561,0.3951,162,0.531,113,False,False
Standard OVER,hits,L10>=8,0.5167,60,31,0.3931,0.0393,0.4774,0.6111,18,0.4762,42,False,False
Standard OVER,hits,L10>=8 + line_0.5,0.5167,60,31,0.3931,0.0393,0.4774,0.6111,18,0.4762,42,False,False
Standard UNDER,total_bases,BA>=.275,0.4491,285,128,0.3924,-0.0881,0.5372,0.4348,161,0.4677,124,False,False
Standard UNDER,hitter_ks,L5=5,0.5072,69,35,0.3921,-0.0432,0.5504,0.5152,66,0.3333,3,False,False
Goblin OVER,hits+runs+rbis,line_2.5+,0.5667,30,17,0.392,-0.0664,0.6331,0.5417,24,0.6667,6,False,False
Goblin OVER,singles,L10>=8 + opp_bats_Strong + cover>=1,0.5667,30,17,0.392,0.0271,0.5396,0.8333,6,0.5,24,False,False
Standard UNDER,singles,L5=5 + K%>=22 + opp_pitch_leaky,0.5667,30,17,0.392,0.0296,0.5371,0.5385,13,0.5882,17,False,False
Standard UNDER,earned_runs,L10>=9,0.5667,30,17,0.392,-0.0131,0.5798,0.6429,14,0.5,16,False,False
Standard OVER,hits_allowed,own_pitch_stingy,0.4585,205,94,0.3917,-0.0047,0.4632,0.4196,112,0.5054,93,False,False
Goblin OVER,singles,L5>=4 + opp_pitch_leaky,0.4607,191,88,0.3915,-0.0789,0.5396,0.4167,72,0.4874,119,False,False
Standard UNDER,singles,BA>=.275 + opp_pitch_leaky,0.4592,196,90,0.3909,-0.0779,0.5371,0.4222,90,0.4906,106,False,False
Standard UNDER,runs,L5=5 + L10>=8,0.5333,45,24,0.3908,-0.0091,0.5424,0.5455,22,0.5217,23,False,False
Standard UNDER,hits,L10>=9 + own_bats_Strong,0.5714,28,16,0.3907,0.0161,0.5553,0.7143,7,0.5238,21,False,False
Standard UNDER,pitcher_ks,L5>=4 + opp_pitch_stingy,0.4894,94,46,0.3907,-0.0341,0.5235,0.4681,47,0.5106,47,False,False
Standard OVER,total_bases,L5>=4 + opp_bats_Strong,0.4818,110,53,0.3906,0.0315,0.4503,0.4151,53,0.5439,57,False,False
Standard UNDER,singles,L5=5 + opp_pitch_leaky,0.5,76,38,0.3903,-0.0371,0.5371,0.55,40,0.4444,36,False,False
Goblin OVER,runs,L5>=4 + own_bats_Strong,0.5,76,38,0.3903,-0.0263,0.5263,0.5,60,0.5,16,False,False
Standard OVER,pitches_thrown,season_cush>=1,0.5,76,38,0.3903,-0.0037,0.5037,0.52,25,0.4902,51,False,False
Standard UNDER,total_bases,L10>=9 + K%>=22,0.5179,56,29,0.3901,-0.0193,0.5372,0.7,10,0.4783,46,False,False
Standard UNDER,plate_appearances,L5>=4 + opp_bats_Strong,0.5179,56,29,0.3901,-0.0484,0.5663,0.3636,11,0.5556,45,False,False
Standard OVER,pitches_thrown,season_cush>=2,0.5179,56,29,0.3901,0.0142,0.5037,0.5556,18,0.5,38,False,False
Standard UNDER,hitterfantasyscore,L10>=8,0.4758,124,59,0.39,-0.0567,0.5325,0.4758,124,,0,False,False
Standard OVER,hits_allowed,own_bats_Strong,0.4554,213,97,0.3899,-0.0078,0.4632,0.4545,121,0.4565,92,False,False
Standard OVER,singles,L5=5 + opp_pitch_stingy,0.5769,26,15,0.3895,0.0907,0.4862,0.5,12,0.6429,14,False,False
Standard UNDER,hits,L10>=8 + own_pitch_stingy + cover>=1,0.5769,26,15,0.3895,0.0216,0.5553,0.5,4,0.5909,22,False,False
Goblin OVER,plate_appearances,L10>=8 + own_pitch_stingy,0.5769,26,15,0.3895,0.0624,0.5145,0.75,8,0.5,18,False,False
Standard UNDER,runs,L10>=9 + opp_pitch_stingy,0.5769,26,15,0.3895,0.0345,0.5424,0.375,8,0.6667,18,False,False
Standard OVER,hits,BA>=.275 + opp_pitch_leaky,0.5769,26,15,0.3895,0.0995,0.4774,0.6667,18,0.375,8,False,False
Standard UNDER,pitcher_ks,L5=5 + opp_pitch_stingy,0.5769,26,15,0.3895,0.0534,0.5235,0.5294,17,0.6667,9,False,False
Standard UNDER,hitter_ks,L5=5 + opp_bats_Strong,0.5769,26,15,0.3895,0.0265,0.5504,0.56,25,1.0,1,False,False
Standard UNDER,hits_allowed,L10>=8,0.5077,65,33,0.3892,0.0148,0.4929,0.3704,27,0.6053,38,False,False
Standard UNDER,hits+runs+rbis,L5>=4 + L10>=8 + own_pitch_leaky,0.4848,99,48,0.3888,-0.0501,0.5349,0.4474,38,0.5082,61,False,False
Goblin OVER,singles,L10>=8 + BA>=.300 + opp_pitch_stingy,0.5833,24,14,0.3883,0.0437,0.5396,0.7,10,0.5,14,False,False
Goblin OVER,plate_appearances,L10>=8 + own_pitch_leaky,0.5833,24,14,0.3883,0.0688,0.5145,0.5714,7,0.5882,17,False,False
Standard OVER,hits+runs+rbis,L5>=4 + cover>=1,0.4475,257,115,0.3879,-0.0446,0.4921,0.4643,56,0.4428,201,False,False
Standard OVER,hits+runs+rbis,L5>=4 + BA>=.275,0.475,120,57,0.3878,-0.0171,0.4921,0.4091,44,0.5132,76,False,False
Standard UNDER,hitterfantasyscore,BA>=.275,0.4645,155,72,0.3878,-0.068,0.5325,0.4645,155,,0,False,False
Standard OVER,walks_allowed,cover>=0.5,0.5366,41,22,0.3875,0.0376,0.499,0.4,10,0.5806,31,False,False
Standard OVER,singles,L5=5 + opp_bats_Strong + cover>=1,0.5909,22,13,0.3873,0.1047,0.4862,0.7143,7,0.5333,15,False,False
Standard UNDER,hits+runs+rbis,L5=5 + K%>=28,0.5909,22,13,0.3873,0.056,0.5349,0.5833,12,0.6,10,False,False
Standard OVER,walks,L5>=4,0.4886,88,43,0.3869,-0.0065,0.4951,0.5273,55,0.4242,33,False,False
Standard OVER,hits+runs+rbis,L10>=8 + own_pitch_stingy,0.4775,111,53,0.3869,-0.0146,0.4921,0.4333,30,0.4938,81,False,False
Standard UNDER,singles,L5>=4 + cover>=1,0.4775,111,53,0.3869,-0.0596,0.5371,0.3824,34,0.5195,77,False,False
Standard OVER,singles,L5>=4 + BA>=.300,0.6,20,12,0.3866,0.1138,0.4862,1.0,2,0.5556,18,False,False
Standard UNDER,pitches_thrown,L10>=8 + opp_bats_Strong + season_cush>=1,0.6,20,12,0.3866,0.0772,0.5228,0.75,4,0.5625,16,False,False
Standard UNDER,hitterfantasyscore,L10>=9 + opp_pitch_leaky,0.6,20,12,0.3866,0.0675,0.5325,0.6,20,,0,False,False
Standard UNDER,hitterfantasyscore,L10>=9 + opp_bats_Strong,0.6,20,12,0.3866,0.0675,0.5325,0.6,20,,0,False,False
Standard UNDER,hits_allowed,L5=5 + own_pitch_stingy,0.6,20,12,0.3866,0.1071,0.4929,0.625,16,0.5,4,False,False
Standard UNDER,plate_appearances,L10>=9 + opp_pitch_leaky,0.6,20,12,0.3866,0.0337,0.5663,0.3333,3,0.6471,17,False,False
Standard OVER,walks,L10>=8 + opp_pitch_leaky,0.6,20,12,0.3866,0.1049,0.4951,0.4545,11,0.7778,9,False,False
Standard OVER,singles,L10>=9 + opp_pitch_stingy,0.625,16,10,0.3864,0.1388,0.4862,0.8,5,0.5455,11,False,False
Goblin OVER,singles,L5=5 + BA>=.275 + opp_pitch_stingy,0.625,16,10,0.3864,0.0854,0.5396,0.7143,7,0.5556,9,False,False
Goblin OVER,hitterfantasyscore,L10=10 + opp_bats_Strong,0.625,16,10,0.3864,-0.041,0.666,0.625,16,,0,False,False
Standard UNDER,pitcher_ks,L10>=8 + opp_bats_Strong + season_cush>=1,0.625,16,10,0.3864,0.1015,0.5235,0.6667,6,0.6,10,False,False
Standard UNDER,pitches_thrown,L10>=9 + own_pitch_stingy,0.625,16,10,0.3864,0.1022,0.5228,0.6,10,0.6667,6,False,False
Standard UNDER,pitcherfantasyscore,L5>=4 + own_pitch_leaky,0.625,16,10,0.3864,0.1169,0.5081,0.625,16,,0,False,False
Standard UNDER,pitcherfantasyscore,L5>=4 + opp_pitch_leaky,0.625,16,10,0.3864,0.1169,0.5081,0.625,16,,0,False,False
Standard UNDER,pitcherfantasyscore,L5>=4 + opp_bats_Strong,0.625,16,10,0.3864,0.1169,0.5081,0.625,16,,0,False,False
Standard OVER,rbis,BA>=.275,0.625,16,10,0.3864,0.125,0.5,0.6,5,0.6364,11,False,False
Standard OVER,rbis,BA>=.275 + opp_pitch_leaky,0.625,16,10,0.3864,0.125,0.5,0.6,5,0.6364,11,False,False
Standard OVER,total_bases,L10>=9,0.6111,18,11,0.3862,0.1608,0.4503,0.5455,11,0.7143,7,False,False
Goblin OVER,singles,L5=5 + L10>=8 + own_pitch_stingy,0.6111,18,11,0.3862,0.0715,0.5396,0.6,5,0.6154,13,False,False
Standard UNDER,runs,L5=5 + opp_bats_Strong + cover>=1,0.6111,18,11,0.3862,0.0687,0.5424,0.5714,7,0.6364,11,False,False
Goblin OVER,pitches_thrown,L10=10 + season_cush>=1,0.6111,18,11,0.3862,-0.0931,0.7042,0.6667,6,0.5833,12,False,False
Goblin OVER,pitches_thrown,L10=10 + season_cush>=2,0.6111,18,11,0.3862,-0.0931,0.7042,0.6667,6,0.5833,12,False,False
Standard UNDER,pitches_thrown,L10>=8 + opp_pitch_leaky + season_cush>=1,0.6111,18,11,0.3862,0.0883,0.5228,0.5,6,0.6667,12,False,False
Standard UNDER,plate_appearances,L5=5 + season_cush>=1,0.6111,18,11,0.3862,0.0448,0.5663,0.5,4,0.6429,14,False,False
Standard OVER,runs,L5>=4 + opp_pitch_leaky,0.462,158,73,0.3861,0.0059,0.4561,0.3735,83,0.56,75,False,False
Standard OVER,pitcherfantasyscore,opp_bats_Strong,0.4576,177,81,0.3859,-0.058,0.5156,0.4576,177,,0,False,False
Goblin OVER,singles,L5=5 + own_pitch_leaky + cover>=1,0.5385,39,21,0.3857,-0.0011,0.5396,0.625,16,0.4783,23,False,False
Goblin OVER,singles,L5>=4 + own_pitch_leaky,0.4715,123,58,0.3855,-0.0681,0.5396,0.4717,53,0.4714,70,False,False
Goblin OVER,runs,K%>=28 + opp_pitch_stingy,0.52,50,26,0.3851,-0.0063,0.5263,0.5312,32,0.5,18,False,False
Standard OVER,total_bases,K%>=28 + opp_pitch_stingy,0.441,288,127,0.3848,-0.0093,0.4503,0.422,173,0.4696,115,False,False
Standard UNDER,total_bases,BA>=.300,0.5,68,34,0.3844,-0.0372,0.5372,0.5161,31,0.4865,37,False,False
Standard UNDER,hits,L10>=8 + cover>=1,0.5085,59,30,0.3843,-0.0468,0.5553,0.5,6,0.5094,53,False,False
Standard OVER,hits,L10>=8 + opp_pitch_stingy,0.5405,37,20,0.3838,0.0631,0.4774,0.7,10,0.4815,27,False,False
Standard OVER,hitter_ks,L5>=4,0.4469,226,101,0.3835,-0.0162,0.4631,0.4545,220,0.1667,6,False,False
Standard UNDER,pitcherfantasyscore,opp_pitch_stingy,0.4677,124,58,0.3822,-0.0404,0.5081,0.4677,124,,0,False,False
Standard OVER,runs,L5>=4 + own_pitch_leaky,0.4792,96,46,0.382,0.0231,0.4561,0.4848,66,0.4667,30,False,False
Standard UNDER,hits,L10>=8 + opp_pitch_leaky,0.4792,96,46,0.382,-0.0761,0.5553,0.2917,24,0.5417,72,False,False
Standard OVER,hits+runs+rbis,L5=5 + L10>=8,0.5429,35,19,0.3819,0.0508,0.4921,0.5,6,0.5517,29,False,False
Goblin OVER,singles,L5=5 + own_pitch_stingy + cover>=1,0.5429,35,19,0.3819,0.0033,0.5396,0.6429,14,0.4762,21,False,False
Standard UNDER,runs,L10>=8 + K%>=22 + opp_pitch_stingy,0.5429,35,19,0.3819,0.0005,0.5424,0.4167,12,0.6087,23,False,False
Standard UNDER,pitches_thrown,L5>=4 + L10>=8,0.5429,35,19,0.3819,0.0201,0.5228,0.6,15,0.5,20,False,False
Standard OVER,walks,L5>=4 + own_bats_Strong,0.5429,35,19,0.3819,0.0478,0.4951,0.5789,19,0.5,16,False,False
Standard UNDER,singles,L5=5 + cover>=0.5,0.4727,110,52,0.3819,-0.0644,0.5371,0.3636,33,0.5195,77,False,False
Standard UNDER,singles,L5=5 + cover>=1,0.4727,110,52,0.3819,-0.0644,0.5371,0.3636,33,0.5195,77,False,False
Standard OVER,hits+runs+rbis,L10>=8,0.4435,239,106,0.3819,-0.0486,0.4921,0.377,61,0.4663,178,False,False
Standard OVER,hits+runs+rbis,L5>=4 + cover>=2,0.5217,46,24,0.3814,0.0296,0.4921,0.5556,9,0.5135,37,False,False
Standard UNDER,runs,L10>=9 + own_bats_Strong,0.5217,46,24,0.3814,-0.0207,0.5424,0.5882,17,0.4828,29,False,False
Standard UNDER,hits+runs+rbis,L5=5 + own_pitch_leaky,0.4875,80,39,0.3811,-0.0474,0.5349,0.5429,35,0.4444,45,False,False
Standard OVER,earned_runs,line_1.5,0.4875,80,39,0.3811,-0.0029,0.4904,0.4667,15,0.4923,65,False,False
Standard UNDER,hits,L5=5 + L10>=8,0.5,64,32,0.381,-0.0553,0.5553,0.4545,11,0.5094,53,False,False
Standard UNDER,hits,L5=5 + L10>=8 + line_0.5,0.5,64,32,0.381,-0.0553,0.5553,0.4545,11,0.5094,53,False,False
Standard OVER,walks,own_pitch_leaky,0.4672,122,57,0.381,-0.0279,0.4951,0.4416,77,0.5111,45,False,False
Standard OVER,hits+runs+rbis,L5=5 + season_cush>=1,0.5091,55,28,0.3808,0.017,0.4921,0.6364,11,0.4773,44,False,False
Standard OVER,singles,L5=5 + cover>=0.5,0.5091,55,28,0.3808,0.0229,0.4862,0.5,14,0.5122,41,False,False
Standard OVER,singles,L5=5 + cover>=1,0.5091,55,28,0.3808,0.0229,0.4862,0.5,14,0.5122,41,False,False
Standard UNDER,hits,L10>=9 + cover>=0.5,0.5094,53,27,0.3788,-0.0459,0.5553,0.7143,7,0.4783,46,False,False
Standard UNDER,hitterfantasyscore,L10>=8 + own_bats_Strong,0.5094,53,27,0.3788,-0.0231,0.5325,0.5094,53,,0,False,False
Standard UNDER,hits+runs+rbis,L10>=9 + opp_pitch_stingy,0.5484,31,17,0.3777,0.0135,0.5349,0.4,5,0.5769,26,False,False
Standard UNDER,hits,L5=5 + L10>=8 + own_pitch_stingy,0.5484,31,17,0.3777,-0.0069,0.5553,0.4444,9,0.5909,22,False,False
Standard OVER,walks_allowed,L5>=4 + own_pitch_leaky,0.5484,31,17,0.3777,0.0494,0.499,0.5,16,0.6,15,False,False
Standard UNDER,hitter_ks,L5=5 + line_0.5,0.5,60,30,0.3773,-0.0504,0.5504,0.5172,58,0.0,2,False,False
Standard UNDER,hits,L5=5 + own_bats_Strong,0.5238,42,22,0.3772,-0.0315,0.5553,0.5,10,0.5312,32,False,False
Standard OVER,hits,L10>=8 + K%>=22,0.5238,42,22,0.3772,0.0464,0.4774,0.5625,16,0.5,26,False,False
Standard OVER,pitcher_ks,L5>=4 + own_pitch_stingy,0.4865,74,36,0.3761,-0.0138,0.5003,0.4783,46,0.5,28,False,False
Standard OVER,total_bases,L5>=4 + cover>=2,0.4815,81,39,0.376,0.0312,0.4503,0.3636,11,0.5,70,False,False
Standard UNDER,runs,L10>=9 + own_pitch_leaky,0.5517,29,16,0.3755,0.0093,0.5424,0.3333,9,0.65,20,False,False
Standard UNDER,earned_runs,L10>=8 + own_pitch_leaky,0.5517,29,16,0.3755,-0.0281,0.5798,0.5833,12,0.5294,17,False,False
Standard OVER,hits+runs+rbis,L10>=8 + own_pitch_stingy + season_cush>=1,0.525,40,21,0.375,0.0329,0.4921,0.7143,7,0.4848,33,False,False
Standard OVER,hitter_ks,K%>=22,0.4615,117,54,0.3739,-0.0016,0.4631,0.4602,113,0.5,4,False,False
Standard OVER,hits+runs+rbis,L10>=8 + own_bats_Strong,0.4574,129,59,0.3739,-0.0347,0.4921,0.4634,41,0.4545,88,False,False
Standard OVER,singles,L10>=8,0.4421,190,84,0.3733,-0.0441,0.4862,0.3714,35,0.4581,155,False,False
Standard OVER,singles,L10>=8 + line_0.5,0.4421,190,84,0.3733,-0.0441,0.4862,0.3714,35,0.4581,155,False,False
Standard OVER,hits+runs+rbis,L10>=8 + own_bats_Strong + cover>=1,0.5556,27,15,0.3731,0.0635,0.4921,1.0,2,0.52,25,False,False
Standard UNDER,total_bases,season_HR>70%,0.5556,27,15,0.3731,0.0184,0.5372,0.5385,26,1.0,1,False,False
Standard UNDER,pitches_thrown,L5=5,0.5556,27,15,0.3731,0.0328,0.5228,0.6667,15,0.4167,12,False,False
Standard UNDER,hits_allowed,L5=5 + opp_pitch_leaky,0.5556,27,15,0.3731,0.0627,0.4929,0.5263,19,0.625,8,False,False
Standard OVER,walks,L5>=4 + K%>=28,0.5556,27,15,0.3731,0.0605,0.4951,0.7333,15,0.3333,12,False,False
Standard UNDER,pitcher_ks,L10>=8 + opp_pitch_stingy,0.5263,38,20,0.3726,0.0028,0.5235,0.5,12,0.5385,26,False,False
Standard UNDER,hits_allowed,L5=5,0.5106,47,24,0.3724,0.0177,0.4929,0.5,34,0.5385,13,False,False
Standard OVER,walks,L5>=4 + K%>=22,0.5106,47,24,0.3724,0.0155,0.4951,0.6,25,0.4091,22,False,False
Standard OVER,hitter_ks,own_pitch_stingy,0.4187,418,175,0.3723,-0.0444,0.4631,0.4223,412,0.1667,6,False,False
Goblin OVER,total_bases,L5=5 + K%>=28 + opp_pitch_stingy,0.5,54,27,0.3711,-0.0946,0.5946,0.5385,39,0.4,15,False,False
Standard UNDER,singles,L10>=9 + own_bats_Strong,0.5,54,27,0.3711,-0.0371,0.5371,0.3871,31,0.6522,23,False,False
Standard OVER,runs,opp_pitch_stingy,0.4121,529,218,0.3709,-0.044,0.4561,0.3878,361,0.4643,168,False,False
Goblin OVER,hits,L10=10 + cover>=1.5,0.56,25,14,0.3707,-0.0346,0.5946,0.25,4,0.619,21,False,False
Standard OVER,hits+runs+rbis,L5=5 + K%>=22 + opp_pitch_stingy,0.56,25,14,0.3707,0.0679,0.4921,0.6667,9,0.5,16,False,False
Standard OVER,singles,L5=5 + cover>=1.5,0.56,25,14,0.3707,0.0738,0.4862,0.75,8,0.4706,17,False,False
Standard UNDER,plate_appearances,L10>=8 + BA>=.275,0.56,25,14,0.3707,-0.0063,0.5663,0.5,4,0.5714,21,False,False
Standard OVER,hits+runs+rbis,L5>=4 + K%>=28,0.4853,68,33,0.3705,-0.0068,0.4921,0.4545,33,0.5143,35,False,False
Standard OVER,runs,K%>=28,0.4232,319,135,0.3702,-0.0329,0.4561,0.3957,235,0.5,84,False,False
Standard UNDER,runs,L5=5 + own_bats_Strong,0.5278,36,19,0.3701,-0.0146,0.5424,0.5185,27,0.5556,9,False,False
Standard UNDER,runs,L10>=8 + cover>=1,0.5278,36,19,0.3701,-0.0146,0.5424,0.5385,13,0.5217,23,False,False
Standard UNDER,runs,L10>=9 + K%>=22,0.5111,45,23,0.37,-0.0313,0.5424,0.5,16,0.5172,29,False,False
Standard UNDER,hits+runs+rbis,L5=5 + K%>=22 + opp_pitch_leaky,0.5,52,26,0.3689,-0.0349,0.5349,0.5862,29,0.3913,23,False,False
Standard OVER,walks,cover>=1,0.5,52,26,0.3689,0.0049,0.4951,0.2857,7,0.5333,45,False,False
Standard UNDER,plate_appearances,L5>=4 + K%>=22,0.4795,73,35,0.3688,-0.0868,0.5663,0.6364,11,0.4516,62,False,False
Standard OVER,hits_allowed,L5>=4,0.4674,92,43,0.3688,0.0042,0.4632,0.4151,53,0.5385,39,False,False
Standard OVER,total_bases,L10>=8 + line_0.5,0.4915,59,29,0.3684,0.0412,0.4503,0.4762,21,0.5,38,False,False
Goblin OVER,runs,cover>=1,0.4915,59,29,0.3684,-0.0348,0.5263,0.4211,19,0.525,40,False,False
Standard OVER,runs,L5>=4 + own_bats_Strong,0.4587,109,50,0.3682,0.0026,0.4561,0.4068,59,0.52,50,False,False
Standard UNDER,plate_appearances,L10>=9 + own_bats_Strong,0.5652,23,13,0.3681,-0.0011,0.5663,0.3333,6,0.6471,17,False,False
Standard UNDER,pitching_outs,L10>=8,0.5116,43,22,0.3675,0.0171,0.4945,0.4286,14,0.5517,29,False,False
Standard OVER,hits+runs+rbis,L5=5 + opp_pitch_leaky + cover>=1,0.5294,34,18,0.3674,0.0373,0.4921,0.6667,12,0.4545,22,False,False
Standard UNDER,hits,L5=5 + own_bats_Strong + cover>=1,0.5294,34,18,0.3674,-0.0259,0.5553,0.5,2,0.5312,32,False,False
Standard UNDER,singles,L10>=8 + cover>=1,0.4912,57,28,0.3662,-0.0459,0.5371,0.3125,16,0.561,41,False,False
Standard OVER,hits+runs+rbis,L5=5 + L10>=8 + own_pitch_stingy,0.5714,21,12,0.3655,0.0793,0.4921,0.5,4,0.5882,17,False,False
Standard UNDER,hits,L5=5 + K%>=22 + opp_pitch_stingy,0.5714,21,12,0.3655,0.0161,0.5553,0.6,5,0.5625,16,False,False
Standard UNDER,hitter_ks,L5>=4 + L10>=8,0.5714,21,12,0.3655,0.021,0.5504,0.6667,18,0.0,3,False,False
Standard UNDER,plate_appearances,L5=5 + own_pitch_stingy,0.5714,21,12,0.3655,0.0051,0.5663,1.0,1,0.55,20,False,False
Standard OVER,plate_appearances,BA>=.275 + opp_pitch_leaky,0.5714,21,12,0.3655,0.1815,0.3899,0.5556,9,0.5833,12,False,False
Standard UNDER,walks_allowed,opp_bats_Strong,0.4488,127,57,0.3651,-0.0526,0.5014,0.4625,80,0.4255,47,False,False
Standard UNDER,walks_allowed,L5>=4,0.4783,69,33,0.3647,-0.0231,0.5014,0.4186,43,0.5769,26,False,False
Standard OVER,runs,L5>=4 + opp_bats_Strong,0.4545,110,50,0.3646,-0.0016,0.4561,0.3333,60,0.6,50,False,False
Standard OVER,hits+runs+rbis,L10>=8 + opp_pitch_stingy + season_cush>=1,0.5312,32,17,0.3645,0.0391,0.4921,0.25,4,0.5714,28,False,False
Standard UNDER,walks,K%>=28 + opp_pitch_stingy,0.5312,32,17,0.3645,0.0209,0.5103,0.5833,24,0.375,8,False,False
Standard OVER,rbis,own_bats_Strong,0.5312,32,17,0.3645,0.0312,0.5,0.4783,23,0.6667,9,False,False
Standard OVER,hits+runs+rbis,L10>=8 + own_bats_Strong + season_cush>=1,0.5,48,24,0.3639,0.0079,0.4921,0.5556,9,0.4872,39,False,False
Standard UNDER,pitching_outs,L5>=4 + opp_pitch_leaky,0.5,48,24,0.3639,0.0055,0.4945,0.4348,23,0.56,25,False,False
Standard UNDER,hits+runs+rbis,L5=5 + L10>=8 + own_pitch_stingy,0.4909,55,27,0.3638,-0.044,0.5349,0.5556,18,0.4595,37,False,False
Standard OVER,hits,L5>=4 + opp_bats_Strong,0.4909,55,27,0.3638,0.0135,0.4774,0.5714,28,0.4074,27,False,False
Standard OVER,hits+runs+rbis,L10>=8 + season_cush>=2,0.5789,19,11,0.3628,0.0868,0.4921,,0,0.5789,19,False,False
Goblin OVER,singles,L5>=4 + L10>=8 + own_pitch_leaky,0.5789,19,11,0.3628,0.0393,0.5396,1.0,1,0.5556,18,False,False
Goblin OVER,singles,L10>=8 + cover>=1.5,0.5789,19,11,0.3628,0.0393,0.5396,0.75,8,0.4545,11,False,False
Goblin OVER,singles,L10>=9 + opp_bats_Strong,0.5789,19,11,0.3628,0.0393,0.5396,0.6667,12,0.4286,7,False,False
Standard UNDER,total_bases,L10>=8 + own_bats_Strong + cover>=1,0.5789,19,11,0.3628,0.0417,0.5372,0.0,1,0.6111,18,False,False
Standard UNDER,plate_appearances,L5=5 + opp_bats_Strong,0.5789,19,11,0.3628,0.0126,0.5663,0.5,6,0.6154,13,False,False
Standard OVER,walks,cover>=0.5,0.4615,91,42,0.3628,-0.0336,0.4951,0.5,22,0.4493,69,False,False
Standard UNDER,plate_appearances,L5>=4 + own_pitch_leaky,0.4776,67,32,0.3625,-0.0887,0.5663,0.4667,15,0.4808,52,False,False
Standard UNDER,hits,L5=5 + K%>=28,0.5128,39,20,0.362,-0.0425,0.5553,0.6111,18,0.4286,21,False,False
Standard UNDER,runs,L5=5 + own_pitch_leaky,0.5333,30,16,0.3614,-0.0091,0.5424,0.5,24,0.6667,6,False,False
Standard UNDER,pitcher_ks,L5=5 + own_bats_Strong,0.5333,30,16,0.3614,0.0098,0.5235,0.3571,14,0.6875,16,False,False
Standard UNDER,singles,L10>=9 + cover>=0.5,0.5,46,23,0.3612,-0.0371,0.5371,0.3571,14,0.5625,32,False,False
Standard OVER,rbis,opp_bats_Strong,0.5,46,23,0.3612,0.0,0.5,0.4615,26,0.55,20,False,False
Standard OVER,rbis,line_0.5,0.5,46,23,0.3612,0.0,0.5,0.4615,26,0.55,20,False,False
Standard UNDER,hitterfantasyscore,L10>=8 + own_pitch_stingy,0.4906,53,26,0.3612,-0.0419,0.5325,0.4906,53,,0,False,False
Standard UNDER,total_bases,L10>=8 + K%>=22 + opp_pitch_leaky,0.4607,89,41,0.3609,-0.0765,0.5372,0.48,25,0.4531,64,False,False
Standard OVER,total_bases,L10>=9 + K%>=22,0.5882,17,10,0.3601,0.1379,0.4503,0.5,10,0.7143,7,False,False
Standard OVER,hits,L5=5 + own_pitch_leaky,0.5882,17,10,0.3601,0.1108,0.4774,0.5455,11,0.6667,6,False,False
Standard UNDER,pitcher_ks,L5=5 + own_pitch_leaky,0.5882,17,10,0.3601,0.0647,0.5235,0.5556,9,0.625,8,False,False
Goblin OVER,runs,L10>=8 + opp_bats_Strong,0.5882,17,10,0.3601,0.0619,0.5263,0.5455,11,0.6667,6,False,False
Standard UNDER,plate_appearances,L5=5 + K%>=22,0.5882,17,10,0.3601,0.0219,0.5663,1.0,3,0.5,14,False,False
Standard OVER,pitches_thrown,L10>=8 + own_pitch_leaky,0.5882,17,10,0.3601,0.0845,0.5037,0.5714,7,0.6,10,False,False
Standard OVER,walks,L10>=9,0.5882,17,10,0.3601,0.0931,0.4951,0.5,10,0.7143,7,False,False
Standard OVER,total_bases,L5>=4 + cover>=1.5,0.4519,104,47,0.3597,0.0016,0.4503,0.3,20,0.4881,84,False,False
Standard OVER,total_bases,L10>=8 + opp_pitch_stingy,0.5135,37,19,0.3589,0.0632,0.4503,0.5833,12,0.48,25,False,False
Standard OVER,hits_allowed,L5>=4 + opp_bats_Strong,0.5135,37,19,0.3589,0.0503,0.4632,0.4,20,0.6471,17,False,False
Standard UNDER,walks_allowed,L5>=4 + own_pitch_leaky,0.5135,37,19,0.3589,0.0121,0.5014,0.5,20,0.5294,17,False,False
Standard UNDER,walks,BA>=.275,0.5,44,22,0.3583,-0.0103,0.5103,0.4138,29,0.6667,15,False,False
Standard OVER,walks_allowed,L5>=4,0.4667,75,35,0.3582,-0.0323,0.499,0.5,36,0.4359,39,False,False
Goblin OVER,hits,L5=5 + own_bats_Strong + season_cush>=1,0.5357,28,15,0.3581,-0.0589,0.5946,1.0,6,0.4091,22,False,False
Standard OVER,singles,L10>=9 + cover>=0.5,0.5357,28,15,0.3581,0.0495,0.4862,0.6667,6,0.5,22,False,False
Goblin OVER,runs,L10>=8,0.5357,28,15,0.3581,0.0094,0.5263,0.4444,18,0.7,10,False,False
Goblin OVER,runs,L10>=8 + line_0.5,0.5357,28,15,0.3581,0.0094,0.5263,0.4444,18,0.7,10,False,False
Goblin OVER,runs,L5>=4 + K%>=28,0.5357,28,15,0.3581,0.0094,0.5263,0.5556,18,0.5,10,False,False
Standard OVER,pitches_thrown,L5>=4 + season_cush>=1,0.5357,28,15,0.3581,0.032,0.5037,0.6154,13,0.4667,15,False,False
Standard UNDER,walks,L10>=8,0.5357,28,15,0.3581,0.0254,0.5103,0.7143,7,0.4762,21,False,False
Standard UNDER,walks,L10>=8 + line_0.5,0.5357,28,15,0.3581,0.0254,0.5103,0.7143,7,0.4762,21,False,False
Standard OVER,runs,L5>=4 + own_pitch_stingy,0.451,102,46,0.3579,-0.0051,0.4561,0.3409,44,0.5345,58,False,False
Standard UNDER,hits+runs+rbis,L10>=8 + opp_bats_Strong + season_cush>=1,0.6,15,9,0.3575,0.0651,0.5349,1.0,1,0.5714,14,False,False
Standard OVER,runs,L5=5 + own_pitch_stingy,0.6,15,9,0.3575,0.1439,0.4561,0.4,5,0.7,10,False,False
Standard OVER,runs,L5=5 + cover>=0.5,0.6,15,9,0.3575,0.1439,0.4561,0.0,2,0.6923,13,False,False
Standard OVER,runs,L5=5 + cover>=1,0.6,15,9,0.3575,0.1439,0.4561,0.0,2,0.6923,13,False,False
Standard OVER,runs,L10>=8 + cover>=1,0.6,15,9,0.3575,0.1439,0.4561,0.0,1,0.6429,14,False,False
Standard UNDER,pitches_thrown,L5=5 + opp_bats_Strong,0.6,15,9,0.3575,0.0772,0.5228,0.75,8,0.4286,7,False,False
Standard UNDER,hitterfantasyscore,L10>=9 + own_pitch_stingy,0.6,15,9,0.3575,0.0675,0.5325,0.6,15,,0,False,False
Standard OVER,earned_runs,L5>=4 + own_pitch_stingy,0.6,15,9,0.3575,0.1096,0.4904,1.0,1,0.5714,14,False,False
Goblin OVER,hits,L5=5 + K%>=28 + opp_pitch_stingy,0.4821,56,27,0.3567,-0.1125,0.5946,0.5385,39,0.3529,17,False,False
Standard OVER,hits+runs+rbis,L10>=8 + cover>=1,0.4821,56,27,0.3567,-0.01,0.4921,0.625,8,0.4583,48,False,False
Standard OVER,hits+runs+rbis,L10>=8 + opp_pitch_stingy,0.4556,90,41,0.3566,-0.0365,0.4921,0.381,21,0.4783,69,False,False
Goblin OVER,walks,own_pitch_stingy,0.45,100,45,0.3561,-0.0606,0.5106,0.4286,84,0.5625,16,False,False
Standard OVER,hits+runs+rbis,L10>=8 + K%>=22,0.4435,115,51,0.356,-0.0486,0.4921,0.4,35,0.4625,80,False,False
Standard UNDER,runs,L5>=4 + BA>=.300,0.5143,35,18,0.3557,-0.0281,0.5424,0.45,20,0.6,15,False,False
Standard OVER,hits,L5>=4 + K%>=28,0.5143,35,18,0.3557,0.0369,0.4774,0.4762,21,0.5714,14,False,False
Standard OVER,hits_allowed,L5>=4 + own_bats_Strong,0.5143,35,18,0.3557,0.0511,0.4632,0.45,20,0.6,15,False,False
Standard OVER,walks_allowed,line_2.5+,0.4898,49,24,0.3557,-0.0092,0.499,0.5263,38,0.3636,11,False,False
Standard UNDER,hits,L5=5 + opp_bats_Strong,0.5,42,21,0.3553,-0.0553,0.5553,0.4444,9,0.5152,33,False,False
Standard OVER,hits,L10>=8 + own_bats_Strong,0.5385,26,14,0.3546,0.0611,0.4774,0.3333,3,0.5652,23,False,False
Standard OVER,hits,L10>=8 + K%>=22 + opp_pitch_stingy,0.5385,26,14,0.3546,0.0611,0.4774,0.625,8,0.5,18,False,False
Standard UNDER,plate_appearances,L10>=8 + season_cush>=1,0.5385,26,14,0.3546,-0.0278,0.5663,0.25,4,0.5909,22,False,False
Standard OVER,walks_allowed,L10>=8,0.5385,26,14,0.3546,0.0395,0.499,0.6667,12,0.4286,14,False,False
Standard OVER,runs,BA>=.300,0.439,123,54,0.3545,-0.0171,0.4561,0.4615,78,0.4,45,False,False
Standard OVER,hits_allowed,opp_pitch_stingy,0.4246,179,76,0.3545,-0.0386,0.4632,0.4022,92,0.4483,87,False,False
Standard OVER,singles,L10>=8 + opp_pitch_stingy,0.4697,66,31,0.3543,-0.0165,0.4862,0.5333,15,0.451,51,False,False
Standard UNDER,walks,own_pitch_leaky,0.449,98,44,0.3543,-0.0613,0.5103,0.4242,66,0.5,32,False,False
Goblin OVER,runs,L5>=4 + cover>=0.5,0.4894,47,23,0.3528,-0.0369,0.5263,0.4286,14,0.5152,33,False,False
Standard UNDER,hitterfantasyscore,K%>=28 + opp_pitch_stingy,0.4894,47,23,0.3528,-0.0431,0.5325,0.4894,47,,0,False,False
Standard OVER,walks,L5>=4 + opp_pitch_leaky,0.4894,47,23,0.3528,-0.0057,0.4951,0.48,25,0.5,22,False,False
Standard OVER,singles,L5=5 + own_pitch_stingy + cover>=1,0.5152,33,17,0.3522,0.029,0.4862,0.3333,9,0.5833,24,False,False
Standard UNDER,plate_appearances,L5=5 + L10>=8,0.5152,33,17,0.3522,-0.0511,0.5663,0.5,8,0.52,25,False,False
Standard UNDER,hits+runs+rbis,L5=5 + L10>=8 + own_pitch_leaky,0.5,40,20,0.352,-0.0349,0.5349,0.5385,13,0.4815,27,False,False
Standard UNDER,pitching_outs,L5>=4 + own_pitch_stingy,0.5,40,20,0.352,0.0055,0.4945,0.5333,15,0.48,25,False,False
Standard OVER,hits_allowed,L5>=4 + own_pitch_stingy,0.5,40,20,0.352,0.0368,0.4632,0.4167,24,0.625,16,False,False
Standard UNDER,singles,L10>=8 + own_pitch_leaky,0.4328,134,58,0.352,-0.1043,0.5371,0.3542,48,0.4767,86,False,False
Standard UNDER,plate_appearances,L5>=4 + L10>=8,0.4638,69,32,0.3511,-0.1025,0.5663,0.5,10,0.4576,59,False,False
Standard OVER,pitcherfantasyscore,L5>=4,0.4808,52,25,0.351,-0.0348,0.5156,0.4808,52,,0,False,False
Goblin OVER,singles,L5>=4 + own_bats_Strong,0.422,173,73,0.3508,-0.1176,0.5396,0.3649,74,0.4646,99,False,False
Goblin OVER,pitcher_ks,season_HR>70%,0.5417,24,13,0.3507,-0.1559,0.6976,,0,0.5417,24,False,False
Standard UNDER,hitter_ks,L10>=8,0.5417,24,13,0.3507,-0.0087,0.5504,0.619,21,0.0,3,False,False
Standard OVER,total_bases,L5>=4 + season_cush>=1,0.4557,79,36,0.3505,0.0054,0.4503,0.3846,13,0.4697,66,False,False
Standard OVER,pitcher_ks,L5>=4 + opp_pitch_leaky,0.4737,57,27,0.3499,-0.0266,0.5003,0.3714,35,0.6364,22,False,False
Standard UNDER,singles,L5=5 + own_bats_Strong,0.4627,67,31,0.3486,-0.0744,0.5371,0.4211,38,0.5172,29,False,False
Standard UNDER,singles,L10>=9 + opp_bats_Strong,0.4627,67,31,0.3486,-0.0744,0.5371,0.4545,33,0.4706,34,False,False
Standard OVER,hits+runs+rbis,L5>=4 + L10>=8 + own_pitch_leaky,0.5,38,19,0.3485,0.0079,0.4921,0.5,6,0.5,32,False,False
Goblin OVER,runs,L5>=4 + BA>=.275,0.5,38,19,0.3485,-0.0263,0.5263,0.44,25,0.6154,13,False,False
Standard OVER,walks,L5>=4 + opp_bats_Strong,0.5,38,19,0.3485,0.0049,0.4951,0.4583,24,0.5714,14,False,False
Standard OVER,hitter_ks,L5>=4 + own_pitch_stingy,0.4433,97,43,0.3485,-0.0198,0.4631,0.4574,94,0.0,3,False,False
Standard OVER,singles,cover>=1.5,0.4457,92,41,0.3483,-0.0405,0.4862,0.5185,27,0.4154,65,False,False
Standard OVER,total_bases,L10>=8,0.4545,77,35,0.3481,0.0042,0.4503,0.4242,33,0.4773,44,False,False
Standard OVER,hits+runs+rbis,L5=5 + opp_pitch_leaky,0.48,50,24,0.348,-0.0121,0.4921,0.4762,21,0.4828,29,False,False
Standard UNDER,total_bases,L10>=9 + cover>=0.5,0.4727,55,26,0.3469,-0.0645,0.5372,0.75,4,0.451,51,False,False
Standard UNDER,pitching_outs,L5>=4 + own_pitch_leaky,0.4727,55,26,0.3469,-0.0218,0.4945,0.5,24,0.4516,31,False,False
Standard OVER,hits+runs+rbis,L10>=8 + opp_pitch_stingy + cover>=1,0.5455,22,12,0.3466,0.0534,0.4921,0.5,2,0.55,20,False,False
Goblin OVER,singles,L5=5 + opp_pitch_stingy + cover>=1,0.5455,22,12,0.3466,0.0059,0.5396,0.7143,7,0.4667,15,False,False
Standard UNDER,total_bases,L10>=8 + BA>=.275 + opp_pitch_leaky,0.5455,22,12,0.3466,0.0083,0.5372,0.5455,11,0.5455,11,False,False
Standard UNDER,runs,L5=5 + own_pitch_stingy + cover>=1,0.5455,22,12,0.3466,0.0031,0.5424,0.8,5,0.4706,17,False,False
Standard OVER,hits,L5=5 + K%>=22,0.5455,22,12,0.3466,0.0681,0.4774,0.5833,12,0.5,10,False,False
Standard OVER,singles,L10>=9,0.4884,43,21,0.3462,0.0022,0.4862,0.5,12,0.4839,31,False,False
Standard OVER,hits+runs+rbis,K%>=28 + opp_pitch_stingy,0.4121,199,82,0.346,-0.08,0.4921,0.4272,103,0.3958,96,False,False
Standard UNDER,hits_allowed,L5>=4 + opp_pitch_stingy,0.4615,65,30,0.3459,-0.0314,0.4929,0.4348,46,0.5263,19,False,False
Standard OVER,hitter_ks,L5>=4 + own_pitch_leaky,0.4571,70,32,0.3457,-0.006,0.4631,0.4627,67,0.3333,3,False,False
Standard UNDER,hits,L5=5 + opp_bats_Strong + cover>=1,0.5,36,18,0.3447,-0.0553,0.5553,0.3333,3,0.5152,33,False,False
Goblin OVER,runs,L5>=4 + cover>=1,0.5,36,18,0.3447,-0.0263,0.5263,0.4545,11,0.52,25,False,False
Standard UNDER,plate_appearances,L5=5,0.4792,48,23,0.3447,-0.0871,0.5663,0.5556,9,0.4615,39,False,False
Standard OVER,runs,cover>=1.5,0.5172,29,15,0.3443,0.0611,0.4561,0.5,6,0.5217,23,False,False
Standard OVER,pitcher_ks,L5>=4 + L10>=8,0.5172,29,15,0.3443,0.0169,0.5003,0.4444,9,0.55,20,False,False
Goblin OVER,runs,L5>=4 + own_pitch_leaky,0.5172,29,15,0.3443,-0.0091,0.5263,0.4545,22,0.7143,7,False,False
Standard UNDER,plate_appearances,L5>=4 + season_cush>=1,0.5172,29,15,0.3443,-0.0491,0.5663,0.4,5,0.5417,24,False,False
Standard UNDER,walks,BA>=.275 + opp_pitch_leaky,0.5172,29,15,0.3443,0.0069,0.5103,0.4444,18,0.6364,11,False,False
Standard UNDER,earned_runs,L5>=4 + own_pitch_leaky,0.5172,29,15,0.3443,-0.0626,0.5798,0.5714,7,0.5,22,False,False
Standard UNDER,walks,K%>=28,0.42,150,63,0.344,-0.0903,0.5103,0.4476,105,0.3556,45,False,False
Standard UNDER,pitching_outs,season_cush>=2,0.4432,88,39,0.3439,-0.0513,0.4945,0.2667,15,0.4795,73,False,False
Standard UNDER,plate_appearances,L5>=4 + opp_pitch_stingy,0.4559,68,31,0.343,-0.1104,0.5663,0.4615,13,0.4545,55,False,False
Standard UNDER,runs,L5=5 + own_pitch_stingy,0.4878,41,20,0.3425,-0.0546,0.5424,0.5,24,0.4706,17,False,False
Standard UNDER,pitches_thrown,L10>=8 + own_bats_Strong,0.4878,41,20,0.3425,-0.035,0.5228,0.65,20,0.3333,21,False,False
Standard UNDER,singles,L10>=8 + opp_pitch_stingy + cover>=1,0.55,20,11,0.3421,0.0129,0.5371,0.25,4,0.625,16,False,False
Standard OVER,runs,L5=5 + opp_pitch_leaky,0.55,20,11,0.3421,0.0939,0.4561,0.3,10,0.8,10,False,False
Standard UNDER,hits,BA>=.275 + opp_pitch_leaky,0.55,20,11,0.3421,-0.0053,0.5553,0.5294,17,0.6667,3,False,False
Standard OVER,pitcher_ks,cover>=0.5,0.55,20,11,0.3421,0.0497,0.5003,0.5,4,0.5625,16,False,False
Standard OVER,pitcherfantasyscore,L5>=4 + own_bats_Strong,0.55,20,11,0.3421,0.0344,0.5156,0.55,20,,0,False,False
Standard OVER,singles,L10>=8 + own_pitch_stingy,0.4262,122,52,0.342,-0.06,0.4862,0.2609,23,0.4646,99,False,False
Standard OVER,pitches_thrown,L5>=4 + own_pitch_stingy,0.4783,46,22,0.3412,-0.0254,0.5037,0.5,26,0.45,20,False,False
Standard OVER,hitter_ks,L5=5,0.4474,76,34,0.3408,-0.0157,0.4631,0.4595,74,0.0,2,False,False
Standard OVER,hitter_ks,L5=5 + line_0.5,0.4474,76,34,0.3408,-0.0157,0.4631,0.4595,74,0.0,2,False,False
Standard UNDER,hits+runs+rbis,season_cush>=1,0.5,34,17,0.3407,-0.0349,0.5349,0.25,8,0.5769,26,False,False
Standard OVER,pitching_outs,L5>=4 + own_pitch_leaky,0.5,34,17,0.3407,-0.0021,0.5021,0.3043,23,0.9091,11,False,False
Standard OVER,pitching_outs,L5>=4 + own_bats_Strong,0.5,34,17,0.3407,-0.0021,0.5021,0.3913,23,0.7273,11,False,False
Standard UNDER,total_bases,L10>=9 + opp_bats_Strong,0.4706,51,24,0.3405,-0.0666,0.5372,0.5714,14,0.4324,37,False,False
Standard UNDER,pitching_outs,L5>=4 + season_cush>=1,0.4706,51,24,0.3405,-0.0239,0.4945,0.3333,6,0.4889,45,False,False
Standard UNDER,singles,L5=5 + own_pitch_leaky,0.4507,71,32,0.3405,-0.0864,0.5371,0.4681,47,0.4167,24,False,False
Standard OVER,hitter_ks,BA>=.275,0.4101,178,73,0.3405,-0.053,0.4631,0.3966,174,1.0,4,False,False
Standard OVER,plate_appearances,opp_pitch_leaky,0.4362,94,41,0.3404,0.0463,0.3899,0.4848,33,0.4098,61,False,False
Standard OVER,pitcher_ks,L10>=8,0.4643,56,26,0.3402,-0.036,0.5003,0.4286,21,0.4857,35,False,False
Standard OVER,hitterfantasyscore,K%>=28 + opp_pitch_stingy,0.425,120,51,0.3402,-0.0636,0.4886,0.425,120,,0,False,False
Standard OVER,runs,L5>=4 + opp_pitch_stingy,0.459,61,28,0.3401,0.0029,0.4561,0.4359,39,0.5,22,False,False
Standard UNDER,hits+runs+rbis,BA>=.300,0.4299,107,46,0.3401,-0.105,0.5349,0.4167,48,0.4407,59,False,False
Standard OVER,hits+runs+rbis,L5=5 + own_pitch_leaky + cover>=1,0.5185,27,14,0.3399,0.0264,0.4921,0.5,6,0.5238,21,False,False
Standard OVER,hits+runs+rbis,L5=5 + own_pitch_stingy + cover>=1,0.5185,27,14,0.3399,0.0264,0.4921,0.6364,11,0.4375,16,False,False
Goblin OVER,runs,L10>=8 + own_bats_Strong,0.5185,27,14,0.3399,-0.0078,0.5263,0.4444,18,0.6667,9,False,False
Goblin OVER,runs,L10>=8 + K%>=22,0.5185,27,14,0.3399,-0.0078,0.5263,0.4444,18,0.6667,9,False,False
Standard UNDER,hits_allowed,L5>=4 + L10>=8,0.5185,27,14,0.3399,0.0256,0.4929,0.4444,9,0.5556,18,False,False
Standard UNDER,plate_appearances,L10>=8 + K%>=22 + opp_pitch_stingy,0.5185,27,14,0.3399,-0.0478,0.5663,0.8333,6,0.4286,21,False,False
Standard OVER,hits+runs+rbis,L10>=8 + opp_bats_Strong,0.4405,84,37,0.3392,-0.0516,0.4921,0.4,30,0.463,54,False,False
Goblin OVER,singles,L5=5 + opp_pitch_leaky,0.4872,39,19,0.3386,-0.0524,0.5396,0.6842,19,0.3,20,False,False
Goblin OVER,singles,L5=5 + opp_pitch_leaky + cover>=1,0.4872,39,19,0.3386,-0.0524,0.5396,0.6842,19,0.3,20,False,False
Standard UNDER,total_bases,L10>=8 + BA>=.275,0.4872,39,19,0.3386,-0.05,0.5372,0.6111,18,0.381,21,False,False
Standard OVER,hitter_ks,K%>=28,0.4872,39,19,0.3386,0.0241,0.4631,0.4737,38,1.0,1,False,False
Standard UNDER,singles,L10>=9 + opp_pitch_leaky,0.4531,64,29,0.3373,-0.084,0.5371,0.5172,29,0.4,35,False,False
Standard OVER,singles,L5>=4 + K%>=28,0.5556,18,10,0.3372,0.0694,0.4862,0.0,2,0.625,16,False,False
Goblin OVER,singles,L10>=9 + opp_pitch_leaky,0.5556,18,10,0.3372,0.016,0.5396,0.6364,11,0.4286,7,False,False
Standard UNDER,total_bases,L5=5 + K%>=28 + opp_pitch_leaky,0.5556,18,10,0.3372,0.0184,0.5372,0.6667,6,0.5,12,False,False
Standard OVER,hits,L10>=8 + opp_pitch_leaky,0.5556,18,10,0.3372,0.0782,0.4774,0.5714,7,0.5455,11,False,False
Standard UNDER,plate_appearances,L10>=8 + K%>=28,0.5556,18,10,0.3372,-0.0107,0.5663,1.0,1,0.5294,17,False,False
Standard OVER,singles,L5=5 + own_pitch_stingy,0.4694,49,23,0.337,-0.0168,0.4862,0.36,25,0.5833,24,False,False
Standard UNDER,total_bases,L10>=9 + opp_pitch_leaky,0.463,54,25,0.3369,-0.0742,0.5372,0.6154,13,0.4146,41,False,False
Standard UNDER,total_bases,L10>=9 + cover>=1,0.5,32,16,0.3363,-0.0372,0.5372,0.5,2,0.5,30,False,False
Standard OVER,hits,L10>=8 + own_pitch_leaky,0.5,32,16,0.3363,0.0226,0.4774,0.6154,13,0.4211,19,False,False
Standard OVER,pitcher_ks,L5=5,0.5,32,16,0.3363,-0.0003,0.5003,0.4762,21,0.5455,11,False,False
Standard OVER,pitcher_ks,L10>=8 + opp_pitch_stingy,0.5,32,16,0.3363,-0.0003,0.5003,0.4444,9,0.5217,23,False,False
Standard OVER,pitches_thrown,L5>=4 + own_bats_Strong,0.5,32,16,0.3363,-0.0037,0.5037,0.5263,19,0.4615,13,False,False
Standard OVER,hits+runs+rbis,L10>=8 + opp_bats_Strong + cover>=1,0.52,25,13,0.335,0.0279,0.4921,0.6,5,0.5,20,False,False
Standard OVER,hits+runs+rbis,L5=5 + cover>=1.5,0.52,25,13,0.335,0.0279,0.4921,0.6667,6,0.4737,19,False,False
Standard OVER,singles,L10>=9 + cover>=1,0.52,25,13,0.335,0.0338,0.4862,0.6667,6,0.4737,19,False,False
Standard OVER,runs,L10>=8 + own_bats_Strong,0.52,25,13,0.335,0.0639,0.4561,0.4,5,0.55,20,False,False
Standard OVER,pitches_thrown,L5>=4 + season_cush>=2,0.52,25,13,0.335,0.0163,0.5037,0.6154,13,0.4167,12,False,False
Standard OVER,total_bases,season_HR>70%,0.4865,37,18,0.3345,0.0362,0.4503,0.5667,30,0.1429,7,False,False
Goblin OVER,hits,L10=10 + season_cush>=1,0.5625,16,9,0.3318,-0.0321,0.5946,0.25,4,0.6667,12,False,False
Standard OVER,total_bases,L10>=9 + own_bats_Strong,0.5625,16,9,0.3318,0.1122,0.4503,0.5,10,0.6667,6,False,False
Standard OVER,total_bases,L5=5 + opp_bats_Strong,0.5625,16,9,0.3318,0.1122,0.4503,0.625,8,0.5,8,False,False
Standard UNDER,runs,L10>=9 + BA>=.275,0.5625,16,9,0.3318,0.0201,0.5424,0.5455,11,0.6,5,False,False
Standard UNDER,runs,L5=5 + L10>=8 + own_pitch_stingy,0.5625,16,9,0.3318,0.0201,0.5424,0.8333,6,0.4,10,False,False
Standard OVER,hits,L10>=8 + own_pitch_stingy,0.5625,16,9,0.3318,0.0851,0.4774,0.5,2,0.5714,14,False,False
Goblin OVER,runs,L5=5 + opp_pitch_leaky,0.5625,16,9,0.3318,0.0362,0.5263,0.6,15,0.0,1,False,False
Goblin OVER,runs,L5=5 + K%>=22 + opp_pitch_leaky,0.5625,16,9,0.3318,0.0362,0.5263,0.6,15,0.0,1,False,False
Standard OVER,singles,L10>=8 + K%>=22 + opp_pitch_leaky,0.5,30,15,0.3315,0.0138,0.4862,0.25,4,0.5385,26,False,False
Standard OVER,runs,L10>=8,0.5,30,15,0.3315,0.0439,0.4561,0.4,5,0.52,25,False,False
Standard OVER,runs,L10>=8 + line_0.5,0.5,30,15,0.3315,0.0439,0.4561,0.4,5,0.52,25,False,False
Standard OVER,singles,L5=5,0.4359,78,34,0.3314,-0.0503,0.4862,0.3514,37,0.5122,41,False,False
Standard OVER,singles,L5=5 + line_0.5,0.4359,78,34,0.3314,-0.0503,0.4862,0.3514,37,0.5122,41,False,False
Goblin OVER,singles,L5=5 + own_bats_Strong,0.4857,35,17,0.3299,-0.0539,0.5396,0.6154,13,0.4091,22,False,False
Standard UNDER,walks_allowed,line_2.5+,0.4857,35,17,0.3299,-0.0157,0.5014,0.5,28,0.4286,7,False,False
Standard OVER,runs,L10>=8 + cover>=0.5,0.5217,23,12,0.3296,0.0656,0.4561,0.25,4,0.5789,19,False,False
Standard UNDER,pitching_outs,L10>=8 + opp_pitch_stingy,0.5217,23,12,0.3296,0.0272,0.4945,0.5,8,0.5333,15,False,False
Standard UNDER,pitcher_ks,L10>=8 + own_bats_Strong,0.475,40,19,0.3294,-0.0485,0.5235,0.4,15,0.52,25,False,False
Standard OVER,plate_appearances,line_2.5+,0.3899,218,85,0.3276,0.0,0.3899,0.4342,76,0.3662,142,False,False
Standard UNDER,hitterfantasyscore,L10>=8 + opp_bats_Strong,0.4483,58,26,0.3275,-0.0842,0.5325,0.4483,58,,0,False,False
Standard UNDER,total_bases,L5>=4 + BA>=.275,0.4211,95,40,0.3267,-0.1161,0.5372,0.4364,55,0.4,40,False,False
Standard UNDER,hits_allowed,L5>=4 + season_cush>=1,0.5,28,14,0.3263,0.0071,0.4929,0.4167,12,0.5625,16,False,False
Standard UNDER,total_bases,L5=5 + own_pitch_leaky,0.4394,66,29,0.3263,-0.0978,0.5372,0.3636,22,0.4773,44,False,False
Standard UNDER,hitterfantasyscore,L10>=8 + opp_pitch_leaky,0.4394,66,29,0.3263,-0.0931,0.5325,0.4394,66,,0,False,False
Standard UNDER,hits,L10>=9 + K%>=22,0.4651,43,20,0.3251,-0.0902,0.5553,0.5,4,0.4615,39,False,False
Standard OVER,hits+runs+rbis,L5=5 + own_pitch_leaky + season_cush>=1,0.5238,21,11,0.3237,0.0317,0.4921,0.5,2,0.5263,19,False,False
Standard UNDER,total_bases,L10>=8 + opp_bats_Strong + cover>=1,0.5238,21,11,0.3237,-0.0134,0.5372,0.5,2,0.5263,19,False,False
Standard OVER,runs,L5>=4 + L10>=8,0.5238,21,11,0.3237,0.0677,0.4561,0.25,4,0.5882,17,False,False
Standard UNDER,runs,L5=5 + opp_pitch_stingy,0.5238,21,11,0.3237,-0.0186,0.5424,0.5294,17,0.5,4,False,False
Standard OVER,hits,L10>=8 + K%>=28,0.5238,21,11,0.3237,0.0464,0.4774,0.5455,11,0.5,10,False,False
Standard UNDER,hitter_ks,L10>=8 + line_0.5,0.5238,21,11,0.3237,-0.0266,0.5504,0.6111,18,0.0,3,False,False
Standard UNDER,plate_appearances,L5=5 + own_bats_Strong,0.5238,21,11,0.3237,-0.0425,0.5663,0.3333,6,0.6,15,False,False
Standard OVER,walks_allowed,L5>=4 + cover>=0.5,0.5238,21,11,0.3237,0.0248,0.499,0.6667,6,0.4667,15,False,False
Standard OVER,pitcherfantasyscore,L5>=4 + opp_pitch_leaky,0.5238,21,11,0.3237,0.0082,0.5156,0.5238,21,,0,False,False
Standard OVER,hits+runs+rbis,L10>=8 + own_pitch_leaky + season_cush>=1,0.4565,46,21,0.3215,-0.0356,0.4921,0.375,8,0.4737,38,False,False
Standard UNDER,hits+runs+rbis,L10>=8 + K%>=28 + opp_pitch_leaky,0.4565,46,21,0.3215,-0.0784,0.5349,0.4375,16,0.4667,30,False,False
Standard OVER,singles,L10>=8 + cover>=1,0.4267,75,32,0.321,-0.0595,0.4862,0.375,16,0.4407,59,False,False
Standard OVER,hits+runs+rbis,L5=5 + opp_pitch_stingy + cover>=1,0.5,26,13,0.3206,0.0079,0.4921,0.5556,9,0.4706,17,False,False
Standard OVER,singles,L5=5 + opp_bats_Strong,0.5,26,13,0.3206,0.0138,0.4862,0.4545,11,0.5333,15,False,False
Standard OVER,singles,L10>=8 + BA>=.275 + opp_pitch_stingy,0.5,26,13,0.3206,0.0138,0.4862,0.6364,11,0.4,15,False,False
Standard UNDER,hits+runs+rbis,cover>=1,0.5,26,13,0.3206,-0.0349,0.5349,,0,0.5,26,False,False
Standard UNDER,runs,L10>=8 + opp_pitch_leaky + cover>=1,0.5,26,13,0.3206,-0.0424,0.5424,0.375,8,0.5556,18,False,False
Standard OVER,total_bases,L10>=8 + own_bats_Strong,0.4634,41,19,0.3206,0.0131,0.4503,0.3333,15,0.5385,26,False,False
Standard UNDER,pitcher_ks,L10>=8 + own_pitch_stingy,0.4634,41,19,0.3206,-0.0601,0.5235,0.3913,23,0.5556,18,False,False
Standard OVER,hitter_ks,L5>=4 + opp_bats_Strong,0.4149,94,39,0.3205,-0.0482,0.4631,0.4149,94,,0,False,False
Standard UNDER,total_bases,L5=5 + opp_pitch_leaky + cover>=1,0.4722,36,17,0.3199,-0.065,0.5372,0.0,2,0.5,34,False,False
Standard UNDER,hits,L10>=9 + cover>=1,0.4722,36,17,0.3199,-0.0831,0.5553,0.5,4,0.4688,32,False,False
Standard OVER,pitches_thrown,L10>=8,0.4839,31,15,0.3197,-0.0198,0.5037,0.5833,12,0.4211,19,False,False
Standard OVER,hits_allowed,season_cush>=1,0.4839,31,15,0.3197,0.0207,0.4632,0.4167,12,0.5263,19,False,False
Standard OVER,singles,L10>=8 + opp_pitch_leaky,0.4157,89,37,0.3189,-0.0705,0.4862,0.3125,16,0.4384,73,False,False
Standard OVER,hits+runs+rbis,L10>=8 + K%>=22 + opp_pitch_stingy,0.449,49,22,0.3185,-0.0431,0.4921,0.3077,13,0.5,36,False,False
Standard OVER,hits+runs+rbis,L5=5 + opp_pitch_stingy + season_cush>=1,0.5263,19,10,0.3171,0.0342,0.4921,0.6667,3,0.5,16,False,False
Standard UNDER,hits+runs+rbis,L5=5 + season_cush>=1,0.5263,19,10,0.3171,-0.0086,0.5349,0.0,3,0.625,16,False,False
Standard UNDER,singles,L5=5 + K%>=22 + opp_pitch_stingy,0.5263,19,10,0.3171,-0.0108,0.5371,0.8571,7,0.3333,12,False,False
Standard UNDER,hits,L10>=8 + own_bats_Strong + cover>=1,0.5263,19,10,0.3171,-0.029,0.5553,0.5,2,0.5294,17,False,False
Standard UNDER,pitches_thrown,L5=5 + season_cush>=1,0.5263,19,10,0.3171,0.0035,0.5228,0.7143,7,0.4167,12,False,False
Standard UNDER,pitches_thrown,L5=5 + season_cush>=2,0.5263,19,10,0.3171,0.0035,0.5228,0.7143,7,0.4167,12,False,False
Standard UNDER,hitterfantasyscore,L10=10,0.5263,19,10,0.3171,-0.0062,0.5325,0.5263,19,,0,False,False
Standard UNDER,hits_allowed,L5=5 + own_bats_Strong,0.5263,19,10,0.3171,0.0334,0.4929,0.5714,14,0.4,5,False,False
Standard OVER,singles,L10>=8 + own_pitch_leaky,0.4423,52,23,0.3159,-0.0439,0.4862,0.4444,9,0.4419,43,False,False
Goblin OVER,singles,L5=5 + own_bats_Strong + cover>=1,0.4706,34,16,0.3145,-0.069,0.5396,0.5833,12,0.4091,22,False,False
Standard OVER,hits_allowed,L5>=4 + opp_pitch_stingy,0.4706,34,16,0.3145,0.0074,0.4632,0.5714,14,0.4,20,False,False
Standard UNDER,total_bases,L10>=9 + K%>=28,0.5,24,12,0.3143,-0.0372,0.5372,1.0,1,0.4783,23,False,False
Standard OVER,runs,L10>=8 + K%>=22,0.5,24,12,0.3143,0.0439,0.4561,0.4,5,0.5263,19,False,False
Standard UNDER,pitching_outs,L10>=9,0.5,24,12,0.3143,0.0055,0.4945,0.5,10,0.5,14,False,False
Standard OVER,walks_allowed,L5>=4 + own_bats_Strong,0.5,24,12,0.3143,0.001,0.499,0.6667,3,0.4762,21,False,False
Standard OVER,hits+runs+rbis,line_2.5+,0.4146,82,34,0.3142,-0.0775,0.4921,0.4314,51,0.3871,31,False,False
Standard OVER,singles,L10>=8 + opp_bats_Strong + cover>=1,0.4828,29,14,0.3139,-0.0034,0.4862,0.7143,7,0.4091,22,False,False
Standard OVER,total_bases,L10>=8 + own_pitch_stingy,0.4828,29,14,0.3139,0.0325,0.4503,0.4545,11,0.5,18,False,False
Standard UNDER,hits+runs+rbis,L10>=8 + season_cush>=1,0.4828,29,14,0.3139,-0.0521,0.5349,0.1667,6,0.5652,23,False,False
Standard UNDER,total_bases,L5>=4 + BA>=.300,0.4828,29,14,0.3139,-0.0544,0.5372,0.5,18,0.4545,11,False,False
Standard OVER,hits,L5=5,0.4828,29,14,0.3139,0.0054,0.4774,0.5,14,0.4667,15,False,False
Standard OVER,hits,L5=5 + line_0.5,0.4828,29,14,0.3139,0.0054,0.4774,0.5,14,0.4667,15,False,False
Standard UNDER,plate_appearances,L5>=4 + L10>=8 + own_pitch_leaky,0.4828,29,14,0.3139,-0.0835,0.5663,0.4286,7,0.5,22,False,False
Standard OVER,total_bases,L5>=4 + K%>=28,0.4364,55,24,0.3137,-0.0139,0.4503,0.4054,37,0.5,18,False,False
Standard OVER,hitter_ks,L5>=4 + opp_pitch_stingy,0.4242,66,28,0.3124,-0.0389,0.4631,0.4308,65,0.0,1,False,False
Standard OVER,singles,L5=5 + L10>=8,0.4524,42,19,0.3122,-0.0338,0.4862,0.3333,18,0.5417,24,False,False
Standard OVER,singles,L5=5 + L10>=8 + line_0.5,0.4524,42,19,0.3122,-0.0338,0.4862,0.3333,18,0.5417,24,False,False
Standard UNDER,hitterfantasyscore,L10>=8 + K%>=22,0.431,58,25,0.3118,-0.1015,0.5325,0.431,58,,0,False,False
Standard OVER,hits+runs+rbis,L5=5 + opp_bats_Strong,0.4595,37,17,0.3104,-0.0326,0.4921,0.5,18,0.4211,19,False,False
Standard OVER,walks,BA>=.300,0.4595,37,17,0.3104,-0.0356,0.4951,0.4,25,0.5833,12,False,False
Standard OVER,walks,L5>=4 + cover>=0.5,0.4595,37,17,0.3104,-0.0356,0.4951,0.75,4,0.4242,33,False,False
Standard OVER,singles,L5=5 + own_bats_Strong + cover>=1,0.5294,17,9,0.3096,0.0432,0.4862,0.0,1,0.5625,16,False,False
Goblin OVER,singles,L10>=8 + own_pitch_leaky + cover>=1,0.5294,17,9,0.3096,-0.0102,0.5396,,0,0.5294,17,False,False
Standard UNDER,hits,BA>=.300,0.5294,17,9,0.3096,-0.0259,0.5553,0.5556,9,0.5,8,False,False
Standard UNDER,pitching_outs,L10>=8 + opp_bats_Strong,0.5294,17,9,0.3096,0.0349,0.4945,0.6,5,0.5,12,False,False
Standard OVER,hits_allowed,L5>=4 + season_cush>=1,0.5294,17,9,0.3096,0.0662,0.4632,0.5556,9,0.5,8,False,False
Standard OVER,walks_allowed,L5=5,0.5294,17,9,0.3096,0.0304,0.499,0.5,12,0.6,5,False,False
Standard UNDER,total_bases,L5=5 + own_pitch_leaky + cover>=1,0.4444,45,20,0.3094,-0.0928,0.5372,0.1667,6,0.4872,39,False,False
Standard OVER,plate_appearances,own_pitch_stingy,0.4,100,40,0.3094,0.0101,0.3899,0.45,40,0.3667,60,False,False
Standard OVER,runs,L5>=4 + BA>=.275,0.4133,75,31,0.3088,-0.0428,0.4561,0.3333,42,0.5152,33,False,False
Standard UNDER,hits,BA>=.275,0.4133,75,31,0.3088,-0.142,0.5553,0.4314,51,0.375,24,False,False
Standard OVER,singles,L10>=8 + own_bats_Strong + cover>=1,0.4688,32,15,0.3087,-0.0174,0.4862,0.0,1,0.4839,31,False,False
Standard UNDER,singles,L10>=9 + cover>=1,0.4688,32,15,0.3087,-0.0683,0.5371,0.2727,11,0.5714,21,False,False
Standard OVER,total_bases,L10>=8 + K%>=22 + opp_pitch_stingy,0.4815,27,13,0.3074,0.0312,0.4503,0.5,10,0.4706,17,False,False
Standard OVER,total_bases,L10>=8 + opp_bats_Strong,0.4815,27,13,0.3074,0.0312,0.4503,0.5,16,0.4545,11,False,False
Standard UNDER,hits+runs+rbis,L5>=4 + season_cush>=1,0.4815,27,13,0.3074,-0.0534,0.5349,0.2,5,0.5455,22,False,False
Standard UNDER,hitter_ks,L5=5 + opp_pitch_leaky,0.4815,27,13,0.3074,-0.0689,0.5504,0.4815,27,,0,False,False
Standard OVER,hits_allowed,L5>=4 + own_pitch_leaky,0.4815,27,13,0.3074,0.0183,0.4632,0.5333,15,0.4167,12,False,False
Standard OVER,walks,L5>=4 + cover>=1,0.4815,27,13,0.3074,-0.0136,0.4951,0.5,2,0.48,25,False,False
Goblin OVER,hitter_ks,L5=5 + BA>=.300,0.5,22,11,0.3072,-0.1211,0.6211,0.5,16,0.5,6,False,False
Standard OVER,hits+runs+rbis,L10>=9,0.5,22,11,0.3072,0.0079,0.4921,1.0,1,0.4762,21,False,False
Standard OVER,runs,L5>=4 + cover>=1.5,0.5,22,11,0.3072,0.0439,0.4561,0.6,5,0.4706,17,False,False
Standard UNDER,hits,L5=5 + own_pitch_leaky,0.4375,48,21,0.307,-0.1178,0.5553,0.4,10,0.4474,38,False,False
Standard OVER,total_bases,L10>=8 + K%>=22,0.4237,59,25,0.3061,-0.0266,0.4503,0.3871,31,0.4643,28,False,False
Standard UNDER,singles,BA>=.300,0.4237,59,25,0.3061,-0.1134,0.5371,0.4194,31,0.4286,28,False,False
Goblin OVER,plate_appearances,K%>=28 + opp_pitch_stingy,0.4237,59,25,0.3061,-0.0908,0.5145,0.3077,26,0.5152,33,False,False
Standard OVER,runs,K%>=28 + opp_pitch_stingy,0.4023,87,35,0.3055,-0.0538,0.4561,0.3731,67,0.5,20,False,False
Standard OVER,plate_appearances,opp_bats_Strong,0.4023,87,35,0.3055,0.0124,0.3899,0.4138,29,0.3966,58,False,False
Standard OVER,singles,L5>=4 + L10>=8,0.4,90,36,0.3049,-0.0862,0.4862,0.3333,18,0.4167,72,False,False
Standard OVER,hits+runs+rbis,L10>=8 + opp_bats_Strong + season_cush>=1,0.4571,35,16,0.3047,-0.035,0.4921,0.5556,9,0.4231,26,False,False
Standard OVER,hitter_ks,L5>=4 + BA>=.275,0.4571,35,16,0.3047,-0.006,0.4631,0.4571,35,,0,False,False
Standard OVER,pitches_thrown,L5>=4 + opp_pitch_leaky,0.4571,35,16,0.3047,-0.0466,0.5037,0.375,16,0.5263,19,False,False
Standard UNDER,total_bases,BA>=.275 + opp_pitch_leaky,0.3784,148,56,0.3043,-0.1588,0.5372,0.3469,98,0.44,50,False,False
Standard OVER,hitter_ks,BA>=.275 + opp_pitch_leaky,0.4051,79,32,0.3037,-0.058,0.4631,0.4051,79,,0,False,False
Standard UNDER,total_bases,L10>=8 + K%>=28 + opp_pitch_leaky,0.4259,54,23,0.3033,-0.1113,0.5372,0.3571,14,0.45,40,False,False
Goblin OVER,singles,L10>=8 + own_bats_Strong + cover>=1,0.4667,30,14,0.3023,-0.0729,0.5396,,0,0.4667,30,False,False
Standard UNDER,singles,L5=5 + own_bats_Strong + cover>=1,0.4348,46,20,0.3021,-0.1023,0.5371,0.2941,17,0.5172,29,False,False
Standard UNDER,runs,L10>=9 + opp_pitch_leaky,0.4348,46,20,0.3021,-0.1076,0.5424,0.5882,17,0.3448,29,False,False
Goblin OVER,singles,L5>=4 + K%>=22,0.4211,57,24,0.3019,-0.1185,0.5396,0.4634,41,0.3125,16,False,False
Standard UNDER,hits+runs+rbis,L5=5 + BA>=.275 + opp_pitch_stingy,0.5333,15,8,0.3012,-0.0016,0.5349,0.5,4,0.5455,11,False,False
Standard OVER,runs,cover>=2,0.5333,15,8,0.3012,0.0772,0.4561,0.4,5,0.6,10,False,False
Standard OVER,runs,L10>=8 + own_pitch_stingy,0.5333,15,8,0.3012,0.0772,0.4561,0.3333,3,0.5833,12,False,False
Goblin OVER,plate_appearances,L10>=8 + BA>=.275,0.5333,15,8,0.3012,0.0188,0.5145,0.75,4,0.4545,11,False,False
Standard UNDER,runs,L5=5 + own_bats_Strong + cover>=1,0.5333,15,8,0.3012,-0.0091,0.5424,0.5,6,0.5556,9,False,False
Standard UNDER,runs,L10>=8 + own_pitch_stingy + cover>=1,0.5333,15,8,0.3012,-0.0091,0.5424,0.8,5,0.4,10,False,False
Standard UNDER,runs,L10>=8 + K%>=28 + opp_pitch_leaky,0.5333,15,8,0.3012,-0.0091,0.5424,0.8,5,0.4,10,False,False
Standard OVER,pitcher_ks,L10>=8 + opp_pitch_stingy + season_cush>=1,0.5333,15,8,0.3012,0.033,0.5003,1.0,1,0.5,14,False,False
Standard OVER,walks,L10>=8 + own_bats_Strong,0.5333,15,8,0.3012,0.0382,0.4951,0.5,10,0.6,5,False,False
Standard OVER,earned_runs,L10>=8,0.5333,15,8,0.3012,0.0429,0.4904,,0,0.5333,15,False,False
Standard OVER,singles,L10>=8 + BA>=.275 + opp_pitch_leaky,0.48,25,12,0.3003,-0.0062,0.4862,0.2,5,0.55,20,False,False
Standard UNDER,pitcher_ks,L10>=8 + own_pitch_leaky,0.48,25,12,0.3003,-0.0435,0.5235,0.5,10,0.4667,15,False,False
Standard OVER,walks_allowed,L5>=4 + opp_bats_Strong,0.48,25,12,0.3003,-0.019,0.499,0.5,10,0.4667,15,False,False
Standard UNDER,walks_allowed,L5>=4 + own_bats_Strong,0.48,25,12,0.3003,-0.0214,0.5014,0.375,16,0.6667,9,False,False
Standard UNDER,singles,L10>=8 + BA>=.275,0.4026,77,31,0.3002,-0.1345,0.5371,0.3333,42,0.4857,35,False,False
Standard OVER,singles,L10>=8 + cover>=0.5,0.39,100,39,0.3002,-0.0962,0.4862,0.375,16,0.3929,84,False,False
Standard OVER,total_bases,L5=5 + own_pitch_leaky,0.5,20,10,0.2993,0.0497,0.4503,0.4286,14,0.6667,6,False,False
Standard UNDER,hits+runs+rbis,L10>=9 + season_cush>=1,0.5,20,10,0.2993,-0.0349,0.5349,0.0,3,0.5882,17,False,False
Standard UNDER,runs,L5=5 + BA>=.275,0.5,20,10,0.2993,-0.0424,0.5424,0.4706,17,0.6667,3,False,False
Standard OVER,pitching_outs,L5>=4 + season_cush>=1,0.5,20,10,0.2993,-0.0021,0.5021,0.4545,11,0.5556,9,False,False
Standard UNDER,walks_allowed,L5>=4 + own_pitch_stingy,0.5,20,10,0.2993,-0.0014,0.5014,0.4,15,0.8,5,False,False
Standard UNDER,hitter_ks,L5=5 + opp_pitch_stingy,0.4545,33,15,0.2984,-0.0959,0.5504,0.4839,31,0.0,2,False,False
Standard OVER,walks,L5>=4 + own_pitch_stingy,0.4545,33,15,0.2984,-0.0406,0.4951,0.4444,18,0.4667,15,False,False
Standard OVER,hits+runs+rbis,L10>=8 + own_pitch_leaky,0.3913,92,36,0.2979,-0.1008,0.4921,0.3913,23,0.3913,69,False,False
Standard UNDER,singles,L5=5 + opp_pitch_leaky + cover>=1,0.4182,55,23,0.2974,-0.1189,0.5371,0.3684,19,0.4444,36,False,False
Standard OVER,plate_appearances,own_bats_Strong,0.3878,98,38,0.2973,-0.0021,0.3899,0.4286,42,0.3571,56,False,False
Standard OVER,hits+runs+rbis,L5=5 + own_pitch_leaky,0.4318,44,19,0.2968,-0.0603,0.4921,0.3333,21,0.5217,23,False,False
Standard UNDER,pitching_outs,L5>=4 + season_cush>=2,0.4444,36,16,0.2954,-0.0501,0.4945,0.25,4,0.4688,32,False,False
Goblin OVER,hits,L5=5 + own_pitch_stingy + season_cush>=1,0.4643,28,13,0.2953,-0.1303,0.5946,0.3333,6,0.5,22,False,False
Standard OVER,hits+runs+rbis,L10>=8 + opp_pitch_leaky,0.3929,84,33,0.2953,-0.0992,0.4921,0.4167,24,0.3833,60,False,False
Standard OVER,singles,L10>=8 + own_bats_Strong,0.4062,64,26,0.2946,-0.08,0.4862,0.3333,6,0.4138,58,False,False
Standard OVER,total_bases,L10>=8 + own_pitch_leaky,0.4359,39,17,0.293,-0.0144,0.4503,0.4,20,0.4737,19,False,False
Standard OVER,total_bases,L5=5 + K%>=22,0.4783,23,11,0.2924,0.028,0.4503,0.5,12,0.4545,11,False,False
Standard OVER,runs,L5>=4 + K%>=28,0.4783,23,11,0.2924,0.0222,0.4561,0.4545,11,0.5,12,False,False
Standard UNDER,hitterfantasyscore,L10>=8 + K%>=22 + opp_pitch_stingy,0.4783,23,11,0.2924,-0.0542,0.5325,0.4783,23,,0,False,False
Standard UNDER,hits_allowed,L10>=8 + season_cush>=1,0.4783,23,11,0.2924,-0.0146,0.4929,0.2222,9,0.6429,14,False,False
Standard OVER,pitcherfantasyscore,L5>=4 + own_pitch_stingy,0.4783,23,11,0.2924,-0.0373,0.5156,0.4783,23,,0,False,False
Standard OVER,total_bases,L10>=8 + opp_pitch_leaky,0.4516,31,14,0.2916,0.0013,0.4503,0.375,16,0.5333,15,False,False
Standard OVER,hitter_ks,L5=5 + opp_pitch_leaky,0.4516,31,14,0.2916,-0.0115,0.4631,0.4828,29,0.0,2,False,False
Standard UNDER,plate_appearances,L5>=4 + BA>=.275,0.4516,31,14,0.2916,-0.1147,0.5663,0.4286,7,0.4583,24,False,False
Standard UNDER,hits,L5=5 + own_pitch_leaky + cover>=1,0.4286,42,18,0.2912,-0.1267,0.5553,0.25,4,0.4474,38,False,False
Standard OVER,hits_allowed,L5>=4 + opp_pitch_leaky,0.4286,42,18,0.2912,-0.0346,0.4632,0.3548,31,0.6364,11,False,False
Goblin OVER,singles,L10>=8 + opp_pitch_stingy + cover>=1,0.5,18,9,0.2903,-0.0396,0.5396,0.5,2,0.5,16,False,False
Goblin OVER,singles,L5=5 + BA>=.300,0.5,18,9,0.2903,-0.0396,0.5396,0.75,8,0.3,10,False,False
Standard UNDER,hitterfantasyscore,L10>=8 + BA>=.275,0.5,18,9,0.2903,-0.0325,0.5325,0.5,18,,0,False,False
Standard UNDER,walks,L10>=8 + opp_pitch_leaky,0.5,18,9,0.2903,-0.0103,0.5103,0.6667,3,0.4667,15,False,False
Standard UNDER,walks,L10>=8 + K%>=22,0.5,18,9,0.2903,-0.0103,0.5103,0.6667,3,0.4667,15,False,False
Goblin OVER,plate_appearances,L5>=4 + opp_pitch_stingy,0.4412,34,15,0.2888,-0.0733,0.5145,0.0,2,0.4688,32,False,False
Standard UNDER,earned_runs,season_cush>=1,0.4412,34,15,0.2888,-0.1386,0.5798,0.5714,14,0.35,20,False,False
Standard OVER,hits+runs+rbis,L5=5 + opp_pitch_leaky + season_cush>=1,0.4615,26,12,0.2876,-0.0306,0.4921,0.5714,7,0.4211,19,False,False
Standard OVER,hits+runs+rbis,L5=5 + opp_bats_Strong + cover>=1,0.4615,26,12,0.2876,-0.0306,0.4921,0.5833,12,0.3571,14,False,False
Standard UNDER,singles,L10>=8 + BA>=.275 + opp_pitch_leaky,0.4615,26,12,0.2876,-0.0756,0.5371,0.5,14,0.4167,12,False,False
Standard OVER,pitcherfantasyscore,L5>=4 + opp_bats_Strong,0.4615,26,12,0.2876,-0.0541,0.5156,0.4615,26,,0,False,False
Standard UNDER,hits,L10>=8 + K%>=28 + opp_pitch_leaky,0.4118,51,21,0.2875,-0.1435,0.5553,0.2353,17,0.5,34,False,False
Standard UNDER,hitterfantasyscore,L10>=8 + opp_pitch_stingy,0.4324,37,16,0.2867,-0.1001,0.5325,0.4324,37,,0,False,False
Standard UNDER,earned_runs,L5>=4 + opp_pitch_stingy,0.4324,37,16,0.2867,-0.1474,0.5798,0.5,8,0.4138,29,False,False
Standard UNDER,runs,L10>=9 + opp_bats_Strong,0.425,40,17,0.2851,-0.1174,0.5424,0.5625,16,0.3333,24,False,False
Standard UNDER,walks,L5>=4 + K%>=28,0.425,40,17,0.2851,-0.0853,0.5103,0.4,25,0.4667,15,False,False
Standard UNDER,hits,L10>=8 + K%>=22 + opp_pitch_leaky,0.3939,66,26,0.285,-0.1614,0.5553,0.2105,19,0.4681,47,False,False
Standard UNDER,total_bases,L5=5 + L10>=8 + own_pitch_leaky,0.4483,29,13,0.2841,-0.0889,0.5372,0.75,4,0.4,25,False,False
Standard UNDER,runs,L10>=9 + cover>=0.5,0.4483,29,13,0.2841,-0.0941,0.5424,0.2857,7,0.5,22,False,False
Standard UNDER,hits_allowed,L10>=8 + own_pitch_stingy,0.4483,29,13,0.2841,-0.0446,0.4929,0.3636,11,0.5,18,False,False
Standard OVER,walks,L5>=4 + opp_pitch_stingy,0.4483,29,13,0.2841,-0.0468,0.4951,0.55,20,0.2222,9,False,False
Standard OVER,hits+runs+rbis,L5=5 + own_pitch_stingy + season_cush>=1,0.4762,21,10,0.2834,-0.0159,0.4921,0.5,4,0.4706,17,False,False
Standard UNDER,singles,L10>=8 + opp_bats_Strong + cover>=1,0.4762,21,10,0.2834,-0.0609,0.5371,0.125,8,0.6923,13,False,False
Standard UNDER,hitter_ks,L5>=4 + own_pitch_leaky,0.3689,103,38,0.282,-0.1815,0.5504,0.3636,99,0.5,4,False,False
Standard UNDER,singles,L10>=8 + opp_pitch_leaky + cover>=1,0.4375,32,14,0.2817,-0.0996,0.5371,0.2727,11,0.5238,21,False,False
Standard UNDER,hits,L10>=9 + opp_pitch_leaky,0.4375,32,14,0.2817,-0.1178,0.5553,0.6,5,0.4074,27,False,False
Standard OVER,plate_appearances,L5>=4,0.4375,32,14,0.2817,0.0476,0.3899,0.5,4,0.4286,28,False,False
Standard UNDER,singles,L10>=9 + own_pitch_leaky,0.4038,52,21,0.2816,-0.1333,0.5371,0.3636,33,0.4737,19,False,False
Standard OVER,singles,L10>=8 + K%>=22,0.4,55,22,0.2812,-0.0862,0.4862,0.125,8,0.4468,47,False,False
Standard OVER,plate_appearances,K%>=22,0.3816,76,29,0.2806,-0.0083,0.3899,0.4706,34,0.3095,42,False,False
Goblin OVER,hits,line_1.5,0.5,16,8,0.28,-0.0946,0.5946,0.5,16,,0,False,False
Standard UNDER,runs,L10>=9 + cover>=1,0.5,16,8,0.28,-0.0424,0.5424,0.25,4,0.5833,12,False,False
Standard UNDER,pitcher_ks,L10>=8 + opp_pitch_stingy + season_cush>=1,0.5,16,8,0.28,-0.0235,0.5235,0.4,5,0.5455,11,False,False
Standard UNDER,pitcher_ks,L10>=9 + opp_pitch_leaky,0.5,16,8,0.28,-0.0235,0.5235,0.5,10,0.5,6,False,False
Standard UNDER,hitterfantasyscore,L10>=9 + own_bats_Strong,0.5,16,8,0.28,-0.0325,0.5325,0.5,16,,0,False,False
Standard UNDER,plate_appearances,L10>=9 + opp_pitch_stingy,0.5,16,8,0.28,-0.0663,0.5663,1.0,3,0.3846,13,False,False
Standard UNDER,walks,L10>=8 + opp_bats_Strong,0.5,16,8,0.28,-0.0103,0.5103,0.5,4,0.5,12,False,False
Standard OVER,total_bases,L5=5,0.4286,35,15,0.2798,-0.0217,0.4503,0.4667,15,0.4,20,False,False
Standard OVER,runs,L5=5,0.4286,35,15,0.2798,-0.0275,0.4561,0.2727,22,0.6923,13,False,False
Standard OVER,runs,L5=5 + line_0.5,0.4286,35,15,0.2798,-0.0275,0.4561,0.2727,22,0.6923,13,False,False
Standard OVER,hits+runs+rbis,L5=5 + K%>=22 + opp_pitch_leaky,0.4583,24,11,0.2789,-0.0338,0.4921,0.4,5,0.4737,19,False,False
Standard OVER,singles,L5>=4 + cover>=2,0.4583,24,11,0.2789,-0.0279,0.4862,0.0,3,0.5238,21,False,False
Standard UNDER,plate_appearances,L5=5 + own_pitch_leaky,0.4583,24,11,0.2789,-0.108,0.5663,0.5,8,0.4375,16,False,False
Standard OVER,walks_allowed,L5>=4 + opp_pitch_stingy,0.4583,24,11,0.2789,-0.0407,0.499,0.4,10,0.5,14,False,False
Standard UNDER,hitterfantasyscore,L10>=8 + own_pitch_leaky,0.4091,44,18,0.2769,-0.1234,0.5325,0.4091,44,,0,False,False
Standard UNDER,hitterfantasyscore,BA>=.275 + opp_pitch_leaky,0.3784,74,28,0.2765,-0.1541,0.5325,0.3784,74,,0,False,False
Standard OVER,singles,L10>=8 + own_pitch_stingy + cover>=1,0.4,50,20,0.2761,-0.0862,0.4862,0.3077,13,0.4324,37,False,False
Standard OVER,hits+runs+rbis,L10>=8 + own_pitch_leaky + cover>=1,0.4444,27,12,0.2759,-0.0477,0.4921,0.5,2,0.44,25,False,False
Standard OVER,hits,cover>=1.5,0.4444,27,12,0.2759,-0.033,0.4774,0.3333,6,0.4762,21,False,False
Standard OVER,pitcher_ks,L10>=8 + season_cush>=1,0.4444,27,12,0.2759,-0.0559,0.5003,0.3333,6,0.4762,21,False,False
Standard OVER,first_inning_runs,line_0.5,0.3871,62,24,0.2758,0.0,0.3871,0.375,56,0.5,6,False,False
Standard OVER,singles,L5=5 + L10>=8 + own_pitch_stingy,0.4333,30,13,0.2738,-0.0529,0.4862,0.2857,14,0.5625,16,False,False
Standard UNDER,hits,L10>=9 + own_pitch_stingy,0.4333,30,13,0.2738,-0.122,0.5553,0.6,5,0.4,25,False,False
Standard OVER,rbis,K%>=22,0.4333,30,13,0.2738,-0.0667,0.5,0.4091,22,0.5,8,False,False
Standard OVER,hits+runs+rbis,L5=5 + opp_bats_Strong + season_cush>=1,0.4737,19,9,0.2733,-0.0184,0.4921,0.5714,7,0.4167,12,False,False
Standard OVER,hitterfantasyscore,L10>=8 + opp_pitch_stingy,0.4737,19,9,0.2733,-0.0149,0.4886,0.4737,19,,0,False,False
Standard OVER,hits,L5=5 + cover>=0.5,0.4737,19,9,0.2733,-0.0037,0.4774,0.5,4,0.4667,15,False,False
Standard OVER,hits,L5=5 + cover>=1,0.4737,19,9,0.2733,-0.0037,0.4774,0.5,4,0.4667,15,False,False
Standard UNDER,pitches_thrown,L5=5 + own_bats_Strong,0.4737,19,9,0.2733,-0.0491,0.5228,0.6667,12,0.1429,7,False,False
Standard OVER,total_bases,L5=5 + line_0.5,0.4242,33,14,0.2724,-0.0261,0.4503,0.4286,14,0.4211,19,False,False
Standard UNDER,pitches_thrown,L10>=9,0.4242,33,14,0.2724,-0.0986,0.5228,0.4706,17,0.375,16,False,False
Standard UNDER,hitterfantasyscore,BA>=.300,0.4242,33,14,0.2724,-0.1083,0.5325,0.4242,33,,0,False,False
Standard OVER,hitter_ks,L5=5 + own_bats_Strong,0.4242,33,14,0.2724,-0.0389,0.4631,0.4516,31,0.0,2,False,False
Standard UNDER,runs,L10>=9 + own_pitch_stingy,0.4167,36,15,0.2714,-0.1257,0.5424,0.5833,12,0.3333,24,False,False
Standard OVER,plate_appearances,BA>=.275,0.3833,60,23,0.2709,-0.0066,0.3899,0.3889,18,0.381,42,False,False
Standard OVER,hits+runs+rbis,L10>=8 + K%>=22 + opp_pitch_leaky,0.4048,42,17,0.2704,-0.0873,0.4921,0.4667,15,0.3704,27,False,False
Standard OVER,hitter_ks,L5=5 + own_pitch_leaky,0.4048,42,17,0.2704,-0.0583,0.4631,0.4146,41,0.0,1,False,False
Standard UNDER,total_bases,L10>=8 + own_pitch_leaky + cover>=1,0.4545,22,10,0.2692,-0.0827,0.5372,1.0,1,0.4286,21,False,False
Standard OVER,hits,L5>=4 + cover>=1.5,0.4545,22,10,0.2692,-0.0229,0.4774,0.5,4,0.4444,18,False,False
Standard OVER,hits,L5>=4 + L10>=8,0.4545,22,10,0.2692,-0.0229,0.4774,0.5,6,0.4375,16,False,False
Standard OVER,hits,L10>=8 + cover>=0.5,0.4545,22,10,0.2692,-0.0229,0.4774,0.6,5,0.4118,17,False,False
Standard OVER,pitching_outs,L10>=8,0.4545,22,10,0.2692,-0.0476,0.5021,0.4167,12,0.5,10,False,False
Standard OVER,earned_runs,L5>=4 + opp_pitch_stingy,0.4545,22,10,0.2692,-0.0359,0.4904,0.5,2,0.45,20,False,False
Standard OVER,singles,cover>=2,0.44,25,11,0.2667,-0.0462,0.4862,0.0,3,0.5,22,False,False
Standard OVER,hitter_ks,L5=5 + opp_pitch_stingy,0.44,25,11,0.2667,-0.0231,0.4631,0.44,25,,0,False,False
Standard UNDER,singles,L5=5 + own_pitch_leaky + cover>=1,0.3878,49,19,0.2643,-0.1493,0.5371,0.36,25,0.4167,24,False,False
Standard UNDER,singles,L5>=4 + L10>=8 + own_pitch_leaky,0.3878,49,19,0.2643,-0.1493,0.5371,0.375,16,0.3939,33,False,False
Standard OVER,hits+runs+rbis,L10>=8 + opp_pitch_leaky + season_cush>=1,0.4054,37,15,0.2635,-0.0867,0.4921,0.5556,9,0.3571,28,False,False
Standard UNDER,pitches_thrown,L10>=8 + own_pitch_leaky,0.4054,37,15,0.2635,-0.1174,0.5228,0.3333,9,0.4286,28,False,False
Standard UNDER,hits+runs+rbis,L10>=8 + cover>=1,0.4706,17,8,0.2616,-0.0643,0.5349,,0,0.4706,17,False,False
Standard OVER,hitterfantasyscore,L10>=8 + K%>=22 + opp_pitch_stingy,0.4706,17,8,0.2616,-0.018,0.4886,0.4706,17,,0,False,False
Standard OVER,pitcher_ks,season_cush>=2,0.4706,17,8,0.2616,-0.0297,0.5003,0.3333,3,0.5,14,False,False
Standard OVER,pitcher_ks,L10>=8 + opp_pitch_leaky,0.4706,17,8,0.2616,-0.0297,0.5003,0.5,8,0.4444,9,False,False
Standard UNDER,pitcher_ks,L10>=9 + season_cush>=1,0.4706,17,8,0.2616,-0.0529,0.5235,0.4286,7,0.5,10,False,False
Goblin OVER,runs,cover>=1.5,0.4706,17,8,0.2616,-0.0557,0.5263,0.375,8,0.5556,9,False,False
Standard UNDER,walks,L5>=4 + BA>=.275,0.4706,17,8,0.2616,-0.0397,0.5103,0.2727,11,0.8333,6,False,False
Goblin OVER,walks,L10>=8,0.4706,17,8,0.2616,-0.04,0.5106,0.3,10,0.7143,7,False,False
Goblin OVER,walks,L10>=8 + line_0.5,0.4706,17,8,0.2616,-0.04,0.5106,0.3,10,0.7143,7,False,False
Standard OVER,plate_appearances,L5>=4 + own_bats_Strong,0.4706,17,8,0.2616,0.0807,0.3899,0.5,4,0.4615,13,False,False
Standard UNDER,hits+runs+rbis,L10>=8 + own_pitch_stingy + season_cush>=1,0.45,20,9,0.2582,-0.0849,0.5349,0.25,4,0.5,16,False,False
Standard UNDER,hits,L5=5 + L10>=8 + own_pitch_leaky,0.45,20,9,0.2582,-0.1053,0.5553,1.0,1,0.4211,19,False,False
Standard UNDER,hits,L10>=8 + own_pitch_leaky + cover>=1,0.45,20,9,0.2582,-0.1053,0.5553,1.0,1,0.4211,19,False,False
Standard UNDER,plate_appearances,L5=5 + opp_pitch_stingy,0.45,20,9,0.2582,-0.1163,0.5663,1.0,1,0.4211,19,False,False
Standard OVER,hits_allowed,L5=5,0.45,20,9,0.2582,-0.0132,0.4632,0.6,10,0.3,10,False,False
Standard OVER,hitter_ks,L5>=4 + own_bats_Strong,0.3651,63,23,0.2572,-0.098,0.4631,0.3898,59,0.0,4,False,False
Standard OVER,hits+runs+rbis,L10>=8 + own_pitch_stingy + cover>=1,0.4348,23,10,0.2563,-0.0573,0.4921,0.6667,6,0.3529,17,False,False
Standard OVER,singles,L10>=9 + own_pitch_stingy,0.4348,23,10,0.2563,-0.0514,0.4862,0.4286,7,0.4375,16,False,False
Standard OVER,total_bases,L10>=8 + K%>=22 + opp_pitch_leaky,0.4348,23,10,0.2563,-0.0155,0.4503,0.375,16,0.5714,7,False,False
Standard UNDER,hits+runs+rbis,L5>=4 + cover>=1,0.4348,23,10,0.2563,-0.1001,0.5349,,0,0.4348,23,False,False
Standard UNDER,hits+runs+rbis,L5=5 + cover>=1,0.4348,23,10,0.2563,-0.1001,0.5349,,0,0.4348,23,False,False
Standard UNDER,hits_allowed,L10>=8 + opp_pitch_stingy,0.4348,23,10,0.2563,-0.0581,0.4929,0.3,10,0.5385,13,False,False
Standard OVER,hits_allowed,L10>=8,0.4348,23,10,0.2563,-0.0284,0.4632,0.1667,6,0.5294,17,False,False
Standard UNDER,pitcher_ks,L10>=9,0.3947,38,15,0.256,-0.1288,0.5235,0.4091,22,0.375,16,False,False
Standard OVER,hits+runs+rbis,L5>=4 + BA>=.300,0.4,35,14,0.2555,-0.0921,0.4921,0.25,12,0.4783,23,False,False
Standard UNDER,hits_allowed,L10>=9,0.4231,26,11,0.2554,-0.0698,0.4929,0.3,10,0.5,16,False,False
Standard OVER,plate_appearances,opp_pitch_stingy,0.3506,77,27,0.2535,-0.0393,0.3899,0.4286,21,0.3214,56,False,False
Standard OVER,plate_appearances,own_pitch_leaky,0.3514,74,26,0.2524,-0.0385,0.3899,0.4348,23,0.3137,51,False,False
Standard UNDER,hits,L5=5 + opp_pitch_leaky,0.3778,45,17,0.2511,-0.1775,0.5553,0.2727,11,0.4118,34,False,False
Standard OVER,singles,K%>=28 + opp_pitch_stingy,0.4667,15,7,0.2481,-0.0195,0.4862,0.5,10,0.4,5,False,False
Standard UNDER,hits+runs+rbis,L5=5 + line_0.5,0.4667,15,7,0.2481,-0.0682,0.5349,,0,0.4667,15,False,False
Goblin OVER,singles,L10>=8 + K%>=22,0.4667,15,7,0.2481,-0.0729,0.5396,1.0,1,0.4286,14,False,False
Standard UNDER,total_bases,L10=10,0.4667,15,7,0.2481,-0.0705,0.5372,0.4286,7,0.5,8,False,False
Standard UNDER,runs,L10=10,0.4667,15,7,0.2481,-0.0757,0.5424,0.4444,9,0.5,6,False,False
Standard UNDER,pitcher_ks,L10>=8 + own_pitch_stingy + season_cush>=1,0.4667,15,7,0.2481,-0.0568,0.5235,0.4,5,0.5,10,False,False
Standard UNDER,pitcher_ks,cover>=0.5,0.4667,15,7,0.2481,-0.0568,0.5235,0.5,4,0.4545,11,False,False
Goblin OVER,runs,L5>=4 + cover>=1.5,0.4667,15,7,0.2481,-0.0596,0.5263,0.375,8,0.5714,7,False,False
Standard UNDER,plate_appearances,L5=5 + BA>=.275,0.4667,15,7,0.2481,-0.0996,0.5663,0.6667,3,0.4167,12,False,False
Standard OVER,pitches_thrown,L5>=4 + L10>=8,0.4667,15,7,0.2481,-0.037,0.5037,0.4,5,0.5,10,False,False
Standard OVER,pitches_thrown,L10>=8 + season_cush>=2,0.4667,15,7,0.2481,-0.037,0.5037,0.5,6,0.4444,9,False,False
Standard UNDER,earned_runs,L10>=9 + opp_pitch_stingy,0.4667,15,7,0.2481,-0.1131,0.5798,0.625,8,0.2857,7,False,False
Standard UNDER,pitcherfantasyscore,L10>=8,0.4667,15,7,0.2481,-0.0414,0.5081,0.4667,15,,0,False,False
Standard OVER,singles,L10>=8 + opp_pitch_leaky + cover>=1,0.3889,36,14,0.2478,-0.0973,0.4862,0.2222,9,0.4444,27,False,False
Standard UNDER,hits,L5=5 + opp_pitch_leaky + cover>=1,0.3889,36,14,0.2478,-0.1664,0.5553,0.0,2,0.4118,34,False,False
Standard OVER,hits+runs+rbis,L10>=8 + BA>=.300,0.4444,18,8,0.2456,-0.0477,0.4921,0.25,4,0.5,14,False,False
Standard UNDER,singles,L10>=8 + own_bats_Strong + cover>=1,0.4444,18,8,0.2456,-0.0927,0.5371,0.2,5,0.5385,13,False,False
Standard OVER,pitcher_ks,L10>=8 + own_pitch_leaky,0.4444,18,8,0.2456,-0.0559,0.5003,0.4286,7,0.4545,11,False,False
Standard UNDER,pitches_thrown,L10>=8 + own_pitch_leaky + season_cush>=1,0.4444,18,8,0.2456,-0.0784,0.5228,0.0,1,0.4706,17,False,False
Standard UNDER,plate_appearances,L5=5 + L10>=8 + own_pitch_leaky,0.4444,18,8,0.2456,-0.1219,0.5663,0.4286,7,0.4545,11,False,False
Standard OVER,pitcherfantasyscore,L5>=4 + own_pitch_leaky,0.4444,18,8,0.2456,-0.0712,0.5156,0.4444,18,,0,False,False
Standard OVER,plate_appearances,L5>=4 + own_pitch_stingy,0.4444,18,8,0.2456,0.0545,0.3899,0.3333,3,0.4667,15,False,False
Standard OVER,first_inning_runs,opp_pitch_stingy,0.4444,18,8,0.2456,0.0573,0.3871,0.4444,18,,0,False,False
Standard UNDER,hits,L10>=9 + opp_bats_Strong,0.4074,27,11,0.2451,-0.1479,0.5553,0.5,4,0.3913,23,False,False
Standard UNDER,hits,L10>=8 + opp_bats_Strong + cover>=1,0.4286,21,9,0.2447,-0.1267,0.5553,0.3333,3,0.4444,18,False,False
Standard UNDER,hits_allowed,L5=5 + own_pitch_leaky,0.4286,21,9,0.2447,-0.0643,0.4929,0.3846,13,0.5,8,False,False
Standard OVER,pitcherfantasyscore,L5>=4 + opp_pitch_stingy,0.4286,21,9,0.2447,-0.087,0.5156,0.4286,21,,0,False,False
Standard OVER,singles,L5>=4 + L10>=8 + own_pitch_leaky,0.4167,24,10,0.2447,-0.0695,0.4862,0.0,2,0.4545,22,False,False
Standard OVER,singles,L10>=8 + opp_pitch_stingy + cover>=1,0.4167,24,10,0.2447,-0.0695,0.4862,0.6667,6,0.3333,18,False,False
Goblin OVER,singles,L5=5 + BA>=.275 + opp_pitch_leaky,0.4167,24,10,0.2447,-0.1229,0.5396,0.75,12,0.0833,12,False,False
Standard UNDER,pitching_outs,L10>=8 + season_cush>=1,0.4167,24,10,0.2447,-0.0778,0.4945,0.0,2,0.4545,22,False,False
Standard UNDER,plate_appearances,L5>=4 + K%>=28,0.4167,24,10,0.2447,-0.1496,0.5663,0.6667,3,0.381,21,False,False
Standard OVER,hitterfantasyscore,L10>=8,0.375,40,15,0.2422,-0.1136,0.4886,0.375,40,,0,False,False
Standard OVER,runs,L5>=4 + BA>=.300,0.3871,31,12,0.2373,-0.069,0.4561,0.3913,23,0.375,8,False,False
Standard UNDER,hitter_ks,L5=5 + own_pitch_leaky,0.3871,31,12,0.2373,-0.1633,0.5504,0.3667,30,1.0,1,False,False
Goblin OVER,walks,K%>=28 + opp_pitch_stingy,0.3871,31,12,0.2373,-0.1235,0.5106,0.3333,21,0.5,10,False,False
Standard OVER,hitter_ks,BA>=.300,0.3529,51,18,0.2363,-0.1102,0.4631,0.3265,49,1.0,2,False,False
Standard UNDER,total_bases,L10>=9 + own_pitch_stingy,0.3659,41,15,0.2359,-0.1713,0.5372,0.5,10,0.3226,31,False,False
Standard OVER,total_bases,L10>=8 + K%>=28,0.3929,28,11,0.2357,-0.0574,0.4503,0.3333,18,0.5,10,False,False
Standard UNDER,pitching_outs,L5=5,0.3929,28,11,0.2357,-0.1016,0.4945,0.2857,14,0.5,14,False,False
Standard OVER,walks_allowed,L5>=4 + own_pitch_stingy,0.4,25,10,0.234,-0.099,0.499,0.5556,9,0.3125,16,False,False
Standard UNDER,earned_runs,L5>=4 + own_bats_Strong,0.4,25,10,0.234,-0.1798,0.5798,0.4,5,0.4,20,False,False
Standard OVER,singles,L5=5 + opp_pitch_leaky + cover>=1,0.4091,22,9,0.2326,-0.0771,0.4862,0.3333,6,0.4375,16,False,False
Standard OVER,total_bases,L5=5 + cover>=1.5,0.4091,22,9,0.2326,-0.0412,0.4503,0.25,4,0.4444,18,False,False
Standard UNDER,hits,L10>=9 + K%>=28,0.4091,22,9,0.2326,-0.1462,0.5553,,0,0.4091,22,False,False
Standard UNDER,pitching_outs,L10>=8 + season_cush>=2,0.4091,22,9,0.2326,-0.0854,0.4945,0.0,1,0.4286,21,False,False
Standard OVER,total_bases,L5=5 + cover>=2,0.4211,19,8,0.2314,-0.0292,0.4503,0.25,4,0.4667,15,False,False
Standard UNDER,singles,L5>=4 + BA>=.300,0.4211,19,8,0.2314,-0.116,0.5371,0.3636,11,0.5,8,False,False
Standard UNDER,hits_allowed,L5=5 + opp_bats_Strong,0.4211,19,8,0.2314,-0.0718,0.4929,0.3571,14,0.6,5,False,False
Standard OVER,first_inning_walks,line_0.5,0.4211,19,8,0.2314,0.0,0.4211,0.4211,19,,0,False,False
Standard UNDER,hits+runs+rbis,L5=5 + K%>=28 + opp_pitch_leaky,0.4375,16,7,0.231,-0.0974,0.5349,0.4444,9,0.4286,7,False,False
Standard OVER,hits,L5>=4 + L10>=8 + own_pitch_leaky,0.4375,16,7,0.231,-0.0399,0.4774,0.4,5,0.4545,11,False,False
Standard OVER,pitcher_ks,L5=5 + own_pitch_stingy,0.4375,16,7,0.231,-0.0628,0.5003,0.4615,13,0.3333,3,False,False
Standard UNDER,pitcher_ks,L10>=8 + own_bats_Strong + season_cush>=1,0.4375,16,7,0.231,-0.086,0.5235,0.3333,3,0.4615,13,False,False
Standard UNDER,pitching_outs,L10>=8 + opp_pitch_leaky,0.4375,16,7,0.231,-0.057,0.4945,0.2,5,0.5455,11,False,False
Standard UNDER,hits_allowed,L5=5 + opp_pitch_stingy,0.4375,16,7,0.231,-0.0554,0.4929,0.4615,13,0.3333,3,False,False
Standard OVER,pitches_thrown,L10>=8 + season_cush>=1,0.4375,16,7,0.231,-0.0662,0.5037,0.5,6,0.4,10,False,False
Standard UNDER,walks_allowed,L5>=4 + opp_pitch_leaky,0.4375,16,7,0.231,-0.0639,0.5014,0.3846,13,0.6667,3,False,False
Standard UNDER,walks,L5>=4 + own_pitch_leaky,0.359,39,14,0.2274,-0.1513,0.5103,0.3462,26,0.3846,13,False,False
Standard UNDER,singles,L10>=8 + BA>=.275 + opp_pitch_stingy,0.3793,29,11,0.2269,-0.1578,0.5371,0.25,16,0.5385,13,False,False
Standard OVER,hitter_ks,L5=5 + opp_bats_Strong,0.3793,29,11,0.2269,-0.0838,0.4631,0.3793,29,,0,False,False
Standard UNDER,hits,L5>=4 + BA>=.275,0.3846,26,10,0.2243,-0.1707,0.5553,0.381,21,0.4,5,False,False
Standard UNDER,walks_allowed,L5>=4 + opp_bats_Strong,0.3913,23,9,0.2216,-0.1101,0.5014,0.2941,17,0.6667,6,False,False
Goblin OVER,walks,BA>=.275 + opp_pitch_leaky,0.3913,23,9,0.2216,-0.1193,0.5106,0.4706,17,0.1667,6,False,False
Standard OVER,singles,L10>=8 + own_pitch_leaky + cover>=1,0.4,20,8,0.2188,-0.0862,0.4862,0.0,1,0.4211,19,False,False
Standard OVER,total_bases,L5=5 + opp_pitch_leaky,0.4,20,8,0.2188,-0.0503,0.4503,0.4545,11,0.3333,9,False,False
Standard OVER,walks_allowed,L5>=4 + opp_pitch_leaky,0.3667,30,11,0.2187,-0.1323,0.499,0.4444,18,0.25,12,False,False
Standard OVER,singles,L10>=8 + cover>=1.5,0.4118,17,7,0.2161,-0.0744,0.4862,0.6667,6,0.2727,11,False,False
Standard OVER,hits,L10>=8 + cover>=1,0.4118,17,7,0.2161,-0.0656,0.4774,0.5,4,0.3846,13,False,False
Standard UNDER,pitches_thrown,L10>=9 + own_bats_Strong,0.4118,17,7,0.2161,-0.111,0.5228,0.5455,11,0.1667,6,False,False
Standard OVER,hitter_ks,K%>=28 + opp_pitch_stingy,0.4118,17,7,0.2161,-0.0513,0.4631,0.4118,17,,0,False,False
Standard OVER,singles,L5=5 + opp_pitch_leaky,0.3704,27,10,0.2153,-0.1158,0.4862,0.2727,11,0.4375,16,False,False
Standard OVER,hitterfantasyscore,L10>=8 + own_pitch_leaky,0.3704,27,10,0.2153,-0.1182,0.4886,0.3704,27,,0,False,False
Standard OVER,hitter_ks,line_1.5,0.3333,45,15,0.2136,-0.1298,0.4631,0.3256,43,0.5,2,False,False
Standard OVER,singles,L5=5 + own_bats_Strong,0.375,24,9,0.2116,-0.1112,0.4862,0.0,8,0.5625,16,False,False
Standard OVER,total_bases,L5=5 + cover>=0.5,0.375,24,9,0.2116,-0.0753,0.4503,0.25,4,0.4,20,False,False
Standard OVER,total_bases,L5=5 + cover>=1,0.375,24,9,0.2116,-0.0753,0.4503,0.25,4,0.4,20,False,False
Standard UNDER,hits+runs+rbis,L10>=8 + BA>=.275 + opp_pitch_stingy,0.375,24,9,0.2116,-0.1599,0.5349,0.3333,12,0.4167,12,False,False
Standard OVER,hitterfantasyscore,L10>=8 + K%>=22,0.3548,31,11,0.2112,-0.1338,0.4886,0.3548,31,,0,False,False
Standard UNDER,singles,L10>=9 + BA>=.275,0.3571,28,10,0.2071,-0.18,0.5371,0.3182,22,0.5,6,False,False
Standard OVER,hits+runs+rbis,L10>=8 + cover>=1.5,0.3889,18,7,0.203,-0.1032,0.4921,0.5,2,0.375,16,False,False
Standard UNDER,pitches_thrown,L10>=8 + own_bats_Strong + season_cush>=1,0.3889,18,7,0.203,-0.1339,0.5228,0.6667,6,0.25,12,False,False
Standard OVER,hitter_ks,cover>=0.5,0.3889,18,7,0.203,-0.0742,0.4631,0.4444,9,0.3333,9,False,False
Standard OVER,total_bases,L10>=8 + cover>=1.5,0.36,25,9,0.2025,-0.0903,0.4503,0.125,8,0.4706,17,False,False
Goblin OVER,walks,BA>=.275,0.325,40,13,0.2008,-0.1856,0.5106,0.3448,29,0.2727,11,False,False
Standard OVER,singles,L5=5 + own_pitch_leaky + cover>=1,0.4,15,6,0.1982,-0.0862,0.4862,0.6667,3,0.3333,12,False,False
Standard OVER,total_bases,L10>=8 + own_pitch_leaky + season_cush>=1,0.4,15,6,0.1982,-0.0503,0.4503,0.0,4,0.5455,11,False,False
Standard OVER,total_bases,L5=5 + season_cush>=1,0.4,15,6,0.1982,-0.0503,0.4503,,0,0.4,15,False,False
Standard UNDER,pitcher_ks,L10>=9 + opp_pitch_stingy,0.4,15,6,0.1982,-0.1235,0.5235,0.4286,7,0.375,8,False,False
Standard UNDER,hits_allowed,season_cush>=2,0.4,15,6,0.1982,-0.0929,0.4929,0.25,8,0.5714,7,False,False
Standard OVER,total_bases,L5>=4 + L10>=8 + own_pitch_leaky,0.3636,22,8,0.1973,-0.0867,0.4503,0.2,10,0.5,12,False,False
Standard OVER,total_bases,L10>=8 + season_cush>=1,0.3636,22,8,0.1973,-0.0867,0.4503,0.0,4,0.4444,18,False,False
Standard UNDER,pitcher_ks,L10>=9 + own_pitch_stingy,0.3636,22,8,0.1973,-0.1599,0.5235,0.3684,19,0.3333,3,False,False
Standard OVER,hitter_ks,L5>=4 + K%>=22,0.3636,22,8,0.1973,-0.0995,0.4631,0.381,21,0.0,1,False,False
Standard OVER,total_bases,L10>=8 + cover>=0.5,0.3333,30,10,0.1923,-0.117,0.4503,0.2222,9,0.381,21,False,False
Standard OVER,hits+runs+rbis,L10>=8 + opp_pitch_leaky + cover>=1,0.3684,19,7,0.1915,-0.1237,0.4921,0.5,4,0.3333,15,False,False
Standard UNDER,pitching_outs,L5>=4 + L10>=8,0.3684,19,7,0.1915,-0.1261,0.4945,0.0,2,0.4118,17,False,False
Standard UNDER,rbis,line_0.5,0.3478,23,8,0.1881,0.0,0.3478,0.4,15,0.25,8,False,False
Standard UNDER,hitterfantasyscore,L10>=8 + K%>=22 + opp_pitch_leaky,0.3333,27,9,0.1864,-0.1992,0.5325,0.3333,27,,0,False,False
Standard OVER,total_bases,L10>=8 + own_bats_Strong + cover>=1,0.375,16,6,0.1848,-0.0753,0.4503,0.0,4,0.5,12,False,False
Standard OVER,total_bases,L10>=8 + own_bats_Strong + season_cush>=1,0.375,16,6,0.1848,-0.0753,0.4503,0.0,4,0.5,12,False,False
Standard OVER,total_bases,L10>=8 + cover>=2,0.375,16,6,0.1848,-0.0753,0.4503,0.25,4,0.4167,12,False,False
Standard OVER,hitterfantasyscore,L10>=8 + own_bats_Strong,0.375,16,6,0.1848,-0.1136,0.4886,0.375,16,,0,False,False
Goblin OVER,plate_appearances,L10>=8 + opp_pitch_stingy,0.375,16,6,0.1848,-0.1395,0.5145,1.0,1,0.3333,15,False,False
Standard UNDER,walks,L5>=4 + L10>=8,0.375,16,6,0.1848,-0.1353,0.5103,0.5,2,0.3571,14,False,False
Standard UNDER,earned_runs,L5>=4 + season_cush>=1,0.375,16,6,0.1848,-0.2048,0.5798,0.5714,7,0.2222,9,False,False
Standard OVER,plate_appearances,K%>=28,0.375,16,6,0.1848,-0.0149,0.3899,0.5455,11,0.0,5,False,False
Standard OVER,total_bases,L10>=8 + own_pitch_leaky + cover>=1,0.35,20,7,0.1812,-0.1003,0.4503,0.125,8,0.5,12,False,False
Standard UNDER,total_bases,L10>=8 + opp_pitch_leaky + cover>=1,0.35,20,7,0.1812,-0.1872,0.5372,0.0,1,0.3684,19,False,False
Goblin OVER,walks,BA>=.300,0.3333,24,8,0.1797,-0.1773,0.5106,0.3846,13,0.2727,11,False,False
Standard OVER,total_bases,L5>=4 + L10>=8,0.3125,32,10,0.1795,-0.1378,0.4503,0.1818,11,0.381,21,False,False
Standard OVER,total_bases,L10>=8 + cover>=1,0.3214,28,9,0.1793,-0.1289,0.4503,0.125,8,0.4,20,False,False
Standard UNDER,pitcher_ks,L10>=9 + own_bats_Strong,0.3529,17,6,0.1731,-0.1706,0.5235,0.3,10,0.4286,7,False,False
Standard UNDER,hits,L5=5 + K%>=22 + opp_pitch_leaky,0.32,25,8,0.172,-0.2353,0.5553,0.25,8,0.3529,17,False,False
Standard OVER,pitcher_ks,L10>=8 + own_pitch_stingy,0.3333,21,7,0.1719,-0.167,0.5003,0.3333,6,0.3333,15,False,False
Standard UNDER,rbis,opp_pitch_leaky,0.3333,21,7,0.1719,-0.0145,0.3478,0.4286,14,0.1429,7,False,False
Standard UNDER,walks,BA>=.300,0.3333,18,6,0.1628,-0.177,0.5103,0.1818,11,0.5714,7,False,False
Standard UNDER,hits+runs+rbis,L5>=4 + BA>=.300,0.3043,23,7,0.156,-0.2306,0.5349,0.2,10,0.3846,13,False,False
Standard UNDER,hits,L5=5 + K%>=28 + opp_pitch_leaky,0.3158,19,6,0.1536,-0.2395,0.5553,0.1667,6,0.3846,13,False,False
Standard UNDER,pitching_outs,L5=5 + season_cush>=1,0.3333,15,5,0.1518,-0.1612,0.4945,0.0,3,0.4167,12,False,False
Standard OVER,hits+runs+rbis,L10>=8 + K%>=28,0.2759,29,8,0.147,-0.2162,0.4921,0.3,10,0.2632,19,False,False
Standard UNDER,rbis,opp_bats_Strong,0.3,20,6,0.1455,-0.0478,0.3478,0.3846,13,0.1429,7,False,False
Standard OVER,hits+runs+rbis,L10>=8 + line_0.5,0.3125,16,5,0.1416,-0.1796,0.4921,0.2,5,0.3636,11,False,False
Standard UNDER,singles,L5=5 + L10>=8 + own_pitch_leaky,0.3125,16,5,0.1416,-0.2246,0.5371,0.3333,9,0.2857,7,False,False
Standard OVER,hitter_ks,L10>=8,0.3125,16,5,0.1416,-0.1506,0.4631,0.3571,14,0.0,2,False,False
Standard OVER,hitter_ks,L10>=8 + line_0.5,0.3125,16,5,0.1416,-0.1506,0.4631,0.3571,14,0.0,2,False,False
Standard OVER,singles,L10>=8 + K%>=22 + opp_pitch_stingy,0.2857,21,6,0.1381,-0.2005,0.4862,0.0,3,0.3333,18,False,False
Standard UNDER,first_inning_runs,line_0.5,0.2941,17,5,0.1328,0.0,0.2941,0.2667,15,0.5,2,False,False
Standard OVER,singles,L5=5 + own_pitch_leaky,0.2727,22,6,0.1315,-0.2135,0.4862,0.2,10,0.3333,12,False,False
Standard UNDER,hits,L10>=8 + opp_pitch_leaky + cover>=1,0.2727,22,6,0.1315,-0.2826,0.5553,0.0,2,0.3,20,False,False
Standard UNDER,hitterfantasyscore,L10>=8 + K%>=28,0.25,24,6,0.12,-0.2825,0.5325,0.25,24,,0,False,False
Standard OVER,runs,L5=5 + BA>=.275,0.2632,19,5,0.1181,-0.1929,0.4561,0.2,15,0.5,4,False,False
Standard OVER,plate_appearances,BA>=.300,0.2632,19,5,0.1181,-0.1267,0.3899,0.3333,6,0.2308,13,False,False
Standard OVER,hits+runs+rbis,L10>=8 + K%>=28 + opp_pitch_leaky,0.2667,15,4,0.109,-0.2254,0.4921,0.3333,6,0.2222,9,False,False
Standard UNDER,singles,L10>=8 + own_pitch_leaky + cover>=1,0.2667,15,4,0.109,-0.2704,0.5371,0.25,8,0.2857,7,False,False
Standard OVER,hitterfantasyscore,L10>=8 + opp_pitch_leaky,0.2667,15,4,0.109,-0.2219,0.4886,0.2667,15,,0,False,False
Standard UNDER,hits_allowed,L10>=9 + own_pitch_stingy,0.2667,15,4,0.109,-0.2262,0.4929,0.1667,6,0.3333,9,False,False
Standard OVER,rbis,own_pitch_leaky,0.2667,15,4,0.109,-0.2333,0.5,0.3077,13,0.0,2,False,False
Standard OVER,singles,L5=5 + K%>=22,0.2273,22,5,0.1012,-0.2589,0.4862,0.1875,16,0.3333,6,False,False
Standard OVER,hitterfantasyscore,L10>=8 + opp_bats_Strong,0.2222,18,4,0.09,-0.2664,0.4886,0.2222,18,,0,False,False
Standard OVER,first_inning_runs,cover>=0.5,0.1429,21,3,0.0498,-0.2442,0.3871,0.0625,16,0.4,5,False,False
Standard UNDER,hitterfantasyscore,L10>=8 + K%>=28 + opp_pitch_leaky,0.1333,15,2,0.0374,-0.3992,0.5325,0.1333,15,,0,False,False
Standard OVER,first_inning_runs,cover>=1,0.1176,17,2,0.0329,-0.2695,0.3871,0.0714,14,0.3333,3,False,False
