projection_id,player_name,team,prop_type,line_score,start_time,sport,league,pick_type,standard_line,goblin_line,demon_line,pp_projection_id,player_id,pp_game_id,player,line,pos,opp_team,pp_home_team,pp_away_team,image_url,tournament,pp_updated_at,fetched_at,prop_norm,is_doubles,pp_description,unsupported_prop,espn_athlete_id,tour,standard_line_source,deviation_level,opp_def_tier,DEF_TIER,OVERALL_DEF_RANK,stat_status,aces_per_match,double_faults_per_match,first_serve_pct,games_won_per_match,sets_won_per_match,win_rate_L10,best_surface,stat_g1,stat_g2,stat_g3,stat_g4,stat_g5,stat_g6,stat_g7,stat_g8,stat_g9,stat_g10,stat_last5_avg,stat_last10_avg,stat_season_avg,actual_series,surface,surface_encoded,aces_per_match_mean,df_per_match_mean,first_serve_won_pct,win_rate_on_surface,n_matches_on_surface,surface_specialist,surface_struggle,h2h_win_rate_on_surface,n_h2h_matches,hit_rate_status,line_games_played_5,line_hits_over_5,line_hits_under_5,line_hits_push_5,line_hit_rate_over_5,line_hit_rate_under_5,line_hit_rate_over_ou_5,line_hit_rate_under_ou_5,l5_over,l5_under,last5_over,last5_under,last5_push,line_games_played_10,line_hits_over_10,line_hits_under_10,line_hits_push_10,line_hit_rate_over_10,line_hit_rate_under_10,line_hit_rate_over_ou_10,line_hit_rate_under_ou_10,round,is_grand_slam,player_atp_rank,opponent_rank,ranking_diff,position_group,minutes_tier,shot_role,usage_role,game_script_mult,game_script_note,avg_minutes,composite_hit_rate,composite_score,projection,edge,ml_prob,edge_score,rank_score,line_hit_rate,ml_edge,final_score,consistency_grade,consistency_multiplier,blended_score,bet_direction,tier_source,tier_basis,tier,void_reason,espn_player_id,abs_edge,model_dir,final_bet_direction,final_dir_reason,direction,prob_source,distribution_n,distribution_std
14576036,Frances Tiafoe,FRANCES TIAFOE,Total Sets,3.5,2026-09-08T13:45:00.000-04:00,Tennis,ATP / HARD,Goblin,6.5,,,14576036,201267,185558,Frances Tiafoe,3.5,Player,ALEX MICHELSEN,,,https://static.prizepicks.com/images/manual/tiafoe.png,,2026-09-08T13:10:19.092-04:00,2026-09-08T13:10:29-04:00,total_sets,0,,0,2708,ATP,offset_estimate,3,Avg,Avg,46,OK,,,0.5948380261102764,,,,,5.0,5.0,4.0,4.0,,,,,,,4.5,4.5,4.5,,hard,0,8.310344827586206,2.155172413793104,0.7471931813542996,0.55,60.0,0.0,0.0,,,OK,4.0,4.0,0.0,0.0,1.0,0.0,1.0,0.0,4.0,0.0,4.0,0.0,0.0,4.0,4.0,0.0,0.0,1.0,0.0,1.0,0.0,,0,12,46.0,-34.0,ATP,2,NEUTRAL,ELITE,1,,,1.0,2.0,4.5,1.0,0.4359,-0.2952,8.979489570093458,1.0,0.07840000000000003,8.530515091588784,?,0.95,0.8308,OVER,distance,distance,B,,2708,1.0,OVER,OVER,FORCED_OVER_ONLY_GOB_DEM,OVER,ml_prob_unified,4,0.5774
14618348,Karen Khachanov,KAREN KHACHANOV,Total Sets,3.5,2026-09-09T11:30:00.000-04:00,Tennis,ATP / HARD,Goblin,6.5,,,14618348,201396,185783,Karen Khachanov,3.5,Player,ALEXANDER BLOCKX,,,https://static.prizepicks.com/images/manual/Karen K.png,,2026-09-08T09:48:12.325-04:00,2026-09-08T13:10:29-04:00,total_sets,0,,0,2367,ATP,offset_estimate,3,Avg,Avg,34,OK,,,0.6446638518747103,,,,,5.0,4.0,5.0,4.0,,,,,,,4.5,4.5,4.5,,hard,0,7.968253968253968,2.047619047619047,0.764327151305763,0.5714285714285714,63.0,0.0,0.0,,,OK,4.0,4.0,0.0,0.0,1.0,0.0,1.0,0.0,4.0,0.0,4.0,0.0,0.0,4.0,4.0,0.0,0.0,1.0,0.0,1.0,0.0,,0,50,34.0,16.0,ATP,2,NEUTRAL,FIELD,1,,,1.0,2.0,4.5,1.0,0.4359,-0.2952,8.979489570093458,1.0,0.07840000000000003,8.530515091588784,?,0.95,0.8308,OVER,distance,distance,B,,2367,1.0,OVER,OVER,FORCED_OVER_ONLY_GOB_DEM,OVER,ml_prob_unified,4,0.5774
14582618,Ben Shelton,BEN SHELTON,1st Set Total Games Won,3.5,2026-09-08T20:10:00.000-04:00,Tennis,ATP / HARD,Goblin,4.5,,,14582618,201258,185581,Ben Shelton,3.5,Player,CARLOS ALCARAZ,,,https://static.prizepicks.com/images/manual/Ben Shelton.png,,2026-09-08T07:33:50.424-04:00,2026-09-08T13:10:29-04:00,total_sets,0,,0,9250,ATP,sibling_or_pp,1,Elite,Elite,3,OK,,,0.6753995623116001,,,,,4.0,4.0,4.0,5.0,,,,,,,4.25,4.25,4.25,,hard,0,10.06849315068493,2.547945205479452,0.7700546496212411,0.6575342465753424,73.0,1.0,0.0,,,OK,4.0,4.0,0.0,0.0,1.0,0.0,1.0,0.0,4.0,0.0,4.0,0.0,0.0,4.0,4.0,0.0,0.0,1.0,0.0,1.0,0.0,,0,9,3.0,6.0,ATP,2,NEUTRAL,ELITE,1,,,1.0,2.0,4.25,0.75,0.58,-0.0992,8.979489570093458,1.0,0.07840000000000003,8.530515091588784,?,0.95,0.874,OVER,distance,distance,C,,9250,0.75,OVER,OVER,FORCED_OVER_ONLY_GOB_DEM,OVER,ml_prob_unified,4,0.5
14619850,Alexander Blockx,ALEXANDER BLOCKX,1st Set Total Games Won,3.5,2026-09-09T11:30:00.000-04:00,Tennis,ATP / HARD,Goblin,5.0,,,14619850,218482,185783,Alexander Blockx,3.5,Player,KAREN KHACHANOV,,,https://static.prizepicks.com/images/manual/AlexanderBlockx.webp,,2026-09-08T09:45:28.658-04:00,2026-09-08T13:10:29-04:00,total_sets,0,,0,11757,ATP,offset_estimate,1,Avg,Avg,50,OK,,,0.6652403038167991,,,,,4.0,4.0,4.0,4.0,,,,,,,4.0,4.0,4.0,,hard,0,8.071428571428571,1.714285714285714,0.7321477208550975,0.4,15.0,0.0,0.0,,,OK,4.0,4.0,0.0,0.0,1.0,0.0,1.0,0.0,4.0,0.0,4.0,0.0,0.0,4.0,4.0,0.0,0.0,1.0,0.0,1.0,0.0,,0,34,50.0,-16.0,ATP,2,NEUTRAL,FIELD,1,,,1.0,2.0,4.0,0.5,0.58,-0.0425,8.979489570093458,1.0,0.07840000000000003,8.530515091588784,?,0.95,0.874,OVER,distance,distance,C,,11757,0.5,OVER,OVER,FORCED_OVER_ONLY_GOB_DEM,OVER,ml_prob_unified,4,0.0
14619766,Botic Van de Zandschulp,BOTIC VAN DE ZANDSCHULP,1st Set Total Games Won,3.5,2026-09-09T11:30:00.000-04:00,Tennis,ATP / HARD,Goblin,5.0,,,14619766,235668,185810,Botic Van de Zandschulp,3.5,Player,ALEXANDER ZVEREV,,,https://static.prizepicks.com/images/manual/Botic_Van_de_Zandschulp.png,,2026-09-08T09:45:28.658-04:00,2026-09-08T13:10:29-04:00,total_sets,0,,0,3310,ATP,offset_estimate,1,Elite,Elite,2,OK,,,0.6199747127792538,,,,,5.0,5.0,5.0,4.0,,,,,,,4.75,4.75,4.75,,hard,0,6.48936170212766,4.574468085106383,0.7424482963417903,0.4375,48.0,0.0,0.0,,,OK,4.0,4.0,0.0,0.0,1.0,0.0,1.0,0.0,4.0,0.0,4.0,0.0,0.0,4.0,4.0,0.0,0.0,1.0,0.0,1.0,0.0,,0,70,2.0,68.0,ATP,2,NEUTRAL,FIELD,1,,,1.0,2.05,4.75,1.25,0.58,-0.1973,9.21949550093458,1.0,0.07840000000000003,8.75852072588785,?,0.95,0.874,OVER,distance,distance,C,,3310,1.25,OVER,OVER,FORCED_OVER_ONLY_GOB_DEM,OVER,ml_prob_unified,4,0.5
14580319,Carlos Alcaraz,CARLOS ALCARAZ,Total Sets,3.5,2026-09-08T20:10:00.000-04:00,Tennis,ATP / HARD,Goblin,6.5,,,14580319,201284,185581,Carlos Alcaraz,3.5,Player,BEN SHELTON,,,https://static.prizepicks.com/images/manual/Carlos Alcaraz3.png,,2026-09-08T07:41:39.843-04:00,2026-09-08T13:10:29-04:00,total_sets,0,,0,3782,ATP,offset_estimate,3,Elite,Elite,9,OK,,,0.652953811679599,,,,,4.0,,,,,,,,,,4.0,4.0,4.0,,hard,0,5.626506024096385,2.060240963855421,0.7694979195459459,0.8433734939759037,83.0,1.0,0.0,,,OK,1.0,1.0,0.0,0.0,1.0,0.0,1.0,0.0,1.0,0.0,1.0,0.0,0.0,1.0,1.0,0.0,0.0,1.0,0.0,1.0,0.0,,0,3,9.0,-6.0,ATP,2,NEUTRAL,ELITE,1,,,1.0,2.0,4.0,0.5,0.4386,-0.1838,8.979489570093458,1.0,0.07840000000000003,8.530515091588784,?,0.95,0.8316,OVER,distance,distance,B,,3782,0.5,OVER,OVER,FORCED_OVER_ONLY_GOB_DEM,OVER,ml_prob_unified,1,
14577232,Alex Michelsen,ALEX MICHELSEN,1st Set Total Games Won,3.5,2026-09-08T13:45:00.000-04:00,Tennis,ATP / HARD,Goblin,5.0,,,14577232,202916,185558,Alex Michelsen,3.5,Player,FRANCES TIAFOE,,,https://static.flashscore.com/res/image/data/Yi8Wfkg5-QJ66gxcd.png,,2026-09-08T13:10:19.092-04:00,2026-09-08T13:10:29-04:00,total_sets,0,,0,11400,ATP,offset_estimate,1,Above Avg,Above Avg,12,OK,,,0.6678652941099754,,,,,5.0,,,,,,,,,,5.0,5.0,5.0,,hard,0,5.914285714285715,2.371428571428571,0.7094886495003496,0.5633802816901409,71.0,0.0,0.0,,,OK,1.0,1.0,0.0,0.0,1.0,0.0,1.0,0.0,1.0,0.0,1.0,0.0,0.0,1.0,1.0,0.0,0.0,1.0,0.0,1.0,0.0,,0,46,12.0,34.0,ATP,2,NEUTRAL,FIELD,1,,,1.0,2.0,5.0,1.5,0.58,-0.2376,8.979489570093458,1.0,0.07840000000000003,8.530515091588784,?,0.95,0.874,OVER,distance,distance,C,,11400,1.5,OVER,OVER,FORCED_OVER_ONLY_GOB_DEM,OVER,ml_prob_unified,1,
14622968,Julia Riera,JULIA RIERA,Total Games Won,10.5,2026-09-08T16:50:00.000-04:00,Tennis,WTA / HARD,Goblin,12.0,,,14622968,201871,185542,Julia Riera,10.5,Player,DOMINIKA SALKOVA,,,https://img0.aiscore.com/v2/team/3c1c168165c80929eebc4c441bf795e0.png!w80,,2026-09-08T07:41:39.843-04:00,2026-09-08T13:10:29-04:00,games_won,0,,0,5749,WTA,offset_estimate,1,Weak,Weak,118,OK,,,,,,,,15.0,17.0,16.0,,,,,,,,16.0,16.0,16.0,,hard,0,,,,,,,,,,OK,3.0,3.0,0.0,0.0,1.0,0.0,1.0,0.0,3.0,0.0,3.0,0.0,0.0,3.0,3.0,0.0,0.0,1.0,0.0,1.0,0.0,,0,147,118.0,29.0,WTA,2,NEUTRAL,FIELD,1,,,1.0,2.0,16.0,5.5,0.58,-0.4159,8.979489570093458,1.0,0.07840000000000003,8.530515091588784,?,0.95,0.874,OVER,distance,distance,C,,5749,5.5,OVER,OVER,FORCED_OVER_ONLY_GOB_DEM,OVER,ml_prob_unified,3,1.0
14580017,Julia Riera,JULIA RIERA,Total Games Won,10.5,2026-09-08T16:50:00.000-04:00,Tennis,WTA / HARD,Goblin,12.0,,,14580017,201871,185542,Julia Riera,10.5,Player,DOMINIKA SALKOVA,,,https://img0.aiscore.com/v2/team/3c1c168165c80929eebc4c441bf795e0.png!w80,,2026-09-08T11:28:00.848-04:00,2026-09-08T13:10:29-04:00,games_won,0,,0,5749,WTA,offset_estimate,1,Weak,Weak,118,OK,,,,,,,,15.0,17.0,16.0,,,,,,,,16.0,16.0,16.0,,hard,0,,,,,,,,,,OK,3.0,3.0,0.0,0.0,1.0,0.0,1.0,0.0,3.0,0.0,3.0,0.0,0.0,3.0,3.0,0.0,0.0,1.0,0.0,1.0,0.0,,0,147,118.0,29.0,WTA,2,NEUTRAL,FIELD,1,,,1.0,2.0,16.0,5.5,0.58,-0.4159,8.979489570093458,1.0,0.07840000000000003,8.530515091588784,?,0.95,0.874,OVER,distance,distance,C,,5749,5.5,OVER,OVER,FORCED_OVER_ONLY_GOB_DEM,OVER,ml_prob_unified,3,1.0
14619893,Coco Gauff,COCO GAUFF,Total Games Won,10.5,2026-09-09T11:30:00.000-04:00,Tennis,WTA / HARD,Goblin,12.5,,,14619893,201229,185779,Coco Gauff,10.5,Player,MIRRA ANDREEVA,,,https://www.flashscore.com/res/image/data/UDnGEpDr-fa4Gaz3a.png,,2026-09-08T09:48:12.325-04:00,2026-09-08T13:10:29-04:00,games_won,0,,0,3626,WTA,sibling_or_pp,2,Elite,Elite,5,OK,,,0.6279834861859119,,,,,12.0,12.0,13.0,12.0,12.0,12.0,12.0,12.0,13.0,14.0,12.2,12.4,12.4,,hard,0,3.26027397260274,7.205479452054795,0.6993628090812983,0.759493670886076,79.0,1.0,0.0,,,OK,5.0,5.0,0.0,0.0,1.0,0.0,1.0,0.0,5.0,0.0,5.0,0.0,0.0,10.0,10.0,0.0,0.0,1.0,0.0,1.0,0.0,,0,4,5.0,-1.0,WTA,2,NEUTRAL,ELITE,1,,,1.0,2.0,12.2,1.6999999999999993,0.58,-0.2655,8.979489570093458,1.0,0.07840000000000003,8.530515091588784,?,0.95,0.874,OVER,distance,distance,B,,3626,1.6999999999999993,OVER,OVER,FORCED_OVER_ONLY_GOB_DEM,OVER,ml_prob_unified,10,0.6992
14619894,Coco Gauff,COCO GAUFF,Total Games Won,9.5,2026-09-09T11:30:00.000-04:00,Tennis,WTA / HARD,Goblin,12.5,,,14619894,201229,185779,Coco Gauff,9.5,Player,MIRRA ANDREEVA,,,https://www.flashscore.com/res/image/data/UDnGEpDr-fa4Gaz3a.png,,2026-09-08T09:48:12.325-04:00,2026-09-08T13:10:29-04:00,games_won,0,,0,3626,WTA,sibling_or_pp,3,Elite,Elite,5,OK,,,0.6279834861859119,,,,,12.0,12.0,13.0,12.0,12.0,12.0,12.0,12.0,13.0,14.0,12.2,12.4,12.4,,hard,0,3.26027397260274,7.205479452054795,0.6993628090812983,0.759493670886076,79.0,1.0,0.0,,,OK,5.0,5.0,0.0,0.0,1.0,0.0,1.0,0.0,5.0,0.0,5.0,0.0,0.0,10.0,10.0,0.0,0.0,1.0,0.0,1.0,0.0,,0,4,5.0,-1.0,WTA,2,NEUTRAL,ELITE,1,,,1.0,2.0,12.2,2.6999999999999993,0.58,-0.357,8.979489570093458,1.0,0.07840000000000003,8.530515091588784,?,0.95,0.874,OVER,distance,distance,B,,3626,2.6999999999999993,OVER,OVER,FORCED_OVER_ONLY_GOB_DEM,OVER,ml_prob_unified,10,0.6992
14619892,Coco Gauff,COCO GAUFF,Total Games Won,11.5,2026-09-09T11:30:00.000-04:00,Tennis,WTA / HARD,Goblin,12.5,,,14619892,201229,185779,Coco Gauff,11.5,Player,MIRRA ANDREEVA,,,https://www.flashscore.com/res/image/data/UDnGEpDr-fa4Gaz3a.png,,2026-09-08T09:48:12.325-04:00,2026-09-08T13:10:29-04:00,games_won,0,,0,3626,WTA,sibling_or_pp,1,Elite,Elite,5,OK,,,0.6279834861859119,,,,,12.0,12.0,13.0,12.0,12.0,12.0,12.0,12.0,13.0,14.0,12.2,12.4,12.4,,hard,0,3.26027397260274,7.205479452054795,0.6993628090812983,0.759493670886076,79.0,1.0,0.0,,,OK,5.0,5.0,0.0,0.0,1.0,0.0,1.0,0.0,5.0,0.0,5.0,0.0,0.0,10.0,10.0,0.0,0.0,1.0,0.0,1.0,0.0,,0,4,5.0,-1.0,WTA,2,NEUTRAL,ELITE,1,,,1.0,2.0,12.2,0.6999999999999993,0.58,-0.0882,8.979489570093458,1.0,0.07840000000000003,8.530515091588784,?,0.95,0.874,OVER,distance,distance,C,,3626,0.6999999999999993,OVER,OVER,FORCED_OVER_ONLY_GOB_DEM,OVER,ml_prob_unified,10,0.6992
14620512,Alexander Zverev,ALEXANDER ZVEREV,Total Sets,3.5,2026-09-09T11:30:00.000-04:00,Tennis,ATP / HARD,Goblin,3.5,,,14620512,201395,185810,Alexander Zverev,3.5,Player,BOTIC VAN DE ZANDSCHULP,,,https://static.prizepicks.com/images/manual/Alexander Zverev.png,,2026-09-08T09:48:12.325-04:00,2026-09-08T13:10:29-04:00,total_sets,0,,0,2375,ATP,pp_or_step1,2,Below Avg,Below Avg,70,OK,,,0.7261248892215003,,,,,5.0,5.0,4.0,4.0,4.0,,,,,,4.4,4.4,4.4,,hard,0,8.821428571428571,1.571428571428571,0.7661283351954835,0.7209302325581395,86.0,1.0,0.0,,,OK,5.0,5.0,0.0,0.0,1.0,0.0,1.0,0.0,5.0,0.0,5.0,0.0,0.0,5.0,5.0,0.0,0.0,1.0,0.0,1.0,0.0,,0,2,70.0,-68.0,ATP,2,NEUTRAL,ELITE,1,,,1.0,1.95,4.4,0.9000000000000004,0.4782,-0.2328,8.74024064859813,1.0,0.07840000000000003,8.303228616168223,?,0.95,0.8435,OVER,distance,distance,D,,2375,0.9000000000000004,OVER,OVER,FORCED_OVER_ONLY_GOB_DEM,OVER,ml_prob_unified,5,0.5477
14618476,Karen Khachanov,KAREN KHACHANOV,Total Games,37.5,2026-09-09T11:30:00.000-04:00,Tennis,ATP / HARD,Goblin,39.5,,,14618476,201396,185783,Karen Khachanov,37.5,Player,ALEXANDER BLOCKX,,,https://static.prizepicks.com/images/manual/Karen K.png,,2026-09-08T09:48:12.325-04:00,2026-09-08T13:10:29-04:00,match_total_games,0,,0,2367,ATP,sibling_or_pp,1,Avg,Avg,34,OK,,,0.6446638518747103,,,,,52.0,38.0,48.0,39.0,,,,,,,44.25,44.25,44.25,,hard,0,7.968253968253968,2.047619047619047,0.764327151305763,0.5714285714285714,63.0,0.0,0.0,,,OK,4.0,4.0,0.0,0.0,1.0,0.0,1.0,0.0,4.0,0.0,4.0,0.0,0.0,4.0,4.0,0.0,0.0,1.0,0.0,1.0,0.0,,0,50,34.0,16.0,ATP,2,NEUTRAL,FIELD,1,,,1.0,2.0,44.25,6.75,0.58,-0.4188,8.979489570093458,1.0,0.07840000000000003,8.530515091588784,?,0.95,0.874,OVER,distance,distance,B,,2367,6.75,OVER,OVER,FORCED_OVER_ONLY_GOB_DEM,OVER,ml_prob_unified,4,6.8496
14618693,Karen Khachanov,KAREN KHACHANOV,Total Games,36.5,2026-09-09T11:30:00.000-04:00,Tennis,ATP / HARD,Goblin,39.5,,,14618693,201396,185783,Karen Khachanov,36.5,Player,ALEXANDER BLOCKX,,,https://static.prizepicks.com/images/manual/Karen K.png,,2026-09-08T09:48:12.325-04:00,2026-09-08T13:10:29-04:00,match_total_games,0,,0,2367,ATP,sibling_or_pp,2,Avg,Avg,34,OK,,,0.6446638518747103,,,,,52.0,38.0,48.0,39.0,,,,,,,44.25,44.25,44.25,,hard,0,7.968253968253968,2.047619047619047,0.764327151305763,0.5714285714285714,63.0,0.0,0.0,,,OK,4.0,4.0,0.0,0.0,1.0,0.0,1.0,0.0,4.0,0.0,4.0,0.0,0.0,4.0,4.0,0.0,0.0,1.0,0.0,1.0,0.0,,0,50,34.0,16.0,ATP,2,NEUTRAL,FIELD,1,,,1.0,2.0,44.25,7.75,0.58,-0.4196,8.979489570093458,1.0,0.07840000000000003,8.530515091588784,?,0.95,0.874,OVER,distance,distance,B,,2367,7.75,OVER,OVER,FORCED_OVER_ONLY_GOB_DEM,OVER,ml_prob_unified,4,6.8496
14577242,Frances Tiafoe,FRANCES TIAFOE,Total Games,33.5,2026-09-08T13:45:00.000-04:00,Tennis,ATP / HARD,Goblin,40.0,,,14577242,201267,185558,Frances Tiafoe,33.5,Player,ALEX MICHELSEN,,,https://static.prizepicks.com/images/manual/tiafoe.png,,2026-09-08T13:10:19.092-04:00,2026-09-08T13:10:29-04:00,match_total_games,0,,0,2708,ATP,sibling_or_pp,2,Avg,Avg,46,OK,,,0.5948380261102764,,,,,48.0,55.0,38.0,40.0,,,,,,,45.25,45.25,45.25,,hard,0,8.310344827586206,2.155172413793104,0.7471931813542996,0.55,60.0,0.0,0.0,,,OK,4.0,4.0,0.0,0.0,1.0,0.0,1.0,0.0,4.0,0.0,4.0,0.0,0.0,4.0,4.0,0.0,0.0,1.0,0.0,1.0,0.0,,0,12,46.0,-34.0,ATP,2,NEUTRAL,ELITE,1,,,1.0,2.0,45.25,11.75,0.58,-0.42,8.979489570093458,1.0,0.07840000000000003,8.530515091588784,?,0.95,0.874,OVER,distance,distance,A,,2708,11.75,OVER,OVER,FORCED_OVER_ONLY_GOB_DEM,OVER,ml_prob_unified,4,7.8049
14577243,Frances Tiafoe,FRANCES TIAFOE,Total Games,32.5,2026-09-08T13:45:00.000-04:00,Tennis,ATP / HARD,Goblin,40.0,,,14577243,201267,185558,Frances Tiafoe,32.5,Player,ALEX MICHELSEN,,,https://static.prizepicks.com/images/manual/tiafoe.png,,2026-09-08T13:10:19.092-04:00,2026-09-08T13:10:29-04:00,match_total_games,0,,0,2708,ATP,sibling_or_pp,3,Avg,Avg,46,OK,,,0.5948380261102764,,,,,48.0,55.0,38.0,40.0,,,,,,,45.25,45.25,45.25,,hard,0,8.310344827586206,2.155172413793104,0.7471931813542996,0.55,60.0,0.0,0.0,,,OK,4.0,4.0,0.0,0.0,1.0,0.0,1.0,0.0,4.0,0.0,4.0,0.0,0.0,4.0,4.0,0.0,0.0,1.0,0.0,1.0,0.0,,0,12,46.0,-34.0,ATP,2,NEUTRAL,ELITE,1,,,1.0,2.0,45.25,12.75,0.58,-0.42,8.979489570093458,1.0,0.07840000000000003,8.530515091588784,?,0.95,0.874,OVER,distance,distance,A,,2708,12.75,OVER,OVER,FORCED_OVER_ONLY_GOB_DEM,OVER,ml_prob_unified,4,7.8049
14619859,Karen Khachanov,KAREN KHACHANOV,Total Games,32.5,2026-09-09T11:30:00.000-04:00,Tennis,ATP / HARD,Goblin,39.5,,,14619859,201396,185783,Karen Khachanov,32.5,Player,ALEXANDER BLOCKX,,,https://static.prizepicks.com/images/manual/Karen K.png,,2026-09-08T09:48:12.325-04:00,2026-09-08T13:10:29-04:00,match_total_games,0,,0,2367,ATP,sibling_or_pp,3,Avg,Avg,34,OK,,,0.6446638518747103,,,,,52.0,38.0,48.0,39.0,,,,,,,44.25,44.25,44.25,,hard,0,7.968253968253968,2.047619047619047,0.764327151305763,0.5714285714285714,63.0,0.0,0.0,,,OK,4.0,4.0,0.0,0.0,1.0,0.0,1.0,0.0,4.0,0.0,4.0,0.0,0.0,4.0,4.0,0.0,0.0,1.0,0.0,1.0,0.0,,0,50,34.0,16.0,ATP,2,NEUTRAL,FIELD,1,,,1.0,2.0,44.25,11.75,0.58,-0.42,8.979489570093458,1.0,0.07840000000000003,8.530515091588784,?,0.95,0.874,OVER,distance,distance,A,,2367,11.75,OVER,OVER,FORCED_OVER_ONLY_GOB_DEM,OVER,ml_prob_unified,4,6.8496
14580439,Carlos Alcaraz,CARLOS ALCARAZ,Total Games Won,21.5,2026-09-08T20:10:00.000-04:00,Tennis,ATP / HARD,Standard,21.5,,,14580439,201284,185581,Carlos Alcaraz,21.5,Player,BEN SHELTON,,,https://static.prizepicks.com/images/manual/Carlos Alcaraz3.png,,2026-09-08T11:36:42.559-04:00,2026-09-08T13:10:29-04:00,games_won,0,,0,3782,ATP,pp_or_step1,0,Elite,Elite,9,OK,,,0.652953811679599,,,,,22.0,,,,,,,,,,22.0,22.0,22.0,,hard,0,5.626506024096385,2.060240963855421,0.7694979195459459,0.8433734939759037,83.0,1.0,0.0,,,OK,1.0,1.0,0.0,0.0,1.0,0.0,1.0,0.0,1.0,0.0,1.0,0.0,0.0,1.0,1.0,0.0,0.0,1.0,0.0,1.0,0.0,,0,3,9.0,-6.0,ATP,2,NEUTRAL,ELITE,1,,,1.0,2.0,22.0,0.5,0.58,-0.0425,8.979489570093458,1.0,0.07840000000000003,8.530515091588784,?,0.95,0.874,OVER,ml_prob,ml_prob,B,,3782,0.5,OVER,OVER,STANDARD_L5AVG_OVER,OVER,ml_prob_unified,1,
14620306,Xiaodi You,XIAODI YOU,Total Games Won,9.5,2026-09-08T14:30:00.000-04:00,Tennis,WTA / HARD,Demon,8.5,,,14620306,202409,185547,Xiaodi You,9.5,Player,CLAIRE LIU,,,https://img0.aiscore.com/v2/team/d7d91d18665a6ed391dbf7f2282270f6.png!w80,,2026-09-08T07:41:39.843-04:00,2026-09-08T13:10:29-04:00,games_won,0,,0,2603,WTA,sibling_or_pp,1,Weak,Weak,111,OK,,,,,,,,11.0,,,,,,,,,,11.0,11.0,11.0,,hard,0,,,,,,,,,,OK,1.0,1.0,0.0,0.0,1.0,0.0,1.0,0.0,1.0,0.0,1.0,0.0,0.0,1.0,1.0,0.0,0.0,1.0,0.0,1.0,0.0,,0,250,111.0,139.0,WTA,2,NEUTRAL,FIELD,1,,,1.0,2.05,11.0,1.5,0.58,-0.2376,9.21949550093458,1.0,0.07840000000000003,8.75852072588785,?,0.95,0.874,OVER,distance,distance,A,,2603,1.5,OVER,OVER,FORCED_OVER_ONLY_GOB_DEM,OVER,ml_prob_unified,1,
14626155,Zhibek Kulambayeva,ZHIBEK KULAMBAYEVA,Total Games Won,8.5,2026-09-09T05:00:00.000-04:00,Tennis,WTA / HARD,Standard,8.5,,,14626155,246857,185672,Zhibek Kulambayeva,8.5,Player,ELIZARA YANEVA,,,https://static.flashscore.com/res/image/data/Kzo9TLwS-StIfzY0L.png,,2026-09-08T09:48:12.325-04:00,2026-09-08T13:10:29-04:00,games_won,0,,0,4926,WTA,pp_or_step1,0,Weak,Weak,250,OK,,,,,,,,12.0,,,,,,,,,,12.0,12.0,12.0,,hard,0,,,,,,,,,,OK,1.0,1.0,0.0,0.0,1.0,0.0,1.0,0.0,1.0,0.0,1.0,0.0,0.0,1.0,1.0,0.0,0.0,1.0,0.0,1.0,0.0,,0,250,250.0,0.0,WTA,2,NEUTRAL,FIELD,1,,,1.0,2.0,12.0,3.5,0.58,-0.3907,8.979489570093458,1.0,0.07840000000000003,8.530515091588784,?,0.95,0.874,OVER,ml_prob,ml_prob,B,,4926,3.5,OVER,OVER,STANDARD_L5AVG_OVER,OVER,ml_prob_unified,1,
14579998,Xiaodi You,XIAODI YOU,Total Games Won,8.5,2026-09-08T14:30:00.000-04:00,Tennis,WTA / HARD,Standard,8.5,,,14579998,202409,185547,Xiaodi You,8.5,Player,CLAIRE LIU,,,https://img0.aiscore.com/v2/team/d7d91d18665a6ed391dbf7f2282270f6.png!w80,,2026-09-08T13:05:51.714-04:00,2026-09-08T13:10:29-04:00,games_won,0,,0,2603,WTA,pp_or_step1,0,Weak,Weak,111,OK,,,,,,,,11.0,,,,,,,,,,11.0,11.0,11.0,,hard,0,,,,,,,,,,OK,1.0,1.0,0.0,0.0,1.0,0.0,1.0,0.0,1.0,0.0,1.0,0.0,0.0,1.0,1.0,0.0,0.0,1.0,0.0,1.0,0.0,,0,250,111.0,139.0,WTA,2,NEUTRAL,FIELD,1,,,1.0,2.05,11.0,2.5,0.58,-0.3441,9.21949550093458,1.0,0.07840000000000003,8.75852072588785,?,0.95,0.874,OVER,ml_prob,ml_prob,B,,2603,2.5,OVER,OVER,STANDARD_L5AVG_OVER,OVER,ml_prob_unified,1,
14619771,Botic Van de Zandschulp,BOTIC VAN DE ZANDSCHULP,Total Games Won,20.5,2026-09-09T11:30:00.000-04:00,Tennis,ATP / HARD,Demon,14.5,,,14619771,235668,185810,Botic Van de Zandschulp,20.5,Player,ALEXANDER ZVEREV,,,https://static.prizepicks.com/images/manual/Botic_Van_de_Zandschulp.png,,2026-09-08T09:48:12.325-04:00,2026-09-08T13:10:29-04:00,games_won,0,,0,3310,ATP,sibling_or_pp,2,Elite,Elite,2,OK,,,0.6199747127792538,,,,,29.0,27.0,21.0,24.0,,,,,,,25.25,25.25,25.25,,hard,0,6.48936170212766,4.574468085106383,0.7424482963417903,0.4375,48.0,0.0,0.0,,,OK,4.0,4.0,0.0,0.0,1.0,0.0,1.0,0.0,4.0,0.0,4.0,0.0,0.0,4.0,4.0,0.0,0.0,1.0,0.0,1.0,0.0,,0,70,2.0,68.0,ATP,2,NEUTRAL,FIELD,1,,,1.0,2.05,25.25,4.75,0.58,-0.4114,9.21949550093458,1.0,0.07840000000000003,8.75852072588785,?,0.95,0.874,OVER,distance,distance,C,,3310,4.75,OVER,OVER,FORCED_OVER_ONLY_GOB_DEM,OVER,ml_prob_unified,4,3.5
14577252,Frances Tiafoe,FRANCES TIAFOE,Total Games Won,20.5,2026-09-08T13:45:00.000-04:00,Tennis,ATP / HARD,Standard,20.5,,,14577252,201267,185558,Frances Tiafoe,20.5,Player,ALEX MICHELSEN,,,https://static.prizepicks.com/images/manual/tiafoe.png,,2026-09-08T13:10:19.092-04:00,2026-09-08T13:10:29-04:00,games_won,0,,0,2708,ATP,pp_or_step1,0,Avg,Avg,46,OK,,,0.5948380261102764,,,,,25.0,27.0,23.0,23.0,,,,,,,24.5,24.5,24.5,,hard,0,8.310344827586206,2.155172413793104,0.7471931813542996,0.55,60.0,0.0,0.0,,,OK,4.0,4.0,0.0,0.0,1.0,0.0,1.0,0.0,4.0,0.0,4.0,0.0,0.0,4.0,4.0,0.0,0.0,1.0,0.0,1.0,0.0,,0,12,46.0,-34.0,ATP,2,NEUTRAL,ELITE,1,,,1.0,2.0,24.5,4.0,0.58,-0.402,8.979489570093458,1.0,0.07840000000000003,8.530515091588784,?,0.95,0.874,OVER,ml_prob,ml_prob,B,,2708,4.0,OVER,OVER,STANDARD_L5AVG_OVER,OVER,ml_prob_unified,4,1.9149
14618694,Karen Khachanov,KAREN KHACHANOV,Total Games Won,20.5,2026-09-09T11:30:00.000-04:00,Tennis,ATP / HARD,Standard,20.5,,,14618694,201396,185783,Karen Khachanov,20.5,Player,ALEXANDER BLOCKX,,,https://static.prizepicks.com/images/manual/Karen K.png,,2026-09-08T09:48:12.325-04:00,2026-09-08T13:10:29-04:00,games_won,0,,0,2367,ATP,pp_or_step1,0,Avg,Avg,34,OK,,,0.6446638518747103,,,,,29.0,24.0,23.0,23.0,,,,,,,24.75,24.75,24.75,,hard,0,7.968253968253968,2.047619047619047,0.764327151305763,0.5714285714285714,63.0,0.0,0.0,,,OK,4.0,4.0,0.0,0.0,1.0,0.0,1.0,0.0,4.0,0.0,4.0,0.0,0.0,4.0,4.0,0.0,0.0,1.0,0.0,1.0,0.0,,0,50,34.0,16.0,ATP,2,NEUTRAL,FIELD,1,,,1.0,2.0,24.75,4.25,0.58,-0.4059,8.979489570093458,1.0,0.07840000000000003,8.530515091588784,?,0.95,0.874,OVER,ml_prob,ml_prob,B,,2367,4.25,OVER,OVER,STANDARD_L5AVG_OVER,OVER,ml_prob_unified,4,2.8723
14619862,Karen Khachanov,KAREN KHACHANOV,Total Games Won,22.5,2026-09-09T11:30:00.000-04:00,Tennis,ATP / HARD,Demon,20.5,,,14619862,201396,185783,Karen Khachanov,22.5,Player,ALEXANDER BLOCKX,,,https://static.prizepicks.com/images/manual/Karen K.png,,2026-09-08T09:48:12.325-04:00,2026-09-08T13:10:29-04:00,games_won,0,,0,2367,ATP,sibling_or_pp,1,Avg,Avg,34,OK,,,0.6446638518747103,,,,,29.0,24.0,23.0,23.0,,,,,,,24.75,24.75,24.75,,hard,0,7.968253968253968,2.047619047619047,0.764327151305763,0.5714285714285714,63.0,0.0,0.0,,,OK,4.0,4.0,0.0,0.0,1.0,0.0,1.0,0.0,4.0,0.0,4.0,0.0,0.0,4.0,4.0,0.0,0.0,1.0,0.0,1.0,0.0,,0,50,34.0,16.0,ATP,2,NEUTRAL,FIELD,1,,,1.0,2.0,24.75,2.25,0.58,-0.3247,8.979489570093458,1.0,0.07840000000000003,8.530515091588784,?,0.95,0.874,OVER,distance,distance,B,,2367,2.25,OVER,OVER,FORCED_OVER_ONLY_GOB_DEM,OVER,ml_prob_unified,4,2.8723
14583127,Emma Navarro,EMMA NAVARRO,Total Games Won,5.5,2026-09-08T19:00:00.000-04:00,Tennis,WTA / HARD,Goblin,8.5,,,14583127,201443,185590,Emma Navarro,5.5,Player,JESSICA PEGULA,,,https://static.prizepicks.com/images/manual/Emma Head.png,,2026-09-08T07:41:39.843-04:00,2026-09-08T13:10:29-04:00,games_won,0,,0,3785,WTA,sibling_or_pp,3,Elite,Elite,3,OK,,,0.6283290880630938,,,,,12.0,13.0,15.0,19.0,7.0,15.0,4.0,12.0,13.0,9.0,13.2,11.9,11.9,,hard,0,1.888888888888889,3.533333333333333,0.6366395772251866,0.4791666666666667,48.0,0.0,0.0,,,OK,5.0,5.0,0.0,0.0,1.0,0.0,1.0,0.0,5.0,0.0,5.0,0.0,0.0,10.0,9.0,1.0,0.0,0.9,0.1,0.9,0.1,,0,27,3.0,24.0,WTA,2,NEUTRAL,ELITE,1,,,0.95,1.9,13.2,7.699999999999999,0.58,-0.4195,8.450956942056074,0.95,0.07840000000000003,8.02840909495327,?,0.95,0.839,OVER,distance,distance,B,,3785,7.699999999999999,OVER,OVER,FORCED_OVER_ONLY_GOB_DEM,OVER,ml_prob_unified,10,4.3063
14619900,Mirra Andreeva,MIRRA ANDREEVA,Total Games Won,7.5,2026-09-09T11:30:00.000-04:00,Tennis,WTA / HARD,Goblin,9.5,,,14619900,203182,185779,Mirra Andreeva,7.5,Player,COCO GAUFF,,,https://static.prizepicks.com/images/manual/Mirra Head.png,,2026-09-08T09:48:12.325-04:00,2026-09-08T13:10:29-04:00,games_won,0,,0,9820,WTA,offset_estimate,2,Elite,Elite,4,OK,,,0.6207178578839927,,,,,17.0,13.0,12.0,12.0,8.0,13.0,12.0,5.0,12.0,15.0,12.4,11.9,11.9,,hard,0,3.203125,3.875,0.6843839180264356,0.7272727272727273,66.0,1.0,0.0,,,OK,5.0,5.0,0.0,0.0,1.0,0.0,1.0,0.0,5.0,0.0,5.0,0.0,0.0,10.0,9.0,1.0,0.0,0.9,0.1,0.9,0.1,,0,5,4.0,1.0,WTA,2,NEUTRAL,ELITE,1,,,0.95,1.9,12.4,4.9,0.58,-0.4126,8.450956942056074,0.95,0.07840000000000003,8.02840909495327,?,0.95,0.839,OVER,distance,distance,B,,9820,4.9,OVER,OVER,FORCED_OVER_ONLY_GOB_DEM,OVER,ml_prob_unified,10,3.3483
14583128,Emma Navarro,EMMA NAVARRO,Total Games Won,6.5,2026-09-08T19:00:00.000-04:00,Tennis,WTA / HARD,Goblin,8.5,,,14583128,201443,185590,Emma Navarro,6.5,Player,JESSICA PEGULA,,,https://static.prizepicks.com/images/manual/Emma Head.png,,2026-09-08T07:41:39.843-04:00,2026-09-08T13:10:29-04:00,games_won,0,,0,3785,WTA,sibling_or_pp,2,Elite,Elite,3,OK,,,0.6283290880630938,,,,,12.0,13.0,15.0,19.0,7.0,15.0,4.0,12.0,13.0,9.0,13.2,11.9,11.9,,hard,0,1.888888888888889,3.533333333333333,0.6366395772251866,0.4791666666666667,48.0,0.0,0.0,,,OK,5.0,5.0,0.0,0.0,1.0,0.0,1.0,0.0,5.0,0.0,5.0,0.0,0.0,10.0,9.0,1.0,0.0,0.9,0.1,0.9,0.1,,0,27,3.0,24.0,WTA,2,NEUTRAL,ELITE,1,,,0.95,1.9,13.2,6.699999999999999,0.58,-0.4188,8.450956942056074,0.95,0.07840000000000003,8.02840909495327,?,0.95,0.839,OVER,distance,distance,B,,3785,6.699999999999999,OVER,OVER,FORCED_OVER_ONLY_GOB_DEM,OVER,ml_prob_unified,10,4.3063
14622955,Anna Blinkova,ANNA BLINKOVA,Total Games,14.5,2026-09-08T16:50:00.000-04:00,Tennis,WTA / HARD,Standard,14.5,,,14622955,202551,185548,Anna Blinkova,14.5,Player,UNKNOWN_OPP,,,https://img0.aiscore.com/v2/team/50661a662f2c17c71e091313d42d6836.png!w80,,2026-09-08T13:00:04.701-04:00,2026-09-08T13:10:29-04:00,match_total_games,0,,0,2902,WTA,pp_or_step1,0,N/A,N/A,N/A,OK,,,0.6064362560692222,,,,,19.0,19.0,35.0,24.0,18.0,29.0,25.0,23.0,23.0,25.0,23.0,24.0,24.0,,hard,0,1.30952380952381,3.523809523809524,0.5812297867971739,0.4761904761904761,42.0,0.0,0.0,,,OK,5.0,5.0,0.0,0.0,1.0,0.0,1.0,0.0,5.0,0.0,5.0,0.0,0.0,10.0,10.0,0.0,0.0,1.0,0.0,1.0,0.0,,0,95,,,WTA,2,NEUTRAL,FIELD,1,,,1.0,2.0,23.0,8.5,0.58,-0.4198,8.979489570093458,1.0,0.07840000000000003,8.530515091588784,?,0.95,0.874,OVER,ml_prob,ml_prob,B,,2902,8.5,OVER,OVER,STANDARD_L5AVG_OVER,OVER,ml_prob_unified,10,5.1208
14620507,Alexander Zverev,ALEXANDER ZVEREV,Total Games,34.5,2026-09-09T11:30:00.000-04:00,Tennis,ATP / HARD,Standard,34.5,,,14620507,201395,185810,Alexander Zverev,34.5,Player,BOTIC VAN DE ZANDSCHULP,,,https://static.prizepicks.com/images/manual/Alexander Zverev.png,,2026-09-08T09:48:12.325-04:00,2026-09-08T13:10:29-04:00,match_total_games,0,,0,2375,ATP,pp_or_step1,0,Below Avg,Below Avg,70,OK,,,0.7261248892215003,,,,,55.0,54.0,45.0,44.0,49.0,,,,,,49.4,49.4,49.4,,hard,0,8.821428571428571,1.571428571428571,0.7661283351954835,0.7209302325581395,86.0,1.0,0.0,,,OK,5.0,5.0,0.0,0.0,1.0,0.0,1.0,0.0,5.0,0.0,5.0,0.0,0.0,5.0,5.0,0.0,0.0,1.0,0.0,1.0,0.0,,0,2,70.0,-68.0,ATP,2,NEUTRAL,ELITE,1,,,1.0,1.95,49.4,14.899999999999999,0.58,-0.42,8.74024064859813,1.0,0.07840000000000003,8.303228616168223,?,0.95,0.874,OVER,ml_prob,ml_prob,B,,2375,14.899999999999999,OVER,OVER,STANDARD_L5AVG_OVER,OVER,ml_prob_unified,5,5.0299
14622956,Anna Blinkova,ANNA BLINKOVA,Total Games,16.5,2026-09-08T16:50:00.000-04:00,Tennis,WTA / HARD,Demon,14.5,,,14622956,202551,185548,Anna Blinkova,16.5,Player,UNKNOWN_OPP,,,https://img0.aiscore.com/v2/team/50661a662f2c17c71e091313d42d6836.png!w80,,2026-09-08T07:41:39.843-04:00,2026-09-08T13:10:29-04:00,match_total_games,0,,0,2902,WTA,sibling_or_pp,1,N/A,N/A,N/A,OK,,,0.6064362560692222,,,,,19.0,19.0,35.0,24.0,18.0,29.0,25.0,23.0,23.0,25.0,23.0,24.0,24.0,,hard,0,1.30952380952381,3.523809523809524,0.5812297867971739,0.4761904761904761,42.0,0.0,0.0,,,OK,5.0,5.0,0.0,0.0,1.0,0.0,1.0,0.0,5.0,0.0,5.0,0.0,0.0,10.0,10.0,0.0,0.0,1.0,0.0,1.0,0.0,,0,95,,,WTA,2,NEUTRAL,FIELD,1,,,1.0,2.0,23.0,6.5,0.58,-0.4185,8.979489570093458,1.0,0.07840000000000003,8.530515091588784,?,0.95,0.874,OVER,distance,distance,B,,2902,6.5,OVER,OVER,FORCED_OVER_ONLY_GOB_DEM,OVER,ml_prob_unified,10,5.1208
14620505,Alexander Zverev,ALEXANDER ZVEREV,Total Games,43.5,2026-09-09T11:30:00.000-04:00,Tennis,ATP / HARD,Demon,34.5,,,14620505,201395,185810,Alexander Zverev,43.5,Player,BOTIC VAN DE ZANDSCHULP,,,https://static.prizepicks.com/images/manual/Alexander Zverev.png,,2026-09-08T09:48:12.325-04:00,2026-09-08T13:10:29-04:00,match_total_games,0,,0,2375,ATP,sibling_or_pp,2,Below Avg,Below Avg,70,OK,,,0.7261248892215003,,,,,55.0,54.0,45.0,44.0,49.0,,,,,,49.4,49.4,49.4,,hard,0,8.821428571428571,1.571428571428571,0.7661283351954835,0.7209302325581395,86.0,1.0,0.0,,,OK,5.0,5.0,0.0,0.0,1.0,0.0,1.0,0.0,5.0,0.0,5.0,0.0,0.0,5.0,5.0,0.0,0.0,1.0,0.0,1.0,0.0,,0,2,70.0,-68.0,ATP,2,NEUTRAL,ELITE,1,,,1.0,1.95,49.4,5.899999999999999,0.58,-0.4173,8.74024064859813,1.0,0.07840000000000003,8.303228616168223,?,0.95,0.874,OVER,distance,distance,D,,2375,5.899999999999999,OVER,OVER,FORCED_OVER_ONLY_GOB_DEM,OVER,ml_prob_unified,5,5.0299
14620504,Alexander Zverev,ALEXANDER ZVEREV,Total Games,42.5,2026-09-09T11:30:00.000-04:00,Tennis,ATP / HARD,Demon,34.5,,,14620504,201395,185810,Alexander Zverev,42.5,Player,BOTIC VAN DE ZANDSCHULP,,,https://static.prizepicks.com/images/manual/Alexander Zverev.png,,2026-09-08T09:48:12.325-04:00,2026-09-08T13:10:29-04:00,match_total_games,0,,0,2375,ATP,sibling_or_pp,1,Below Avg,Below Avg,70,OK,,,0.7261248892215003,,,,,55.0,54.0,45.0,44.0,49.0,,,,,,49.4,49.4,49.4,,hard,0,8.821428571428571,1.571428571428571,0.7661283351954835,0.7209302325581395,86.0,1.0,0.0,,,OK,5.0,5.0,0.0,0.0,1.0,0.0,1.0,0.0,5.0,0.0,5.0,0.0,0.0,5.0,5.0,0.0,0.0,1.0,0.0,1.0,0.0,,0,2,70.0,-68.0,ATP,2,NEUTRAL,ELITE,1,,,1.0,1.95,49.4,6.899999999999999,0.58,-0.419,8.74024064859813,1.0,0.07840000000000003,8.303228616168223,?,0.95,0.874,OVER,distance,distance,D,,2375,6.899999999999999,OVER,OVER,FORCED_OVER_ONLY_GOB_DEM,OVER,ml_prob_unified,5,5.0299
14622891,Leolia Jeanjean,LEOLIA JEANJEAN,Total Games,19.5,2026-09-08T14:30:00.000-04:00,Tennis,WTA / HARD,Demon,,,,14622891,207629,185728,Leolia Jeanjean,19.5,Player,UNKNOWN_OPP,,,https://www.flashscore.com/res/image/data/bZBG1QdM-GK1ed7D0.png,,2026-09-08T07:41:39.843-04:00,2026-09-08T13:10:29-04:00,match_total_games,0,,0,4453,WTA,,1,N/A,N/A,N/A,OK,,,0.6112936114874284,,,,,27.0,21.0,21.0,25.0,28.0,29.0,19.0,19.0,33.0,,24.4,24.66666666666667,24.66666666666667,,hard,0,2.090909090909091,3.090909090909091,0.6197358235798843,0.1428571428571428,14.0,0.0,1.0,,,OK,5.0,5.0,0.0,0.0,1.0,0.0,1.0,0.0,5.0,0.0,5.0,0.0,0.0,9.0,7.0,2.0,0.0,0.7777777777777778,0.2222222222222222,0.7777777777777778,0.2222222222222222,,0,127,,,WTA,2,NEUTRAL,FIELD,1,,,0.8888888888888888,1.777777777777778,24.4,4.899999999999999,0.58,-0.4126,7.83361841969595,0.8888888888888888,0.07840000000000003,7.441937498711153,?,0.95,0.7962,OVER,ml_prob_fallback,ml_prob_fallback,B,,4453,4.899999999999999,OVER,OVER,FORCED_OVER_ONLY_GOB_DEM,OVER,ml_prob_unified,9,4.9497
14625697,Elsa Jacquemot,ELSA JACQUEMOT,Total Games,14.5,2026-09-08T15:40:00.000-04:00,Tennis,WTA / HARD,Goblin,15.5,,,14625697,201930,185731,Elsa Jacquemot,14.5,Player,UNKNOWN_OPP,,,https://static.prizepicks.com/images/manual/ElsaJacquemot.webp,,2026-09-08T07:41:39.843-04:00,2026-09-08T13:10:29-04:00,match_total_games,0,,0,6061,WTA,sibling_or_pp,1,N/A,N/A,N/A,OK,,,0.6141876807354784,,,,,16.0,20.0,17.0,19.0,14.0,23.0,15.0,19.0,,,17.2,17.875,17.875,,hard,0,4.272727272727272,7.136363636363637,0.6431654306506529,0.4090909090909091,22.0,0.0,0.0,,,OK,5.0,4.0,1.0,0.0,0.8,0.2,0.8,0.2,4.0,1.0,4.0,1.0,0.0,8.0,7.0,1.0,0.0,0.875,0.125,0.875,0.125,,0,114,,,WTA,2,NEUTRAL,FIELD,1,,,0.8375,1.675,17.2,2.6999999999999993,0.58,-0.357,7.322999218224299,0.8375,0.07840000000000003,6.956849257313084,?,0.95,0.7602,OVER,distance,distance,C,,6061,2.6999999999999993,OVER,OVER,FORCED_OVER_ONLY_GOB_DEM,OVER,ml_prob_unified,8,2.949
14622447,Martina Trevisan,MARTINA TREVISAN,Total Games,19.5,2026-09-08T13:15:00.000-04:00,Tennis,WTA / HARD,Goblin,20.5,,,14622447,202036,185648,Martina Trevisan,19.5,Player,JENNIFER RUGGERI,,,https://static.flashscore.com/res/image/data/Snya7gil-U3ZuGemt.png,,2026-09-08T12:54:31.065-04:00,2026-09-08T13:10:29-04:00,match_total_games,0,,0,1374,WTA,sibling_or_pp,1,Weak,Weak,250,OK,,,0.6804987500989339,,,,,22.0,26.0,20.0,15.0,25.0,,,,,,21.6,21.6,21.6,,hard,0,1.25,3.375,0.6212193969519703,0.5,8.0,0.0,0.0,,,OK,5.0,4.0,1.0,0.0,0.8,0.2,0.8,0.2,4.0,1.0,4.0,1.0,0.0,5.0,4.0,1.0,0.0,0.8,0.2,0.8,0.2,,0,250,250.0,0.0,WTA,2,NEUTRAL,FIELD,1,,,0.8,1.6,21.6,2.1000000000000014,0.58,-0.3109,6.953260740186916,0.8,0.07840000000000003,6.60559770317757,?,0.95,0.734,OVER,distance,distance,C,,1374,2.1000000000000014,OVER,OVER,FORCED_OVER_ONLY_GOB_DEM,OVER,ml_prob_unified,5,4.3932
14620305,Claire Liu,CLAIRE LIU,Total Games,18.5,2026-09-08T14:30:00.000-04:00,Tennis,WTA / HARD,Goblin,20.0,,,14620305,223532,185547,Claire Liu,18.5,Player,XIAODI YOU,,,https://www.flashscore.com/res/image/data/ngZrL8xS-2R001CJ5.png,,2026-09-08T07:41:39.843-04:00,2026-09-08T13:10:29-04:00,match_total_games,0,,0,2980,WTA,offset_estimate,1,Weak,Weak,250,OK,,,0.6853356220557152,,,,,20.0,18.0,30.0,21.0,29.0,,,,,,23.6,23.6,23.6,,hard,0,5.444444444444445,4.222222222222222,0.5986350927547163,0.3333333333333333,9.0,0.0,0.0,,,OK,5.0,4.0,1.0,0.0,0.8,0.2,0.8,0.2,4.0,1.0,4.0,1.0,0.0,5.0,4.0,1.0,0.0,0.8,0.2,0.8,0.2,,0,111,250.0,-139.0,WTA,2,NEUTRAL,FIELD,1,,,0.8,1.55,23.6,5.100000000000001,0.58,-0.4139,6.730756388785047,0.8,0.07840000000000003,6.394218569345795,?,0.95,0.734,OVER,distance,distance,C,,2980,5.100000000000001,OVER,OVER,FORCED_OVER_ONLY_GOB_DEM,OVER,ml_prob_unified,5,5.5045
14583129,Emma Navarro,EMMA NAVARRO,Total Games Won,7.5,2026-09-08T19:00:00.000-04:00,Tennis,WTA / HARD,Goblin,8.5,,,14583129,201443,185590,Emma Navarro,7.5,Player,JESSICA PEGULA,,,https://static.prizepicks.com/images/manual/Emma Head.png,,2026-09-08T07:41:39.843-04:00,2026-09-08T13:10:29-04:00,games_won,0,,0,3785,WTA,sibling_or_pp,1,Elite,Elite,3,OK,,,0.6283290880630938,,,,,12.0,13.0,15.0,19.0,7.0,15.0,4.0,12.0,13.0,9.0,13.2,11.9,11.9,,hard,0,1.888888888888889,3.533333333333333,0.6366395772251866,0.4791666666666667,48.0,0.0,0.0,,,OK,5.0,4.0,1.0,0.0,0.8,0.2,0.8,0.2,4.0,1.0,4.0,1.0,0.0,10.0,8.0,2.0,0.0,0.8,0.2,0.8,0.2,,0,27,3.0,24.0,WTA,2,NEUTRAL,ELITE,1,,,0.8,1.6,13.2,5.699999999999999,0.58,-0.4167,6.953260740186916,0.8,0.07840000000000003,6.60559770317757,?,0.95,0.734,OVER,distance,distance,C,,3785,5.699999999999999,OVER,OVER,FORCED_OVER_ONLY_GOB_DEM,OVER,ml_prob_unified,10,4.3063
14619901,Mirra Andreeva,MIRRA ANDREEVA,Total Games Won,8.5,2026-09-09T11:30:00.000-04:00,Tennis,WTA / HARD,Goblin,10.0,,,14619901,203182,185779,Mirra Andreeva,8.5,Player,COCO GAUFF,,,https://static.prizepicks.com/images/manual/Mirra Head.png,,2026-09-08T09:48:12.325-04:00,2026-09-08T13:10:29-04:00,games_won,0,,0,9820,WTA,offset_estimate,1,Elite,Elite,4,OK,,,0.6207178578839927,,,,,17.0,13.0,12.0,12.0,8.0,13.0,12.0,5.0,12.0,15.0,12.4,11.9,11.9,,hard,0,3.203125,3.875,0.6843839180264356,0.7272727272727273,66.0,1.0,0.0,,,OK,5.0,4.0,1.0,0.0,0.8,0.2,0.8,0.2,4.0,1.0,4.0,1.0,0.0,10.0,8.0,2.0,0.0,0.8,0.2,0.8,0.2,,0,5,4.0,1.0,WTA,2,NEUTRAL,ELITE,1,,,0.8,1.6,12.4,3.9000000000000004,0.58,-0.4002,6.953260740186916,0.8,0.07840000000000003,6.60559770317757,?,0.95,0.734,OVER,distance,distance,C,,9820,3.9000000000000004,OVER,OVER,FORCED_OVER_ONLY_GOB_DEM,OVER,ml_prob_unified,10,3.3483
14576034,Frances Tiafoe,FRANCES TIAFOE,Total Games,38.5,2026-09-08T13:45:00.000-04:00,Tennis,ATP / HARD,Goblin,40.0,,,14576034,201267,185558,Frances Tiafoe,38.5,Player,ALEX MICHELSEN,,,https://static.prizepicks.com/images/manual/tiafoe.png,,2026-09-08T13:10:19.092-04:00,2026-09-08T13:10:29-04:00,match_total_games,0,,0,2708,ATP,sibling_or_pp,1,Avg,Avg,46,OK,,,0.5948380261102764,,,,,48.0,55.0,38.0,40.0,,,,,,,45.25,45.25,45.25,,hard,0,8.310344827586206,2.155172413793104,0.7471931813542996,0.55,60.0,0.0,0.0,,,OK,4.0,3.0,1.0,0.0,0.75,0.25,0.75,0.25,3.0,1.0,3.0,1.0,0.0,4.0,3.0,1.0,0.0,0.75,0.25,0.75,0.25,,0,12,46.0,-34.0,ATP,2,NEUTRAL,ELITE,1,,,0.75,1.5,45.25,6.75,0.58,-0.4188,6.458247364485981,0.75,0.07840000000000003,6.135334996261681,?,0.95,0.699,OVER,distance,distance,C,,2708,6.75,OVER,OVER,FORCED_OVER_ONLY_GOB_DEM,OVER,ml_prob_unified,4,7.8049
14581395,Emma Navarro,EMMA NAVARRO,Total Games Won,8.5,2026-09-08T19:00:00.000-04:00,Tennis,WTA / HARD,Standard,8.5,,,14581395,201443,185590,Emma Navarro,8.5,Player,JESSICA PEGULA,,,https://static.prizepicks.com/images/manual/Emma Head.png,,2026-09-08T07:41:39.843-04:00,2026-09-08T13:10:29-04:00,games_won,0,,0,3785,WTA,pp_or_step1,0,Elite,Elite,3,OK,,,0.6283290880630938,,,,,12.0,13.0,15.0,19.0,7.0,15.0,4.0,12.0,13.0,9.0,13.2,11.9,11.9,,hard,0,1.888888888888889,3.533333333333333,0.6366395772251866,0.4791666666666667,48.0,0.0,0.0,,,OK,5.0,4.0,1.0,0.0,0.8,0.2,0.8,0.2,4.0,1.0,4.0,1.0,0.0,10.0,8.0,2.0,0.0,0.8,0.2,0.8,0.2,,0,27,3.0,24.0,WTA,2,NEUTRAL,ELITE,1,,,0.8,1.6,13.2,4.699999999999999,0.58,-0.411,6.953260740186916,0.8,0.07840000000000003,6.60559770317757,?,0.95,0.734,OVER,ml_prob,ml_prob,B,,3785,4.699999999999999,OVER,OVER,STANDARD_L5AVG_OVER,OVER,ml_prob_unified,10,4.3063
14619769,Botic Van de Zandschulp,BOTIC VAN DE ZANDSCHULP,Total Games Won,11.5,2026-09-09T11:30:00.000-04:00,Tennis,ATP / HARD,Goblin,14.5,,,14619769,235668,185810,Botic Van de Zandschulp,11.5,Player,ALEXANDER ZVEREV,,,https://static.prizepicks.com/images/manual/Botic_Van_de_Zandschulp.png,,2026-09-08T09:48:12.325-04:00,2026-09-08T13:10:29-04:00,games_won,0,,0,3310,ATP,sibling_or_pp,2,Elite,Elite,2,OK,,,0.6199747127792538,,,,,19.0,19.0,10.0,12.0,12.0,10.0,12.0,9.0,17.0,13.0,14.4,13.3,13.3,,hard,0,6.48936170212766,4.574468085106383,0.7424482963417903,0.4375,48.0,0.0,0.0,,,OK,5.0,4.0,1.0,0.0,0.8,0.2,0.8,0.2,4.0,1.0,4.0,1.0,0.0,10.0,7.0,3.0,0.0,0.7,0.3,0.7,0.3,,0,70,2.0,68.0,ATP,2,NEUTRAL,FIELD,1,,,0.75,1.55,14.4,2.9000000000000004,0.58,-0.3678,6.679606388785047,0.75,0.07840000000000003,6.345626069345794,?,0.95,0.699,OVER,distance,distance,B,,3310,2.9000000000000004,OVER,OVER,FORCED_OVER_ONLY_GOB_DEM,OVER,ml_prob_unified,10,3.7133
14619765,Alexander Zverev,ALEXANDER ZVEREV,Total Games Won,22.5,2026-09-09T11:30:00.000-04:00,Tennis,ATP / HARD,Demon,19.5,,,14619765,201395,185810,Alexander Zverev,22.5,Player,BOTIC VAN DE ZANDSCHULP,,,https://static.prizepicks.com/images/manual/Alexander Zverev.png,,2026-09-08T09:48:12.325-04:00,2026-09-08T13:10:29-04:00,games_won,0,,0,2375,ATP,sibling_or_pp,1,Below Avg,Below Avg,70,OK,,,0.7261248892215003,,,,,29.0,28.0,20.0,23.0,26.0,,,,,,25.2,25.2,25.2,,hard,0,8.821428571428571,1.571428571428571,0.7661283351954835,0.7209302325581395,86.0,1.0,0.0,,,OK,5.0,4.0,1.0,0.0,0.8,0.2,0.8,0.2,4.0,1.0,4.0,1.0,0.0,5.0,4.0,1.0,0.0,0.8,0.2,0.8,0.2,,0,2,70.0,-68.0,ATP,2,NEUTRAL,ELITE,1,,,0.8,1.55,25.2,2.6999999999999993,0.58,-0.357,6.730756388785047,0.8,0.07840000000000003,6.394218569345795,?,0.95,0.734,OVER,distance,distance,B,,2375,2.6999999999999993,OVER,OVER,FORCED_OVER_ONLY_GOB_DEM,OVER,ml_prob_unified,5,3.7014
14619768,Botic Van de Zandschulp,BOTIC VAN DE ZANDSCHULP,Total Games Won,10.5,2026-09-09T11:30:00.000-04:00,Tennis,ATP / HARD,Goblin,14.5,,,14619768,235668,185810,Botic Van de Zandschulp,10.5,Player,ALEXANDER ZVEREV,,,https://static.prizepicks.com/images/manual/Botic_Van_de_Zandschulp.png,,2026-09-08T09:48:12.325-04:00,2026-09-08T13:10:29-04:00,games_won,0,,0,3310,ATP,sibling_or_pp,3,Elite,Elite,2,OK,,,0.6199747127792538,,,,,19.0,19.0,10.0,12.0,12.0,10.0,12.0,9.0,17.0,13.0,14.4,13.3,13.3,,hard,0,6.48936170212766,4.574468085106383,0.7424482963417903,0.4375,48.0,0.0,0.0,,,OK,5.0,4.0,1.0,0.0,0.8,0.2,0.8,0.2,4.0,1.0,4.0,1.0,0.0,10.0,7.0,3.0,0.0,0.7,0.3,0.7,0.3,,0,70,2.0,68.0,ATP,2,NEUTRAL,FIELD,1,,,0.75,1.55,14.4,3.9000000000000004,0.58,-0.4002,6.679606388785047,0.75,0.07840000000000003,6.345626069345794,?,0.95,0.699,OVER,distance,distance,A,,3310,3.9000000000000004,OVER,OVER,FORCED_OVER_ONLY_GOB_DEM,OVER,ml_prob_unified,10,3.7133
14622893,Elsa Jacquemot,ELSA JACQUEMOT,Total Games,15.5,2026-09-08T15:40:00.000-04:00,Tennis,WTA / HARD,Standard,15.5,,,14622893,201930,185731,Elsa Jacquemot,15.5,Player,UNKNOWN_OPP,,,https://static.prizepicks.com/images/manual/ElsaJacquemot.webp,,2026-09-08T08:58:57.300-04:00,2026-09-08T13:10:29-04:00,match_total_games,0,,0,6061,WTA,pp_or_step1,0,N/A,N/A,N/A,OK,,,0.6141876807354784,,,,,16.0,20.0,17.0,19.0,14.0,23.0,15.0,19.0,,,17.2,17.875,17.875,,hard,0,4.272727272727272,7.136363636363637,0.6431654306506529,0.4090909090909091,22.0,0.0,0.0,,,OK,5.0,4.0,1.0,0.0,0.8,0.2,0.8,0.2,4.0,1.0,4.0,1.0,0.0,8.0,6.0,2.0,0.0,0.75,0.25,0.75,0.25,,0,114,,,WTA,2,NEUTRAL,FIELD,1,,,0.775,1.55,17.2,1.6999999999999993,0.58,-0.2655,6.705181388785046,0.775,0.07840000000000003,6.369922319345794,?,0.95,0.7165,OVER,ml_prob,ml_prob,B,,6061,1.6999999999999993,OVER,OVER,STANDARD_L5AVG_OVER,OVER,ml_prob_unified,8,2.949
14620506,Alexander Zverev,ALEXANDER ZVEREV,Total Games,44.5,2026-09-09T11:30:00.000-04:00,Tennis,ATP / HARD,Demon,34.5,,,14620506,201395,185810,Alexander Zverev,44.5,Player,BOTIC VAN DE ZANDSCHULP,,,https://static.prizepicks.com/images/manual/Alexander Zverev.png,,2026-09-08T09:48:12.325-04:00,2026-09-08T13:10:29-04:00,match_total_games,0,,0,2375,ATP,sibling_or_pp,3,Below Avg,Below Avg,70,OK,,,0.7261248892215003,,,,,55.0,54.0,45.0,44.0,49.0,,,,,,49.4,49.4,49.4,,hard,0,8.821428571428571,1.571428571428571,0.7661283351954835,0.7209302325581395,86.0,1.0,0.0,,,OK,5.0,4.0,1.0,0.0,0.8,0.2,0.8,0.2,4.0,1.0,4.0,1.0,0.0,5.0,4.0,1.0,0.0,0.8,0.2,0.8,0.2,,0,2,70.0,-68.0,ATP,2,NEUTRAL,ELITE,1,,,0.8,1.55,49.4,4.899999999999999,0.58,-0.4126,6.730756388785047,0.8,0.07840000000000003,6.394218569345795,?,0.95,0.734,OVER,distance,distance,D,,2375,4.899999999999999,OVER,OVER,FORCED_OVER_ONLY_GOB_DEM,OVER,ml_prob_unified,5,5.0299
14582619,Ben Shelton,BEN SHELTON,Total Games Won,22.5,2026-09-08T20:10:00.000-04:00,Tennis,ATP / HARD,Demon,18.5,,,14582619,201258,185581,Ben Shelton,22.5,Player,CARLOS ALCARAZ,,,https://static.prizepicks.com/images/manual/Ben Shelton.png,,2026-09-08T07:41:39.843-04:00,2026-09-08T13:10:29-04:00,games_won,0,,0,9250,ATP,sibling_or_pp,2,Elite,Elite,3,OK,,,0.6753995623116001,,,,,25.0,25.0,20.0,25.0,,,,,,,23.75,23.75,23.75,,hard,0,10.06849315068493,2.547945205479452,0.7700546496212411,0.6575342465753424,73.0,1.0,0.0,,,OK,4.0,3.0,1.0,0.0,0.75,0.25,0.75,0.25,3.0,1.0,3.0,1.0,0.0,4.0,3.0,1.0,0.0,0.75,0.25,0.75,0.25,,0,9,3.0,6.0,ATP,2,NEUTRAL,ELITE,1,,,0.75,1.5,23.75,1.25,0.58,-0.1973,6.458247364485981,0.75,0.07840000000000003,6.135334996261681,?,0.95,0.699,OVER,distance,distance,C,,9250,1.25,OVER,OVER,FORCED_OVER_ONLY_GOB_DEM,OVER,ml_prob_unified,4,2.5
14582620,Ben Shelton,BEN SHELTON,Total Games Won,21.5,2026-09-08T20:10:00.000-04:00,Tennis,ATP / HARD,Demon,18.5,,,14582620,201258,185581,Ben Shelton,21.5,Player,CARLOS ALCARAZ,,,https://static.prizepicks.com/images/manual/Ben Shelton.png,,2026-09-08T07:41:39.843-04:00,2026-09-08T13:10:29-04:00,games_won,0,,0,9250,ATP,sibling_or_pp,1,Elite,Elite,3,OK,,,0.6753995623116001,,,,,25.0,25.0,20.0,25.0,,,,,,,23.75,23.75,23.75,,hard,0,10.06849315068493,2.547945205479452,0.7700546496212411,0.6575342465753424,73.0,1.0,0.0,,,OK,4.0,3.0,1.0,0.0,0.75,0.25,0.75,0.25,3.0,1.0,3.0,1.0,0.0,4.0,3.0,1.0,0.0,0.75,0.25,0.75,0.25,,0,9,3.0,6.0,ATP,2,NEUTRAL,ELITE,1,,,0.75,1.5,23.75,2.25,0.58,-0.3247,6.458247364485981,0.75,0.07840000000000003,6.135334996261681,?,0.95,0.699,OVER,distance,distance,B,,9250,2.25,OVER,OVER,FORCED_OVER_ONLY_GOB_DEM,OVER,ml_prob_unified,4,2.5
14619853,Alexander Blockx,ALEXANDER BLOCKX,Total Games Won,22.5,2026-09-09T11:30:00.000-04:00,Tennis,ATP / HARD,Demon,19.5,,,14619853,218482,185783,Alexander Blockx,22.5,Player,KAREN KHACHANOV,,,https://static.prizepicks.com/images/manual/AlexanderBlockx.webp,,2026-09-08T09:48:12.325-04:00,2026-09-08T13:10:29-04:00,games_won,0,,0,11757,ATP,sibling_or_pp,1,Avg,Avg,50,OK,,,0.6652403038167991,,,,,24.0,24.0,21.0,23.0,,,,,,,23.0,23.0,23.0,,hard,0,8.071428571428571,1.714285714285714,0.7321477208550975,0.4,15.0,0.0,0.0,,,OK,4.0,3.0,1.0,0.0,0.75,0.25,0.75,0.25,3.0,1.0,3.0,1.0,0.0,4.0,3.0,1.0,0.0,0.75,0.25,0.75,0.25,,0,34,50.0,-16.0,ATP,2,NEUTRAL,FIELD,1,,,0.75,1.5,23.0,0.5,0.58,-0.0425,6.458247364485981,0.75,0.07840000000000003,6.135334996261681,?,0.95,0.699,OVER,distance,distance,B,,11757,0.5,OVER,OVER,FORCED_OVER_ONLY_GOB_DEM,OVER,ml_prob_unified,4,1.4142
14582621,Ben Shelton,BEN SHELTON,Total Games Won,23.5,2026-09-08T20:10:00.000-04:00,Tennis,ATP / HARD,Demon,18.5,,,14582621,201258,185581,Ben Shelton,23.5,Player,CARLOS ALCARAZ,,,https://static.prizepicks.com/images/manual/Ben Shelton.png,,2026-09-08T07:41:39.843-04:00,2026-09-08T13:10:29-04:00,games_won,0,,0,9250,ATP,sibling_or_pp,3,Elite,Elite,3,OK,,,0.6753995623116001,,,,,25.0,25.0,20.0,25.0,,,,,,,23.75,23.75,23.75,,hard,0,10.06849315068493,2.547945205479452,0.7700546496212411,0.6575342465753424,73.0,1.0,0.0,,,OK,4.0,3.0,1.0,0.0,0.75,0.25,0.75,0.25,3.0,1.0,3.0,1.0,0.0,4.0,3.0,1.0,0.0,0.75,0.25,0.75,0.25,,0,9,3.0,6.0,ATP,2,NEUTRAL,ELITE,1,,,0.75,1.5,23.75,0.25,0.58,0.0178,6.458247364485981,0.75,0.07840000000000003,6.135334996261681,?,0.95,0.699,OVER,distance,distance,C,,9250,0.25,OVER,OVER,FORCED_OVER_ONLY_GOB_DEM,OVER,ml_prob_unified,4,2.5
14605302,Qinwen Zheng,QINWEN ZHENG,Total Games Won,11.5,2026-09-09T11:30:00.000-04:00,Tennis,WTA / HARD,Standard,11.5,,,14605302,202555,185723,Qinwen Zheng,11.5,Player,ELENA RYBAKINA,,,https://www.flashscore.com/res/image/data/b7N9NHdM-GpkVMaxA.png,,2026-09-08T11:30:00.363-04:00,2026-09-08T13:10:29-04:00,games_won,0,,0,6048,WTA,pp_or_step1,0,Elite,Elite,2,OK,,,0.5508471097986849,,,,,13.0,15.0,14.0,16.0,11.0,8.0,12.0,13.0,8.0,13.0,13.8,12.3,12.3,,hard,0,7.075,3.625,0.7503897645748585,0.675,40.0,1.0,0.0,,,OK,5.0,4.0,1.0,0.0,0.8,0.2,0.8,0.2,4.0,1.0,4.0,1.0,0.0,10.0,7.0,3.0,0.0,0.7,0.3,0.7,0.3,,0,121,2.0,119.0,WTA,2,NEUTRAL,FIELD,1,,,0.75,1.55,13.8,2.3000000000000007,0.58,-0.3289,6.679606388785047,0.75,0.07840000000000003,6.345626069345794,?,0.95,0.699,OVER,ml_prob,ml_prob,B,,6048,2.3000000000000007,OVER,OVER,STANDARD_L5AVG_OVER,OVER,ml_prob_unified,10,2.6687
14619773,Botic Van de Zandschulp,BOTIC VAN DE ZANDSCHULP,Total Games Won,21.5,2026-09-09T11:30:00.000-04:00,Tennis,ATP / HARD,Demon,14.5,,,14619773,235668,185810,Botic Van de Zandschulp,21.5,Player,ALEXANDER ZVEREV,,,https://static.prizepicks.com/images/manual/Botic_Van_de_Zandschulp.png,,2026-09-08T09:48:12.325-04:00,2026-09-08T13:10:29-04:00,games_won,0,,0,3310,ATP,sibling_or_pp,3,Elite,Elite,2,OK,,,0.6199747127792538,,,,,29.0,27.0,21.0,24.0,,,,,,,25.25,25.25,25.25,,hard,0,6.48936170212766,4.574468085106383,0.7424482963417903,0.4375,48.0,0.0,0.0,,,OK,4.0,3.0,1.0,0.0,0.75,0.25,0.75,0.25,3.0,1.0,3.0,1.0,0.0,4.0,3.0,1.0,0.0,0.75,0.25,0.75,0.25,,0,70,2.0,68.0,ATP,2,NEUTRAL,FIELD,1,,,0.75,1.55,25.25,3.75,0.58,-0.397,6.679606388785047,0.75,0.07840000000000003,6.345626069345794,?,0.95,0.699,OVER,distance,distance,D,,3310,3.75,OVER,OVER,FORCED_OVER_ONLY_GOB_DEM,OVER,ml_prob_unified,4,3.5
14629247,Leyre Romero Gormaz,LEYRE ROMERO GORMAZ,Total Games,21.5,2026-09-09T06:10:00.000-04:00,Tennis,WTA / CLAY,Standard,21.5,,,14629247,201929,185848,Leyre Romero Gormaz,21.5,Player,ALEVTINA IBRAGIMOVA,,,https://static.prizepicks.com/images/manual/lorireyes12.png,,2026-09-08T12:02:43.355-04:00,2026-09-08T13:10:29-04:00,match_total_games,0,,0,10676,WTA,pp_or_step1,0,Weak,Weak,250,OK,,,,,,,,38.0,27.0,30.0,16.0,28.0,15.0,18.0,24.0,,,27.8,24.5,24.5,,clay,0,,,,,,,,,,OK,5.0,4.0,1.0,0.0,0.8,0.2,0.8,0.2,4.0,1.0,4.0,1.0,0.0,8.0,5.0,3.0,0.0,0.625,0.375,0.625,0.375,,0,145,250.0,-105.0,WTA,2,NEUTRAL,FIELD,1,,,0.7125,1.375,27.8,6.300000000000001,0.58,-0.4182,5.882173693925234,0.7125,0.07840000000000003,5.588065009228972,?,0.95,0.6728,OVER,ml_prob,ml_prob,B,,10676,6.300000000000001,OVER,OVER,STANDARD_L5AVG_OVER,OVER,ml_prob_unified,8,7.8921
14583125,Emma Navarro,EMMA NAVARRO,Total Games Won,11.5,2026-09-08T19:00:00.000-04:00,Tennis,WTA / HARD,Demon,8.5,,,14583125,201443,185590,Emma Navarro,11.5,Player,JESSICA PEGULA,,,https://static.prizepicks.com/images/manual/Emma Head.png,,2026-09-08T07:41:39.843-04:00,2026-09-08T13:10:29-04:00,games_won,0,,0,3785,WTA,sibling_or_pp,1,Elite,Elite,3,OK,,,0.6283290880630938,,,,,12.0,13.0,15.0,19.0,7.0,15.0,4.0,12.0,13.0,9.0,13.2,11.9,11.9,,hard,0,1.888888888888889,3.533333333333333,0.6366395772251866,0.4791666666666667,48.0,0.0,0.0,,,OK,5.0,4.0,1.0,0.0,0.8,0.2,0.8,0.2,4.0,1.0,4.0,1.0,0.0,10.0,7.0,3.0,0.0,0.7,0.3,0.7,0.3,,0,27,3.0,24.0,WTA,2,NEUTRAL,ELITE,1,,,0.75,1.5,13.2,1.6999999999999993,0.58,-0.2655,6.458247364485981,0.75,0.07840000000000003,6.135334996261681,?,0.95,0.699,OVER,distance,distance,B,,3785,1.6999999999999993,OVER,OVER,FORCED_OVER_ONLY_GOB_DEM,OVER,ml_prob_unified,10,4.3063
14629249,Leyre Romero Gormaz,LEYRE ROMERO GORMAZ,Total Sets,2.5,2026-09-09T06:10:00.000-04:00,Tennis,WTA / CLAY,Demon,,,,14629249,201929,185848,Leyre Romero Gormaz,2.5,Player,ALEVTINA IBRAGIMOVA,,,https://static.prizepicks.com/images/manual/lorireyes12.png,,2026-09-08T09:48:12.325-04:00,2026-09-08T13:10:29-04:00,total_sets,0,,0,10676,WTA,,1,Weak,Weak,250,OK,,,,,,,,3.0,3.0,3.0,2.0,3.0,2.0,2.0,3.0,,,2.8,2.625,2.625,,clay,0,,,,,,,,,,OK,5.0,4.0,1.0,0.0,0.8,0.2,0.8,0.2,4.0,1.0,4.0,1.0,0.0,8.0,5.0,3.0,0.0,0.625,0.375,0.625,0.375,,0,145,250.0,-105.0,WTA,2,NEUTRAL,FIELD,1,,,0.7125,1.375,2.8,0.2999999999999998,0.2293,-0.3452,5.882173693925234,0.7125,0.07840000000000003,5.588065009228972,?,0.95,0.5675,OVER,ml_prob_fallback,ml_prob_fallback,B,,10676,0.2999999999999998,OVER,OVER,FORCED_OVER_ONLY_GOB_DEM,OVER,ml_prob_unified,8,0.5175
14583132,Jessica Pegula,JESSICA PEGULA,Total Games,17.5,2026-09-08T19:00:00.000-04:00,Tennis,WTA / HARD,Goblin,20.5,,,14583132,201369,185590,Jessica Pegula,17.5,Player,EMMA NAVARRO,,,https://www.flashscore.com/res/image/data/GS3hkKzB-A19CsvyR.png,,2026-09-08T07:41:39.843-04:00,2026-09-08T13:10:29-04:00,match_total_games,0,,0,2113,WTA,sibling_or_pp,3,Avg,Avg,27,OK,,,0.6293953459627286,,,,,19.0,26.0,16.0,17.0,18.0,32.0,31.0,30.0,20.0,17.0,19.2,22.6,22.6,,hard,0,3.320987654320988,1.987654320987654,0.6920522626365668,0.7142857142857143,84.0,1.0,0.0,,,OK,5.0,3.0,2.0,0.0,0.6,0.4,0.6,0.4,3.0,2.0,3.0,2.0,0.0,10.0,7.0,3.0,0.0,0.7,0.3,0.7,0.3,,0,3,27.0,-24.0,WTA,2,NEUTRAL,ELITE,1,,,0.6499999999999999,1.3,19.2,1.6999999999999993,0.58,-0.2655,5.496914654205608,0.6499999999999999,0.05200000000000005,5.222068921495327,?,0.95,0.629,OVER,distance,distance,B,,2113,1.6999999999999993,OVER,OVER,FORCED_OVER_ONLY_GOB_DEM,OVER,ml_prob_unified,10,6.4326
14577653,Sara Sorribes Tormo,SARA SORRIBES TORMO,Total Games,20.5,2026-09-08T15:40:00.000-04:00,Tennis,WTA / HARD,Standard,20.5,,,14577653,280562,185545,Sara Sorribes Tormo,20.5,Player,CADENCE BRACE,,,https://www.flashscore.com/res/image/data/G4aAUuYg-8EbzeCHU.png,,2026-09-08T11:00:00.402-04:00,2026-09-08T13:10:29-04:00,match_total_games,0,,0,2929,WTA,pp_or_step1,0,Weak,Weak,250,OK,,,0.7291287682165518,,,,,29.0,16.0,27.0,28.0,22.0,20.0,17.0,,,,24.4,22.71428571428572,22.71428571428572,,hard,0,0.6153846153846154,2.615384615384615,0.5470377368705397,0.5,14.0,0.0,0.0,,,OK,5.0,4.0,1.0,0.0,0.8,0.2,0.8,0.2,4.0,1.0,4.0,1.0,0.0,7.0,4.0,3.0,0.0,0.5714285714285714,0.4285714285714285,0.5714285714285714,0.4285714285714285,,0,250,250.0,0.0,WTA,2,NEUTRAL,FIELD,1,,,0.6857142857142857,1.371428571428571,24.4,3.8999999999999986,0.58,-0.4002,5.84148167245287,0.6857142857142857,0.07840000000000003,5.549407588830227,?,0.95,0.654,OVER,ml_prob,ml_prob,B,,2929,3.8999999999999986,OVER,OVER,STANDARD_L5AVG_OVER,OVER,ml_prob_unified,7,5.3452
14620510,Alexander Zverev,ALEXANDER ZVEREV,Total Games,28.5,2026-09-09T11:30:00.000-04:00,Tennis,ATP / HARD,Goblin,34.5,,,14620510,201395,185810,Alexander Zverev,28.5,Player,BOTIC VAN DE ZANDSCHULP,,,https://static.prizepicks.com/images/manual/Alexander Zverev.png,,2026-09-08T09:48:12.325-04:00,2026-09-08T13:10:29-04:00,match_total_games,0,,0,2375,ATP,sibling_or_pp,3,Below Avg,Below Avg,70,OK,,,0.7261248892215003,,,,,29.0,29.0,33.0,26.0,27.0,31.0,31.0,28.0,31.0,29.0,28.8,29.4,29.4,,hard,0,8.821428571428571,1.571428571428571,0.7661283351954835,0.7209302325581395,86.0,1.0,0.0,,,OK,5.0,3.0,2.0,0.0,0.6,0.4,0.6,0.4,3.0,2.0,3.0,2.0,0.0,10.0,7.0,3.0,0.0,0.7,0.3,0.7,0.3,,0,2,70.0,-68.0,ATP,2,NEUTRAL,ELITE,1,,,0.6499999999999999,1.25,28.8,0.3000000000000007,0.58,0.0056,5.284793925233645,0.6499999999999999,0.05200000000000005,5.020554228971962,?,0.95,0.629,OVER,distance,distance,A,,2375,0.3000000000000007,OVER,OVER,FORCED_OVER_ONLY_GOB_DEM,OVER,ml_prob_unified,10,2.1187
14576033,Frances Tiafoe,FRANCES TIAFOE,Total Games,40.0,2026-09-08T13:45:00.000-04:00,Tennis,ATP / HARD,Standard,40.0,,,14576033,201267,185558,Frances Tiafoe,40.0,Player,ALEX MICHELSEN,,,https://static.prizepicks.com/images/manual/tiafoe.png,,2026-09-08T13:10:19.092-04:00,2026-09-08T13:10:29-04:00,match_total_games,0,,0,2708,ATP,pp_or_step1,0,Avg,Avg,46,OK,,,0.5948380261102764,,,,,48.0,55.0,38.0,40.0,,,,,,,45.25,45.25,45.25,,hard,0,8.310344827586206,2.155172413793104,0.7471931813542996,0.55,60.0,0.0,0.0,,,OK,4.0,2.0,1.0,1.0,0.5,0.25,0.6666666666666666,0.3333333333333333,2.0,1.0,2.0,1.0,1.0,4.0,2.0,1.0,1.0,0.5,0.25,0.6666666666666666,0.3333333333333333,,0,12,46.0,-34.0,ATP,2,NEUTRAL,ELITE,1,,,0.6666666666666666,1.333333333333333,45.25,5.25,0.58,-0.4148,5.657933485046729,0.6666666666666666,0.06666666666666665,5.375036810794392,?,0.95,0.6407,OVER,ml_prob,ml_prob,B,,2708,5.25,OVER,OVER,STANDARD_L5AVG_OVER,OVER,ml_prob_unified,4,7.8049
14626145,Elizara Yaneva,ELIZARA YANEVA,Total Games Won,12.5,2026-09-09T05:00:00.000-04:00,Tennis,WTA / HARD,Demon,,,,14626145,314549,185672,Elizara Yaneva,12.5,Player,ZHIBEK KULAMBAYEVA,,,https://static.prizepicks.com/images/manual/Yaneva.png,,2026-09-08T09:48:12.325-04:00,2026-09-08T13:10:29-04:00,games_won,0,,0,9442,WTA,,1,Weak,Weak,250,OK,,,,,,,,14.0,8.0,15.0,17.0,15.0,14.0,10.0,13.0,12.0,6.0,13.8,12.4,12.4,,hard,0,,,,,,,,,,OK,5.0,4.0,1.0,0.0,0.8,0.2,0.8,0.2,4.0,1.0,4.0,1.0,0.0,10.0,6.0,4.0,0.0,0.6,0.4,0.6,0.4,,0,250,250.0,0.0,WTA,2,NEUTRAL,FIELD,1,,,0.7,1.4,13.8,1.3000000000000007,0.58,-0.2058,5.978749876635514,0.7,0.07840000000000003,5.679812382803738,?,0.95,0.664,OVER,ml_prob_fallback,ml_prob_fallback,B,,9442,1.3000000000000007,OVER,OVER,FORCED_OVER_ONLY_GOB_DEM,OVER,ml_prob_unified,10,3.4383
14622540,Nadia Podoroska,NADIA PODOROSKA,Total Games,19.5,2026-09-08T15:40:00.000-04:00,Tennis,WTA / HARD,Goblin,21.0,,,14622540,201923,185730,Nadia Podoroska,19.5,Player,ENA KOIKE,,,https://static.prizepicks.com/images/manual/Nadia Podoroska.png,,2026-09-08T07:41:39.843-04:00,2026-09-08T13:10:29-04:00,match_total_games,0,,0,3256,WTA,sibling_or_pp,1,Weak,Weak,250,OK,,,0.6340921287833265,,,,,17.0,32.0,29.0,27.0,15.0,,,,,,24.0,24.0,24.0,,hard,0,2.777777777777778,4.333333333333333,0.6237658956204709,0.4545454545454545,11.0,0.0,0.0,,,OK,5.0,3.0,2.0,0.0,0.6,0.4,0.6,0.4,3.0,2.0,3.0,2.0,0.0,5.0,3.0,2.0,0.0,0.6,0.4,0.6,0.4,,0,250,250.0,0.0,WTA,2,NEUTRAL,FIELD,1,,,0.6,1.2,24.0,4.5,0.58,-0.409,5.029764785046729,0.6,0.05200000000000005,4.778276545794393,?,0.95,0.594,OVER,distance,distance,C,,3256,4.5,OVER,OVER,FORCED_OVER_ONLY_GOB_DEM,OVER,ml_prob_unified,5,7.5498
14577235,Alex Michelsen,ALEX MICHELSEN,Total Games Won,17.5,2026-09-08T13:45:00.000-04:00,Tennis,ATP / HARD,Goblin,19.5,,,14577235,202916,185558,Alex Michelsen,17.5,Player,FRANCES TIAFOE,,,https://static.flashscore.com/res/image/data/Yi8Wfkg5-QJ66gxcd.png,,2026-09-08T13:10:19.092-04:00,2026-09-08T13:10:29-04:00,games_won,0,,0,11400,ATP,sibling_or_pp,1,Above Avg,Above Avg,12,OK,,,0.6678652941099754,,,,,19.0,19.0,18.0,18.0,7.0,12.0,12.0,12.0,15.0,13.0,16.2,14.5,14.5,,hard,0,5.914285714285715,2.371428571428571,0.7094886495003496,0.5633802816901409,71.0,0.0,0.0,,,OK,5.0,4.0,1.0,0.0,0.8,0.2,0.8,0.2,4.0,1.0,4.0,1.0,0.0,10.0,4.0,6.0,0.0,0.4,0.6,0.4,0.6,,0,46,12.0,34.0,ATP,2,NEUTRAL,FIELD,1,,,0.6000000000000001,1.2,16.2,-1.3000000000000007,0.58,0.3658,5.037367985046729,0.6000000000000001,0.07840000000000003,4.785499585794392,?,0.95,0.594,OVER,distance,distance,B,,11400,1.3000000000000007,UNDER,OVER,FORCED_OVER_ONLY_GOB_DEM,OVER,ml_prob_unified,10,3.9791
14577233,Alex Michelsen,ALEX MICHELSEN,Total Games Won,16.5,2026-09-08T13:45:00.000-04:00,Tennis,ATP / HARD,Goblin,19.5,,,14577233,202916,185558,Alex Michelsen,16.5,Player,FRANCES TIAFOE,,,https://static.flashscore.com/res/image/data/Yi8Wfkg5-QJ66gxcd.png,,2026-09-08T13:10:19.092-04:00,2026-09-08T13:10:29-04:00,games_won,0,,0,11400,ATP,sibling_or_pp,2,Above Avg,Above Avg,12,OK,,,0.6678652941099754,,,,,19.0,19.0,18.0,18.0,7.0,12.0,12.0,12.0,15.0,13.0,16.2,14.5,14.5,,hard,0,5.914285714285715,2.371428571428571,0.7094886495003496,0.5633802816901409,71.0,0.0,0.0,,,OK,5.0,4.0,1.0,0.0,0.8,0.2,0.8,0.2,4.0,1.0,4.0,1.0,0.0,10.0,4.0,6.0,0.0,0.4,0.6,0.4,0.6,,0,46,12.0,34.0,ATP,2,NEUTRAL,FIELD,1,,,0.6000000000000001,1.2,16.2,-0.3000000000000007,0.58,0.1544,5.037367985046729,0.6000000000000001,0.07840000000000003,4.785499585794392,?,0.95,0.594,OVER,distance,distance,B,,11400,0.3000000000000007,UNDER,OVER,FORCED_OVER_ONLY_GOB_DEM,OVER,ml_prob_unified,10,3.9791
14577234,Alex Michelsen,ALEX MICHELSEN,Total Games Won,15.5,2026-09-08T13:45:00.000-04:00,Tennis,ATP / HARD,Goblin,19.5,,,14577234,202916,185558,Alex Michelsen,15.5,Player,FRANCES TIAFOE,,,https://static.flashscore.com/res/image/data/Yi8Wfkg5-QJ66gxcd.png,,2026-09-08T13:10:19.092-04:00,2026-09-08T13:10:29-04:00,games_won,0,,0,11400,ATP,sibling_or_pp,3,Above Avg,Above Avg,12,OK,,,0.6678652941099754,,,,,19.0,19.0,18.0,18.0,7.0,12.0,12.0,12.0,15.0,13.0,16.2,14.5,14.5,,hard,0,5.914285714285715,2.371428571428571,0.7094886495003496,0.5633802816901409,71.0,0.0,0.0,,,OK,5.0,4.0,1.0,0.0,0.8,0.2,0.8,0.2,4.0,1.0,4.0,1.0,0.0,10.0,4.0,6.0,0.0,0.4,0.6,0.4,0.6,,0,46,12.0,34.0,ATP,2,NEUTRAL,FIELD,1,,,0.6000000000000001,1.2,16.2,0.6999999999999993,0.58,-0.0882,5.037367985046729,0.6000000000000001,0.07840000000000003,4.785499585794392,?,0.95,0.594,OVER,distance,distance,A,,11400,0.6999999999999993,OVER,OVER,FORCED_OVER_ONLY_GOB_DEM,OVER,ml_prob_unified,10,3.9791
14616602,Martina Trevisan,MARTINA TREVISAN,Total Games,21.5,2026-09-08T13:15:00.000-04:00,Tennis,WTA / HARD,Demon,20.5,,,14616602,202036,185648,Martina Trevisan,21.5,Player,JENNIFER RUGGERI,,,https://static.flashscore.com/res/image/data/Snya7gil-U3ZuGemt.png,,2026-09-08T12:54:31.065-04:00,2026-09-08T13:10:29-04:00,match_total_games,0,,0,1374,WTA,sibling_or_pp,1,Weak,Weak,250,OK,,,0.6804987500989339,,,,,22.0,26.0,20.0,15.0,25.0,,,,,,21.6,21.6,21.6,,hard,0,1.25,3.375,0.6212193969519703,0.5,8.0,0.0,0.0,,,OK,5.0,3.0,2.0,0.0,0.6,0.4,0.6,0.4,3.0,2.0,3.0,2.0,0.0,5.0,3.0,2.0,0.0,0.6,0.4,0.6,0.4,,0,250,250.0,0.0,WTA,2,NEUTRAL,FIELD,1,,,0.6,1.2,21.6,0.10000000000000142,0.58,0.055,5.029764785046729,0.6,0.05200000000000005,4.778276545794393,?,0.95,0.594,OVER,distance,distance,A,,1374,0.10000000000000142,OVER,OVER,FORCED_OVER_ONLY_GOB_DEM,OVER,ml_prob_unified,5,4.3932
14620304,Claire Liu,CLAIRE LIU,Total Games,20.5,2026-09-08T14:30:00.000-04:00,Tennis,WTA / HARD,Demon,,,,14620304,223532,185547,Claire Liu,20.5,Player,XIAODI YOU,,,https://www.flashscore.com/res/image/data/ngZrL8xS-2R001CJ5.png,,2026-09-08T07:41:39.843-04:00,2026-09-08T13:10:29-04:00,match_total_games,0,,0,2980,WTA,,1,Weak,Weak,250,OK,,,0.6853356220557152,,,,,20.0,18.0,30.0,21.0,29.0,,,,,,23.6,23.6,23.6,,hard,0,5.444444444444445,4.222222222222222,0.5986350927547163,0.3333333333333333,9.0,0.0,0.0,,,OK,5.0,3.0,2.0,0.0,0.6,0.4,0.6,0.4,3.0,2.0,3.0,2.0,0.0,5.0,3.0,2.0,0.0,0.6,0.4,0.6,0.4,,0,111,250.0,-139.0,WTA,2,NEUTRAL,FIELD,1,,,0.6,1.15,23.6,3.1000000000000014,0.58,-0.3769,4.815354803738317,0.6,0.05200000000000005,4.574587063551401,?,0.95,0.594,OVER,ml_prob_fallback,ml_prob_fallback,B,,2980,3.1000000000000014,OVER,OVER,FORCED_OVER_ONLY_GOB_DEM,OVER,ml_prob_unified,5,5.5045
14581017,Claire Liu,CLAIRE LIU,Total Games,20.5,2026-09-08T14:30:00.000-04:00,Tennis,WTA / HARD,Demon,,,,14581017,223532,185547,Claire Liu,20.5,Player,XIAODI YOU,,,https://www.flashscore.com/res/image/data/ngZrL8xS-2R001CJ5.png,,2026-09-08T13:05:51.788-04:00,2026-09-08T13:10:29-04:00,match_total_games,0,,0,2980,WTA,,1,Weak,Weak,250,OK,,,0.6853356220557152,,,,,20.0,18.0,30.0,21.0,29.0,,,,,,23.6,23.6,23.6,,hard,0,5.444444444444445,4.222222222222222,0.5986350927547163,0.3333333333333333,9.0,0.0,0.0,,,OK,5.0,3.0,2.0,0.0,0.6,0.4,0.6,0.4,3.0,2.0,3.0,2.0,0.0,5.0,3.0,2.0,0.0,0.6,0.4,0.6,0.4,,0,111,250.0,-139.0,WTA,2,NEUTRAL,FIELD,1,,,0.6,1.15,23.6,3.1000000000000014,0.58,-0.3769,4.815354803738317,0.6,0.05200000000000005,4.574587063551401,?,0.95,0.594,OVER,ml_prob_fallback,ml_prob_fallback,B,,2980,3.1000000000000014,OVER,OVER,FORCED_OVER_ONLY_GOB_DEM,OVER,ml_prob_unified,5,5.5045
14597990,Martina Trevisan,MARTINA TREVISAN,Total Games,20.5,2026-09-08T13:15:00.000-04:00,Tennis,WTA / HARD,Standard,20.5,,,14597990,202036,185648,Martina Trevisan,20.5,Player,JENNIFER RUGGERI,,,https://static.flashscore.com/res/image/data/Snya7gil-U3ZuGemt.png,,2026-09-08T12:54:31.065-04:00,2026-09-08T13:10:29-04:00,match_total_games,0,,0,1374,WTA,pp_or_step1,0,Weak,Weak,250,OK,,,0.6804987500989339,,,,,22.0,26.0,20.0,15.0,25.0,,,,,,21.6,21.6,21.6,,hard,0,1.25,3.375,0.6212193969519703,0.5,8.0,0.0,0.0,,,OK,5.0,3.0,2.0,0.0,0.6,0.4,0.6,0.4,3.0,2.0,3.0,2.0,0.0,5.0,3.0,2.0,0.0,0.6,0.4,0.6,0.4,,0,250,250.0,0.0,WTA,2,NEUTRAL,FIELD,1,,,0.6,1.2,21.6,1.1000000000000014,0.58,-0.1703,5.029764785046729,0.6,0.05200000000000005,4.778276545794393,?,0.95,0.594,OVER,ml_prob,ml_prob,B,,1374,1.1000000000000014,OVER,OVER,STANDARD_L5AVG_OVER,OVER,ml_prob_unified,5,4.3932
14620015,Nadia Podoroska,NADIA PODOROSKA,Total Games,21.0,2026-09-08T15:40:00.000-04:00,Tennis,WTA / HARD,Standard,21.0,,,14620015,201923,185730,Nadia Podoroska,21.0,Player,ENA KOIKE,,,https://static.prizepicks.com/images/manual/Nadia Podoroska.png,,2026-09-08T07:41:39.843-04:00,2026-09-08T13:10:29-04:00,match_total_games,0,,0,3256,WTA,pp_or_step1,0,Weak,Weak,250,OK,,,0.6340921287833265,,,,,17.0,32.0,29.0,27.0,15.0,,,,,,24.0,24.0,24.0,,hard,0,2.777777777777778,4.333333333333333,0.6237658956204709,0.4545454545454545,11.0,0.0,0.0,,,OK,5.0,3.0,2.0,0.0,0.6,0.4,0.6,0.4,3.0,2.0,3.0,2.0,0.0,5.0,3.0,2.0,0.0,0.6,0.4,0.6,0.4,,0,250,250.0,0.0,WTA,2,NEUTRAL,FIELD,1,,,0.6,1.2,24.0,3.0,0.58,-0.3726,5.029764785046729,0.6,0.05200000000000005,4.778276545794393,?,0.95,0.594,OVER,ml_prob,ml_prob,B,,3256,3.0,OVER,OVER,STANDARD_L5AVG_OVER,OVER,ml_prob_unified,5,7.5498
14619763,Alexander Zverev,ALEXANDER ZVEREV,Total Games Won,23.5,2026-09-09T11:30:00.000-04:00,Tennis,ATP / HARD,Demon,19.5,,,14619763,201395,185810,Alexander Zverev,23.5,Player,BOTIC VAN DE ZANDSCHULP,,,https://static.prizepicks.com/images/manual/Alexander Zverev.png,,2026-09-08T09:48:12.325-04:00,2026-09-08T13:10:29-04:00,games_won,0,,0,2375,ATP,sibling_or_pp,2,Below Avg,Below Avg,70,OK,,,0.7261248892215003,,,,,29.0,28.0,20.0,23.0,26.0,,,,,,25.2,25.2,25.2,,hard,0,8.821428571428571,1.571428571428571,0.7661283351954835,0.7209302325581395,86.0,1.0,0.0,,,OK,5.0,3.0,2.0,0.0,0.6,0.4,0.6,0.4,3.0,2.0,3.0,2.0,0.0,5.0,3.0,2.0,0.0,0.6,0.4,0.6,0.4,,0,2,70.0,-68.0,ATP,2,NEUTRAL,ELITE,1,,,0.6,1.15,25.2,1.6999999999999993,0.58,-0.2655,4.815354803738317,0.6,0.05200000000000005,4.574587063551401,?,0.95,0.594,OVER,distance,distance,C,,2375,1.6999999999999993,OVER,OVER,FORCED_OVER_ONLY_GOB_DEM,OVER,ml_prob_unified,5,3.7014
14620450,Nadia Podoroska,NADIA PODOROSKA,Total Games,22.5,2026-09-08T15:40:00.000-04:00,Tennis,WTA / HARD,Demon,21.0,,,14620450,201923,185730,Nadia Podoroska,22.5,Player,ENA KOIKE,,,https://static.prizepicks.com/images/manual/Nadia Podoroska.png,,2026-09-08T07:41:39.843-04:00,2026-09-08T13:10:29-04:00,match_total_games,0,,0,3256,WTA,sibling_or_pp,1,Weak,Weak,250,OK,,,0.6340921287833265,,,,,17.0,32.0,29.0,27.0,15.0,,,,,,24.0,24.0,24.0,,hard,0,2.777777777777778,4.333333333333333,0.6237658956204709,0.4545454545454545,11.0,0.0,0.0,,,OK,5.0,3.0,2.0,0.0,0.6,0.4,0.6,0.4,3.0,2.0,3.0,2.0,0.0,5.0,3.0,2.0,0.0,0.6,0.4,0.6,0.4,,0,250,250.0,0.0,WTA,2,NEUTRAL,FIELD,1,,,0.6,1.2,24.0,1.5,0.58,-0.2376,5.029764785046729,0.6,0.05200000000000005,4.778276545794393,?,0.95,0.594,OVER,distance,distance,B,,3256,1.5,OVER,OVER,FORCED_OVER_ONLY_GOB_DEM,OVER,ml_prob_unified,5,7.5498
14619764,Alexander Zverev,ALEXANDER ZVEREV,Total Games Won,24.5,2026-09-09T11:30:00.000-04:00,Tennis,ATP / HARD,Demon,19.5,,,14619764,201395,185810,Alexander Zverev,24.5,Player,BOTIC VAN DE ZANDSCHULP,,,https://static.prizepicks.com/images/manual/Alexander Zverev.png,,2026-09-08T09:48:12.325-04:00,2026-09-08T13:10:29-04:00,games_won,0,,0,2375,ATP,sibling_or_pp,3,Below Avg,Below Avg,70,OK,,,0.7261248892215003,,,,,29.0,28.0,20.0,23.0,26.0,,,,,,25.2,25.2,25.2,,hard,0,8.821428571428571,1.571428571428571,0.7661283351954835,0.7209302325581395,86.0,1.0,0.0,,,OK,5.0,3.0,2.0,0.0,0.6,0.4,0.6,0.4,3.0,2.0,3.0,2.0,0.0,5.0,3.0,2.0,0.0,0.6,0.4,0.6,0.4,,0,2,70.0,-68.0,ATP,2,NEUTRAL,ELITE,1,,,0.6,1.15,25.2,0.6999999999999993,0.58,-0.0882,4.815354803738317,0.6,0.05200000000000005,4.574587063551401,?,0.95,0.594,OVER,distance,distance,C,,2375,0.6999999999999993,OVER,OVER,FORCED_OVER_ONLY_GOB_DEM,OVER,ml_prob_unified,5,3.7014
14620384,Nadia Podoroska,NADIA PODOROSKA,Total Sets,2.5,2026-09-08T15:40:00.000-04:00,Tennis,WTA / HARD,Demon,,,,14620384,201923,185730,Nadia Podoroska,2.5,Player,ENA KOIKE,,,https://static.prizepicks.com/images/manual/Nadia Podoroska.png,,2026-09-08T07:41:39.843-04:00,2026-09-08T13:10:29-04:00,total_sets,0,,0,3256,WTA,,1,Weak,Weak,250,OK,,,0.6340921287833265,,,,,2.0,3.0,3.0,3.0,2.0,,,,,,2.6,2.6,2.6,,hard,0,2.777777777777778,4.333333333333333,0.6237658956204709,0.4545454545454545,11.0,0.0,0.0,,,OK,5.0,3.0,2.0,0.0,0.6,0.4,0.6,0.4,3.0,2.0,3.0,2.0,0.0,5.0,3.0,2.0,0.0,0.6,0.4,0.6,0.4,,0,250,250.0,0.0,WTA,2,NEUTRAL,FIELD,1,,,0.6,1.2,2.6,0.10000000000000009,0.1964,-0.3286,5.029764785046729,0.6,0.05200000000000005,4.778276545794393,?,0.95,0.4789,OVER,ml_prob_fallback,ml_prob_fallback,B,,3256,0.10000000000000009,OVER,OVER,FORCED_OVER_ONLY_GOB_DEM,OVER,ml_prob_unified,5,0.5477
14619867,Karen Khachanov,KAREN KHACHANOV,Total Tie Breaks,0.5,2026-09-09T11:30:00.000-04:00,Tennis,ATP / HARD,Goblin,2.0,,,14619867,201396,185783,Karen Khachanov,0.5,Player,ALEXANDER BLOCKX,,,https://static.prizepicks.com/images/manual/Karen K.png,,2026-09-08T09:48:12.325-04:00,2026-09-08T13:10:29-04:00,total_tie_breaks,0,,0,2367,ATP,offset_estimate,1,Avg,Avg,34,OK,,,0.6446638518747103,,,,,1.0,0.0,1.0,0.0,1.0,1.0,0.0,2.0,0.0,0.0,0.6,0.6,0.6,,hard,0,7.968253968253968,2.047619047619047,0.764327151305763,0.5714285714285714,63.0,0.0,0.0,,,OK,5.0,3.0,2.0,0.0,0.6,0.4,0.6,0.4,3.0,2.0,3.0,2.0,0.0,10.0,5.0,5.0,0.0,0.5,0.5,0.5,0.5,,0,50,34.0,16.0,ATP,2,NEUTRAL,FIELD,1,,,0.55,1.1,0.6,0.09999999999999998,0.5472,0.0222,4.567224261682243,0.55,0.05200000000000005,4.338863048598131,?,0.95,0.5492,OVER,distance,distance,C,,2367,0.09999999999999998,OVER,OVER,FORCED_OVER_ONLY_GOB_DEM,OVER,ml_prob_unified,10,0.6992
14619888,Coco Gauff,COCO GAUFF,Total Games,18.5,2026-09-09T11:30:00.000-04:00,Tennis,WTA / HARD,Goblin,21.5,,,14619888,201229,185779,Coco Gauff,18.5,Player,MIRRA ANDREEVA,,,https://www.flashscore.com/res/image/data/UDnGEpDr-fa4Gaz3a.png,,2026-09-08T09:48:12.325-04:00,2026-09-08T13:10:29-04:00,match_total_games,0,,0,3626,WTA,sibling_or_pp,3,Elite,Elite,5,OK,,,0.6279834861859119,,,,,17.0,19.0,23.0,19.0,18.0,17.0,16.0,17.0,20.0,25.0,19.2,19.1,19.1,,hard,0,3.26027397260274,7.205479452054795,0.6993628090812983,0.759493670886076,79.0,1.0,0.0,,,OK,5.0,3.0,2.0,0.0,0.6,0.4,0.6,0.4,3.0,2.0,3.0,2.0,0.0,10.0,5.0,5.0,0.0,0.5,0.5,0.5,0.5,,0,4,5.0,-1.0,WTA,2,NEUTRAL,ELITE,1,,,0.55,1.1,19.2,0.6999999999999993,0.58,-0.0882,4.567224261682243,0.55,0.05200000000000005,4.338863048598131,?,0.95,0.559,OVER,distance,distance,B,,3626,0.6999999999999993,OVER,OVER,FORCED_OVER_ONLY_GOB_DEM,OVER,ml_prob_unified,10,2.8848
14626157,Elsa Jacquemot,ELSA JACQUEMOT,Total Games,16.5,2026-09-08T15:40:00.000-04:00,Tennis,WTA / HARD,Demon,15.5,,,14626157,201930,185731,Elsa Jacquemot,16.5,Player,UNKNOWN_OPP,,,https://static.prizepicks.com/images/manual/ElsaJacquemot.webp,,2026-09-08T07:41:39.843-04:00,2026-09-08T13:10:29-04:00,match_total_games,0,,0,6061,WTA,sibling_or_pp,1,N/A,N/A,N/A,OK,,,0.6141876807354784,,,,,16.0,20.0,17.0,19.0,14.0,23.0,15.0,19.0,,,17.2,17.875,17.875,,hard,0,4.272727272727272,7.136363636363637,0.6431654306506529,0.4090909090909091,22.0,0.0,0.0,,,OK,5.0,3.0,2.0,0.0,0.6,0.4,0.6,0.4,3.0,2.0,3.0,2.0,0.0,8.0,5.0,3.0,0.0,0.625,0.375,0.625,0.375,,0,114,,,WTA,2,NEUTRAL,FIELD,1,,,0.6125,1.225,17.2,0.6999999999999993,0.58,-0.0882,5.148092380841121,0.6125,0.05200000000000005,4.890687761799065,?,0.95,0.6028,OVER,distance,distance,A,,6061,0.6999999999999993,OVER,OVER,FORCED_OVER_ONLY_GOB_DEM,OVER,ml_prob_unified,8,2.949
14621588,Leolia Jeanjean,LEOLIA JEANJEAN,Total Games Won,12.5,2026-09-08T14:30:00.000-04:00,Tennis,WTA / HARD,Demon,,,,14621588,207629,185728,Leolia Jeanjean,12.5,Player,UNKNOWN_OPP,,,https://www.flashscore.com/res/image/data/bZBG1QdM-GK1ed7D0.png,,2026-09-08T07:41:39.843-04:00,2026-09-08T13:10:29-04:00,games_won,0,,0,4453,WTA,,1,N/A,N/A,N/A,OK,,,0.6112936114874284,,,,,13.0,13.0,8.0,11.0,15.0,14.0,12.0,7.0,17.0,,12.0,12.22222222222222,12.22222222222222,,hard,0,2.090909090909091,3.090909090909091,0.6197358235798843,0.1428571428571428,14.0,0.0,1.0,,,OK,5.0,3.0,2.0,0.0,0.6,0.4,0.6,0.4,3.0,2.0,3.0,2.0,0.0,9.0,5.0,4.0,0.0,0.5555555555555556,0.4444444444444444,0.5555555555555556,0.4444444444444444,,0,127,,,WTA,2,NEUTRAL,FIELD,1,,,0.5777777777777777,1.155555555555555,12.0,-0.5,0.58,0.2025,4.823265987987539,0.5777777777777777,0.05200000000000005,4.582102688588161,?,0.95,0.5784,OVER,ml_prob_fallback,ml_prob_fallback,B,,4453,0.5,UNDER,OVER,FORCED_OVER_ONLY_GOB_DEM,OVER,ml_prob_unified,9,3.1929
14577240,Frances Tiafoe,FRANCES TIAFOE,1st Set Total Games Won,4.5,2026-09-08T13:45:00.000-04:00,Tennis,ATP / HARD,Goblin,6.5,,,14577240,201267,185558,Frances Tiafoe,4.5,Player,ALEX MICHELSEN,,,https://static.prizepicks.com/images/manual/tiafoe.png,,2026-09-08T13:10:19.092-04:00,2026-09-08T13:10:29-04:00,total_sets,0,,0,2708,ATP,offset_estimate,2,Avg,Avg,46,OK,,,0.5948380261102764,,,,,5.0,5.0,4.0,4.0,,,,,,,4.5,4.5,4.5,,hard,0,8.310344827586206,2.155172413793104,0.7471931813542996,0.55,60.0,0.0,0.0,,,OK,4.0,2.0,2.0,0.0,0.5,0.5,0.5,0.5,2.0,2.0,2.0,2.0,0.0,4.0,2.0,2.0,0.0,0.5,0.5,0.5,0.5,,0,12,46.0,-34.0,ATP,2,NEUTRAL,ELITE,1,,,0.5,1.0,4.5,0.0,0.58,0.08,4.018975700934579,0.5,0.03000000000000003,3.81802691588785,?,0.95,0.524,OVER,distance,distance,B,,2708,0.0,OVER,OVER,FORCED_OVER_ONLY_GOB_DEM,OVER,ml_prob_unified,4,0.5774
14619857,Karen Khachanov,KAREN KHACHANOV,1st Set Total Games Won,4.5,2026-09-09T11:30:00.000-04:00,Tennis,ATP / HARD,Goblin,6.5,,,14619857,201396,185783,Karen Khachanov,4.5,Player,ALEXANDER BLOCKX,,,https://static.prizepicks.com/images/manual/Karen K.png,,2026-09-08T09:45:28.658-04:00,2026-09-08T13:10:29-04:00,total_sets,0,,0,2367,ATP,offset_estimate,2,Avg,Avg,34,OK,,,0.6446638518747103,,,,,5.0,4.0,5.0,4.0,,,,,,,4.5,4.5,4.5,,hard,0,7.968253968253968,2.047619047619047,0.764327151305763,0.5714285714285714,63.0,0.0,0.0,,,OK,4.0,2.0,2.0,0.0,0.5,0.5,0.5,0.5,2.0,2.0,2.0,2.0,0.0,4.0,2.0,2.0,0.0,0.5,0.5,0.5,0.5,,0,50,34.0,16.0,ATP,2,NEUTRAL,FIELD,1,,,0.5,1.0,4.5,0.0,0.58,0.08,4.018975700934579,0.5,0.03000000000000003,3.81802691588785,?,0.95,0.524,OVER,distance,distance,B,,2367,0.0,OVER,OVER,FORCED_OVER_ONLY_GOB_DEM,OVER,ml_prob_unified,4,0.5774
14624743,Mary Stoiana,MARY STOIANA,Total Sets,2.5,2026-09-08T19:00:00.000-04:00,Tennis,WTA / HARD,Demon,,,,14624743,254294,185544,Mary Stoiana,2.5,Player,UNKNOWN_OPP,,,https://static.flashscore.com/res/image/data/noNuvweM-Mw4eGYvN.png,,2026-09-08T07:41:39.843-04:00,2026-09-08T13:10:29-04:00,total_sets,0,,0,13479,WTA,,1,N/A,N/A,N/A,OK,,,,,,,,2.0,2.0,3.0,3.0,3.0,2.0,,,,,2.6,2.5,2.5,,hard,0,,,,,,,,,,OK,5.0,3.0,2.0,0.0,0.6,0.4,0.6,0.4,3.0,2.0,3.0,2.0,0.0,6.0,3.0,3.0,0.0,0.5,0.5,0.5,0.5,,0,122,,,WTA,2,NEUTRAL,FIELD,1,,,0.55,1.1,2.6,0.10000000000000009,0.1713,-0.3536,4.567224261682243,0.55,0.05200000000000005,4.338863048598131,?,0.95,0.4364,OVER,ml_prob_fallback,ml_prob_fallback,B,,13479,0.10000000000000009,OVER,OVER,FORCED_OVER_ONLY_GOB_DEM,OVER,ml_prob_unified,6,0.5477
14581329,Jessica Pegula,JESSICA PEGULA,Total Games,18.5,2026-09-08T19:00:00.000-04:00,Tennis,WTA / HARD,Goblin,20.5,,,14581329,201369,185590,Jessica Pegula,18.5,Player,EMMA NAVARRO,,,https://www.flashscore.com/res/image/data/GS3hkKzB-A19CsvyR.png,,2026-09-08T07:41:39.843-04:00,2026-09-08T13:10:29-04:00,match_total_games,0,,0,2113,WTA,sibling_or_pp,2,Avg,Avg,27,OK,,,0.6293953459627286,,,,,19.0,26.0,16.0,17.0,18.0,32.0,31.0,30.0,20.0,17.0,19.2,22.6,22.6,,hard,0,3.320987654320988,1.987654320987654,0.6920522626365668,0.7142857142857143,84.0,1.0,0.0,,,OK,5.0,2.0,3.0,0.0,0.4,0.6,0.4,0.6,2.0,3.0,2.0,3.0,0.0,10.0,6.0,4.0,0.0,0.6,0.4,0.6,0.4,,0,3,27.0,-24.0,WTA,2,NEUTRAL,ELITE,1,,,0.5,1.0,19.2,0.6999999999999993,0.58,-0.0882,4.01369570093458,0.5,0.008000000000000007,3.813010915887851,?,0.95,0.524,OVER,distance,distance,B,,2113,0.6999999999999993,OVER,OVER,FORCED_OVER_ONLY_GOB_DEM,OVER,ml_prob_unified,10,6.4326
14599813,Lina Gjorcheska,LINA GJORCHESKA,Total Games Won,11.5,2026-09-09T04:30:00.000-04:00,Tennis,WTA / HARD,Goblin,13.0,,,14599813,247080,185652,Lina Gjorcheska,11.5,Player,AURORA ZANTEDESCHI,,,https://static.flashscore.com/res/image/data/4dOS4REG-tvVEzhU4.png,,2026-09-08T09:48:12.325-04:00,2026-09-08T13:10:29-04:00,games_won,0,,0,3031,WTA,offset_estimate,1,Weak,Weak,250,OK,,,,,,,,12.0,2.0,13.0,5.0,,,,,,,8.0,8.0,8.0,,hard,0,,,,,,,,,,OK,4.0,2.0,2.0,0.0,0.5,0.5,0.5,0.5,2.0,2.0,2.0,2.0,0.0,4.0,2.0,2.0,0.0,0.5,0.5,0.5,0.5,,0,250,250.0,0.0,WTA,2,NEUTRAL,FIELD,1,,,0.5,1.0,8.0,-3.5,0.58,0.5507,4.018975700934579,0.5,0.03000000000000003,3.81802691588785,?,0.95,0.524,OVER,distance,distance,C,,3031,3.5,UNDER,OVER,FORCED_OVER_ONLY_GOB_DEM,OVER,ml_prob_unified,4,5.3541
14622347,Leolia Jeanjean,LEOLIA JEANJEAN,Double Faults,4.5,2026-09-08T14:30:00.000-04:00,Tennis,WTA / HARD,Goblin,6.5,,,14622347,207629,185728,Leolia Jeanjean,4.5,Player,UNKNOWN_OPP,,,https://www.flashscore.com/res/image/data/bZBG1QdM-GK1ed7D0.png,,2026-09-08T07:41:39.843-04:00,2026-09-08T13:10:29-04:00,double_faults,0,,0,4453,WTA,offset_estimate,2,N/A,N/A,N/A,STALE_HISTORY,,,0.6112936114874284,,,,,,,,,,,,,,,,,,,hard,0,2.090909090909091,3.090909090909091,0.6197358235798843,0.1428571428571428,14.0,0.0,1.0,,,MISSING_STAT_VALUES,,,,,,,,,,,,,,,,,,,,,,,0,127,,,WTA,2,NEUTRAL,FIELD,1,,,0.5,1.0,4.5,0.0,0.08,-0.42,4.018975700934579,0.5,0.03000000000000003,3.81802691588785,?,0.95,0.374,OVER,distance,distance,B,,4453,0.0,OVER,OVER,FORCED_OVER_ONLY_GOB_DEM,OVER,ml_prob_unified,0,
14622354,Ena Koike,ENA KOIKE,Double Faults,4.5,2026-09-08T15:40:00.000-04:00,Tennis,WTA / HARD,Goblin,6.5,,,14622354,268977,185730,Ena Koike,4.5,Player,NADIA PODOROSKA,,,https://static.prizepicks.com/images/manual/EnaKoike.webp,,2026-09-08T07:41:39.843-04:00,2026-09-08T13:10:29-04:00,double_faults,0,,0,11378,WTA,offset_estimate,2,Weak,Weak,250,STALE_HISTORY,,,,,,,,,,,,,,,,,,,,,,hard,0,,,,,,,,,,MISSING_STAT_VALUES,,,,,,,,,,,,,,,,,,,,,,,0,250,250.0,0.0,WTA,2,NEUTRAL,FIELD,1,,,0.5,1.0,4.5,0.0,0.08,-0.42,4.018975700934579,0.5,0.03000000000000003,3.81802691588785,?,0.95,0.374,OVER,distance,distance,B,,11378,0.0,OVER,OVER,FORCED_OVER_ONLY_GOB_DEM,OVER,ml_prob_unified,0,
14597989,Martina Trevisan,MARTINA TREVISAN,1st Set Total Games Won,5.5,2026-09-08T13:15:00.000-04:00,Tennis,WTA / HARD,Goblin,7.5,,,14597989,202036,185648,Martina Trevisan,5.5,Player,JENNIFER RUGGERI,,,https://static.flashscore.com/res/image/data/Snya7gil-U3ZuGemt.png,,2026-09-08T12:54:31.065-04:00,2026-09-08T13:10:29-04:00,total_sets,0,,0,1374,WTA,offset_estimate,2,Weak,Weak,250,STALE_HISTORY,,,0.6804987500989339,,,,,,,,,,,,,,,,,,,hard,0,1.25,3.375,0.6212193969519703,0.5,8.0,0.0,0.0,,,MISSING_STAT_VALUES,,,,,,,,,,,,,,,,,,,,,,,0,250,250.0,0.0,WTA,2,NEUTRAL,FIELD,1,,,0.5,1.0,5.5,0.0,0.58,0.08,4.018975700934579,0.5,0.03000000000000003,3.81802691588785,?,0.95,0.524,OVER,distance,distance,B,,1374,0.0,OVER,OVER,FORCED_OVER_ONLY_GOB_DEM,OVER,ml_prob_unified,0,
14621620,Nadia Podoroska,NADIA PODOROSKA,1st Set Total Games Won,5.5,2026-09-08T15:40:00.000-04:00,Tennis,WTA / HARD,Goblin,7.5,,,14621620,201923,185730,Nadia Podoroska,5.5,Player,ENA KOIKE,,,https://static.prizepicks.com/images/manual/Nadia Podoroska.png,,2026-09-08T07:33:50.424-04:00,2026-09-08T13:10:29-04:00,total_sets,0,,0,3256,WTA,offset_estimate,2,Weak,Weak,250,STALE_HISTORY,,,0.6340921287833265,,,,,,,,,,,,,,,,,,,hard,0,2.777777777777778,4.333333333333333,0.6237658956204709,0.4545454545454545,11.0,0.0,0.0,,,MISSING_STAT_VALUES,,,,,,,,,,,,,,,,,,,,,,,0,250,250.0,0.0,WTA,2,NEUTRAL,FIELD,1,,,0.5,1.0,5.5,0.0,0.58,0.08,4.018975700934579,0.5,0.03000000000000003,3.81802691588785,?,0.95,0.524,OVER,distance,distance,B,,3256,0.0,OVER,OVER,FORCED_OVER_ONLY_GOB_DEM,OVER,ml_prob_unified,0,
14583131,Jessica Pegula,JESSICA PEGULA,1st Set Total Games Won,5.5,2026-09-08T19:00:00.000-04:00,Tennis,WTA / HARD,Goblin,7.5,,,14583131,201369,185590,Jessica Pegula,5.5,Player,EMMA NAVARRO,,,https://www.flashscore.com/res/image/data/GS3hkKzB-A19CsvyR.png,,2026-09-08T11:29:05.625-04:00,2026-09-08T13:10:29-04:00,total_sets,0,,0,2113,WTA,offset_estimate,2,Avg,Avg,27,STALE_HISTORY,,,0.6293953459627286,,,,,,,,,,,,,,,,,,,hard,0,3.320987654320988,1.987654320987654,0.6920522626365668,0.7142857142857143,84.0,1.0,0.0,,,MISSING_STAT_VALUES,,,,,,,,,,,,,,,,,,,,,,,0,3,27.0,-24.0,WTA,2,NEUTRAL,ELITE,1,,,0.5,1.0,5.5,0.0,0.58,0.08,4.018975700934579,0.5,0.03000000000000003,3.81802691588785,?,0.95,0.524,OVER,distance,distance,B,,2113,0.0,OVER,OVER,FORCED_OVER_ONLY_GOB_DEM,OVER,ml_prob_unified,0,
14629262,Leyre Romero Gormaz,LEYRE ROMERO GORMAZ,1st Set Total Games Won,5.5,2026-09-09T06:10:00.000-04:00,Tennis,WTA / CLAY,Goblin,7.5,,,14629262,201929,185848,Leyre Romero Gormaz,5.5,Player,ALEVTINA IBRAGIMOVA,,,https://static.prizepicks.com/images/manual/lorireyes12.png,,2026-09-08T09:45:28.658-04:00,2026-09-08T13:10:29-04:00,total_sets,0,,0,10676,WTA,offset_estimate,2,Weak,Weak,250,STALE_HISTORY,,,,,,,,,,,,,,,,,,,,,,clay,0,,,,,,,,,,MISSING_STAT_VALUES,,,,,,,,,,,,,,,,,,,,,,,0,145,250.0,-105.0,WTA,2,NEUTRAL,FIELD,1,,,0.5,0.95,5.5,0.0,0.58,0.08,3.734391401869159,0.5,0.03000000000000003,3.547671831775701,?,0.95,0.524,OVER,distance,distance,B,,10676,0.0,OVER,OVER,FORCED_OVER_ONLY_GOB_DEM,OVER,ml_prob_unified,0,
14599793,Aurora Zantedeschi,AURORA ZANTEDESCHI,1st Set Total Games Won,5.5,2026-09-09T04:30:00.000-04:00,Tennis,WTA / HARD,Goblin,7.5,,,14599793,247239,185652,Aurora Zantedeschi,5.5,Player,LINA GJORCHESKA,,,https://static.flashscore.com/res/image/data/0QC5dYDa-z9AWrQfb.png,,2026-09-08T09:45:28.658-04:00,2026-09-08T13:10:29-04:00,total_sets,0,,0,5160,WTA,offset_estimate,2,Weak,Weak,250,STALE_HISTORY,,,,,,,,,,,,,,,,,,,,,,hard,0,,,,,,,,,,MISSING_STAT_VALUES,,,,,,,,,,,,,,,,,,,,,,,0,250,250.0,0.0,WTA,2,NEUTRAL,FIELD,1,,,0.5,1.0,5.5,0.0,0.58,0.08,4.018975700934579,0.5,0.03000000000000003,3.81802691588785,?,0.95,0.524,OVER,distance,distance,B,,5160,0.0,OVER,OVER,FORCED_OVER_ONLY_GOB_DEM,OVER,ml_prob_unified,0,
14629280,Andrea Lazaro Garcia,ANDREA LAZARO GARCIA,1st Set Total Games Won,5.5,2026-09-09T08:00:00.000-04:00,Tennis,WTA / HARD,Goblin,7.5,,,14629280,238506,185854,Andrea Lazaro Garcia,5.5,Player,UNKNOWN_OPP,,,https://static.flashscore.com/res/image/data/OtX0s6jl-CxOiWxwJ.png,,2026-09-08T09:45:28.658-04:00,2026-09-08T13:10:29-04:00,total_sets,0,,0,4291,WTA,offset_estimate,2,N/A,N/A,N/A,STALE_HISTORY,,,,,,,,,,,,,,,,,,,,,,hard,0,,,,,,,,,,MISSING_STAT_VALUES,,,,,,,,,,,,,,,,,,,,,,,0,142,,,WTA,2,NEUTRAL,FIELD,1,,,0.5,1.0,5.5,0.0,0.58,0.08,4.018975700934579,0.5,0.03000000000000003,3.81802691588785,?,0.95,0.524,OVER,distance,distance,B,,4291,0.0,OVER,OVER,FORCED_OVER_ONLY_GOB_DEM,OVER,ml_prob_unified,0,
14618474,Coco Gauff,COCO GAUFF,1st Set Total Games Won,5.5,2026-09-09T11:30:00.000-04:00,Tennis,WTA / HARD,Goblin,7.5,,,14618474,201229,185779,Coco Gauff,5.5,Player,MIRRA ANDREEVA,,,https://www.flashscore.com/res/image/data/UDnGEpDr-fa4Gaz3a.png,,2026-09-08T09:45:28.658-04:00,2026-09-08T13:10:29-04:00,total_sets,0,,0,3626,WTA,offset_estimate,2,Elite,Elite,5,STALE_HISTORY,,,0.6279834861859119,,,,,,,,,,,,,,,,,,,hard,0,3.26027397260274,7.205479452054795,0.6993628090812983,0.759493670886076,79.0,1.0,0.0,,,MISSING_STAT_VALUES,,,,,,,,,,,,,,,,,,,,,,,0,4,5.0,-1.0,WTA,2,NEUTRAL,ELITE,1,,,0.5,1.0,5.5,0.0,0.58,0.08,4.018975700934579,0.5,0.03000000000000003,3.81802691588785,?,0.95,0.524,OVER,distance,distance,B,,3626,0.0,OVER,OVER,FORCED_OVER_ONLY_GOB_DEM,OVER,ml_prob_unified,0,
14624744,Botic Van de Zandschulp,BOTIC VAN DE ZANDSCHULP,Double Faults,5.5,2026-09-09T11:30:00.000-04:00,Tennis,ATP / HARD,Goblin,7.5,,,14624744,235668,185810,Botic Van de Zandschulp,5.5,Player,ALEXANDER ZVEREV,,,https://static.prizepicks.com/images/manual/Botic_Van_de_Zandschulp.png,,2026-09-08T09:48:12.325-04:00,2026-09-08T13:10:29-04:00,double_faults,0,,0,3310,ATP,offset_estimate,2,Elite,Elite,2,STALE_HISTORY,,,0.6199747127792538,,,,,,,,,,,,,,,,,,,hard,0,6.48936170212766,4.574468085106383,0.7424482963417903,0.4375,48.0,0.0,0.0,,,MISSING_STAT_VALUES,,,,,,,,,,,,,,,,,,,,,,,0,70,2.0,68.0,ATP,2,NEUTRAL,FIELD,1,,,0.5,1.05,5.5,0.0,0.08,-0.42,4.311480560747664,0.5,0.03000000000000003,4.095906532710281,?,0.95,0.374,OVER,distance,distance,B,,3310,0.0,OVER,OVER,FORCED_OVER_ONLY_GOB_DEM,OVER,ml_prob_unified,0,
14598209,Martina Trevisan,MARTINA TREVISAN,Double Faults,3.5,2026-09-08T13:15:00.000-04:00,Tennis,WTA / HARD,Goblin,5.5,,,14598209,202036,185648,Martina Trevisan,3.5,Player,JENNIFER RUGGERI,,,https://static.flashscore.com/res/image/data/Snya7gil-U3ZuGemt.png,,2026-09-08T12:54:31.065-04:00,2026-09-08T13:10:29-04:00,double_faults,0,,0,1374,WTA,offset_estimate,2,Weak,Weak,250,STALE_HISTORY,,,0.6804987500989339,,,,,,,,,,,,,,,,,,,hard,0,1.25,3.375,0.6212193969519703,0.5,8.0,0.0,0.0,,,MISSING_STAT_VALUES,,,,,,,,,,,,,,,,,,,,,,,0,250,250.0,0.0,WTA,2,NEUTRAL,FIELD,1,,,0.5,1.0,3.5,0.0,0.08,-0.42,4.018975700934579,0.5,0.03000000000000003,3.81802691588785,?,0.95,0.374,OVER,distance,distance,B,,1374,0.0,OVER,OVER,FORCED_OVER_ONLY_GOB_DEM,OVER,ml_prob_unified,0,
14620582,Alex Michelsen,ALEX MICHELSEN,Double Faults,3.5,2026-09-08T13:45:00.000-04:00,Tennis,ATP / HARD,Goblin,5.5,,,14620582,202916,185558,Alex Michelsen,3.5,Player,FRANCES TIAFOE,,,https://static.flashscore.com/res/image/data/Yi8Wfkg5-QJ66gxcd.png,,2026-09-08T13:10:19.092-04:00,2026-09-08T13:10:29-04:00,double_faults,0,,0,11400,ATP,sibling_or_pp,2,Above Avg,Above Avg,12,STALE_HISTORY,,,0.6678652941099754,,,,,,,,,,,,,,,,,,,hard,0,5.914285714285715,2.371428571428571,0.7094886495003496,0.5633802816901409,71.0,0.0,0.0,,,MISSING_STAT_VALUES,,,,,,,,,,,,,,,,,,,,,,,0,46,12.0,34.0,ATP,2,NEUTRAL,FIELD,1,,,0.5,1.0,3.5,0.0,0.08,-0.42,4.018975700934579,0.5,0.03000000000000003,3.81802691588785,?,0.95,0.374,OVER,distance,distance,B,,11400,0.0,OVER,OVER,FORCED_OVER_ONLY_GOB_DEM,OVER,ml_prob_unified,0,
14629275,Leyre Romero Gormaz,LEYRE ROMERO GORMAZ,Double Faults,3.5,2026-09-09T06:10:00.000-04:00,Tennis,WTA / CLAY,Goblin,5.5,,,14629275,201929,185848,Leyre Romero Gormaz,3.5,Player,ALEVTINA IBRAGIMOVA,,,https://static.prizepicks.com/images/manual/lorireyes12.png,,2026-09-08T09:48:12.325-04:00,2026-09-08T13:10:29-04:00,double_faults,0,,0,10676,WTA,offset_estimate,2,Weak,Weak,250,STALE_HISTORY,,,,,,,,,,,,,,,,,,,,,,clay,0,,,,,,,,,,MISSING_STAT_VALUES,,,,,,,,,,,,,,,,,,,,,,,0,145,250.0,-105.0,WTA,2,NEUTRAL,FIELD,1,,,0.5,0.95,3.5,0.0,0.08,-0.42,3.734391401869159,0.5,0.03000000000000003,3.547671831775701,?,0.95,0.374,OVER,distance,distance,B,,10676,0.0,OVER,OVER,FORCED_OVER_ONLY_GOB_DEM,OVER,ml_prob_unified,0,
14619896,Mirra Andreeva,MIRRA ANDREEVA,1st Set Total Games Won,3.5,2026-09-09T11:30:00.000-04:00,Tennis,WTA / HARD,Goblin,5.5,,,14619896,203182,185779,Mirra Andreeva,3.5,Player,COCO GAUFF,,,https://static.prizepicks.com/images/manual/Mirra Head.png,,2026-09-08T09:45:28.658-04:00,2026-09-08T13:10:29-04:00,total_sets,0,,0,9820,WTA,sibling_or_pp,1,Elite,Elite,4,STALE_HISTORY,,,0.6207178578839927,,,,,,,,,,,,,,,,,,,hard,0,3.203125,3.875,0.6843839180264356,0.7272727272727273,66.0,1.0,0.0,,,MISSING_STAT_VALUES,,,,,,,,,,,,,,,,,,,,,,,0,5,4.0,1.0,WTA,2,NEUTRAL,ELITE,1,,,0.5,1.0,3.5,0.0,0.58,0.08,4.018975700934579,0.5,0.03000000000000003,3.81802691588785,?,0.95,0.524,OVER,distance,distance,B,,9820,0.0,OVER,OVER,FORCED_OVER_ONLY_GOB_DEM,OVER,ml_prob_unified,0,
14582622,Ben Shelton,BEN SHELTON,Total Games Won,12.5,2026-09-08T20:10:00.000-04:00,Tennis,ATP / HARD,Goblin,18.5,,,14582622,201258,185581,Ben Shelton,12.5,Player,CARLOS ALCARAZ,,,https://static.prizepicks.com/images/manual/Ben Shelton.png,,2026-09-08T07:41:39.843-04:00,2026-09-08T13:10:29-04:00,games_won,0,,0,9250,ATP,sibling_or_pp,3,Elite,Elite,3,OK,,,0.6753995623116001,,,,,18.0,8.0,13.0,12.0,12.0,13.0,12.0,13.0,15.0,18.0,12.6,13.4,13.4,,hard,0,10.06849315068493,2.547945205479452,0.7700546496212411,0.6575342465753424,73.0,1.0,0.0,,,OK,5.0,2.0,3.0,0.0,0.4,0.6,0.4,0.6,2.0,3.0,2.0,3.0,0.0,10.0,6.0,4.0,0.0,0.6,0.4,0.6,0.4,,0,9,3.0,6.0,ATP,2,NEUTRAL,ELITE,1,,,0.5,1.0,12.6,0.09999999999999964,0.58,0.055,4.01369570093458,0.5,0.008000000000000007,3.813010915887851,?,0.95,0.524,OVER,distance,distance,A,,9250,0.09999999999999964,OVER,OVER,FORCED_OVER_ONLY_GOB_DEM,OVER,ml_prob_unified,10,2.9889
14598199,Jennifer Ruggeri,JENNIFER RUGGERI,Aces,0.5,2026-09-08T13:15:00.000-04:00,Tennis,WTA / HARD,Goblin,2.0,,,14598199,263151,185648,Jennifer Ruggeri,0.5,Player,MARTINA TREVISAN,,,https://static.prizepicks.com/images/manual/Jennifer Ruggeri.png,,2026-09-08T12:54:31.065-04:00,2026-09-08T13:10:29-04:00,aces,0,,0,6576,WTA,offset_estimate,1,Weak,Weak,250,STALE_HISTORY,,,,,,,,,,,,,,,,,,,,,,hard,0,,,,,,,,,,MISSING_STAT_VALUES,,,,,,,,,,,,,,,,,,,,,,,0,250,250.0,0.0,WTA,2,SERVE_HEAVY,FIELD,1,,,0.5,1.0,0.5,0.0,0.08,-0.42,4.018975700934579,0.5,0.03000000000000003,3.81802691588785,?,0.95,0.374,OVER,distance,distance,C,,6576,0.0,OVER,OVER,FORCED_OVER_ONLY_GOB_DEM,OVER,ml_prob_unified,0,
14626149,Zhibek Kulambayeva,ZHIBEK KULAMBAYEVA,Aces,0.5,2026-09-09T05:00:00.000-04:00,Tennis,WTA / HARD,Goblin,2.0,,,14626149,246857,185672,Zhibek Kulambayeva,0.5,Player,ELIZARA YANEVA,,,https://static.flashscore.com/res/image/data/Kzo9TLwS-StIfzY0L.png,,2026-09-08T09:48:12.325-04:00,2026-09-08T13:10:29-04:00,aces,0,,0,4926,WTA,offset_estimate,1,Weak,Weak,250,STALE_HISTORY,,,,,,,,,,,,,,,,,,,,,,hard,0,,,,,,,,,,MISSING_STAT_VALUES,,,,,,,,,,,,,,,,,,,,,,,0,250,250.0,0.0,WTA,2,SERVE_HEAVY,FIELD,1,,,0.5,1.0,0.5,0.0,0.08,-0.42,4.018975700934579,0.5,0.03000000000000003,3.81802691588785,?,0.95,0.374,OVER,distance,distance,C,,4926,0.0,OVER,OVER,FORCED_OVER_ONLY_GOB_DEM,OVER,ml_prob_unified,0,
14629281,Andrea Lazaro Garcia,ANDREA LAZARO GARCIA,Aces,0.5,2026-09-09T08:00:00.000-04:00,Tennis,WTA / HARD,Goblin,2.0,,,14629281,238506,185854,Andrea Lazaro Garcia,0.5,Player,UNKNOWN_OPP,,,https://static.flashscore.com/res/image/data/OtX0s6jl-CxOiWxwJ.png,,2026-09-08T09:48:12.325-04:00,2026-09-08T13:10:29-04:00,aces,0,,0,4291,WTA,offset_estimate,1,N/A,N/A,N/A,STALE_HISTORY,,,,,,,,,,,,,,,,,,,,,,hard,0,,,,,,,,,,MISSING_STAT_VALUES,,,,,,,,,,,,,,,,,,,,,,,0,142,,,WTA,2,SERVE_HEAVY,FIELD,1,,,0.5,1.0,0.5,0.0,0.08,-0.42,4.018975700934579,0.5,0.03000000000000003,3.81802691588785,?,0.95,0.374,OVER,distance,distance,C,,4291,0.0,OVER,OVER,FORCED_OVER_ONLY_GOB_DEM,OVER,ml_prob_unified,0,
14633886,Mirra Andreeva,MIRRA ANDREEVA,Aces,0.5,2026-09-09T11:30:00.000-04:00,Tennis,WTA / HARD,Goblin,1.5,,,14633886,203182,185779,Mirra Andreeva,0.5,Player,COCO GAUFF,,,https://static.prizepicks.com/images/manual/Mirra Head.png,,2026-09-08T12:17:14.547-04:00,2026-09-08T13:10:29-04:00,aces,0,,0,9820,WTA,sibling_or_pp,1,Elite,Elite,4,STALE_HISTORY,,,0.6207178578839927,,,,,,,,,,,,,,,,,,,hard,0,3.203125,3.875,0.6843839180264356,0.7272727272727273,66.0,1.0,0.0,,,MISSING_STAT_VALUES,,,,,,,,,,,,,,,,,,,,,,,0,5,4.0,1.0,WTA,2,SERVE_HEAVY,ELITE,1,,,0.5,1.0,0.5,0.0,0.08,-0.42,4.018975700934579,0.5,0.03000000000000003,3.81802691588785,?,0.95,0.374,OVER,distance,distance,C,,9820,0.0,OVER,OVER,FORCED_OVER_ONLY_GOB_DEM,OVER,ml_prob_unified,0,
14598202,Jennifer Ruggeri,JENNIFER RUGGERI,Double Faults,7.5,2026-09-08T13:15:00.000-04:00,Tennis,WTA / HARD,Goblin,9.5,,,14598202,263151,185648,Jennifer Ruggeri,7.5,Player,MARTINA TREVISAN,,,https://static.prizepicks.com/images/manual/Jennifer Ruggeri.png,,2026-09-08T12:54:31.065-04:00,2026-09-08T13:10:29-04:00,double_faults,0,,0,6576,WTA,offset_estimate,2,Weak,Weak,250,STALE_HISTORY,,,,,,,,,,,,,,,,,,,,,,hard,0,,,,,,,,,,MISSING_STAT_VALUES,,,,,,,,,,,,,,,,,,,,,,,0,250,250.0,0.0,WTA,2,NEUTRAL,FIELD,1,,,0.5,1.0,7.5,0.0,0.08,-0.42,4.018975700934579,0.5,0.03000000000000003,3.81802691588785,?,0.95,0.374,OVER,distance,distance,B,,6576,0.0,OVER,OVER,FORCED_OVER_ONLY_GOB_DEM,OVER,ml_prob_unified,0,
14620006,Jennifer Ruggeri,JENNIFER RUGGERI,Total Games Won,7.5,2026-09-08T13:15:00.000-04:00,Tennis,WTA / HARD,Goblin,9.5,,,14620006,263151,185648,Jennifer Ruggeri,7.5,Player,MARTINA TREVISAN,,,https://static.prizepicks.com/images/manual/Jennifer Ruggeri.png,,2026-09-08T12:54:31.065-04:00,2026-09-08T13:10:29-04:00,games_won,0,,0,6576,WTA,sibling_or_pp,1,Weak,Weak,250,STALE_HISTORY,,,,,,,,,,,,,,,,,,,,,,hard,0,,,,,,,,,,MISSING_STAT_VALUES,,,,,,,,,,,,,,,,,,,,,,,0,250,250.0,0.0,WTA,2,NEUTRAL,FIELD,1,,,0.5,1.0,7.5,0.0,0.58,0.08,4.018975700934579,0.5,0.03000000000000003,3.81802691588785,?,0.95,0.524,OVER,distance,distance,B,,6576,0.0,OVER,OVER,FORCED_OVER_ONLY_GOB_DEM,OVER,ml_prob_unified,0,
14634019,Botic Van de Zandschulp,BOTIC VAN DE ZANDSCHULP,Aces,6.5,2026-09-09T11:30:00.000-04:00,Tennis,ATP / HARD,Goblin,8.5,,,14634019,235668,185810,Botic Van de Zandschulp,6.5,Player,ALEXANDER ZVEREV,,,https://static.prizepicks.com/images/manual/Botic_Van_de_Zandschulp.png,,2026-09-08T12:23:15.567-04:00,2026-09-08T13:10:29-04:00,aces,0,,0,3310,ATP,sibling_or_pp,2,Elite,Elite,2,STALE_HISTORY,,,0.6199747127792538,,,,,,,,,,,,,,,,,,,hard,0,6.48936170212766,4.574468085106383,0.7424482963417903,0.4375,48.0,0.0,0.0,,,MISSING_STAT_VALUES,,,,,,,,,,,,,,,,,,,,,,,0,70,2.0,68.0,ATP,2,SERVE_HEAVY,FIELD,1,,,0.5,1.05,6.5,0.0,0.08,-0.42,4.311480560747664,0.5,0.03000000000000003,4.095906532710281,?,0.95,0.374,OVER,distance,distance,B,,3310,0.0,OVER,OVER,FORCED_OVER_ONLY_GOB_DEM,OVER,ml_prob_unified,0,
14583860,Emma Navarro,EMMA NAVARRO,Double Faults,2.5,2026-09-08T19:00:00.000-04:00,Tennis,WTA / HARD,Goblin,4.5,,,14583860,201443,185590,Emma Navarro,2.5,Player,JESSICA PEGULA,,,https://static.prizepicks.com/images/manual/Emma Head.png,,2026-09-08T07:41:39.843-04:00,2026-09-08T13:10:29-04:00,double_faults,0,,0,3785,WTA,offset_estimate,2,Elite,Elite,3,STALE_HISTORY,,,0.6283290880630938,,,,,,,,,,,,,,,,,,,hard,0,1.888888888888889,3.533333333333333,0.6366395772251866,0.4791666666666667,48.0,0.0,0.0,,,MISSING_STAT_VALUES,,,,,,,,,,,,,,,,,,,,,,,0,27,3.0,24.0,WTA,2,NEUTRAL,ELITE,1,,,0.5,1.0,2.5,0.0,0.08,-0.42,4.018975700934579,0.5,0.03000000000000003,3.81802691588785,?,0.95,0.374,OVER,distance,distance,B,,3785,0.0,OVER,OVER,FORCED_OVER_ONLY_GOB_DEM,OVER,ml_prob_unified,0,
14583871,Jessica Pegula,JESSICA PEGULA,Aces,2.5,2026-09-08T19:00:00.000-04:00,Tennis,WTA / HARD,Goblin,4.5,,,14583871,201369,185590,Jessica Pegula,2.5,Player,EMMA NAVARRO,,,https://www.flashscore.com/res/image/data/GS3hkKzB-A19CsvyR.png,,2026-09-08T07:41:39.843-04:00,2026-09-08T13:10:29-04:00,aces,0,,0,2113,WTA,offset_estimate,2,Avg,Avg,27,STALE_HISTORY,,,0.6293953459627286,,,,,,,,,,,,,,,,,,,hard,0,3.320987654320988,1.987654320987654,0.6920522626365668,0.7142857142857143,84.0,1.0,0.0,,,MISSING_STAT_VALUES,,,,,,,,,,,,,,,,,,,,,,,0,3,27.0,-24.0,WTA,2,SERVE_HEAVY,ELITE,1,,,0.5,1.0,2.5,0.0,0.08,-0.42,4.018975700934579,0.5,0.03000000000000003,3.81802691588785,?,0.95,0.374,OVER,distance,distance,B,,2113,0.0,OVER,OVER,FORCED_OVER_ONLY_GOB_DEM,OVER,ml_prob_unified,0,
14583888,Emma Navarro,EMMA NAVARRO,Aces,2.5,2026-09-08T19:00:00.000-04:00,Tennis,WTA / HARD,Goblin,4.5,,,14583888,201443,185590,Emma Navarro,2.5,Player,JESSICA PEGULA,,,https://static.prizepicks.com/images/manual/Emma Head.png,,2026-09-08T07:41:39.843-04:00,2026-09-08T13:10:29-04:00,aces,0,,0,3785,WTA,sibling_or_pp,2,Elite,Elite,3,STALE_HISTORY,,,0.6283290880630938,,,,,,,,,,,,,,,,,,,hard,0,1.888888888888889,3.533333333333333,0.6366395772251866,0.4791666666666667,48.0,0.0,0.0,,,MISSING_STAT_VALUES,,,,,,,,,,,,,,,,,,,,,,,0,27,3.0,24.0,WTA,2,SERVE_HEAVY,ELITE,1,,,0.5,1.0,2.5,0.0,0.08,-0.42,4.018975700934579,0.5,0.03000000000000003,3.81802691588785,?,0.95,0.374,OVER,distance,distance,B,,3785,0.0,OVER,OVER,FORCED_OVER_ONLY_GOB_DEM,OVER,ml_prob_unified,0,
14585726,Carlos Alcaraz,CARLOS ALCARAZ,Aces,2.5,2026-09-08T20:10:00.000-04:00,Tennis,ATP / HARD,Goblin,4.5,,,14585726,201284,185581,Carlos Alcaraz,2.5,Player,BEN SHELTON,,,https://static.prizepicks.com/images/manual/Carlos Alcaraz3.png,,2026-09-08T07:41:39.843-04:00,2026-09-08T13:10:29-04:00,aces,0,,0,3782,ATP,offset_estimate,2,Elite,Elite,9,STALE_HISTORY,,,0.652953811679599,,,,,,,,,,,,,,,,,,,hard,0,5.626506024096385,2.060240963855421,0.7694979195459459,0.8433734939759037,83.0,1.0,0.0,,,MISSING_STAT_VALUES,,,,,,,,,,,,,,,,,,,,,,,0,3,9.0,-6.0,ATP,2,SERVE_HEAVY,ELITE,1,,,0.5,1.0,2.5,0.0,0.08,-0.42,4.018975700934579,0.5,0.03000000000000003,3.81802691588785,?,0.95,0.374,OVER,distance,distance,B,,3782,0.0,OVER,OVER,FORCED_OVER_ONLY_GOB_DEM,OVER,ml_prob_unified,0,
14626153,Zhibek Kulambayeva,ZHIBEK KULAMBAYEVA,Double Faults,2.5,2026-09-09T05:00:00.000-04:00,Tennis,WTA / HARD,Goblin,4.5,,,14626153,246857,185672,Zhibek Kulambayeva,2.5,Player,ELIZARA YANEVA,,,https://static.flashscore.com/res/image/data/Kzo9TLwS-StIfzY0L.png,,2026-09-08T09:48:12.325-04:00,2026-09-08T13:10:29-04:00,double_faults,0,,0,4926,WTA,offset_estimate,2,Weak,Weak,250,STALE_HISTORY,,,,,,,,,,,,,,,,,,,,,,hard,0,,,,,,,,,,MISSING_STAT_VALUES,,,,,,,,,,,,,,,,,,,,,,,0,250,250.0,0.0,WTA,2,NEUTRAL,FIELD,1,,,0.5,1.0,2.5,0.0,0.08,-0.42,4.018975700934579,0.5,0.03000000000000003,3.81802691588785,?,0.95,0.374,OVER,distance,distance,B,,4926,0.0,OVER,OVER,FORCED_OVER_ONLY_GOB_DEM,OVER,ml_prob_unified,0,
14633438,Dalma Galfi,DALMA GALFI,Double Faults,2.5,2026-09-09T09:10:00.000-04:00,Tennis,WTA / HARD,Goblin,4.5,,,14633438,207690,185866,Dalma Galfi,2.5,Player,NURIA BRANCACCIO,,,https://static.prizepicks.com/images/manual/dalma.png,,2026-09-08T12:05:15.050-04:00,2026-09-08T13:10:29-04:00,double_faults,0,,0,2764,WTA,offset_estimate,2,Weak,Weak,250,STALE_HISTORY,,,0.6333173808396075,,,,,,,,,,,,,,,,,,,hard,0,4.428571428571429,3.214285714285714,0.6604909917738323,0.1428571428571428,14.0,0.0,1.0,,,MISSING_STAT_VALUES,,,,,,,,,,,,,,,,,,,,,,,0,250,250.0,0.0,WTA,2,NEUTRAL,FIELD,1,,,0.5,1.0,2.5,0.0,0.08,-0.42,4.018975700934579,0.5,0.03000000000000003,3.81802691588785,?,0.95,0.374,OVER,distance,distance,B,,2764,0.0,OVER,OVER,FORCED_OVER_ONLY_GOB_DEM,OVER,ml_prob_unified,0,
14633676,Anastasia Tikhonova,ANASTASIA TIKHONOVA,Aces,2.5,2026-09-09T11:00:00.000-04:00,Tennis,WTA / HARD,Goblin,4.5,,,14633676,217450,185782,Anastasia Tikhonova,2.5,Player,NAO HIBINO,,,https://static.flashscore.com/res/image/data/2Nx23jwS-xnYae4aa.png,,2026-09-08T12:11:15.284-04:00,2026-09-08T13:10:29-04:00,aces,0,,0,5626,WTA,offset_estimate,2,Weak,Weak,250,STALE_HISTORY,,,,,,,,,,,,,,,,,,,,,,hard,0,,,,,,,,,,MISSING_STAT_VALUES,,,,,,,,,,,,,,,,,,,,,,,0,250,250.0,0.0,WTA,2,SERVE_HEAVY,FIELD,1,,,0.5,1.0,2.5,0.0,0.08,-0.42,4.018975700934579,0.5,0.03000000000000003,3.81802691588785,?,0.95,0.374,OVER,distance,distance,B,,5626,0.0,OVER,OVER,FORCED_OVER_ONLY_GOB_DEM,OVER,ml_prob_unified,0,
14624574,Alexander Zverev,ALEXANDER ZVEREV,Double Faults,2.5,2026-09-09T11:30:00.000-04:00,Tennis,ATP / HARD,Goblin,4.5,,,14624574,201395,185810,Alexander Zverev,2.5,Player,BOTIC VAN DE ZANDSCHULP,,,https://static.prizepicks.com/images/manual/Alexander Zverev.png,,2026-09-08T09:48:12.325-04:00,2026-09-08T13:10:29-04:00,double_faults,0,,0,2375,ATP,offset_estimate,2,Below Avg,Below Avg,70,STALE_HISTORY,,,0.7261248892215003,,,,,,,,,,,,,,,,,,,hard,0,8.821428571428571,1.571428571428571,0.7661283351954835,0.7209302325581395,86.0,1.0,0.0,,,MISSING_STAT_VALUES,,,,,,,,,,,,,,,,,,,,,,,0,2,70.0,-68.0,ATP,2,NEUTRAL,ELITE,1,,,0.5,0.95,2.5,0.0,0.08,-0.42,3.734391401869159,0.5,0.03000000000000003,3.547671831775701,?,0.95,0.374,OVER,distance,distance,B,,2375,0.0,OVER,OVER,FORCED_OVER_ONLY_GOB_DEM,OVER,ml_prob_unified,0,
14598210,Martina Trevisan,MARTINA TREVISAN,Double Faults,4.5,2026-09-08T13:15:00.000-04:00,Tennis,WTA / HARD,Goblin,6.0,,,14598210,202036,185648,Martina Trevisan,4.5,Player,JENNIFER RUGGERI,,,https://static.flashscore.com/res/image/data/Snya7gil-U3ZuGemt.png,,2026-09-08T12:54:31.065-04:00,2026-09-08T13:10:29-04:00,double_faults,0,,0,1374,WTA,offset_estimate,1,Weak,Weak,250,STALE_HISTORY,,,0.6804987500989339,,,,,,,,,,,,,,,,,,,hard,0,1.25,3.375,0.6212193969519703,0.5,8.0,0.0,0.0,,,MISSING_STAT_VALUES,,,,,,,,,,,,,,,,,,,,,,,0,250,250.0,0.0,WTA,2,NEUTRAL,FIELD,1,,,0.5,1.0,4.5,0.0,0.08,-0.42,4.018975700934579,0.5,0.03000000000000003,3.81802691588785,?,0.95,0.374,OVER,distance,distance,C,,1374,0.0,OVER,OVER,FORCED_OVER_ONLY_GOB_DEM,OVER,ml_prob_unified,0,
14593916,Alex Michelsen,ALEX MICHELSEN,Double Faults,4.5,2026-09-08T13:45:00.000-04:00,Tennis,ATP / HARD,Goblin,5.5,,,14593916,202916,185558,Alex Michelsen,4.5,Player,FRANCES TIAFOE,,,https://static.flashscore.com/res/image/data/Yi8Wfkg5-QJ66gxcd.png,,2026-09-08T13:10:19.092-04:00,2026-09-08T13:10:29-04:00,double_faults,0,,0,11400,ATP,sibling_or_pp,1,Above Avg,Above Avg,12,STALE_HISTORY,,,0.6678652941099754,,,,,,,,,,,,,,,,,,,hard,0,5.914285714285715,2.371428571428571,0.7094886495003496,0.5633802816901409,71.0,0.0,0.0,,,MISSING_STAT_VALUES,,,,,,,,,,,,,,,,,,,,,,,0,46,12.0,34.0,ATP,2,NEUTRAL,FIELD,1,,,0.5,1.0,4.5,0.0,0.08,-0.42,4.018975700934579,0.5,0.03000000000000003,3.81802691588785,?,0.95,0.374,OVER,distance,distance,C,,11400,0.0,OVER,OVER,FORCED_OVER_ONLY_GOB_DEM,OVER,ml_prob_unified,0,
14583855,Jessica Pegula,JESSICA PEGULA,Break Points Won,4.5,2026-09-08T19:00:00.000-04:00,Tennis,WTA / HARD,Goblin,6.0,,,14583855,201369,185590,Jessica Pegula,4.5,Player,EMMA NAVARRO,,,https://www.flashscore.com/res/image/data/GS3hkKzB-A19CsvyR.png,,2026-09-08T07:41:39.843-04:00,2026-09-08T13:10:29-04:00,break_points_won,0,,0,2113,WTA,offset_estimate,1,Avg,Avg,27,STALE_HISTORY,,,0.6293953459627286,,,,,,,,,,,,,,,,,,,hard,0,3.320987654320988,1.987654320987654,0.6920522626365668,0.7142857142857143,84.0,1.0,0.0,,,MISSING_STAT_VALUES,,,,,,,,,,,,,,,,,,,,,,,0,3,27.0,-24.0,WTA,2,NEUTRAL,ELITE,1,,,0.5,1.0,4.5,0.0,0.465,-0.035,4.018975700934579,0.5,0.03000000000000003,3.81802691588785,?,0.95,0.4895,OVER,distance,distance,C,,2113,0.0,OVER,OVER,FORCED_OVER_ONLY_GOB_DEM,OVER,ml_prob_unified,0,
14629267,Alevtina Ibragimova,ALEVTINA IBRAGIMOVA,Double Faults,4.5,2026-09-09T06:10:00.000-04:00,Tennis,WTA / HARD,Goblin,6.0,,,14629267,202469,185848,Alevtina Ibragimova,4.5,Player,LEYRE ROMERO GORMAZ,,,https://static.prizepicks.com/images/manual/AlevtinaIbragimova.webp,,2026-09-08T09:48:12.325-04:00,2026-09-08T13:10:29-04:00,double_faults,0,,0,11513,WTA,offset_estimate,1,Weak,Weak,145,STALE_HISTORY,,,,,,,,,,,,,,,,,,,,,,hard,0,,,,,,,,,,MISSING_STAT_VALUES,,,,,,,,,,,,,,,,,,,,,,,0,250,145.0,105.0,WTA,2,NEUTRAL,FIELD,1,,,0.5,1.05,4.5,0.0,0.08,-0.42,4.311480560747664,0.5,0.03000000000000003,4.095906532710281,?,0.95,0.374,OVER,distance,distance,C,,11513,0.0,OVER,OVER,FORCED_OVER_ONLY_GOB_DEM,OVER,ml_prob_unified,0,
14629276,Leyre Romero Gormaz,LEYRE ROMERO GORMAZ,Double Faults,4.5,2026-09-09T06:10:00.000-04:00,Tennis,WTA / CLAY,Goblin,6.0,,,14629276,201929,185848,Leyre Romero Gormaz,4.5,Player,ALEVTINA IBRAGIMOVA,,,https://static.prizepicks.com/images/manual/lorireyes12.png,,2026-09-08T09:48:12.325-04:00,2026-09-08T13:10:29-04:00,double_faults,0,,0,10676,WTA,offset_estimate,1,Weak,Weak,250,STALE_HISTORY,,,,,,,,,,,,,,,,,,,,,,clay,0,,,,,,,,,,MISSING_STAT_VALUES,,,,,,,,,,,,,,,,,,,,,,,0,145,250.0,-105.0,WTA,2,NEUTRAL,FIELD,1,,,0.5,0.95,4.5,0.0,0.08,-0.42,3.734391401869159,0.5,0.03000000000000003,3.547671831775701,?,0.95,0.374,OVER,distance,distance,C,,10676,0.0,OVER,OVER,FORCED_OVER_ONLY_GOB_DEM,OVER,ml_prob_unified,0,
14619779,Qinwen Zheng,QINWEN ZHENG,Aces,4.5,2026-09-09T11:30:00.000-04:00,Tennis,WTA / HARD,Goblin,6.0,,,14619779,202555,185723,Qinwen Zheng,4.5,Player,ELENA RYBAKINA,,,https://www.flashscore.com/res/image/data/b7N9NHdM-GpkVMaxA.png,,2026-09-08T09:48:12.325-04:00,2026-09-08T13:10:29-04:00,aces,0,,0,6048,WTA,offset_estimate,1,Elite,Elite,2,STALE_HISTORY,,,0.5508471097986849,,,,,,,,,,,,,,,,,,,hard,0,7.075,3.625,0.7503897645748585,0.675,40.0,1.0,0.0,,,MISSING_STAT_VALUES,,,,,,,,,,,,,,,,,,,,,,,0,121,2.0,119.0,WTA,2,SERVE_HEAVY,FIELD,1,,,0.5,1.05,4.5,0.0,0.08,-0.42,4.311480560747664,0.5,0.03000000000000003,4.095906532710281,?,0.95,0.374,OVER,distance,distance,C,,6048,0.0,OVER,OVER,FORCED_OVER_ONLY_GOB_DEM,OVER,ml_prob_unified,0,
14622989,Alexander Blockx,ALEXANDER BLOCKX,Double Faults,4.5,2026-09-09T11:30:00.000-04:00,Tennis,ATP / HARD,Goblin,5.5,,,14622989,218482,185783,Alexander Blockx,4.5,Player,KAREN KHACHANOV,,,https://static.prizepicks.com/images/manual/AlexanderBlockx.webp,,2026-09-08T09:48:12.325-04:00,2026-09-08T13:10:29-04:00,double_faults,0,,0,11757,ATP,sibling_or_pp,1,Avg,Avg,50,STALE_HISTORY,,,0.6652403038167991,,,,,,,,,,,,,,,,,,,hard,0,8.071428571428571,1.714285714285714,0.7321477208550975,0.4,15.0,0.0,0.0,,,MISSING_STAT_VALUES,,,,,,,,,,,,,,,,,,,,,,,0,34,50.0,-16.0,ATP,2,NEUTRAL,FIELD,1,,,0.5,1.0,4.5,0.0,0.08,-0.42,4.018975700934579,0.5,0.03000000000000003,3.81802691588785,?,0.95,0.374,OVER,distance,distance,C,,11757,0.0,OVER,OVER,FORCED_OVER_ONLY_GOB_DEM,OVER,ml_prob_unified,0,
14622066,Coco Gauff,COCO GAUFF,Double Faults,4.5,2026-09-09T11:30:00.000-04:00,Tennis,WTA / HARD,Goblin,5.5,,,14622066,201229,185779,Coco Gauff,4.5,Player,MIRRA ANDREEVA,,,https://www.flashscore.com/res/image/data/UDnGEpDr-fa4Gaz3a.png,,2026-09-08T09:48:12.325-04:00,2026-09-08T13:10:29-04:00,double_faults,0,,0,3626,WTA,sibling_or_pp,1,Elite,Elite,5,STALE_HISTORY,,,0.6279834861859119,,,,,,,,,,,,,,,,,,,hard,0,3.26027397260274,7.205479452054795,0.6993628090812983,0.759493670886076,79.0,1.0,0.0,,,MISSING_STAT_VALUES,,,,,,,,,,,,,,,,,,,,,,,0,4,5.0,-1.0,WTA,2,NEUTRAL,ELITE,1,,,0.5,1.0,4.5,0.0,0.08,-0.42,4.018975700934579,0.5,0.03000000000000003,3.81802691588785,?,0.95,0.374,OVER,distance,distance,C,,3626,0.0,OVER,OVER,FORCED_OVER_ONLY_GOB_DEM,OVER,ml_prob_unified,0,
14622342,Leolia Jeanjean,LEOLIA JEANJEAN,Aces,1.5,2026-09-08T14:30:00.000-04:00,Tennis,WTA / HARD,Goblin,3.5,,,14622342,207629,185728,Leolia Jeanjean,1.5,Player,UNKNOWN_OPP,,,https://www.flashscore.com/res/image/data/bZBG1QdM-GK1ed7D0.png,,2026-09-08T07:41:39.843-04:00,2026-09-08T13:10:29-04:00,aces,0,,0,4453,WTA,offset_estimate,2,N/A,N/A,N/A,STALE_HISTORY,,,0.6112936114874284,,,,,,,,,,,,,,,,,,,hard,0,2.090909090909091,3.090909090909091,0.6197358235798843,0.1428571428571428,14.0,0.0,1.0,,,MISSING_STAT_VALUES,,,,,,,,,,,,,,,,,,,,,,,0,127,,,WTA,2,SERVE_HEAVY,FIELD,1,,,0.5,1.0,1.5,0.0,0.08,-0.42,4.018975700934579,0.5,0.03000000000000003,3.81802691588785,?,0.95,0.374,OVER,distance,distance,B,,4453,0.0,OVER,OVER,FORCED_OVER_ONLY_GOB_DEM,OVER,ml_prob_unified,0,
14599796,Aurora Zantedeschi,AURORA ZANTEDESCHI,Aces,1.5,2026-09-09T04:30:00.000-04:00,Tennis,WTA / HARD,Goblin,3.5,,,14599796,247239,185652,Aurora Zantedeschi,1.5,Player,LINA GJORCHESKA,,,https://static.flashscore.com/res/image/data/0QC5dYDa-z9AWrQfb.png,,2026-09-08T09:48:12.325-04:00,2026-09-08T13:10:29-04:00,aces,0,,0,5160,WTA,offset_estimate,2,Weak,Weak,250,STALE_HISTORY,,,,,,,,,,,,,,,,,,,,,,hard,0,,,,,,,,,,MISSING_STAT_VALUES,,,,,,,,,,,,,,,,,,,,,,,0,250,250.0,0.0,WTA,2,SERVE_HEAVY,FIELD,1,,,0.5,1.0,1.5,0.0,0.08,-0.42,4.018975700934579,0.5,0.03000000000000003,3.81802691588785,?,0.95,0.374,OVER,distance,distance,B,,5160,0.0,OVER,OVER,FORCED_OVER_ONLY_GOB_DEM,OVER,ml_prob_unified,0,
14585602,Ben Shelton,BEN SHELTON,Double Faults,3.5,2026-09-08T20:10:00.000-04:00,Tennis,ATP / HARD,Goblin,4.0,,,14585602,201258,185581,Ben Shelton,3.5,Player,CARLOS ALCARAZ,,,https://static.prizepicks.com/images/manual/Ben Shelton.png,,2026-09-08T07:41:39.843-04:00,2026-09-08T13:10:29-04:00,double_faults,0,,0,9250,ATP,sibling_or_pp,1,Elite,Elite,3,STALE_HISTORY,,,0.6753995623116001,,,,,,,,,,,,,,,,,,,hard,0,10.06849315068493,2.547945205479452,0.7700546496212411,0.6575342465753424,73.0,1.0,0.0,,,MISSING_STAT_VALUES,,,,,,,,,,,,,,,,,,,,,,,0,9,3.0,6.0,ATP,2,NEUTRAL,ELITE,1,,,0.5,1.0,3.5,0.0,0.08,-0.42,4.018975700934579,0.5,0.03000000000000003,3.81802691588785,?,0.95,0.374,OVER,distance,distance,D,,9250,0.0,OVER,OVER,FORCED_OVER_ONLY_GOB_DEM,OVER,ml_prob_unified,0,
14625093,Alexander Zverev,ALEXANDER ZVEREV,1st Set Aces,3.5,2026-09-09T11:30:00.000-04:00,Tennis,ATP / HARD,Goblin,3.5,,,14625093,201395,185810,Alexander Zverev,3.5,Player,BOTIC VAN DE ZANDSCHULP,,,https://static.prizepicks.com/images/manual/Alexander Zverev.png,,2026-09-08T09:45:28.658-04:00,2026-09-08T13:10:29-04:00,aces,0,,0,2375,ATP,pp_or_step1,3,Below Avg,Below Avg,70,STALE_HISTORY,,,0.7261248892215003,,,,,,,,,,,,,,,,,,,hard,0,8.821428571428571,1.571428571428571,0.7661283351954835,0.7209302325581395,86.0,1.0,0.0,,,MISSING_STAT_VALUES,,,,,,,,,,,,,,,,,,,,,,,0,2,70.0,-68.0,ATP,2,SERVE_HEAVY,ELITE,1,,,0.5,0.95,3.5,0.0,0.08,-0.42,3.734391401869159,0.5,0.03000000000000003,3.547671831775701,?,0.95,0.374,OVER,distance,distance,D,,2375,0.0,OVER,OVER,FORCED_OVER_ONLY_GOB_DEM,OVER,ml_prob_unified,0,
14622836,Leolia Jeanjean,LEOLIA JEANJEAN,Double Faults,5.5,2026-09-08T14:30:00.000-04:00,Tennis,WTA / HARD,Goblin,7.0,,,14622836,207629,185728,Leolia Jeanjean,5.5,Player,UNKNOWN_OPP,,,https://www.flashscore.com/res/image/data/bZBG1QdM-GK1ed7D0.png,,2026-09-08T07:41:39.843-04:00,2026-09-08T13:10:29-04:00,double_faults,0,,0,4453,WTA,offset_estimate,1,N/A,N/A,N/A,STALE_HISTORY,,,0.6112936114874284,,,,,,,,,,,,,,,,,,,hard,0,2.090909090909091,3.090909090909091,0.6197358235798843,0.1428571428571428,14.0,0.0,1.0,,,MISSING_STAT_VALUES,,,,,,,,,,,,,,,,,,,,,,,0,127,,,WTA,2,NEUTRAL,FIELD,1,,,0.5,1.0,5.5,0.0,0.08,-0.42,4.018975700934579,0.5,0.03000000000000003,3.81802691588785,?,0.95,0.374,OVER,distance,distance,C,,4453,0.0,OVER,OVER,FORCED_OVER_ONLY_GOB_DEM,OVER,ml_prob_unified,0,
14622355,Ena Koike,ENA KOIKE,Double Faults,5.5,2026-09-08T15:40:00.000-04:00,Tennis,WTA / HARD,Goblin,7.0,,,14622355,268977,185730,Ena Koike,5.5,Player,NADIA PODOROSKA,,,https://static.prizepicks.com/images/manual/EnaKoike.webp,,2026-09-08T07:41:39.843-04:00,2026-09-08T13:10:29-04:00,double_faults,0,,0,11378,WTA,offset_estimate,1,Weak,Weak,250,STALE_HISTORY,,,,,,,,,,,,,,,,,,,,,,hard,0,,,,,,,,,,MISSING_STAT_VALUES,,,,,,,,,,,,,,,,,,,,,,,0,250,250.0,0.0,WTA,2,NEUTRAL,FIELD,1,,,0.5,1.0,5.5,0.0,0.08,-0.42,4.018975700934579,0.5,0.03000000000000003,3.81802691588785,?,0.95,0.374,OVER,distance,distance,C,,11378,0.0,OVER,OVER,FORCED_OVER_ONLY_GOB_DEM,OVER,ml_prob_unified,0,
14622361,Nadia Podoroska,NADIA PODOROSKA,Double Faults,5.5,2026-09-08T15:40:00.000-04:00,Tennis,WTA / HARD,Goblin,7.0,,,14622361,201923,185730,Nadia Podoroska,5.5,Player,ENA KOIKE,,,https://static.prizepicks.com/images/manual/Nadia Podoroska.png,,2026-09-08T07:41:39.843-04:00,2026-09-08T13:10:29-04:00,double_faults,0,,0,3256,WTA,offset_estimate,1,Weak,Weak,250,STALE_HISTORY,,,0.6340921287833265,,,,,,,,,,,,,,,,,,,hard,0,2.777777777777778,4.333333333333333,0.6237658956204709,0.4545454545454545,11.0,0.0,0.0,,,MISSING_STAT_VALUES,,,,,,,,,,,,,,,,,,,,,,,0,250,250.0,0.0,WTA,2,NEUTRAL,FIELD,1,,,0.5,1.0,5.5,0.0,0.08,-0.42,4.018975700934579,0.5,0.03000000000000003,3.81802691588785,?,0.95,0.374,OVER,distance,distance,C,,3256,0.0,OVER,OVER,FORCED_OVER_ONLY_GOB_DEM,OVER,ml_prob_unified,0,
14626137,Elizara Yaneva,ELIZARA YANEVA,1st Set Total Games Won,5.5,2026-09-09T05:00:00.000-04:00,Tennis,WTA / HARD,Goblin,7.0,,,14626137,314549,185672,Elizara Yaneva,5.5,Player,ZHIBEK KULAMBAYEVA,,,https://static.prizepicks.com/images/manual/Yaneva.png,,2026-09-08T09:45:28.658-04:00,2026-09-08T13:10:29-04:00,total_sets,0,,0,9442,WTA,offset_estimate,1,Weak,Weak,250,STALE_HISTORY,,,,,,,,,,,,,,,,,,,,,,hard,0,,,,,,,,,,MISSING_STAT_VALUES,,,,,,,,,,,,,,,,,,,,,,,0,250,250.0,0.0,WTA,2,NEUTRAL,FIELD,1,,,0.5,1.0,5.5,0.0,0.58,0.08,4.018975700934579,0.5,0.03000000000000003,3.81802691588785,?,0.95,0.524,OVER,distance,distance,C,,9442,0.0,OVER,OVER,FORCED_OVER_ONLY_GOB_DEM,OVER,ml_prob_unified,0,
14633681,Anastasia Tikhonova,ANASTASIA TIKHONOVA,Double Faults,5.5,2026-09-09T11:00:00.000-04:00,Tennis,WTA / HARD,Goblin,7.0,,,14633681,217450,185782,Anastasia Tikhonova,5.5,Player,NAO HIBINO,,,https://static.flashscore.com/res/image/data/2Nx23jwS-xnYae4aa.png,,2026-09-08T12:11:15.620-04:00,2026-09-08T13:10:29-04:00,double_faults,0,,0,5626,WTA,offset_estimate,1,Weak,Weak,250,STALE_HISTORY,,,,,,,,,,,,,,,,,,,,,,hard,0,,,,,,,,,,MISSING_STAT_VALUES,,,,,,,,,,,,,,,,,,,,,,,0,250,250.0,0.0,WTA,2,NEUTRAL,FIELD,1,,,0.5,1.0,5.5,0.0,0.08,-0.42,4.018975700934579,0.5,0.03000000000000003,3.81802691588785,?,0.95,0.374,OVER,distance,distance,C,,5626,0.0,OVER,OVER,FORCED_OVER_ONLY_GOB_DEM,OVER,ml_prob_unified,0,
14585512,Alex Michelsen,ALEX MICHELSEN,Aces,10.5,2026-09-08T13:45:00.000-04:00,Tennis,ATP / HARD,Goblin,12.5,,,14585512,202916,185558,Alex Michelsen,10.5,Player,FRANCES TIAFOE,,,https://static.flashscore.com/res/image/data/Yi8Wfkg5-QJ66gxcd.png,,2026-09-08T13:10:19.092-04:00,2026-09-08T13:10:29-04:00,aces,0,,0,11400,ATP,sibling_or_pp,1,Above Avg,Above Avg,12,STALE_HISTORY,,,0.6678652941099754,,,,,,,,,,,,,,,,,,,hard,0,5.914285714285715,2.371428571428571,0.7094886495003496,0.5633802816901409,71.0,0.0,0.0,,,MISSING_STAT_VALUES,,,,,,,,,,,,,,,,,,,,,,,0,46,12.0,34.0,ATP,2,SERVE_HEAVY,FIELD,1,,,0.5,1.0,10.5,0.0,0.08,-0.42,4.018975700934579,0.5,0.03000000000000003,3.81802691588785,?,0.95,0.374,OVER,distance,distance,B,,11400,0.0,OVER,OVER,FORCED_OVER_ONLY_GOB_DEM,OVER,ml_prob_unified,0,
14623026,Alexander Blockx,ALEXANDER BLOCKX,Aces,10.5,2026-09-09T11:30:00.000-04:00,Tennis,ATP / HARD,Goblin,12.5,,,14623026,218482,185783,Alexander Blockx,10.5,Player,KAREN KHACHANOV,,,https://static.prizepicks.com/images/manual/AlexanderBlockx.webp,,2026-09-08T09:48:12.325-04:00,2026-09-08T13:10:29-04:00,aces,0,,0,11757,ATP,sibling_or_pp,1,Avg,Avg,50,STALE_HISTORY,,,0.6652403038167991,,,,,,,,,,,,,,,,,,,hard,0,8.071428571428571,1.714285714285714,0.7321477208550975,0.4,15.0,0.0,0.0,,,MISSING_STAT_VALUES,,,,,,,,,,,,,,,,,,,,,,,0,34,50.0,-16.0,ATP,2,SERVE_HEAVY,FIELD,1,,,0.5,1.0,10.5,0.0,0.08,-0.42,4.018975700934579,0.5,0.03000000000000003,3.81802691588785,?,0.95,0.374,OVER,distance,distance,B,,11757,0.0,OVER,OVER,FORCED_OVER_ONLY_GOB_DEM,OVER,ml_prob_unified,0,
14596589,Martina Trevisan,MARTINA TREVISAN,1st Set Total Games,7.5,2026-09-08T13:15:00.000-04:00,Tennis,WTA / HARD,Goblin,9.0,,,14596589,202036,185648,Martina Trevisan,7.5,Player,JENNIFER RUGGERI,,,https://static.flashscore.com/res/image/data/Snya7gil-U3ZuGemt.png,,2026-09-08T12:54:31.065-04:00,2026-09-08T13:10:29-04:00,total_sets,0,,0,1374,WTA,offset_estimate,1,Weak,Weak,250,STALE_HISTORY,,,0.6804987500989339,,,,,,,,,,,,,,,,,,,hard,0,1.25,3.375,0.6212193969519703,0.5,8.0,0.0,0.0,,,MISSING_STAT_VALUES,,,,,,,,,,,,,,,,,,,,,,,0,250,250.0,0.0,WTA,2,NEUTRAL,FIELD,1,,,0.5,1.0,7.5,0.0,0.58,0.08,4.018975700934579,0.5,0.03000000000000003,3.81802691588785,?,0.95,0.524,OVER,distance,distance,C,,1374,0.0,OVER,OVER,FORCED_OVER_ONLY_GOB_DEM,OVER,ml_prob_unified,0,
14629292,Nao Hibino,NAO HIBINO,1st Set Total Games,7.5,2026-09-09T11:00:00.000-04:00,Tennis,WTA / HARD,Goblin,9.0,,,14629292,204436,185782,Nao Hibino,7.5,Player,ANASTASIA TIKHONOVA,,,https://www.flashscore.com/res/image/data/KxS8M9dM-G0BIjPpT.png,,2026-09-08T09:45:28.658-04:00,2026-09-08T13:10:29-04:00,total_sets,0,,0,2043,WTA,offset_estimate,1,Weak,Weak,250,STALE_HISTORY,,,0.6573377914017103,,,,,,,,,,,,,,,,,,,hard,0,1.875,3.25,0.5410282497501924,0.2222222222222222,9.0,0.0,0.0,,,MISSING_STAT_VALUES,,,,,,,,,,,,,,,,,,,,,,,0,250,250.0,0.0,WTA,2,NEUTRAL,FIELD,1,,,0.5,1.0,7.5,0.0,0.58,0.08,4.018975700934579,0.5,0.03000000000000003,3.81802691588785,?,0.95,0.524,OVER,distance,distance,C,,2043,0.0,OVER,OVER,FORCED_OVER_ONLY_GOB_DEM,OVER,ml_prob_unified,0,
14623028,Karen Khachanov,KAREN KHACHANOV,Aces,7.5,2026-09-09T11:30:00.000-04:00,Tennis,ATP / HARD,Goblin,9.0,,,14623028,201396,185783,Karen Khachanov,7.5,Player,ALEXANDER BLOCKX,,,https://static.prizepicks.com/images/manual/Karen K.png,,2026-09-08T09:48:12.325-04:00,2026-09-08T13:10:29-04:00,aces,0,,0,2367,ATP,offset_estimate,1,Avg,Avg,34,STALE_HISTORY,,,0.6446638518747103,,,,,,,,,,,,,,,,,,,hard,0,7.968253968253968,2.047619047619047,0.764327151305763,0.5714285714285714,63.0,0.0,0.0,,,MISSING_STAT_VALUES,,,,,,,,,,,,,,,,,,,,,,,0,50,34.0,16.0,ATP,2,SERVE_HEAVY,FIELD,1,,,0.5,1.0,7.5,0.0,0.08,-0.42,4.018975700934579,0.5,0.03000000000000003,3.81802691588785,?,0.95,0.374,OVER,distance,distance,C,,2367,0.0,OVER,OVER,FORCED_OVER_ONLY_GOB_DEM,OVER,ml_prob_unified,0,
14625099,Botic Van de Zandschulp,BOTIC VAN DE ZANDSCHULP,Aces,7.5,2026-09-09T11:30:00.000-04:00,Tennis,ATP / HARD,Goblin,8.5,,,14625099,235668,185810,Botic Van de Zandschulp,7.5,Player,ALEXANDER ZVEREV,,,https://static.prizepicks.com/images/manual/Botic_Van_de_Zandschulp.png,,2026-09-08T09:48:12.325-04:00,2026-09-08T13:10:29-04:00,aces,0,,0,3310,ATP,sibling_or_pp,1,Elite,Elite,2,STALE_HISTORY,,,0.6199747127792538,,,,,,,,,,,,,,,,,,,hard,0,6.48936170212766,4.574468085106383,0.7424482963417903,0.4375,48.0,0.0,0.0,,,MISSING_STAT_VALUES,,,,,,,,,,,,,,,,,,,,,,,0,70,2.0,68.0,ATP,2,SERVE_HEAVY,FIELD,1,,,0.5,1.05,7.5,0.0,0.08,-0.42,4.311480560747664,0.5,0.03000000000000003,4.095906532710281,?,0.95,0.374,OVER,distance,distance,C,,3310,0.0,OVER,OVER,FORCED_OVER_ONLY_GOB_DEM,OVER,ml_prob_unified,0,
14628917,Jennifer Ruggeri,JENNIFER RUGGERI,1st Set Total Games Won,3.5,2026-09-08T13:15:00.000-04:00,Tennis,WTA / HARD,Goblin,4.5,,,14628917,263151,185648,Jennifer Ruggeri,3.5,Player,MARTINA TREVISAN,,,https://static.prizepicks.com/images/manual/Jennifer Ruggeri.png,,2026-09-08T12:54:31.065-04:00,2026-09-08T13:10:29-04:00,total_sets,0,,0,6576,WTA,sibling_or_pp,1,Weak,Weak,250,STALE_HISTORY,,,,,,,,,,,,,,,,,,,,,,hard,0,,,,,,,,,,MISSING_STAT_VALUES,,,,,,,,,,,,,,,,,,,,,,,0,250,250.0,0.0,WTA,2,NEUTRAL,FIELD,1,,,0.5,1.0,3.5,0.0,0.58,0.08,4.018975700934579,0.5,0.03000000000000003,3.81802691588785,?,0.95,0.524,OVER,distance,distance,C,,6576,0.0,OVER,OVER,FORCED_OVER_ONLY_GOB_DEM,OVER,ml_prob_unified,0,
14584469,Frances Tiafoe,FRANCES TIAFOE,Break Points Won,3.5,2026-09-08T13:45:00.000-04:00,Tennis,ATP / HARD,Goblin,5.0,,,14584469,201267,185558,Frances Tiafoe,3.5,Player,ALEX MICHELSEN,,,https://static.prizepicks.com/images/manual/tiafoe.png,,2026-09-08T13:10:19.092-04:00,2026-09-08T13:10:29-04:00,break_points_won,0,,0,2708,ATP,offset_estimate,1,Avg,Avg,46,STALE_HISTORY,,,0.5948380261102764,,,,,,,,,,,,,,,,,,,hard,0,8.310344827586206,2.155172413793104,0.7471931813542996,0.55,60.0,0.0,0.0,,,MISSING_STAT_VALUES,,,,,,,,,,,,,,,,,,,,,,,0,12,46.0,-34.0,ATP,2,NEUTRAL,ELITE,1,,,0.5,1.0,3.5,0.0,0.4157,-0.0843,4.018975700934579,0.5,0.03000000000000003,3.81802691588785,?,0.95,0.4747,OVER,distance,distance,C,,2708,0.0,OVER,OVER,FORCED_OVER_ONLY_GOB_DEM,OVER,ml_prob_unified,0,
14593925,Frances Tiafoe,FRANCES TIAFOE,Double Faults,3.5,2026-09-08T13:45:00.000-04:00,Tennis,ATP / HARD,Goblin,5.0,,,14593925,201267,185558,Frances Tiafoe,3.5,Player,ALEX MICHELSEN,,,https://static.prizepicks.com/images/manual/tiafoe.png,,2026-09-08T13:10:19.092-04:00,2026-09-08T13:10:29-04:00,double_faults,0,,0,2708,ATP,offset_estimate,1,Avg,Avg,46,STALE_HISTORY,,,0.5948380261102764,,,,,,,,,,,,,,,,,,,hard,0,8.310344827586206,2.155172413793104,0.7471931813542996,0.55,60.0,0.0,0.0,,,MISSING_STAT_VALUES,,,,,,,,,,,,,,,,,,,,,,,0,12,46.0,-34.0,ATP,2,NEUTRAL,ELITE,1,,,0.5,1.0,3.5,0.0,0.08,-0.42,4.018975700934579,0.5,0.03000000000000003,3.81802691588785,?,0.95,0.374,OVER,distance,distance,C,,2708,0.0,OVER,OVER,FORCED_OVER_ONLY_GOB_DEM,OVER,ml_prob_unified,0,
14583179,Emma Navarro,EMMA NAVARRO,1st Set Total Games Won,3.5,2026-09-08T19:00:00.000-04:00,Tennis,WTA / HARD,Goblin,5.0,,,14583179,201443,185590,Emma Navarro,3.5,Player,JESSICA PEGULA,,,https://static.prizepicks.com/images/manual/Emma Head.png,,2026-09-08T07:33:50.424-04:00,2026-09-08T13:10:29-04:00,total_sets,0,,0,3785,WTA,offset_estimate,1,Elite,Elite,3,STALE_HISTORY,,,0.6283290880630938,,,,,,,,,,,,,,,,,,,hard,0,1.888888888888889,3.533333333333333,0.6366395772251866,0.4791666666666667,48.0,0.0,0.0,,,MISSING_STAT_VALUES,,,,,,,,,,,,,,,,,,,,,,,0,27,3.0,24.0,WTA,2,NEUTRAL,ELITE,1,,,0.5,1.0,3.5,0.0,0.58,0.08,4.018975700934579,0.5,0.03000000000000003,3.81802691588785,?,0.95,0.524,OVER,distance,distance,C,,3785,0.0,OVER,OVER,FORCED_OVER_ONLY_GOB_DEM,OVER,ml_prob_unified,0,
14583861,Emma Navarro,EMMA NAVARRO,Double Faults,3.5,2026-09-08T19:00:00.000-04:00,Tennis,WTA / HARD,Goblin,5.0,,,14583861,201443,185590,Emma Navarro,3.5,Player,JESSICA PEGULA,,,https://static.prizepicks.com/images/manual/Emma Head.png,,2026-09-08T07:41:39.843-04:00,2026-09-08T13:10:29-04:00,double_faults,0,,0,3785,WTA,offset_estimate,1,Elite,Elite,3,STALE_HISTORY,,,0.6283290880630938,,,,,,,,,,,,,,,,,,,hard,0,1.888888888888889,3.533333333333333,0.6366395772251866,0.4791666666666667,48.0,0.0,0.0,,,MISSING_STAT_VALUES,,,,,,,,,,,,,,,,,,,,,,,0,27,3.0,24.0,WTA,2,NEUTRAL,ELITE,1,,,0.5,1.0,3.5,0.0,0.08,-0.42,4.018975700934579,0.5,0.03000000000000003,3.81802691588785,?,0.95,0.374,OVER,distance,distance,C,,3785,0.0,OVER,OVER,FORCED_OVER_ONLY_GOB_DEM,OVER,ml_prob_unified,0,
14583872,Jessica Pegula,JESSICA PEGULA,Aces,3.5,2026-09-08T19:00:00.000-04:00,Tennis,WTA / HARD,Goblin,5.0,,,14583872,201369,185590,Jessica Pegula,3.5,Player,EMMA NAVARRO,,,https://www.flashscore.com/res/image/data/GS3hkKzB-A19CsvyR.png,,2026-09-08T07:41:39.843-04:00,2026-09-08T13:10:29-04:00,aces,0,,0,2113,WTA,offset_estimate,1,Avg,Avg,27,STALE_HISTORY,,,0.6293953459627286,,,,,,,,,,,,,,,,,,,hard,0,3.320987654320988,1.987654320987654,0.6920522626365668,0.7142857142857143,84.0,1.0,0.0,,,MISSING_STAT_VALUES,,,,,,,,,,,,,,,,,,,,,,,0,3,27.0,-24.0,WTA,2,SERVE_HEAVY,ELITE,1,,,0.5,1.0,3.5,0.0,0.08,-0.42,4.018975700934579,0.5,0.03000000000000003,3.81802691588785,?,0.95,0.374,OVER,distance,distance,C,,2113,0.0,OVER,OVER,FORCED_OVER_ONLY_GOB_DEM,OVER,ml_prob_unified,0,
14583889,Emma Navarro,EMMA NAVARRO,Aces,3.5,2026-09-08T19:00:00.000-04:00,Tennis,WTA / HARD,Goblin,4.5,,,14583889,201443,185590,Emma Navarro,3.5,Player,JESSICA PEGULA,,,https://static.prizepicks.com/images/manual/Emma Head.png,,2026-09-08T07:41:39.843-04:00,2026-09-08T13:10:29-04:00,aces,0,,0,3785,WTA,sibling_or_pp,1,Elite,Elite,3,STALE_HISTORY,,,0.6283290880630938,,,,,,,,,,,,,,,,,,,hard,0,1.888888888888889,3.533333333333333,0.6366395772251866,0.4791666666666667,48.0,0.0,0.0,,,MISSING_STAT_VALUES,,,,,,,,,,,,,,,,,,,,,,,0,27,3.0,24.0,WTA,2,SERVE_HEAVY,ELITE,1,,,0.5,1.0,3.5,0.0,0.08,-0.42,4.018975700934579,0.5,0.03000000000000003,3.81802691588785,?,0.95,0.374,OVER,distance,distance,C,,3785,0.0,OVER,OVER,FORCED_OVER_ONLY_GOB_DEM,OVER,ml_prob_unified,0,
14585727,Carlos Alcaraz,CARLOS ALCARAZ,Aces,3.5,2026-09-08T20:10:00.000-04:00,Tennis,ATP / HARD,Goblin,5.0,,,14585727,201284,185581,Carlos Alcaraz,3.5,Player,BEN SHELTON,,,https://static.prizepicks.com/images/manual/Carlos Alcaraz3.png,,2026-09-08T07:41:39.843-04:00,2026-09-08T13:10:29-04:00,aces,0,,0,3782,ATP,offset_estimate,1,Elite,Elite,9,STALE_HISTORY,,,0.652953811679599,,,,,,,,,,,,,,,,,,,hard,0,5.626506024096385,2.060240963855421,0.7694979195459459,0.8433734939759037,83.0,1.0,0.0,,,MISSING_STAT_VALUES,,,,,,,,,,,,,,,,,,,,,,,0,3,9.0,-6.0,ATP,2,SERVE_HEAVY,ELITE,1,,,0.5,1.0,3.5,0.0,0.08,-0.42,4.018975700934579,0.5,0.03000000000000003,3.81802691588785,?,0.95,0.374,OVER,distance,distance,C,,3782,0.0,OVER,OVER,FORCED_OVER_ONLY_GOB_DEM,OVER,ml_prob_unified,0,
14626144,Elizara Yaneva,ELIZARA YANEVA,Double Faults,3.5,2026-09-09T05:00:00.000-04:00,Tennis,WTA / HARD,Goblin,5.0,,,14626144,314549,185672,Elizara Yaneva,3.5,Player,ZHIBEK KULAMBAYEVA,,,https://static.prizepicks.com/images/manual/Yaneva.png,,2026-09-08T09:48:12.325-04:00,2026-09-08T13:10:29-04:00,double_faults,0,,0,9442,WTA,offset_estimate,1,Weak,Weak,250,STALE_HISTORY,,,,,,,,,,,,,,,,,,,,,,hard,0,,,,,,,,,,MISSING_STAT_VALUES,,,,,,,,,,,,,,,,,,,,,,,0,250,250.0,0.0,WTA,2,NEUTRAL,FIELD,1,,,0.5,1.0,3.5,0.0,0.08,-0.42,4.018975700934579,0.5,0.03000000000000003,3.81802691588785,?,0.95,0.374,OVER,distance,distance,C,,9442,0.0,OVER,OVER,FORCED_OVER_ONLY_GOB_DEM,OVER,ml_prob_unified,0,
14626154,Zhibek Kulambayeva,ZHIBEK KULAMBAYEVA,Double Faults,3.5,2026-09-09T05:00:00.000-04:00,Tennis,WTA / HARD,Goblin,5.0,,,14626154,246857,185672,Zhibek Kulambayeva,3.5,Player,ELIZARA YANEVA,,,https://static.flashscore.com/res/image/data/Kzo9TLwS-StIfzY0L.png,,2026-09-08T09:48:12.325-04:00,2026-09-08T13:10:29-04:00,double_faults,0,,0,4926,WTA,offset_estimate,1,Weak,Weak,250,STALE_HISTORY,,,,,,,,,,,,,,,,,,,,,,hard,0,,,,,,,,,,MISSING_STAT_VALUES,,,,,,,,,,,,,,,,,,,,,,,0,250,250.0,0.0,WTA,2,NEUTRAL,FIELD,1,,,0.5,1.0,3.5,0.0,0.08,-0.42,4.018975700934579,0.5,0.03000000000000003,3.81802691588785,?,0.95,0.374,OVER,distance,distance,C,,4926,0.0,OVER,OVER,FORCED_OVER_ONLY_GOB_DEM,OVER,ml_prob_unified,0,
14629284,Andrea Lazaro Garcia,ANDREA LAZARO GARCIA,Double Faults,3.5,2026-09-09T08:00:00.000-04:00,Tennis,WTA / HARD,Goblin,5.0,,,14629284,238506,185854,Andrea Lazaro Garcia,3.5,Player,UNKNOWN_OPP,,,https://static.flashscore.com/res/image/data/OtX0s6jl-CxOiWxwJ.png,,2026-09-08T09:48:12.325-04:00,2026-09-08T13:10:29-04:00,double_faults,0,,0,4291,WTA,offset_estimate,1,N/A,N/A,N/A,STALE_HISTORY,,,,,,,,,,,,,,,,,,,,,,hard,0,,,,,,,,,,MISSING_STAT_VALUES,,,,,,,,,,,,,,,,,,,,,,,0,142,,,WTA,2,NEUTRAL,FIELD,1,,,0.5,1.0,3.5,0.0,0.08,-0.42,4.018975700934579,0.5,0.03000000000000003,3.81802691588785,?,0.95,0.374,OVER,distance,distance,C,,4291,0.0,OVER,OVER,FORCED_OVER_ONLY_GOB_DEM,OVER,ml_prob_unified,0,
14633439,Dalma Galfi,DALMA GALFI,Double Faults,3.5,2026-09-09T09:10:00.000-04:00,Tennis,WTA / HARD,Goblin,5.0,,,14633439,207690,185866,Dalma Galfi,3.5,Player,NURIA BRANCACCIO,,,https://static.prizepicks.com/images/manual/dalma.png,,2026-09-08T12:05:15.076-04:00,2026-09-08T13:10:29-04:00,double_faults,0,,0,2764,WTA,offset_estimate,1,Weak,Weak,250,STALE_HISTORY,,,0.6333173808396075,,,,,,,,,,,,,,,,,,,hard,0,4.428571428571429,3.214285714285714,0.6604909917738323,0.1428571428571428,14.0,0.0,1.0,,,MISSING_STAT_VALUES,,,,,,,,,,,,,,,,,,,,,,,0,250,250.0,0.0,WTA,2,NEUTRAL,FIELD,1,,,0.5,1.0,3.5,0.0,0.08,-0.42,4.018975700934579,0.5,0.03000000000000003,3.81802691588785,?,0.95,0.374,OVER,distance,distance,C,,2764,0.0,OVER,OVER,FORCED_OVER_ONLY_GOB_DEM,OVER,ml_prob_unified,0,
14633677,Anastasia Tikhonova,ANASTASIA TIKHONOVA,Aces,3.5,2026-09-09T11:00:00.000-04:00,Tennis,WTA / HARD,Goblin,5.0,,,14633677,217450,185782,Anastasia Tikhonova,3.5,Player,NAO HIBINO,,,https://static.flashscore.com/res/image/data/2Nx23jwS-xnYae4aa.png,,2026-09-08T12:11:15.332-04:00,2026-09-08T13:10:29-04:00,aces,0,,0,5626,WTA,offset_estimate,1,Weak,Weak,250,STALE_HISTORY,,,,,,,,,,,,,,,,,,,,,,hard,0,,,,,,,,,,MISSING_STAT_VALUES,,,,,,,,,,,,,,,,,,,,,,,0,250,250.0,0.0,WTA,2,SERVE_HEAVY,FIELD,1,,,0.5,1.0,3.5,0.0,0.08,-0.42,4.018975700934579,0.5,0.03000000000000003,3.81802691588785,?,0.95,0.374,OVER,distance,distance,C,,5626,0.0,OVER,OVER,FORCED_OVER_ONLY_GOB_DEM,OVER,ml_prob_unified,0,
14621908,Mirra Andreeva,MIRRA ANDREEVA,Double Faults,3.5,2026-09-09T11:30:00.000-04:00,Tennis,WTA / HARD,Goblin,5.0,,,14621908,203182,185779,Mirra Andreeva,3.5,Player,COCO GAUFF,,,https://static.prizepicks.com/images/manual/Mirra Head.png,,2026-09-08T09:48:12.325-04:00,2026-09-08T13:10:29-04:00,double_faults,0,,0,9820,WTA,offset_estimate,1,Elite,Elite,4,STALE_HISTORY,,,0.6207178578839927,,,,,,,,,,,,,,,,,,,hard,0,3.203125,3.875,0.6843839180264356,0.7272727272727273,66.0,1.0,0.0,,,MISSING_STAT_VALUES,,,,,,,,,,,,,,,,,,,,,,,0,5,4.0,1.0,WTA,2,NEUTRAL,ELITE,1,,,0.5,1.0,3.5,0.0,0.08,-0.42,4.018975700934579,0.5,0.03000000000000003,3.81802691588785,?,0.95,0.374,OVER,distance,distance,C,,9820,0.0,OVER,OVER,FORCED_OVER_ONLY_GOB_DEM,OVER,ml_prob_unified,0,
14624575,Alexander Zverev,ALEXANDER ZVEREV,Double Faults,3.5,2026-09-09T11:30:00.000-04:00,Tennis,ATP / HARD,Goblin,5.0,,,14624575,201395,185810,Alexander Zverev,3.5,Player,BOTIC VAN DE ZANDSCHULP,,,https://static.prizepicks.com/images/manual/Alexander Zverev.png,,2026-09-08T09:48:12.325-04:00,2026-09-08T13:10:29-04:00,double_faults,0,,0,2375,ATP,offset_estimate,1,Below Avg,Below Avg,70,STALE_HISTORY,,,0.7261248892215003,,,,,,,,,,,,,,,,,,,hard,0,8.821428571428571,1.571428571428571,0.7661283351954835,0.7209302325581395,86.0,1.0,0.0,,,MISSING_STAT_VALUES,,,,,,,,,,,,,,,,,,,,,,,0,2,70.0,-68.0,ATP,2,NEUTRAL,ELITE,1,,,0.5,0.95,3.5,0.0,0.08,-0.42,3.734391401869159,0.5,0.03000000000000003,3.547671831775701,?,0.95,0.374,OVER,distance,distance,C,,2375,0.0,OVER,OVER,FORCED_OVER_ONLY_GOB_DEM,OVER,ml_prob_unified,0,
14593922,Frances Tiafoe,FRANCES TIAFOE,Aces,6.5,2026-09-08T13:45:00.000-04:00,Tennis,ATP / HARD,Goblin,8.0,,,14593922,201267,185558,Frances Tiafoe,6.5,Player,ALEX MICHELSEN,,,https://static.prizepicks.com/images/manual/tiafoe.png,,2026-09-08T13:10:19.092-04:00,2026-09-08T13:10:29-04:00,aces,0,,0,2708,ATP,offset_estimate,1,Avg,Avg,46,STALE_HISTORY,,,0.5948380261102764,,,,,,,,,,,,,,,,,,,hard,0,8.310344827586206,2.155172413793104,0.7471931813542996,0.55,60.0,0.0,0.0,,,MISSING_STAT_VALUES,,,,,,,,,,,,,,,,,,,,,,,0,12,46.0,-34.0,ATP,2,SERVE_HEAVY,ELITE,1,,,0.5,1.0,6.5,0.0,0.08,-0.42,4.018975700934579,0.5,0.03000000000000003,3.81802691588785,?,0.95,0.374,OVER,distance,distance,C,,2708,0.0,OVER,OVER,FORCED_OVER_ONLY_GOB_DEM,OVER,ml_prob_unified,0,
14622954,Anna Blinkova,ANNA BLINKOVA,1st Set Total Games,6.5,2026-09-08T16:50:00.000-04:00,Tennis,WTA / HARD,Goblin,7.5,,,14622954,202551,185548,Anna Blinkova,6.5,Player,UNKNOWN_OPP,,,https://img0.aiscore.com/v2/team/50661a662f2c17c71e091313d42d6836.png!w80,,2026-09-08T07:33:50.424-04:00,2026-09-08T13:10:29-04:00,total_sets,0,,0,2902,WTA,sibling_or_pp,1,N/A,N/A,N/A,STALE_HISTORY,,,0.6064362560692222,,,,,,,,,,,,,,,,,,,hard,0,1.30952380952381,3.523809523809524,0.5812297867971739,0.4761904761904761,42.0,0.0,0.0,,,MISSING_STAT_VALUES,,,,,,,,,,,,,,,,,,,,,,,0,95,,,WTA,2,NEUTRAL,FIELD,1,,,0.5,1.0,6.5,0.0,0.58,0.08,4.018975700934579,0.5,0.03000000000000003,3.81802691588785,?,0.95,0.524,OVER,distance,distance,C,,2902,0.0,OVER,OVER,FORCED_OVER_ONLY_GOB_DEM,OVER,ml_prob_unified,0,
14624745,Botic Van de Zandschulp,BOTIC VAN DE ZANDSCHULP,Double Faults,6.5,2026-09-09T11:30:00.000-04:00,Tennis,ATP / HARD,Goblin,8.0,,,14624745,235668,185810,Botic Van de Zandschulp,6.5,Player,ALEXANDER ZVEREV,,,https://static.prizepicks.com/images/manual/Botic_Van_de_Zandschulp.png,,2026-09-08T09:48:12.325-04:00,2026-09-08T13:10:29-04:00,double_faults,0,,0,3310,ATP,offset_estimate,1,Elite,Elite,2,STALE_HISTORY,,,0.6199747127792538,,,,,,,,,,,,,,,,,,,hard,0,6.48936170212766,4.574468085106383,0.7424482963417903,0.4375,48.0,0.0,0.0,,,MISSING_STAT_VALUES,,,,,,,,,,,,,,,,,,,,,,,0,70,2.0,68.0,ATP,2,NEUTRAL,FIELD,1,,,0.5,1.05,6.5,0.0,0.08,-0.42,4.311480560747664,0.5,0.03000000000000003,4.095906532710281,?,0.95,0.374,OVER,distance,distance,C,,3310,0.0,OVER,OVER,FORCED_OVER_ONLY_GOB_DEM,OVER,ml_prob_unified,0,
14625698,Alexander Zverev,ALEXANDER ZVEREV,Aces,11.5,2026-09-09T11:30:00.000-04:00,Tennis,ATP / HARD,Goblin,13.5,,,14625698,201395,185810,Alexander Zverev,11.5,Player,BOTIC VAN DE ZANDSCHULP,,,https://static.prizepicks.com/images/manual/Alexander Zverev.png,,2026-09-08T09:48:12.325-04:00,2026-09-08T13:10:29-04:00,aces,0,,0,2375,ATP,sibling_or_pp,2,Below Avg,Below Avg,70,STALE_HISTORY,,,0.7261248892215003,,,,,,,,,,,,,,,,,,,hard,0,8.821428571428571,1.571428571428571,0.7661283351954835,0.7209302325581395,86.0,1.0,0.0,,,MISSING_STAT_VALUES,,,,,,,,,,,,,,,,,,,,,,,0,2,70.0,-68.0,ATP,2,SERVE_HEAVY,ELITE,1,,,0.5,0.95,11.5,0.0,0.08,-0.42,3.734391401869159,0.5,0.03000000000000003,3.547671831775701,?,0.95,0.374,OVER,distance,distance,B,,2375,0.0,OVER,OVER,FORCED_OVER_ONLY_GOB_DEM,OVER,ml_prob_unified,0,
14585711,Ben Shelton,BEN SHELTON,Aces,9.5,2026-09-08T20:10:00.000-04:00,Tennis,ATP / HARD,Goblin,10.0,,,14585711,201258,185581,Ben Shelton,9.5,Player,CARLOS ALCARAZ,,,https://static.prizepicks.com/images/manual/Ben Shelton.png,,2026-09-08T07:41:39.843-04:00,2026-09-08T13:10:29-04:00,aces,0,,0,9250,ATP,sibling_or_pp,1,Elite,Elite,3,STALE_HISTORY,,,0.6753995623116001,,,,,,,,,,,,,,,,,,,hard,0,10.06849315068493,2.547945205479452,0.7700546496212411,0.6575342465753424,73.0,1.0,0.0,,,MISSING_STAT_VALUES,,,,,,,,,,,,,,,,,,,,,,,0,9,3.0,6.0,ATP,2,SERVE_HEAVY,ELITE,1,,,0.5,1.0,9.5,0.0,0.08,-0.42,4.018975700934579,0.5,0.03000000000000003,3.81802691588785,?,0.95,0.374,OVER,distance,distance,D,,9250,0.0,OVER,OVER,FORCED_OVER_ONLY_GOB_DEM,OVER,ml_prob_unified,0,
14622343,Leolia Jeanjean,LEOLIA JEANJEAN,Aces,2.5,2026-09-08T14:30:00.000-04:00,Tennis,WTA / HARD,Goblin,4.0,,,14622343,207629,185728,Leolia Jeanjean,2.5,Player,UNKNOWN_OPP,,,https://www.flashscore.com/res/image/data/bZBG1QdM-GK1ed7D0.png,,2026-09-08T07:41:39.843-04:00,2026-09-08T13:10:29-04:00,aces,0,,0,4453,WTA,offset_estimate,1,N/A,N/A,N/A,STALE_HISTORY,,,0.6112936114874284,,,,,,,,,,,,,,,,,,,hard,0,2.090909090909091,3.090909090909091,0.6197358235798843,0.1428571428571428,14.0,0.0,1.0,,,MISSING_STAT_VALUES,,,,,,,,,,,,,,,,,,,,,,,0,127,,,WTA,2,SERVE_HEAVY,FIELD,1,,,0.5,1.0,2.5,0.0,0.08,-0.42,4.018975700934579,0.5,0.03000000000000003,3.81802691588785,?,0.95,0.374,OVER,distance,distance,C,,4453,0.0,OVER,OVER,FORCED_OVER_ONLY_GOB_DEM,OVER,ml_prob_unified,0,
14622350,Ena Koike,ENA KOIKE,Aces,2.5,2026-09-08T15:40:00.000-04:00,Tennis,WTA / HARD,Goblin,4.0,,,14622350,268977,185730,Ena Koike,2.5,Player,NADIA PODOROSKA,,,https://static.prizepicks.com/images/manual/EnaKoike.webp,,2026-09-08T07:41:39.843-04:00,2026-09-08T13:10:29-04:00,aces,0,,0,11378,WTA,offset_estimate,1,Weak,Weak,250,STALE_HISTORY,,,,,,,,,,,,,,,,,,,,,,hard,0,,,,,,,,,,MISSING_STAT_VALUES,,,,,,,,,,,,,,,,,,,,,,,0,250,250.0,0.0,WTA,2,SERVE_HEAVY,FIELD,1,,,0.5,1.0,2.5,0.0,0.08,-0.42,4.018975700934579,0.5,0.03000000000000003,3.81802691588785,?,0.95,0.374,OVER,distance,distance,C,,11378,0.0,OVER,OVER,FORCED_OVER_ONLY_GOB_DEM,OVER,ml_prob_unified,0,
14622357,Nadia Podoroska,NADIA PODOROSKA,Aces,2.5,2026-09-08T15:40:00.000-04:00,Tennis,WTA / HARD,Goblin,4.0,,,14622357,201923,185730,Nadia Podoroska,2.5,Player,ENA KOIKE,,,https://static.prizepicks.com/images/manual/Nadia Podoroska.png,,2026-09-08T07:41:39.843-04:00,2026-09-08T13:10:29-04:00,aces,0,,0,3256,WTA,offset_estimate,1,Weak,Weak,250,STALE_HISTORY,,,0.6340921287833265,,,,,,,,,,,,,,,,,,,hard,0,2.777777777777778,4.333333333333333,0.6237658956204709,0.4545454545454545,11.0,0.0,0.0,,,MISSING_STAT_VALUES,,,,,,,,,,,,,,,,,,,,,,,0,250,250.0,0.0,WTA,2,SERVE_HEAVY,FIELD,1,,,0.5,1.0,2.5,0.0,0.08,-0.42,4.018975700934579,0.5,0.03000000000000003,3.81802691588785,?,0.95,0.374,OVER,distance,distance,C,,3256,0.0,OVER,OVER,FORCED_OVER_ONLY_GOB_DEM,OVER,ml_prob_unified,0,
14585607,Carlos Alcaraz,CARLOS ALCARAZ,Double Faults,2.5,2026-09-08T20:10:00.000-04:00,Tennis,ATP / HARD,Goblin,3.5,,,14585607,201284,185581,Carlos Alcaraz,2.5,Player,BEN SHELTON,,,https://static.prizepicks.com/images/manual/Carlos Alcaraz3.png,,2026-09-08T07:41:39.843-04:00,2026-09-08T13:10:29-04:00,double_faults,0,,0,3782,ATP,sibling_or_pp,1,Elite,Elite,9,STALE_HISTORY,,,0.652953811679599,,,,,,,,,,,,,,,,,,,hard,0,5.626506024096385,2.060240963855421,0.7694979195459459,0.8433734939759037,83.0,1.0,0.0,,,MISSING_STAT_VALUES,,,,,,,,,,,,,,,,,,,,,,,0,3,9.0,-6.0,ATP,2,NEUTRAL,ELITE,1,,,0.5,1.0,2.5,0.0,0.08,-0.42,4.018975700934579,0.5,0.03000000000000003,3.81802691588785,?,0.95,0.374,OVER,distance,distance,C,,3782,0.0,OVER,OVER,FORCED_OVER_ONLY_GOB_DEM,OVER,ml_prob_unified,0,
14599797,Aurora Zantedeschi,AURORA ZANTEDESCHI,Aces,2.5,2026-09-09T04:30:00.000-04:00,Tennis,WTA / HARD,Goblin,4.0,,,14599797,247239,185652,Aurora Zantedeschi,2.5,Player,LINA GJORCHESKA,,,https://static.flashscore.com/res/image/data/0QC5dYDa-z9AWrQfb.png,,2026-09-08T09:48:12.325-04:00,2026-09-08T13:10:29-04:00,aces,0,,0,5160,WTA,offset_estimate,1,Weak,Weak,250,STALE_HISTORY,,,,,,,,,,,,,,,,,,,,,,hard,0,,,,,,,,,,MISSING_STAT_VALUES,,,,,,,,,,,,,,,,,,,,,,,0,250,250.0,0.0,WTA,2,SERVE_HEAVY,FIELD,1,,,0.5,1.0,2.5,0.0,0.08,-0.42,4.018975700934579,0.5,0.03000000000000003,3.81802691588785,?,0.95,0.374,OVER,distance,distance,C,,5160,0.0,OVER,OVER,FORCED_OVER_ONLY_GOB_DEM,OVER,ml_prob_unified,0,
14599801,Aurora Zantedeschi,AURORA ZANTEDESCHI,Double Faults,2.5,2026-09-09T04:30:00.000-04:00,Tennis,WTA / HARD,Goblin,4.0,,,14599801,247239,185652,Aurora Zantedeschi,2.5,Player,LINA GJORCHESKA,,,https://static.flashscore.com/res/image/data/0QC5dYDa-z9AWrQfb.png,,2026-09-08T09:48:12.325-04:00,2026-09-08T13:10:29-04:00,double_faults,0,,0,5160,WTA,offset_estimate,1,Weak,Weak,250,STALE_HISTORY,,,,,,,,,,,,,,,,,,,,,,hard,0,,,,,,,,,,MISSING_STAT_VALUES,,,,,,,,,,,,,,,,,,,,,,,0,250,250.0,0.0,WTA,2,NEUTRAL,FIELD,1,,,0.5,1.0,2.5,0.0,0.08,-0.42,4.018975700934579,0.5,0.03000000000000003,3.81802691588785,?,0.95,0.374,OVER,distance,distance,C,,5160,0.0,OVER,OVER,FORCED_OVER_ONLY_GOB_DEM,OVER,ml_prob_unified,0,
14599808,Lina Gjorcheska,LINA GJORCHESKA,Aces,2.5,2026-09-09T04:30:00.000-04:00,Tennis,WTA / HARD,Goblin,4.0,,,14599808,247080,185652,Lina Gjorcheska,2.5,Player,AURORA ZANTEDESCHI,,,https://static.flashscore.com/res/image/data/4dOS4REG-tvVEzhU4.png,,2026-09-08T09:48:12.325-04:00,2026-09-08T13:10:29-04:00,aces,0,,0,3031,WTA,offset_estimate,1,Weak,Weak,250,STALE_HISTORY,,,,,,,,,,,,,,,,,,,,,,hard,0,,,,,,,,,,MISSING_STAT_VALUES,,,,,,,,,,,,,,,,,,,,,,,0,250,250.0,0.0,WTA,2,SERVE_HEAVY,FIELD,1,,,0.5,1.0,2.5,0.0,0.08,-0.42,4.018975700934579,0.5,0.03000000000000003,3.81802691588785,?,0.95,0.374,OVER,distance,distance,C,,3031,0.0,OVER,OVER,FORCED_OVER_ONLY_GOB_DEM,OVER,ml_prob_unified,0,
14633434,Dalma Galfi,DALMA GALFI,Aces,2.5,2026-09-09T09:10:00.000-04:00,Tennis,WTA / HARD,Goblin,4.0,,,14633434,207690,185866,Dalma Galfi,2.5,Player,NURIA BRANCACCIO,,,https://static.prizepicks.com/images/manual/dalma.png,,2026-09-08T12:05:14.865-04:00,2026-09-08T13:10:29-04:00,aces,0,,0,2764,WTA,offset_estimate,1,Weak,Weak,250,STALE_HISTORY,,,0.6333173808396075,,,,,,,,,,,,,,,,,,,hard,0,4.428571428571429,3.214285714285714,0.6604909917738323,0.1428571428571428,14.0,0.0,1.0,,,MISSING_STAT_VALUES,,,,,,,,,,,,,,,,,,,,,,,0,250,250.0,0.0,WTA,2,SERVE_HEAVY,FIELD,1,,,0.5,1.0,2.5,0.0,0.08,-0.42,4.018975700934579,0.5,0.03000000000000003,3.81802691588785,?,0.95,0.374,OVER,distance,distance,C,,2764,0.0,OVER,OVER,FORCED_OVER_ONLY_GOB_DEM,OVER,ml_prob_unified,0,
14633448,Nuria Brancaccio,NURIA BRANCACCIO,Double Faults,2.5,2026-09-09T09:10:00.000-04:00,Tennis,WTA / HARD,Goblin,4.0,,,14633448,202405,185866,Nuria Brancaccio,2.5,Player,DALMA GALFI,,,https://www.flashscore.com/res/image/data/dKrfR6Ea-GpRwzSga.png,,2026-09-08T12:05:15.644-04:00,2026-09-08T13:10:29-04:00,double_faults,0,,0,5168,WTA,offset_estimate,1,Weak,Weak,250,STALE_HISTORY,,,,,,,,,,,,,,,,,,,,,,hard,0,,,,,,,,,,MISSING_STAT_VALUES,,,,,,,,,,,,,,,,,,,,,,,0,250,250.0,0.0,WTA,2,NEUTRAL,FIELD,1,,,0.5,1.0,2.5,0.0,0.08,-0.42,4.018975700934579,0.5,0.03000000000000003,3.81802691588785,?,0.95,0.374,OVER,distance,distance,C,,5168,0.0,OVER,OVER,FORCED_OVER_ONLY_GOB_DEM,OVER,ml_prob_unified,0,
14633688,Nao Hibino,NAO HIBINO,Double Faults,2.5,2026-09-09T11:00:00.000-04:00,Tennis,WTA / HARD,Goblin,4.0,,,14633688,204436,185782,Nao Hibino,2.5,Player,ANASTASIA TIKHONOVA,,,https://www.flashscore.com/res/image/data/KxS8M9dM-G0BIjPpT.png,,2026-09-08T12:11:16.169-04:00,2026-09-08T13:10:29-04:00,double_faults,0,,0,2043,WTA,offset_estimate,1,Weak,Weak,250,STALE_HISTORY,,,0.6573377914017103,,,,,,,,,,,,,,,,,,,hard,0,1.875,3.25,0.5410282497501924,0.2222222222222222,9.0,0.0,0.0,,,MISSING_STAT_VALUES,,,,,,,,,,,,,,,,,,,,,,,0,250,250.0,0.0,WTA,2,NEUTRAL,FIELD,1,,,0.5,1.0,2.5,0.0,0.08,-0.42,4.018975700934579,0.5,0.03000000000000003,3.81802691588785,?,0.95,0.374,OVER,distance,distance,C,,2043,0.0,OVER,OVER,FORCED_OVER_ONLY_GOB_DEM,OVER,ml_prob_unified,0,
14598203,Jennifer Ruggeri,JENNIFER RUGGERI,Double Faults,8.5,2026-09-08T13:15:00.000-04:00,Tennis,WTA / HARD,Goblin,10.0,,,14598203,263151,185648,Jennifer Ruggeri,8.5,Player,MARTINA TREVISAN,,,https://static.prizepicks.com/images/manual/Jennifer Ruggeri.png,,2026-09-08T12:54:31.065-04:00,2026-09-08T13:10:29-04:00,double_faults,0,,0,6576,WTA,offset_estimate,1,Weak,Weak,250,STALE_HISTORY,,,,,,,,,,,,,,,,,,,,,,hard,0,,,,,,,,,,MISSING_STAT_VALUES,,,,,,,,,,,,,,,,,,,,,,,0,250,250.0,0.0,WTA,2,NEUTRAL,FIELD,1,,,0.5,1.0,8.5,0.0,0.08,-0.42,4.018975700934579,0.5,0.03000000000000003,3.81802691588785,?,0.95,0.374,OVER,distance,distance,C,,6576,0.0,OVER,OVER,FORCED_OVER_ONLY_GOB_DEM,OVER,ml_prob_unified,0,
14619983,Nadia Podoroska,NADIA PODOROSKA,1st Set Total Games,8.5,2026-09-08T15:40:00.000-04:00,Tennis,WTA / HARD,Goblin,10.0,,,14619983,201923,185730,Nadia Podoroska,8.5,Player,ENA KOIKE,,,https://static.prizepicks.com/images/manual/Nadia Podoroska.png,,2026-09-08T07:33:50.424-04:00,2026-09-08T13:10:29-04:00,total_sets,0,,0,3256,WTA,offset_estimate,1,Weak,Weak,250,STALE_HISTORY,,,0.6340921287833265,,,,,,,,,,,,,,,,,,,hard,0,2.777777777777778,4.333333333333333,0.6237658956204709,0.4545454545454545,11.0,0.0,0.0,,,MISSING_STAT_VALUES,,,,,,,,,,,,,,,,,,,,,,,0,250,250.0,0.0,WTA,2,NEUTRAL,FIELD,1,,,0.5,1.0,8.5,0.0,0.58,0.08,4.018975700934579,0.5,0.03000000000000003,3.81802691588785,?,0.95,0.524,OVER,distance,distance,C,,3256,0.0,OVER,OVER,FORCED_OVER_ONLY_GOB_DEM,OVER,ml_prob_unified,0,
14581326,Jessica Pegula,JESSICA PEGULA,1st Set Total Games,8.5,2026-09-08T19:00:00.000-04:00,Tennis,WTA / HARD,Goblin,10.0,,,14581326,201369,185590,Jessica Pegula,8.5,Player,EMMA NAVARRO,,,https://www.flashscore.com/res/image/data/GS3hkKzB-A19CsvyR.png,,2026-09-08T07:33:50.424-04:00,2026-09-08T13:10:29-04:00,total_sets,0,,0,2113,WTA,offset_estimate,1,Avg,Avg,27,STALE_HISTORY,,,0.6293953459627286,,,,,,,,,,,,,,,,,,,hard,0,3.320987654320988,1.987654320987654,0.6920522626365668,0.7142857142857143,84.0,1.0,0.0,,,MISSING_STAT_VALUES,,,,,,,,,,,,,,,,,,,,,,,0,3,27.0,-24.0,WTA,2,NEUTRAL,ELITE,1,,,0.5,1.0,8.5,0.0,0.58,0.08,4.018975700934579,0.5,0.03000000000000003,3.81802691588785,?,0.95,0.524,OVER,distance,distance,C,,2113,0.0,OVER,OVER,FORCED_OVER_ONLY_GOB_DEM,OVER,ml_prob_unified,0,
14586914,Ben Shelton,BEN SHELTON,Aces,8.5,2026-09-08T20:10:00.000-04:00,Tennis,ATP / HARD,Goblin,10.0,,,14586914,201258,185581,Ben Shelton,8.5,Player,CARLOS ALCARAZ,,,https://static.prizepicks.com/images/manual/Ben Shelton.png,,2026-09-08T07:41:39.843-04:00,2026-09-08T13:10:29-04:00,aces,0,,0,9250,ATP,sibling_or_pp,2,Elite,Elite,3,STALE_HISTORY,,,0.6753995623116001,,,,,,,,,,,,,,,,,,,hard,0,10.06849315068493,2.547945205479452,0.7700546496212411,0.6575342465753424,73.0,1.0,0.0,,,MISSING_STAT_VALUES,,,,,,,,,,,,,,,,,,,,,,,0,9,3.0,6.0,ATP,2,SERVE_HEAVY,ELITE,1,,,0.5,1.0,8.5,0.0,0.08,-0.42,4.018975700934579,0.5,0.03000000000000003,3.81802691588785,?,0.95,0.374,OVER,distance,distance,C,,9250,0.0,OVER,OVER,FORCED_OVER_ONLY_GOB_DEM,OVER,ml_prob_unified,0,
14629246,Leyre Romero Gormaz,LEYRE ROMERO GORMAZ,1st Set Total Games,8.5,2026-09-09T06:10:00.000-04:00,Tennis,WTA / CLAY,Goblin,10.0,,,14629246,201929,185848,Leyre Romero Gormaz,8.5,Player,ALEVTINA IBRAGIMOVA,,,https://static.prizepicks.com/images/manual/lorireyes12.png,,2026-09-08T09:45:28.658-04:00,2026-09-08T13:10:29-04:00,total_sets,0,,0,10676,WTA,offset_estimate,1,Weak,Weak,250,STALE_HISTORY,,,,,,,,,,,,,,,,,,,,,,clay,0,,,,,,,,,,MISSING_STAT_VALUES,,,,,,,,,,,,,,,,,,,,,,,0,145,250.0,-105.0,WTA,2,NEUTRAL,FIELD,1,,,0.5,0.95,8.5,0.0,0.58,0.08,3.734391401869159,0.5,0.03000000000000003,3.547671831775701,?,0.95,0.524,OVER,distance,distance,C,,10676,0.0,OVER,OVER,FORCED_OVER_ONLY_GOB_DEM,OVER,ml_prob_unified,0,
14599025,Aurora Zantedeschi,AURORA ZANTEDESCHI,1st Set Total Games,8.5,2026-09-09T04:30:00.000-04:00,Tennis,WTA / HARD,Goblin,10.0,,,14599025,247239,185652,Aurora Zantedeschi,8.5,Player,LINA GJORCHESKA,,,https://static.flashscore.com/res/image/data/0QC5dYDa-z9AWrQfb.png,,2026-09-08T09:45:28.658-04:00,2026-09-08T13:10:29-04:00,total_sets,0,,0,5160,WTA,offset_estimate,1,Weak,Weak,250,STALE_HISTORY,,,,,,,,,,,,,,,,,,,,,,hard,0,,,,,,,,,,MISSING_STAT_VALUES,,,,,,,,,,,,,,,,,,,,,,,0,250,250.0,0.0,WTA,2,NEUTRAL,FIELD,1,,,0.5,1.0,8.5,0.0,0.58,0.08,4.018975700934579,0.5,0.03000000000000003,3.81802691588785,?,0.95,0.524,OVER,distance,distance,C,,5160,0.0,OVER,OVER,FORCED_OVER_ONLY_GOB_DEM,OVER,ml_prob_unified,0,
14629256,Andrea Lazaro Garcia,ANDREA LAZARO GARCIA,1st Set Total Games,8.5,2026-09-09T08:00:00.000-04:00,Tennis,WTA / HARD,Goblin,10.0,,,14629256,238506,185854,Andrea Lazaro Garcia,8.5,Player,UNKNOWN_OPP,,,https://static.flashscore.com/res/image/data/OtX0s6jl-CxOiWxwJ.png,,2026-09-08T09:45:28.658-04:00,2026-09-08T13:10:29-04:00,total_sets,0,,0,4291,WTA,offset_estimate,1,N/A,N/A,N/A,STALE_HISTORY,,,,,,,,,,,,,,,,,,,,,,hard,0,,,,,,,,,,MISSING_STAT_VALUES,,,,,,,,,,,,,,,,,,,,,,,0,142,,,WTA,2,NEUTRAL,FIELD,1,,,0.5,1.0,8.5,0.0,0.58,0.08,4.018975700934579,0.5,0.03000000000000003,3.81802691588785,?,0.95,0.524,OVER,distance,distance,C,,4291,0.0,OVER,OVER,FORCED_OVER_ONLY_GOB_DEM,OVER,ml_prob_unified,0,
14616797,Coco Gauff,COCO GAUFF,1st Set Total Games,8.5,2026-09-09T11:30:00.000-04:00,Tennis,WTA / HARD,Goblin,10.0,,,14616797,201229,185779,Coco Gauff,8.5,Player,MIRRA ANDREEVA,,,https://www.flashscore.com/res/image/data/UDnGEpDr-fa4Gaz3a.png,,2026-09-08T09:45:28.658-04:00,2026-09-08T13:10:29-04:00,total_sets,0,,0,3626,WTA,offset_estimate,1,Elite,Elite,5,STALE_HISTORY,,,0.6279834861859119,,,,,,,,,,,,,,,,,,,hard,0,3.26027397260274,7.205479452054795,0.6993628090812983,0.759493670886076,79.0,1.0,0.0,,,MISSING_STAT_VALUES,,,,,,,,,,,,,,,,,,,,,,,0,4,5.0,-1.0,WTA,2,NEUTRAL,ELITE,1,,,0.5,1.0,8.5,0.0,0.58,0.08,4.018975700934579,0.5,0.03000000000000003,3.81802691588785,?,0.95,0.524,OVER,distance,distance,C,,3626,0.0,OVER,OVER,FORCED_OVER_ONLY_GOB_DEM,OVER,ml_prob_unified,0,
14599812,Lina Gjorcheska,LINA GJORCHESKA,Double Faults,10.5,2026-09-09T04:30:00.000-04:00,Tennis,WTA / HARD,Goblin,12.0,,,14599812,247080,185652,Lina Gjorcheska,10.5,Player,AURORA ZANTEDESCHI,,,https://static.flashscore.com/res/image/data/4dOS4REG-tvVEzhU4.png,,2026-09-08T09:48:12.325-04:00,2026-09-08T13:10:29-04:00,double_faults,0,,0,3031,WTA,offset_estimate,1,Weak,Weak,250,STALE_HISTORY,,,,,,,,,,,,,,,,,,,,,,hard,0,,,,,,,,,,MISSING_STAT_VALUES,,,,,,,,,,,,,,,,,,,,,,,0,250,250.0,0.0,WTA,2,NEUTRAL,FIELD,1,,,0.5,1.0,10.5,0.0,0.08,-0.42,4.018975700934579,0.5,0.03000000000000003,3.81802691588785,?,0.95,0.374,OVER,distance,distance,C,,3031,0.0,OVER,OVER,FORCED_OVER_ONLY_GOB_DEM,OVER,ml_prob_unified,0,
14583858,Jessica Pegula,JESSICA PEGULA,Double Faults,1.5,2026-09-08T19:00:00.000-04:00,Tennis,WTA / HARD,Goblin,3.0,,,14583858,201369,185590,Jessica Pegula,1.5,Player,EMMA NAVARRO,,,https://www.flashscore.com/res/image/data/GS3hkKzB-A19CsvyR.png,,2026-09-08T07:41:39.843-04:00,2026-09-08T13:10:29-04:00,double_faults,0,,0,2113,WTA,offset_estimate,1,Avg,Avg,27,STALE_HISTORY,,,0.6293953459627286,,,,,,,,,,,,,,,,,,,hard,0,3.320987654320988,1.987654320987654,0.6920522626365668,0.7142857142857143,84.0,1.0,0.0,,,MISSING_STAT_VALUES,,,,,,,,,,,,,,,,,,,,,,,0,3,27.0,-24.0,WTA,2,NEUTRAL,ELITE,1,,,0.5,1.0,1.5,0.0,0.08,-0.42,4.018975700934579,0.5,0.03000000000000003,3.81802691588785,?,0.95,0.374,OVER,distance,distance,C,,2113,0.0,OVER,OVER,FORCED_OVER_ONLY_GOB_DEM,OVER,ml_prob_unified,0,
14584470,Ben Shelton,BEN SHELTON,Break Points Won,1.5,2026-09-08T20:10:00.000-04:00,Tennis,ATP / HARD,Goblin,3.0,,,14584470,201258,185581,Ben Shelton,1.5,Player,CARLOS ALCARAZ,,,https://static.prizepicks.com/images/manual/Ben Shelton.png,,2026-09-08T07:41:39.843-04:00,2026-09-08T13:10:29-04:00,break_points_won,0,,0,9250,ATP,offset_estimate,1,Elite,Elite,3,STALE_HISTORY,,,0.6753995623116001,,,,,,,,,,,,,,,,,,,hard,0,10.06849315068493,2.547945205479452,0.7700546496212411,0.6575342465753424,73.0,1.0,0.0,,,MISSING_STAT_VALUES,,,,,,,,,,,,,,,,,,,,,,,0,9,3.0,6.0,ATP,2,NEUTRAL,ELITE,1,,,0.5,1.0,1.5,0.0,0.4378,-0.0622,4.018975700934579,0.5,0.03000000000000003,3.81802691588785,?,0.95,0.4813,OVER,distance,distance,C,,9250,0.0,OVER,OVER,FORCED_OVER_ONLY_GOB_DEM,OVER,ml_prob_unified,0,
14629271,Leyre Romero Gormaz,LEYRE ROMERO GORMAZ,Aces,1.5,2026-09-09T06:10:00.000-04:00,Tennis,WTA / CLAY,Goblin,3.0,,,14629271,201929,185848,Leyre Romero Gormaz,1.5,Player,ALEVTINA IBRAGIMOVA,,,https://static.prizepicks.com/images/manual/lorireyes12.png,,2026-09-08T09:48:12.325-04:00,2026-09-08T13:10:29-04:00,aces,0,,0,10676,WTA,offset_estimate,1,Weak,Weak,250,STALE_HISTORY,,,,,,,,,,,,,,,,,,,,,,clay,0,,,,,,,,,,MISSING_STAT_VALUES,,,,,,,,,,,,,,,,,,,,,,,0,145,250.0,-105.0,WTA,2,SERVE_HEAVY,FIELD,1,,,0.5,0.95,1.5,0.0,0.08,-0.42,3.734391401869159,0.5,0.03000000000000003,3.547671831775701,?,0.95,0.374,OVER,distance,distance,C,,10676,0.0,OVER,OVER,FORCED_OVER_ONLY_GOB_DEM,OVER,ml_prob_unified,0,
14626140,Elizara Yaneva,ELIZARA YANEVA,Aces,1.5,2026-09-09T05:00:00.000-04:00,Tennis,WTA / HARD,Goblin,3.0,,,14626140,314549,185672,Elizara Yaneva,1.5,Player,ZHIBEK KULAMBAYEVA,,,https://static.prizepicks.com/images/manual/Yaneva.png,,2026-09-08T09:48:12.325-04:00,2026-09-08T13:10:29-04:00,aces,0,,0,9442,WTA,offset_estimate,1,Weak,Weak,250,STALE_HISTORY,,,,,,,,,,,,,,,,,,,,,,hard,0,,,,,,,,,,MISSING_STAT_VALUES,,,,,,,,,,,,,,,,,,,,,,,0,250,250.0,0.0,WTA,2,SERVE_HEAVY,FIELD,1,,,0.5,1.0,1.5,0.0,0.08,-0.42,4.018975700934579,0.5,0.03000000000000003,3.81802691588785,?,0.95,0.374,OVER,distance,distance,C,,9442,0.0,OVER,OVER,FORCED_OVER_ONLY_GOB_DEM,OVER,ml_prob_unified,0,
14633444,Nuria Brancaccio,NURIA BRANCACCIO,Aces,1.5,2026-09-09T09:10:00.000-04:00,Tennis,WTA / HARD,Goblin,3.0,,,14633444,202405,185866,Nuria Brancaccio,1.5,Player,DALMA GALFI,,,https://www.flashscore.com/res/image/data/dKrfR6Ea-GpRwzSga.png,,2026-09-08T12:05:15.450-04:00,2026-09-08T13:10:29-04:00,aces,0,,0,5168,WTA,offset_estimate,1,Weak,Weak,250,STALE_HISTORY,,,,,,,,,,,,,,,,,,,,,,hard,0,,,,,,,,,,MISSING_STAT_VALUES,,,,,,,,,,,,,,,,,,,,,,,0,250,250.0,0.0,WTA,2,SERVE_HEAVY,FIELD,1,,,0.5,1.0,1.5,0.0,0.08,-0.42,4.018975700934579,0.5,0.03000000000000003,3.81802691588785,?,0.95,0.374,OVER,distance,distance,C,,5168,0.0,OVER,OVER,FORCED_OVER_ONLY_GOB_DEM,OVER,ml_prob_unified,0,
14633684,Nao Hibino,NAO HIBINO,Aces,1.5,2026-09-09T11:00:00.000-04:00,Tennis,WTA / HARD,Goblin,3.0,,,14633684,204436,185782,Nao Hibino,1.5,Player,ANASTASIA TIKHONOVA,,,https://www.flashscore.com/res/image/data/KxS8M9dM-G0BIjPpT.png,,2026-09-08T12:11:15.910-04:00,2026-09-08T13:10:29-04:00,aces,0,,0,2043,WTA,offset_estimate,1,Weak,Weak,250,STALE_HISTORY,,,0.6573377914017103,,,,,,,,,,,,,,,,,,,hard,0,1.875,3.25,0.5410282497501924,0.2222222222222222,9.0,0.0,0.0,,,MISSING_STAT_VALUES,,,,,,,,,,,,,,,,,,,,,,,0,250,250.0,0.0,WTA,2,SERVE_HEAVY,FIELD,1,,,0.5,1.0,1.5,0.0,0.08,-0.42,4.018975700934579,0.5,0.03000000000000003,3.81802691588785,?,0.95,0.374,OVER,distance,distance,C,,2043,0.0,OVER,OVER,FORCED_OVER_ONLY_GOB_DEM,OVER,ml_prob_unified,0,
14631240,Qinwen Zheng,QINWEN ZHENG,Break Points Won,1.5,2026-09-09T11:30:00.000-04:00,Tennis,WTA / HARD,Goblin,3.0,,,14631240,202555,185723,Qinwen Zheng,1.5,Player,ELENA RYBAKINA,,,https://www.flashscore.com/res/image/data/b7N9NHdM-GpkVMaxA.png,,2026-09-08T11:04:14.496-04:00,2026-09-08T13:10:29-04:00,break_points_won,0,,0,6048,WTA,offset_estimate,1,Elite,Elite,2,STALE_HISTORY,,,0.5508471097986849,,,,,,,,,,,,,,,,,,,hard,0,7.075,3.625,0.7503897645748585,0.675,40.0,1.0,0.0,,,MISSING_STAT_VALUES,,,,,,,,,,,,,,,,,,,,,,,0,121,2.0,119.0,WTA,2,NEUTRAL,FIELD,1,,,0.5,1.05,1.5,0.0,0.4378,-0.0622,4.311480560747664,0.5,0.03000000000000003,4.095906532710281,?,0.95,0.4813,OVER,distance,distance,C,,6048,0.0,OVER,OVER,FORCED_OVER_ONLY_GOB_DEM,OVER,ml_prob_unified,0,
14622162,Coco Gauff,COCO GAUFF,Aces,1.5,2026-09-09T11:30:00.000-04:00,Tennis,WTA / HARD,Goblin,3.0,,,14622162,201229,185779,Coco Gauff,1.5,Player,MIRRA ANDREEVA,,,https://www.flashscore.com/res/image/data/UDnGEpDr-fa4Gaz3a.png,,2026-09-08T09:48:12.325-04:00,2026-09-08T13:10:29-04:00,aces,0,,0,3626,WTA,offset_estimate,1,Elite,Elite,5,STALE_HISTORY,,,0.6279834861859119,,,,,,,,,,,,,,,,,,,hard,0,3.26027397260274,7.205479452054795,0.6993628090812983,0.759493670886076,79.0,1.0,0.0,,,MISSING_STAT_VALUES,,,,,,,,,,,,,,,,,,,,,,,0,4,5.0,-1.0,WTA,2,SERVE_HEAVY,ELITE,1,,,0.5,1.0,1.5,0.0,0.08,-0.42,4.018975700934579,0.5,0.03000000000000003,3.81802691588785,?,0.95,0.374,OVER,distance,distance,C,,3626,0.0,OVER,OVER,FORCED_OVER_ONLY_GOB_DEM,OVER,ml_prob_unified,0,
14625094,Alexander Zverev,ALEXANDER ZVEREV,Aces,12.5,2026-09-09T11:30:00.000-04:00,Tennis,ATP / HARD,Goblin,13.5,,,14625094,201395,185810,Alexander Zverev,12.5,Player,BOTIC VAN DE ZANDSCHULP,,,https://static.prizepicks.com/images/manual/Alexander Zverev.png,,2026-09-08T09:48:12.325-04:00,2026-09-08T13:10:29-04:00,aces,0,,0,2375,ATP,sibling_or_pp,1,Below Avg,Below Avg,70,STALE_HISTORY,,,0.7261248892215003,,,,,,,,,,,,,,,,,,,hard,0,8.821428571428571,1.571428571428571,0.7661283351954835,0.7209302325581395,86.0,1.0,0.0,,,MISSING_STAT_VALUES,,,,,,,,,,,,,,,,,,,,,,,0,2,70.0,-68.0,ATP,2,SERVE_HEAVY,ELITE,1,,,0.5,0.95,12.5,0.0,0.08,-0.42,3.734391401869159,0.5,0.03000000000000003,3.547671831775701,?,0.95,0.374,OVER,distance,distance,C,,2375,0.0,OVER,OVER,FORCED_OVER_ONLY_GOB_DEM,OVER,ml_prob_unified,0,
14619855,Alexander Blockx,ALEXANDER BLOCKX,Total Games Won,15.5,2026-09-09T11:30:00.000-04:00,Tennis,ATP / HARD,Goblin,19.5,,,14619855,218482,185783,Alexander Blockx,15.5,Player,KAREN KHACHANOV,,,https://static.prizepicks.com/images/manual/AlexanderBlockx.webp,,2026-09-08T09:48:12.325-04:00,2026-09-08T13:10:29-04:00,games_won,0,,0,11757,ATP,sibling_or_pp,3,Avg,Avg,50,OK,,,0.6652403038167991,,,,,18.0,16.0,12.0,7.0,15.0,19.0,17.0,16.0,8.0,,13.6,14.22222222222222,14.22222222222222,,hard,0,8.071428571428571,1.714285714285714,0.7321477208550975,0.4,15.0,0.0,0.0,,,OK,5.0,2.0,3.0,0.0,0.4,0.6,0.4,0.6,2.0,3.0,2.0,3.0,0.0,9.0,5.0,4.0,0.0,0.5555555555555556,0.4444444444444444,0.5555555555555556,0.4444444444444444,,0,34,50.0,-16.0,ATP,2,NEUTRAL,FIELD,1,,,0.4777777777777778,0.9555555555555556,13.6,-1.9000000000000004,0.58,0.4499,3.744113763788162,0.4777777777777778,0.008000000000000007,3.556908075598754,?,0.95,0.5084,OVER,distance,distance,A,,11757,1.9000000000000004,UNDER,OVER,FORCED_OVER_ONLY_GOB_DEM,OVER,ml_prob_unified,9,4.2947
14583124,Emma Navarro,EMMA NAVARRO,Total Games Won,12.5,2026-09-08T19:00:00.000-04:00,Tennis,WTA / HARD,Demon,8.5,,,14583124,201443,185590,Emma Navarro,12.5,Player,JESSICA PEGULA,,,https://static.prizepicks.com/images/manual/Emma Head.png,,2026-09-08T07:41:39.843-04:00,2026-09-08T13:10:29-04:00,games_won,0,,0,3785,WTA,sibling_or_pp,2,Elite,Elite,3,OK,,,0.6283290880630938,,,,,12.0,13.0,15.0,19.0,7.0,15.0,4.0,12.0,13.0,9.0,13.2,11.9,11.9,,hard,0,1.888888888888889,3.533333333333333,0.6366395772251866,0.4791666666666667,48.0,0.0,0.0,,,OK,5.0,3.0,2.0,0.0,0.6,0.4,0.6,0.4,3.0,2.0,3.0,2.0,0.0,10.0,5.0,5.0,0.0,0.5,0.5,0.5,0.5,,0,27,3.0,24.0,WTA,2,NEUTRAL,ELITE,1,,,0.55,1.1,13.2,0.6999999999999993,0.58,-0.0882,4.567224261682243,0.55,0.05200000000000005,4.338863048598131,?,0.95,0.559,OVER,distance,distance,C,,3785,0.6999999999999993,OVER,OVER,FORCED_OVER_ONLY_GOB_DEM,OVER,ml_prob_unified,10,4.3063
14576035,Frances Tiafoe,FRANCES TIAFOE,Total Sets,4.5,2026-09-08T13:45:00.000-04:00,Tennis,ATP / HARD,Demon,,,,14576035,201267,185558,Frances Tiafoe,4.5,Player,ALEX MICHELSEN,,,https://static.prizepicks.com/images/manual/tiafoe.png,,2026-09-08T13:10:19.092-04:00,2026-09-08T13:10:29-04:00,total_sets,0,,0,2708,ATP,,1,Avg,Avg,46,OK,,,0.5948380261102764,,,,,5.0,5.0,4.0,4.0,,,,,,,4.5,4.5,4.5,,hard,0,8.310344827586206,2.155172413793104,0.7471931813542996,0.55,60.0,0.0,0.0,,,OK,4.0,2.0,2.0,0.0,0.5,0.5,0.5,0.5,2.0,2.0,2.0,2.0,0.0,4.0,2.0,2.0,0.0,0.5,0.5,0.5,0.5,,0,12,46.0,-34.0,ATP,2,NEUTRAL,ELITE,1,,,0.5,1.0,4.5,0.0,0.1339,-0.3661,4.018975700934579,0.5,0.03000000000000003,3.81802691588785,?,0.95,0.3902,OVER,ml_prob_fallback,ml_prob_fallback,B,,2708,0.0,OVER,OVER,FORCED_OVER_ONLY_GOB_DEM,OVER,ml_prob_unified,4,0.5774
14618347,Karen Khachanov,KAREN KHACHANOV,Total Sets,4.5,2026-09-09T11:30:00.000-04:00,Tennis,ATP / HARD,Demon,,,,14618347,201396,185783,Karen Khachanov,4.5,Player,ALEXANDER BLOCKX,,,https://static.prizepicks.com/images/manual/Karen K.png,,2026-09-08T09:48:12.325-04:00,2026-09-08T13:10:29-04:00,total_sets,0,,0,2367,ATP,,1,Avg,Avg,34,OK,,,0.6446638518747103,,,,,5.0,4.0,5.0,4.0,,,,,,,4.5,4.5,4.5,,hard,0,7.968253968253968,2.047619047619047,0.764327151305763,0.5714285714285714,63.0,0.0,0.0,,,OK,4.0,2.0,2.0,0.0,0.5,0.5,0.5,0.5,2.0,2.0,2.0,2.0,0.0,4.0,2.0,2.0,0.0,0.5,0.5,0.5,0.5,,0,50,34.0,16.0,ATP,2,NEUTRAL,FIELD,1,,,0.5,1.0,4.5,0.0,0.1339,-0.3661,4.018975700934579,0.5,0.03000000000000003,3.81802691588785,?,0.95,0.3902,OVER,ml_prob_fallback,ml_prob_fallback,B,,2367,0.0,OVER,OVER,FORCED_OVER_ONLY_GOB_DEM,OVER,ml_prob_unified,4,0.5774
14629293,Nao Hibino,NAO HIBINO,Total Games,19.5,2026-09-09T11:00:00.000-04:00,Tennis,WTA / HARD,Standard,19.5,,,14629293,204436,185782,Nao Hibino,19.5,Player,ANASTASIA TIKHONOVA,,,https://www.flashscore.com/res/image/data/KxS8M9dM-G0BIjPpT.png,,2026-09-08T09:48:12.325-04:00,2026-09-08T13:10:29-04:00,match_total_games,0,,0,2043,WTA,pp_or_step1,0,Weak,Weak,250,OK,,,0.6573377914017103,,,,,17.0,24.0,15.0,22.0,,,,,,,19.5,19.5,19.5,,hard,0,1.875,3.25,0.5410282497501924,0.2222222222222222,9.0,0.0,0.0,,,OK,4.0,2.0,2.0,0.0,0.5,0.5,0.5,0.5,2.0,2.0,2.0,2.0,0.0,4.0,2.0,2.0,0.0,0.5,0.5,0.5,0.5,,0,250,250.0,0.0,WTA,2,NEUTRAL,FIELD,1,,,0.5,1.0,19.5,0.0,0.58,0.08,4.018975700934579,0.5,0.03000000000000003,3.81802691588785,?,0.95,0.524,OVER,ml_prob,ml_prob,C,,2043,0.0,OVER,OVER,STANDARD_TIEBREAK_HR5_OVER,OVER,ml_prob_unified,4,4.2032
14577250,Frances Tiafoe,FRANCES TIAFOE,Total Games Won,23.5,2026-09-08T13:45:00.000-04:00,Tennis,ATP / HARD,Demon,20.5,,,14577250,201267,185558,Frances Tiafoe,23.5,Player,ALEX MICHELSEN,,,https://static.prizepicks.com/images/manual/tiafoe.png,,2026-09-08T13:10:19.092-04:00,2026-09-08T13:10:29-04:00,games_won,0,,0,2708,ATP,sibling_or_pp,1,Avg,Avg,46,OK,,,0.5948380261102764,,,,,25.0,27.0,23.0,23.0,,,,,,,24.5,24.5,24.5,,hard,0,8.310344827586206,2.155172413793104,0.7471931813542996,0.55,60.0,0.0,0.0,,,OK,4.0,2.0,2.0,0.0,0.5,0.5,0.5,0.5,2.0,2.0,2.0,2.0,0.0,4.0,2.0,2.0,0.0,0.5,0.5,0.5,0.5,,0,12,46.0,-34.0,ATP,2,NEUTRAL,ELITE,1,,,0.5,1.0,24.5,1.0,0.58,-0.1511,4.018975700934579,0.5,0.03000000000000003,3.81802691588785,?,0.95,0.524,OVER,distance,distance,B,,2708,1.0,OVER,OVER,FORCED_OVER_ONLY_GOB_DEM,OVER,ml_prob_unified,4,1.9149
14619860,Karen Khachanov,KAREN KHACHANOV,Total Games Won,23.5,2026-09-09T11:30:00.000-04:00,Tennis,ATP / HARD,Demon,20.5,,,14619860,201396,185783,Karen Khachanov,23.5,Player,ALEXANDER BLOCKX,,,https://static.prizepicks.com/images/manual/Karen K.png,,2026-09-08T09:48:12.325-04:00,2026-09-08T13:10:29-04:00,games_won,0,,0,2367,ATP,sibling_or_pp,2,Avg,Avg,34,OK,,,0.6446638518747103,,,,,29.0,24.0,23.0,23.0,,,,,,,24.75,24.75,24.75,,hard,0,7.968253968253968,2.047619047619047,0.764327151305763,0.5714285714285714,63.0,0.0,0.0,,,OK,4.0,2.0,2.0,0.0,0.5,0.5,0.5,0.5,2.0,2.0,2.0,2.0,0.0,4.0,2.0,2.0,0.0,0.5,0.5,0.5,0.5,,0,50,34.0,16.0,ATP,2,NEUTRAL,FIELD,1,,,0.5,1.0,24.75,1.25,0.58,-0.1973,4.018975700934579,0.5,0.03000000000000003,3.81802691588785,?,0.95,0.524,OVER,distance,distance,B,,2367,1.25,OVER,OVER,FORCED_OVER_ONLY_GOB_DEM,OVER,ml_prob_unified,4,2.8723
14581014,Sara Sorribes Tormo,SARA SORRIBES TORMO,Total Sets,2.5,2026-09-08T15:40:00.000-04:00,Tennis,WTA / HARD,Demon,,,,14581014,280562,185545,Sara Sorribes Tormo,2.5,Player,CADENCE BRACE,,,https://www.flashscore.com/res/image/data/G4aAUuYg-8EbzeCHU.png,,2026-09-08T11:00:00.031-04:00,2026-09-08T13:10:29-04:00,total_sets,0,,0,2929,WTA,,1,Weak,Weak,250,OK,,,0.7291287682165518,,,,,3.0,2.0,3.0,3.0,2.0,2.0,2.0,,,,2.6,2.428571428571428,2.428571428571428,,hard,0,0.6153846153846154,2.615384615384615,0.5470377368705397,0.5,14.0,0.0,0.0,,,OK,5.0,3.0,2.0,0.0,0.6,0.4,0.6,0.4,3.0,2.0,3.0,2.0,0.0,7.0,3.0,4.0,0.0,0.4285714285714285,0.5714285714285714,0.4285714285714285,0.5714285714285714,,0,250,250.0,0.0,WTA,2,NEUTRAL,FIELD,1,,,0.5142857142857142,1.028571428571428,2.6,0.10000000000000009,0.1912,-0.3338,4.231713442969292,0.5142857142857142,0.05200000000000005,4.020127770820827,?,0.95,0.4174,OVER,ml_prob_fallback,ml_prob_fallback,B,,2929,0.10000000000000009,OVER,OVER,FORCED_OVER_ONLY_GOB_DEM,OVER,ml_prob_unified,7,0.5345
14618346,Karen Khachanov,KAREN KHACHANOV,Total Games,39.5,2026-09-09T11:30:00.000-04:00,Tennis,ATP / HARD,Standard,39.5,,,14618346,201396,185783,Karen Khachanov,39.5,Player,ALEXANDER BLOCKX,,,https://static.prizepicks.com/images/manual/Karen K.png,,2026-09-08T09:48:12.325-04:00,2026-09-08T13:10:29-04:00,match_total_games,0,,0,2367,ATP,pp_or_step1,0,Avg,Avg,34,OK,,,0.6446638518747103,,,,,52.0,38.0,48.0,39.0,,,,,,,44.25,44.25,44.25,,hard,0,7.968253968253968,2.047619047619047,0.764327151305763,0.5714285714285714,63.0,0.0,0.0,,,OK,4.0,2.0,2.0,0.0,0.5,0.5,0.5,0.5,2.0,2.0,2.0,2.0,0.0,4.0,2.0,2.0,0.0,0.5,0.5,0.5,0.5,,0,50,34.0,16.0,ATP,2,NEUTRAL,FIELD,1,,,0.5,1.0,44.25,4.75,0.58,-0.4114,4.018975700934579,0.5,0.03000000000000003,3.81802691588785,?,0.95,0.524,OVER,ml_prob,ml_prob,C,,2367,4.75,OVER,OVER,STANDARD_L5AVG_OVER,OVER,ml_prob_unified,4,6.8496
14577247,Frances Tiafoe,FRANCES TIAFOE,Total Games Won,17.5,2026-09-08T13:45:00.000-04:00,Tennis,ATP / HARD,Goblin,20.5,,,14577247,201267,185558,Frances Tiafoe,17.5,Player,ALEX MICHELSEN,,,https://static.prizepicks.com/images/manual/tiafoe.png,,2026-09-08T13:10:19.092-04:00,2026-09-08T13:10:29-04:00,games_won,0,,0,2708,ATP,sibling_or_pp,3,Avg,Avg,46,OK,,,0.5948380261102764,,,,,20.0,18.0,20.0,9.0,13.0,14.0,12.0,16.0,12.0,17.0,16.0,15.1,15.1,,hard,0,8.310344827586206,2.155172413793104,0.7471931813542996,0.55,60.0,0.0,0.0,,,OK,5.0,3.0,2.0,0.0,0.6,0.4,0.6,0.4,3.0,2.0,3.0,2.0,0.0,10.0,3.0,7.0,0.0,0.3,0.7,0.3,0.7,,0,12,46.0,-34.0,ATP,2,NEUTRAL,ELITE,1,,,0.44999999999999996,0.8999999999999999,16.0,-1.5,0.58,0.3976,3.506588074766355,0.45,0.05200000000000005,3.331258671028037,?,0.95,0.489,OVER,distance,distance,B,,2708,1.5,UNDER,OVER,FORCED_OVER_ONLY_GOB_DEM,OVER,ml_prob_unified,10,3.6953
14619762,Alexander Zverev,ALEXANDER ZVEREV,Total Games Won,18.5,2026-09-09T11:30:00.000-04:00,Tennis,ATP / HARD,Goblin,19.5,,,14619762,201395,185810,Alexander Zverev,18.5,Player,BOTIC VAN DE ZANDSCHULP,,,https://static.prizepicks.com/images/manual/Alexander Zverev.png,,2026-09-08T09:48:12.325-04:00,2026-09-08T13:10:29-04:00,games_won,0,,0,2375,ATP,sibling_or_pp,1,Below Avg,Below Avg,70,OK,,,0.7261248892215003,,,,,19.0,19.0,16.0,14.0,15.0,13.0,19.0,18.0,19.0,19.0,16.6,17.1,17.1,,hard,0,8.821428571428571,1.571428571428571,0.7661283351954835,0.7209302325581395,86.0,1.0,0.0,,,OK,5.0,2.0,3.0,0.0,0.4,0.6,0.4,0.6,2.0,3.0,2.0,3.0,0.0,10.0,5.0,5.0,0.0,0.5,0.5,0.5,0.5,,0,2,70.0,-68.0,ATP,2,NEUTRAL,ELITE,1,,,0.45,0.85,16.6,-1.8999999999999986,0.58,0.4499,3.302086672897196,0.45,0.008000000000000007,3.136982339252336,?,0.95,0.489,OVER,distance,distance,C,,2375,1.8999999999999986,UNDER,OVER,FORCED_OVER_ONLY_GOB_DEM,OVER,ml_prob_unified,10,2.3781
14577197,Frances Tiafoe,FRANCES TIAFOE,Total Games,42.5,2026-09-08T13:45:00.000-04:00,Tennis,ATP / HARD,Demon,40.0,,,14577197,201267,185558,Frances Tiafoe,42.5,Player,ALEX MICHELSEN,,,https://static.prizepicks.com/images/manual/tiafoe.png,,2026-09-08T13:10:19.092-04:00,2026-09-08T13:10:29-04:00,match_total_games,0,,0,2708,ATP,sibling_or_pp,1,Avg,Avg,46,OK,,,0.5948380261102764,,,,,48.0,55.0,38.0,40.0,,,,,,,45.25,45.25,45.25,,hard,0,8.310344827586206,2.155172413793104,0.7471931813542996,0.55,60.0,0.0,0.0,,,OK,4.0,2.0,2.0,0.0,0.5,0.5,0.5,0.5,2.0,2.0,2.0,2.0,0.0,4.0,2.0,2.0,0.0,0.5,0.5,0.5,0.5,,0,12,46.0,-34.0,ATP,2,NEUTRAL,ELITE,1,,,0.5,1.0,45.25,2.75,0.58,-0.3599,4.018975700934579,0.5,0.03000000000000003,3.81802691588785,?,0.95,0.524,OVER,distance,distance,B,,2708,2.75,OVER,OVER,FORCED_OVER_ONLY_GOB_DEM,OVER,ml_prob_unified,4,7.8049
14618691,Karen Khachanov,KAREN KHACHANOV,Total Games,42.5,2026-09-09T11:30:00.000-04:00,Tennis,ATP / HARD,Demon,39.5,,,14618691,201396,185783,Karen Khachanov,42.5,Player,ALEXANDER BLOCKX,,,https://static.prizepicks.com/images/manual/Karen K.png,,2026-09-08T09:48:12.325-04:00,2026-09-08T13:10:29-04:00,match_total_games,0,,0,2367,ATP,sibling_or_pp,2,Avg,Avg,34,OK,,,0.6446638518747103,,,,,52.0,38.0,48.0,39.0,,,,,,,44.25,44.25,44.25,,hard,0,7.968253968253968,2.047619047619047,0.764327151305763,0.5714285714285714,63.0,0.0,0.0,,,OK,4.0,2.0,2.0,0.0,0.5,0.5,0.5,0.5,2.0,2.0,2.0,2.0,0.0,4.0,2.0,2.0,0.0,0.5,0.5,0.5,0.5,,0,50,34.0,16.0,ATP,2,NEUTRAL,FIELD,1,,,0.5,1.0,44.25,1.75,0.58,-0.272,4.018975700934579,0.5,0.03000000000000003,3.81802691588785,?,0.95,0.524,OVER,distance,distance,B,,2367,1.75,OVER,OVER,FORCED_OVER_ONLY_GOB_DEM,OVER,ml_prob_unified,4,6.8496
14577244,Frances Tiafoe,FRANCES TIAFOE,Total Games,47.5,2026-09-08T13:45:00.000-04:00,Tennis,ATP / HARD,Demon,40.0,,,14577244,201267,185558,Frances Tiafoe,47.5,Player,ALEX MICHELSEN,,,https://static.prizepicks.com/images/manual/tiafoe.png,,2026-09-08T13:10:19.092-04:00,2026-09-08T13:10:29-04:00,match_total_games,0,,0,2708,ATP,sibling_or_pp,3,Avg,Avg,46,OK,,,0.5948380261102764,,,,,48.0,55.0,38.0,40.0,,,,,,,45.25,45.25,45.25,,hard,0,8.310344827586206,2.155172413793104,0.7471931813542996,0.55,60.0,0.0,0.0,,,OK,4.0,2.0,2.0,0.0,0.5,0.5,0.5,0.5,2.0,2.0,2.0,2.0,0.0,4.0,2.0,2.0,0.0,0.5,0.5,0.5,0.5,,0,12,46.0,-34.0,ATP,2,NEUTRAL,ELITE,1,,,0.5,1.0,45.25,-2.25,0.58,0.4847,4.018975700934579,0.5,0.03000000000000003,3.81802691588785,?,0.95,0.524,OVER,distance,distance,D,,2708,2.25,UNDER,OVER,FORCED_OVER_ONLY_GOB_DEM,OVER,ml_prob_unified,4,7.8049
14577245,Frances Tiafoe,FRANCES TIAFOE,Total Games,46.5,2026-09-08T13:45:00.000-04:00,Tennis,ATP / HARD,Demon,40.0,,,14577245,201267,185558,Frances Tiafoe,46.5,Player,ALEX MICHELSEN,,,https://static.prizepicks.com/images/manual/tiafoe.png,,2026-09-08T13:10:19.092-04:00,2026-09-08T13:10:29-04:00,match_total_games,0,,0,2708,ATP,sibling_or_pp,2,Avg,Avg,46,OK,,,0.5948380261102764,,,,,48.0,55.0,38.0,40.0,,,,,,,45.25,45.25,45.25,,hard,0,8.310344827586206,2.155172413793104,0.7471931813542996,0.55,60.0,0.0,0.0,,,OK,4.0,2.0,2.0,0.0,0.5,0.5,0.5,0.5,2.0,2.0,2.0,2.0,0.0,4.0,2.0,2.0,0.0,0.5,0.5,0.5,0.5,,0,12,46.0,-34.0,ATP,2,NEUTRAL,ELITE,1,,,0.5,1.0,45.25,-1.25,0.58,0.3573,4.018975700934579,0.5,0.03000000000000003,3.81802691588785,?,0.95,0.524,OVER,distance,distance,D,,2708,1.25,UNDER,OVER,FORCED_OVER_ONLY_GOB_DEM,OVER,ml_prob_unified,4,7.8049
14619858,Karen Khachanov,KAREN KHACHANOV,Total Games,46.5,2026-09-09T11:30:00.000-04:00,Tennis,ATP / HARD,Demon,39.5,,,14619858,201396,185783,Karen Khachanov,46.5,Player,ALEXANDER BLOCKX,,,https://static.prizepicks.com/images/manual/Karen K.png,,2026-09-08T09:48:12.325-04:00,2026-09-08T13:10:29-04:00,match_total_games,0,,0,2367,ATP,sibling_or_pp,3,Avg,Avg,34,OK,,,0.6446638518747103,,,,,52.0,38.0,48.0,39.0,,,,,,,44.25,44.25,44.25,,hard,0,7.968253968253968,2.047619047619047,0.764327151305763,0.5714285714285714,63.0,0.0,0.0,,,OK,4.0,2.0,2.0,0.0,0.5,0.5,0.5,0.5,2.0,2.0,2.0,2.0,0.0,4.0,2.0,2.0,0.0,0.5,0.5,0.5,0.5,,0,50,34.0,16.0,ATP,2,NEUTRAL,FIELD,1,,,0.5,1.0,44.25,-2.25,0.58,0.4847,4.018975700934579,0.5,0.03000000000000003,3.81802691588785,?,0.95,0.524,OVER,distance,distance,D,,2367,2.25,UNDER,OVER,FORCED_OVER_ONLY_GOB_DEM,OVER,ml_prob_unified,4,6.8496
14629289,Andrea Lazaro Garcia,ANDREA LAZARO GARCIA,Total Tie Breaks,0.5,2026-09-09T08:00:00.000-04:00,Tennis,WTA / HARD,Demon,,,,14629289,238506,185854,Andrea Lazaro Garcia,0.5,Player,UNKNOWN_OPP,,,https://static.flashscore.com/res/image/data/OtX0s6jl-CxOiWxwJ.png,,2026-09-08T09:48:12.325-04:00,2026-09-08T13:10:29-04:00,total_tie_breaks,0,,0,4291,WTA,,1,N/A,N/A,N/A,STALE_HISTORY,,,,,,,,,,,,,,,,,,,,,,hard,0,,,,,,,,,,MISSING_STAT_VALUES,,,,,,,,,,,,,,,,,,,,,,,0,142,,,WTA,2,NEUTRAL,FIELD,1,,,0.5,1.0,0.5,0.0,0.2628,-0.2372,4.018975700934579,0.5,0.03000000000000003,3.81802691588785,?,0.95,0.4288,OVER,ml_prob_fallback,ml_prob_fallback,B,,4291,0.0,OVER,OVER,FORCED_OVER_ONLY_GOB_DEM,OVER,ml_prob_unified,0,
14618692,Karen Khachanov,KAREN KHACHANOV,Total Games,41.5,2026-09-09T11:30:00.000-04:00,Tennis,ATP / HARD,Demon,39.5,,,14618692,201396,185783,Karen Khachanov,41.5,Player,ALEXANDER BLOCKX,,,https://static.prizepicks.com/images/manual/Karen K.png,,2026-09-08T09:48:12.325-04:00,2026-09-08T13:10:29-04:00,match_total_games,0,,0,2367,ATP,sibling_or_pp,1,Avg,Avg,34,OK,,,0.6446638518747103,,,,,52.0,38.0,48.0,39.0,,,,,,,44.25,44.25,44.25,,hard,0,7.968253968253968,2.047619047619047,0.764327151305763,0.5714285714285714,63.0,0.0,0.0,,,OK,4.0,2.0,2.0,0.0,0.5,0.5,0.5,0.5,2.0,2.0,2.0,2.0,0.0,4.0,2.0,2.0,0.0,0.5,0.5,0.5,0.5,,0,50,34.0,16.0,ATP,2,NEUTRAL,FIELD,1,,,0.5,1.0,44.25,2.75,0.58,-0.3599,4.018975700934579,0.5,0.03000000000000003,3.81802691588785,?,0.95,0.524,OVER,distance,distance,B,,2367,2.75,OVER,OVER,FORCED_OVER_ONLY_GOB_DEM,OVER,ml_prob_unified,4,6.8496
14619851,Alexander Blockx,ALEXANDER BLOCKX,Total Games Won,23.5,2026-09-09T11:30:00.000-04:00,Tennis,ATP / HARD,Demon,19.5,,,14619851,218482,185783,Alexander Blockx,23.5,Player,KAREN KHACHANOV,,,https://static.prizepicks.com/images/manual/AlexanderBlockx.webp,,2026-09-08T09:48:12.325-04:00,2026-09-08T13:10:29-04:00,games_won,0,,0,11757,ATP,sibling_or_pp,2,Avg,Avg,50,OK,,,0.6652403038167991,,,,,24.0,24.0,21.0,23.0,,,,,,,23.0,23.0,23.0,,hard,0,8.071428571428571,1.714285714285714,0.7321477208550975,0.4,15.0,0.0,0.0,,,OK,4.0,2.0,2.0,0.0,0.5,0.5,0.5,0.5,2.0,2.0,2.0,2.0,0.0,4.0,2.0,2.0,0.0,0.5,0.5,0.5,0.5,,0,34,50.0,-16.0,ATP,2,NEUTRAL,FIELD,1,,,0.5,1.0,23.0,-0.5,0.58,0.2025,4.018975700934579,0.5,0.03000000000000003,3.81802691588785,?,0.95,0.524,OVER,distance,distance,C,,11757,0.5,UNDER,OVER,FORCED_OVER_ONLY_GOB_DEM,OVER,ml_prob_unified,4,1.4142
14577249,Frances Tiafoe,FRANCES TIAFOE,Total Games Won,24.5,2026-09-08T13:45:00.000-04:00,Tennis,ATP / HARD,Demon,20.5,,,14577249,201267,185558,Frances Tiafoe,24.5,Player,ALEX MICHELSEN,,,https://static.prizepicks.com/images/manual/tiafoe.png,,2026-09-08T13:10:19.092-04:00,2026-09-08T13:10:29-04:00,games_won,0,,0,2708,ATP,sibling_or_pp,2,Avg,Avg,46,OK,,,0.5948380261102764,,,,,25.0,27.0,23.0,23.0,,,,,,,24.5,24.5,24.5,,hard,0,8.310344827586206,2.155172413793104,0.7471931813542996,0.55,60.0,0.0,0.0,,,OK,4.0,2.0,2.0,0.0,0.5,0.5,0.5,0.5,2.0,2.0,2.0,2.0,0.0,4.0,2.0,2.0,0.0,0.5,0.5,0.5,0.5,,0,12,46.0,-34.0,ATP,2,NEUTRAL,ELITE,1,,,0.5,1.0,24.5,0.0,0.58,0.08,4.018975700934579,0.5,0.03000000000000003,3.81802691588785,?,0.95,0.524,OVER,distance,distance,C,,2708,0.0,OVER,OVER,FORCED_OVER_ONLY_GOB_DEM,OVER,ml_prob_unified,4,1.9149
14593869,Alex Michelsen,ALEX MICHELSEN,Double Faults,5.5,2026-09-08T13:45:00.000-04:00,Tennis,ATP / HARD,Standard,5.5,,,14593869,202916,185558,Alex Michelsen,5.5,Player,FRANCES TIAFOE,,,https://static.flashscore.com/res/image/data/Yi8Wfkg5-QJ66gxcd.png,,2026-09-08T13:10:19.092-04:00,2026-09-08T13:10:29-04:00,double_faults,0,,0,11400,ATP,pp_or_step1,0,Above Avg,Above Avg,12,STALE_HISTORY,,,0.6678652941099754,,,,,,,,,,,,,,,,,,,hard,0,5.914285714285715,2.371428571428571,0.7094886495003496,0.5633802816901409,71.0,0.0,0.0,,,MISSING_STAT_VALUES,,,,,,,,,,,,,,,,,,,,,,,0,46,12.0,34.0,ATP,2,NEUTRAL,FIELD,1,,,0.5,1.0,5.5,0.0,0.08,-0.42,4.018975700934579,0.5,0.03000000000000003,3.81802691588785,?,0.95,0.374,OVER,ml_prob,ml_prob,C,,11400,0.0,OVER,OVER,STANDARD_TIEBREAK_HR5_OVER,OVER,ml_prob_unified,0,
14629261,Alevtina Ibragimova,ALEVTINA IBRAGIMOVA,1st Set Total Games Won,5.5,2026-09-09T06:10:00.000-04:00,Tennis,WTA / HARD,Standard,5.5,,,14629261,202469,185848,Alevtina Ibragimova,5.5,Player,LEYRE ROMERO GORMAZ,,,https://static.prizepicks.com/images/manual/AlevtinaIbragimova.webp,,2026-09-08T09:45:28.658-04:00,2026-09-08T13:10:29-04:00,total_sets,0,,0,11513,WTA,pp_or_step1,0,Weak,Weak,145,STALE_HISTORY,,,,,,,,,,,,,,,,,,,,,,hard,0,,,,,,,,,,MISSING_STAT_VALUES,,,,,,,,,,,,,,,,,,,,,,,0,250,145.0,105.0,WTA,2,NEUTRAL,FIELD,1,,,0.5,1.05,5.5,0.0,0.58,0.08,4.311480560747664,0.5,0.03000000000000003,4.095906532710281,?,0.95,0.524,OVER,ml_prob,ml_prob,C,,11513,0.0,OVER,OVER,STANDARD_TIEBREAK_HR5_OVER,OVER,ml_prob_unified,0,
14599805,Lina Gjorcheska,LINA GJORCHESKA,1st Set Total Games Won,5.5,2026-09-09T04:30:00.000-04:00,Tennis,WTA / HARD,Standard,5.5,,,14599805,247080,185652,Lina Gjorcheska,5.5,Player,AURORA ZANTEDESCHI,,,https://static.flashscore.com/res/image/data/4dOS4REG-tvVEzhU4.png,,2026-09-08T09:45:28.658-04:00,2026-09-08T13:10:29-04:00,total_sets,0,,0,3031,WTA,pp_or_step1,0,Weak,Weak,250,STALE_HISTORY,,,,,,,,,,,,,,,,,,,,,,hard,0,,,,,,,,,,MISSING_STAT_VALUES,,,,,,,,,,,,,,,,,,,,,,,0,250,250.0,0.0,WTA,2,NEUTRAL,FIELD,1,,,0.5,1.0,5.5,0.0,0.58,0.08,4.018975700934579,0.5,0.03000000000000003,3.81802691588785,?,0.95,0.524,OVER,ml_prob,ml_prob,C,,3031,0.0,OVER,OVER,STANDARD_TIEBREAK_HR5_OVER,OVER,ml_prob_unified,0,
14606733,Aurora Zantedeschi,AURORA ZANTEDESCHI,Break Points Won,5.5,2026-09-09T04:30:00.000-04:00,Tennis,WTA / HARD,Standard,5.5,,,14606733,247239,185652,Aurora Zantedeschi,5.5,Player,LINA GJORCHESKA,,,https://static.flashscore.com/res/image/data/0QC5dYDa-z9AWrQfb.png,,2026-09-08T09:48:12.325-04:00,2026-09-08T13:10:29-04:00,break_points_won,0,,0,5160,WTA,pp_or_step1,0,Weak,Weak,250,STALE_HISTORY,,,,,,,,,,,,,,,,,,,,,,hard,0,,,,,,,,,,MISSING_STAT_VALUES,,,,,,,,,,,,,,,,,,,,,,,0,250,250.0,0.0,WTA,2,NEUTRAL,FIELD,1,,,0.5,1.0,5.5,0.0,0.2838,-0.2162,4.018975700934579,0.5,0.03000000000000003,3.81802691588785,?,0.95,0.4351,OVER,ml_prob,ml_prob,C,,5160,0.0,OVER,OVER,STANDARD_TIEBREAK_HR5_OVER,OVER,ml_prob_unified,0,
14621914,Alexander Blockx,ALEXANDER BLOCKX,Double Faults,5.5,2026-09-09T11:30:00.000-04:00,Tennis,ATP / HARD,Standard,5.5,,,14621914,218482,185783,Alexander Blockx,5.5,Player,KAREN KHACHANOV,,,https://static.prizepicks.com/images/manual/AlexanderBlockx.webp,,2026-09-08T09:48:12.325-04:00,2026-09-08T13:10:29-04:00,double_faults,0,,0,11757,ATP,pp_or_step1,0,Avg,Avg,50,STALE_HISTORY,,,0.6652403038167991,,,,,,,,,,,,,,,,,,,hard,0,8.071428571428571,1.714285714285714,0.7321477208550975,0.4,15.0,0.0,0.0,,,MISSING_STAT_VALUES,,,,,,,,,,,,,,,,,,,,,,,0,34,50.0,-16.0,ATP,2,NEUTRAL,FIELD,1,,,0.5,1.0,5.5,0.0,0.08,-0.42,4.018975700934579,0.5,0.03000000000000003,3.81802691588785,?,0.95,0.374,OVER,ml_prob,ml_prob,C,,11757,0.0,OVER,OVER,STANDARD_TIEBREAK_HR5_OVER,OVER,ml_prob_unified,0,
14618475,Mirra Andreeva,MIRRA ANDREEVA,1st Set Total Games Won,5.5,2026-09-09T11:30:00.000-04:00,Tennis,WTA / HARD,Standard,5.5,,,14618475,203182,185779,Mirra Andreeva,5.5,Player,COCO GAUFF,,,https://static.prizepicks.com/images/manual/Mirra Head.png,,2026-09-08T09:45:28.658-04:00,2026-09-08T13:10:29-04:00,total_sets,0,,0,9820,WTA,pp_or_step1,0,Elite,Elite,4,STALE_HISTORY,,,0.6207178578839927,,,,,,,,,,,,,,,,,,,hard,0,3.203125,3.875,0.6843839180264356,0.7272727272727273,66.0,1.0,0.0,,,MISSING_STAT_VALUES,,,,,,,,,,,,,,,,,,,,,,,0,5,4.0,1.0,WTA,2,NEUTRAL,ELITE,1,,,0.5,1.0,5.5,0.0,0.58,0.08,4.018975700934579,0.5,0.03000000000000003,3.81802691588785,?,0.95,0.524,OVER,ml_prob,ml_prob,C,,9820,0.0,OVER,OVER,STANDARD_TIEBREAK_HR5_OVER,OVER,ml_prob_unified,0,
14622578,Coco Gauff,COCO GAUFF,Double Faults,5.5,2026-09-09T11:30:00.000-04:00,Tennis,WTA / HARD,Standard,5.5,,,14622578,201229,185779,Coco Gauff,5.5,Player,MIRRA ANDREEVA,,,https://www.flashscore.com/res/image/data/UDnGEpDr-fa4Gaz3a.png,,2026-09-08T09:48:12.325-04:00,2026-09-08T13:10:29-04:00,double_faults,0,,0,3626,WTA,pp_or_step1,0,Elite,Elite,5,STALE_HISTORY,,,0.6279834861859119,,,,,,,,,,,,,,,,,,,hard,0,3.26027397260274,7.205479452054795,0.6993628090812983,0.759493670886076,79.0,1.0,0.0,,,MISSING_STAT_VALUES,,,,,,,,,,,,,,,,,,,,,,,0,4,5.0,-1.0,WTA,2,NEUTRAL,ELITE,1,,,0.5,1.0,5.5,0.0,0.08,-0.42,4.018975700934579,0.5,0.03000000000000003,3.81802691588785,?,0.95,0.374,OVER,ml_prob,ml_prob,C,,3626,0.0,OVER,OVER,STANDARD_TIEBREAK_HR5_OVER,OVER,ml_prob_unified,0,
14597987,Jennifer Ruggeri,JENNIFER RUGGERI,1st Set Total Games Won,4.5,2026-09-08T13:15:00.000-04:00,Tennis,WTA / HARD,Standard,4.5,,,14597987,263151,185648,Jennifer Ruggeri,4.5,Player,MARTINA TREVISAN,,,https://static.prizepicks.com/images/manual/Jennifer Ruggeri.png,,2026-09-08T12:54:31.065-04:00,2026-09-08T13:10:29-04:00,total_sets,0,,0,6576,WTA,pp_or_step1,0,Weak,Weak,250,STALE_HISTORY,,,,,,,,,,,,,,,,,,,,,,hard,0,,,,,,,,,,MISSING_STAT_VALUES,,,,,,,,,,,,,,,,,,,,,,,0,250,250.0,0.0,WTA,2,NEUTRAL,FIELD,1,,,0.5,1.0,4.5,0.0,0.58,0.08,4.018975700934579,0.5,0.03000000000000003,3.81802691588785,?,0.95,0.524,OVER,ml_prob,ml_prob,C,,6576,0.0,OVER,OVER,STANDARD_TIEBREAK_HR5_OVER,OVER,ml_prob_unified,0,
14622390,Ena Koike,ENA KOIKE,1st Set Total Games Won,4.5,2026-09-08T15:40:00.000-04:00,Tennis,WTA / HARD,Standard,4.5,,,14622390,268977,185730,Ena Koike,4.5,Player,NADIA PODOROSKA,,,https://static.prizepicks.com/images/manual/EnaKoike.webp,,2026-09-08T07:33:50.424-04:00,2026-09-08T13:10:29-04:00,total_sets,0,,0,11378,WTA,pp_or_step1,0,Weak,Weak,250,STALE_HISTORY,,,,,,,,,,,,,,,,,,,,,,hard,0,,,,,,,,,,MISSING_STAT_VALUES,,,,,,,,,,,,,,,,,,,,,,,0,250,250.0,0.0,WTA,2,NEUTRAL,FIELD,1,,,0.5,1.0,4.5,0.0,0.58,0.08,4.018975700934579,0.5,0.03000000000000003,3.81802691588785,?,0.95,0.524,OVER,ml_prob,ml_prob,C,,11378,0.0,OVER,OVER,STANDARD_TIEBREAK_HR5_OVER,OVER,ml_prob_unified,0,
14583891,Emma Navarro,EMMA NAVARRO,Aces,4.5,2026-09-08T19:00:00.000-04:00,Tennis,WTA / HARD,Standard,4.5,,,14583891,201443,185590,Emma Navarro,4.5,Player,JESSICA PEGULA,,,https://static.prizepicks.com/images/manual/Emma Head.png,,2026-09-08T07:41:39.843-04:00,2026-09-08T13:10:29-04:00,aces,0,,0,3785,WTA,pp_or_step1,0,Elite,Elite,3,STALE_HISTORY,,,0.6283290880630938,,,,,,,,,,,,,,,,,,,hard,0,1.888888888888889,3.533333333333333,0.6366395772251866,0.4791666666666667,48.0,0.0,0.0,,,MISSING_STAT_VALUES,,,,,,,,,,,,,,,,,,,,,,,0,27,3.0,24.0,WTA,2,SERVE_HEAVY,ELITE,1,,,0.5,1.0,4.5,0.0,0.08,-0.42,4.018975700934579,0.5,0.03000000000000003,3.81802691588785,?,0.95,0.374,OVER,ml_prob,ml_prob,C,,3785,0.0,OVER,OVER,STANDARD_TIEBREAK_HR5_OVER,OVER,ml_prob_unified,0,
14621916,Karen Khachanov,KAREN KHACHANOV,Double Faults,4.5,2026-09-09T11:30:00.000-04:00,Tennis,ATP / HARD,Standard,4.5,,,14621916,201396,185783,Karen Khachanov,4.5,Player,ALEXANDER BLOCKX,,,https://static.prizepicks.com/images/manual/Karen K.png,,2026-09-08T09:48:12.325-04:00,2026-09-08T13:10:29-04:00,double_faults,0,,0,2367,ATP,pp_or_step1,0,Avg,Avg,34,STALE_HISTORY,,,0.6446638518747103,,,,,,,,,,,,,,,,,,,hard,0,7.968253968253968,2.047619047619047,0.764327151305763,0.5714285714285714,63.0,0.0,0.0,,,MISSING_STAT_VALUES,,,,,,,,,,,,,,,,,,,,,,,0,50,34.0,16.0,ATP,2,NEUTRAL,FIELD,1,,,0.5,1.0,4.5,0.0,0.08,-0.42,4.018975700934579,0.5,0.03000000000000003,3.81802691588785,?,0.95,0.374,OVER,ml_prob,ml_prob,C,,2367,0.0,OVER,OVER,STANDARD_TIEBREAK_HR5_OVER,OVER,ml_prob_unified,0,
14624570,Anna Blinkova,ANNA BLINKOVA,1st Set Total Games,7.5,2026-09-08T16:50:00.000-04:00,Tennis,WTA / HARD,Standard,7.5,,,14624570,202551,185548,Anna Blinkova,7.5,Player,UNKNOWN_OPP,,,https://img0.aiscore.com/v2/team/50661a662f2c17c71e091313d42d6836.png!w80,,2026-09-08T07:33:50.424-04:00,2026-09-08T13:10:29-04:00,total_sets,0,,0,2902,WTA,pp_or_step1,0,N/A,N/A,N/A,STALE_HISTORY,,,0.6064362560692222,,,,,,,,,,,,,,,,,,,hard,0,1.30952380952381,3.523809523809524,0.5812297867971739,0.4761904761904761,42.0,0.0,0.0,,,MISSING_STAT_VALUES,,,,,,,,,,,,,,,,,,,,,,,0,95,,,WTA,2,NEUTRAL,FIELD,1,,,0.5,1.0,7.5,0.0,0.58,0.08,4.018975700934579,0.5,0.03000000000000003,3.81802691588785,?,0.95,0.524,OVER,ml_prob,ml_prob,C,,2902,0.0,OVER,OVER,STANDARD_TIEBREAK_HR5_OVER,OVER,ml_prob_unified,0,
14585601,Ben Shelton,BEN SHELTON,Double Faults,4.0,2026-09-08T20:10:00.000-04:00,Tennis,ATP / HARD,Standard,4.0,,,14585601,201258,185581,Ben Shelton,4.0,Player,CARLOS ALCARAZ,,,https://static.prizepicks.com/images/manual/Ben Shelton.png,,2026-09-08T07:41:39.843-04:00,2026-09-08T13:10:29-04:00,double_faults,0,,0,9250,ATP,pp_or_step1,0,Elite,Elite,3,STALE_HISTORY,,,0.6753995623116001,,,,,,,,,,,,,,,,,,,hard,0,10.06849315068493,2.547945205479452,0.7700546496212411,0.6575342465753424,73.0,1.0,0.0,,,MISSING_STAT_VALUES,,,,,,,,,,,,,,,,,,,,,,,0,9,3.0,6.0,ATP,2,NEUTRAL,ELITE,1,,,0.5,1.0,4.0,0.0,0.08,-0.42,4.018975700934579,0.5,0.03000000000000003,3.81802691588785,?,0.95,0.374,OVER,ml_prob,ml_prob,C,,9250,0.0,OVER,OVER,STANDARD_TIEBREAK_HR5_OVER,OVER,ml_prob_unified,0,
14627800,Dabrowski G / Stefani L,DABROWSKI G / STEFANI L,Total Games,20.5,2026-09-08T16:00:00.000-04:00,Tennis,WTA / HARD,Standard,20.5,,,14627800,304554,185727,Dabrowski G / Stefani L,20.5,Player,UNKNOWN_OPP,,,https://static.prizepicks.com/images/manual/Dabrowski_G___Stefani_L.png,,2026-09-08T07:41:39.843-04:00,2026-09-08T13:10:29-04:00,match_total_games,1,,0,1375,WTA,pp_or_step1,0,N/A,N/A,N/A,STALE_HISTORY,,,,,,,,,,,,,,,,,,,,,,hard,0,,,,,,,,,,MISSING_STAT_VALUES,,,,,,,,,,,,,,,,,,,,,,,0,250,,,WTA,2,NEUTRAL,FIELD,1,,,0.5,1.0,20.5,0.0,0.58,0.08,4.018975700934579,0.5,0.03000000000000003,3.81802691588785,?,0.95,0.524,OVER,ml_prob,ml_prob,C,,1375,0.0,OVER,OVER,STANDARD_TIEBREAK_HR5_OVER,OVER,ml_prob_unified,0,
14593924,Frances Tiafoe,FRANCES TIAFOE,Double Faults,4.5,2026-09-08T13:45:00.000-04:00,Tennis,ATP / HARD,Demon,,,,14593924,201267,185558,Frances Tiafoe,4.5,Player,ALEX MICHELSEN,,,https://static.prizepicks.com/images/manual/tiafoe.png,,2026-09-08T13:10:19.092-04:00,2026-09-08T13:10:29-04:00,double_faults,0,,0,2708,ATP,,1,Avg,Avg,46,STALE_HISTORY,,,0.5948380261102764,,,,,,,,,,,,,,,,,,,hard,0,8.310344827586206,2.155172413793104,0.7471931813542996,0.55,60.0,0.0,0.0,,,MISSING_STAT_VALUES,,,,,,,,,,,,,,,,,,,,,,,0,12,46.0,-34.0,ATP,2,NEUTRAL,ELITE,1,,,0.5,1.0,4.5,0.0,0.08,-0.42,4.018975700934579,0.5,0.03000000000000003,3.81802691588785,?,0.95,0.374,OVER,ml_prob_fallback,ml_prob_fallback,B,,2708,0.0,OVER,OVER,FORCED_OVER_ONLY_GOB_DEM,OVER,ml_prob_unified,0,
14594418,Frances Tiafoe,FRANCES TIAFOE,Break Points Won,4.5,2026-09-08T13:45:00.000-04:00,Tennis,ATP / HARD,Demon,,,,14594418,201267,185558,Frances Tiafoe,4.5,Player,ALEX MICHELSEN,,,https://static.prizepicks.com/images/manual/tiafoe.png,,2026-09-08T13:10:19.092-04:00,2026-09-08T13:10:29-04:00,break_points_won,0,,0,2708,ATP,,1,Avg,Avg,46,STALE_HISTORY,,,0.5948380261102764,,,,,,,,,,,,,,,,,,,hard,0,8.310344827586206,2.155172413793104,0.7471931813542996,0.55,60.0,0.0,0.0,,,MISSING_STAT_VALUES,,,,,,,,,,,,,,,,,,,,,,,0,12,46.0,-34.0,ATP,2,NEUTRAL,ELITE,1,,,0.5,1.0,4.5,0.0,0.1405,-0.3595,4.018975700934579,0.5,0.03000000000000003,3.81802691588785,?,0.95,0.3922,OVER,ml_prob_fallback,ml_prob_fallback,B,,2708,0.0,OVER,OVER,FORCED_OVER_ONLY_GOB_DEM,OVER,ml_prob_unified,0,
14622341,Leolia Jeanjean,LEOLIA JEANJEAN,Aces,4.5,2026-09-08T14:30:00.000-04:00,Tennis,WTA / HARD,Demon,,,,14622341,207629,185728,Leolia Jeanjean,4.5,Player,UNKNOWN_OPP,,,https://www.flashscore.com/res/image/data/bZBG1QdM-GK1ed7D0.png,,2026-09-08T07:41:39.843-04:00,2026-09-08T13:10:29-04:00,aces,0,,0,4453,WTA,,2,N/A,N/A,N/A,STALE_HISTORY,,,0.6112936114874284,,,,,,,,,,,,,,,,,,,hard,0,2.090909090909091,3.090909090909091,0.6197358235798843,0.1428571428571428,14.0,0.0,1.0,,,MISSING_STAT_VALUES,,,,,,,,,,,,,,,,,,,,,,,0,127,,,WTA,2,SERVE_HEAVY,FIELD,1,,,0.5,1.0,4.5,0.0,0.08,-0.42,4.018975700934579,0.5,0.03000000000000003,3.81802691588785,?,0.95,0.374,OVER,ml_prob_fallback,ml_prob_fallback,B,,4453,0.0,OVER,OVER,FORCED_OVER_ONLY_GOB_DEM,OVER,ml_prob_unified,0,
14622348,Ena Koike,ENA KOIKE,Aces,4.5,2026-09-08T15:40:00.000-04:00,Tennis,WTA / HARD,Demon,,,,14622348,268977,185730,Ena Koike,4.5,Player,NADIA PODOROSKA,,,https://static.prizepicks.com/images/manual/EnaKoike.webp,,2026-09-08T07:41:39.843-04:00,2026-09-08T13:10:29-04:00,aces,0,,0,11378,WTA,,2,Weak,Weak,250,STALE_HISTORY,,,,,,,,,,,,,,,,,,,,,,hard,0,,,,,,,,,,MISSING_STAT_VALUES,,,,,,,,,,,,,,,,,,,,,,,0,250,250.0,0.0,WTA,2,SERVE_HEAVY,FIELD,1,,,0.5,1.0,4.5,0.0,0.08,-0.42,4.018975700934579,0.5,0.03000000000000003,3.81802691588785,?,0.95,0.374,OVER,ml_prob_fallback,ml_prob_fallback,B,,11378,0.0,OVER,OVER,FORCED_OVER_ONLY_GOB_DEM,OVER,ml_prob_unified,0,
14622356,Nadia Podoroska,NADIA PODOROSKA,Aces,4.5,2026-09-08T15:40:00.000-04:00,Tennis,WTA / HARD,Demon,,,,14622356,201923,185730,Nadia Podoroska,4.5,Player,ENA KOIKE,,,https://static.prizepicks.com/images/manual/Nadia Podoroska.png,,2026-09-08T07:41:39.843-04:00,2026-09-08T13:10:29-04:00,aces,0,,0,3256,WTA,,1,Weak,Weak,250,STALE_HISTORY,,,0.6340921287833265,,,,,,,,,,,,,,,,,,,hard,0,2.777777777777778,4.333333333333333,0.6237658956204709,0.4545454545454545,11.0,0.0,0.0,,,MISSING_STAT_VALUES,,,,,,,,,,,,,,,,,,,,,,,0,250,250.0,0.0,WTA,2,SERVE_HEAVY,FIELD,1,,,0.5,1.0,4.5,0.0,0.08,-0.42,4.018975700934579,0.5,0.03000000000000003,3.81802691588785,?,0.95,0.374,OVER,ml_prob_fallback,ml_prob_fallback,B,,3256,0.0,OVER,OVER,FORCED_OVER_ONLY_GOB_DEM,OVER,ml_prob_unified,0,
14583863,Emma Navarro,EMMA NAVARRO,Double Faults,4.5,2026-09-08T19:00:00.000-04:00,Tennis,WTA / HARD,Demon,,,,14583863,201443,185590,Emma Navarro,4.5,Player,JESSICA PEGULA,,,https://static.prizepicks.com/images/manual/Emma Head.png,,2026-09-08T07:41:39.843-04:00,2026-09-08T13:10:29-04:00,double_faults,0,,0,3785,WTA,,1,Elite,Elite,3,STALE_HISTORY,,,0.6283290880630938,,,,,,,,,,,,,,,,,,,hard,0,1.888888888888889,3.533333333333333,0.6366395772251866,0.4791666666666667,48.0,0.0,0.0,,,MISSING_STAT_VALUES,,,,,,,,,,,,,,,,,,,,,,,0,27,3.0,24.0,WTA,2,NEUTRAL,ELITE,1,,,0.5,1.0,4.5,0.0,0.08,-0.42,4.018975700934579,0.5,0.03000000000000003,3.81802691588785,?,0.95,0.374,OVER,ml_prob_fallback,ml_prob_fallback,B,,3785,0.0,OVER,OVER,FORCED_OVER_ONLY_GOB_DEM,OVER,ml_prob_unified,0,
14621413,Jessica Pegula,JESSICA PEGULA,Double Faults,4.5,2026-09-08T19:00:00.000-04:00,Tennis,WTA / HARD,Demon,,,,14621413,201369,185590,Jessica Pegula,4.5,Player,EMMA NAVARRO,,,https://www.flashscore.com/res/image/data/GS3hkKzB-A19CsvyR.png,,2026-09-08T07:41:39.843-04:00,2026-09-08T13:10:29-04:00,double_faults,0,,0,2113,WTA,,2,Avg,Avg,27,STALE_HISTORY,,,0.6293953459627286,,,,,,,,,,,,,,,,,,,hard,0,3.320987654320988,1.987654320987654,0.6920522626365668,0.7142857142857143,84.0,1.0,0.0,,,MISSING_STAT_VALUES,,,,,,,,,,,,,,,,,,,,,,,0,3,27.0,-24.0,WTA,2,NEUTRAL,ELITE,1,,,0.5,1.0,4.5,0.0,0.08,-0.42,4.018975700934579,0.5,0.03000000000000003,3.81802691588785,?,0.95,0.374,OVER,ml_prob_fallback,ml_prob_fallback,B,,2113,0.0,OVER,OVER,FORCED_OVER_ONLY_GOB_DEM,OVER,ml_prob_unified,0,
14583418,Carlos Alcaraz,CARLOS ALCARAZ,Break Points Won,4.5,2026-09-08T20:10:00.000-04:00,Tennis,ATP / HARD,Demon,,,,14583418,201284,185581,Carlos Alcaraz,4.5,Player,BEN SHELTON,,,https://static.prizepicks.com/images/manual/Carlos Alcaraz3.png,,2026-09-08T07:41:39.843-04:00,2026-09-08T13:10:29-04:00,break_points_won,0,,0,3782,ATP,,1,Elite,Elite,9,STALE_HISTORY,,,0.652953811679599,,,,,,,,,,,,,,,,,,,hard,0,5.626506024096385,2.060240963855421,0.7694979195459459,0.8433734939759037,83.0,1.0,0.0,,,MISSING_STAT_VALUES,,,,,,,,,,,,,,,,,,,,,,,0,3,9.0,-6.0,ATP,2,NEUTRAL,ELITE,1,,,0.5,1.0,4.5,0.0,0.1609,-0.3391,4.018975700934579,0.5,0.03000000000000003,3.81802691588785,?,0.95,0.3983,OVER,ml_prob_fallback,ml_prob_fallback,B,,3782,0.0,OVER,OVER,FORCED_OVER_ONLY_GOB_DEM,OVER,ml_prob_unified,0,
14585712,Carlos Alcaraz,CARLOS ALCARAZ,Aces,4.5,2026-09-08T20:10:00.000-04:00,Tennis,ATP / HARD,Demon,,,,14585712,201284,185581,Carlos Alcaraz,4.5,Player,BEN SHELTON,,,https://static.prizepicks.com/images/manual/Carlos Alcaraz3.png,,2026-09-08T07:41:39.843-04:00,2026-09-08T13:10:29-04:00,aces,0,,0,3782,ATP,,1,Elite,Elite,9,STALE_HISTORY,,,0.652953811679599,,,,,,,,,,,,,,,,,,,hard,0,5.626506024096385,2.060240963855421,0.7694979195459459,0.8433734939759037,83.0,1.0,0.0,,,MISSING_STAT_VALUES,,,,,,,,,,,,,,,,,,,,,,,0,3,9.0,-6.0,ATP,2,SERVE_HEAVY,ELITE,1,,,0.5,1.0,4.5,0.0,0.08,-0.42,4.018975700934579,0.5,0.03000000000000003,3.81802691588785,?,0.95,0.374,OVER,ml_prob_fallback,ml_prob_fallback,B,,3782,0.0,OVER,OVER,FORCED_OVER_ONLY_GOB_DEM,OVER,ml_prob_unified,0,
14629274,Leyre Romero Gormaz,LEYRE ROMERO GORMAZ,Aces,4.5,2026-09-09T06:10:00.000-04:00,Tennis,WTA / CLAY,Demon,,,,14629274,201929,185848,Leyre Romero Gormaz,4.5,Player,ALEVTINA IBRAGIMOVA,,,https://static.prizepicks.com/images/manual/lorireyes12.png,,2026-09-08T09:48:12.325-04:00,2026-09-08T13:10:29-04:00,aces,0,,0,10676,WTA,,3,Weak,Weak,250,STALE_HISTORY,,,,,,,,,,,,,,,,,,,,,,clay,0,,,,,,,,,,MISSING_STAT_VALUES,,,,,,,,,,,,,,,,,,,,,,,0,145,250.0,-105.0,WTA,2,SERVE_HEAVY,FIELD,1,,,0.5,0.95,4.5,0.0,0.08,-0.42,3.734391401869159,0.5,0.03000000000000003,3.547671831775701,?,0.95,0.374,OVER,ml_prob_fallback,ml_prob_fallback,B,,10676,0.0,OVER,OVER,FORCED_OVER_ONLY_GOB_DEM,OVER,ml_prob_unified,0,
14626151,Zhibek Kulambayeva,ZHIBEK KULAMBAYEVA,Double Faults,4.5,2026-09-09T05:00:00.000-04:00,Tennis,WTA / HARD,Demon,,,,14626151,246857,185672,Zhibek Kulambayeva,4.5,Player,ELIZARA YANEVA,,,https://static.flashscore.com/res/image/data/Kzo9TLwS-StIfzY0L.png,,2026-09-08T09:48:12.325-04:00,2026-09-08T13:10:29-04:00,double_faults,0,,0,4926,WTA,,1,Weak,Weak,250,STALE_HISTORY,,,,,,,,,,,,,,,,,,,,,,hard,0,,,,,,,,,,MISSING_STAT_VALUES,,,,,,,,,,,,,,,,,,,,,,,0,250,250.0,0.0,WTA,2,NEUTRAL,FIELD,1,,,0.5,1.0,4.5,0.0,0.08,-0.42,4.018975700934579,0.5,0.03000000000000003,3.81802691588785,?,0.95,0.374,OVER,ml_prob_fallback,ml_prob_fallback,B,,4926,0.0,OVER,OVER,FORCED_OVER_ONLY_GOB_DEM,OVER,ml_prob_unified,0,
14599795,Aurora Zantedeschi,AURORA ZANTEDESCHI,Aces,4.5,2026-09-09T04:30:00.000-04:00,Tennis,WTA / HARD,Demon,,,,14599795,247239,185652,Aurora Zantedeschi,4.5,Player,LINA GJORCHESKA,,,https://static.flashscore.com/res/image/data/0QC5dYDa-z9AWrQfb.png,,2026-09-08T09:48:12.325-04:00,2026-09-08T13:10:29-04:00,aces,0,,0,5160,WTA,,2,Weak,Weak,250,STALE_HISTORY,,,,,,,,,,,,,,,,,,,,,,hard,0,,,,,,,,,,MISSING_STAT_VALUES,,,,,,,,,,,,,,,,,,,,,,,0,250,250.0,0.0,WTA,2,SERVE_HEAVY,FIELD,1,,,0.5,1.0,4.5,0.0,0.08,-0.42,4.018975700934579,0.5,0.03000000000000003,3.81802691588785,?,0.95,0.374,OVER,ml_prob_fallback,ml_prob_fallback,B,,5160,0.0,OVER,OVER,FORCED_OVER_ONLY_GOB_DEM,OVER,ml_prob_unified,0,
14599798,Aurora Zantedeschi,AURORA ZANTEDESCHI,Double Faults,4.5,2026-09-09T04:30:00.000-04:00,Tennis,WTA / HARD,Demon,,,,14599798,247239,185652,Aurora Zantedeschi,4.5,Player,LINA GJORCHESKA,,,https://static.flashscore.com/res/image/data/0QC5dYDa-z9AWrQfb.png,,2026-09-08T09:48:12.325-04:00,2026-09-08T13:10:29-04:00,double_faults,0,,0,5160,WTA,,1,Weak,Weak,250,STALE_HISTORY,,,,,,,,,,,,,,,,,,,,,,hard,0,,,,,,,,,,MISSING_STAT_VALUES,,,,,,,,,,,,,,,,,,,,,,,0,250,250.0,0.0,WTA,2,NEUTRAL,FIELD,1,,,0.5,1.0,4.5,0.0,0.08,-0.42,4.018975700934579,0.5,0.03000000000000003,3.81802691588785,?,0.95,0.374,OVER,ml_prob_fallback,ml_prob_fallback,B,,5160,0.0,OVER,OVER,FORCED_OVER_ONLY_GOB_DEM,OVER,ml_prob_unified,0,
14599806,Lina Gjorcheska,LINA GJORCHESKA,Aces,4.5,2026-09-09T04:30:00.000-04:00,Tennis,WTA / HARD,Demon,,,,14599806,247080,185652,Lina Gjorcheska,4.5,Player,AURORA ZANTEDESCHI,,,https://static.flashscore.com/res/image/data/4dOS4REG-tvVEzhU4.png,,2026-09-08T09:48:12.325-04:00,2026-09-08T13:10:29-04:00,aces,0,,0,3031,WTA,,1,Weak,Weak,250,STALE_HISTORY,,,,,,,,,,,,,,,,,,,,,,hard,0,,,,,,,,,,MISSING_STAT_VALUES,,,,,,,,,,,,,,,,,,,,,,,0,250,250.0,0.0,WTA,2,SERVE_HEAVY,FIELD,1,,,0.5,1.0,4.5,0.0,0.08,-0.42,4.018975700934579,0.5,0.03000000000000003,3.81802691588785,?,0.95,0.374,OVER,ml_prob_fallback,ml_prob_fallback,B,,3031,0.0,OVER,OVER,FORCED_OVER_ONLY_GOB_DEM,OVER,ml_prob_unified,0,
14633432,Dalma Galfi,DALMA GALFI,Aces,4.5,2026-09-09T09:10:00.000-04:00,Tennis,WTA / HARD,Demon,,,,14633432,207690,185866,Dalma Galfi,4.5,Player,NURIA BRANCACCIO,,,https://static.prizepicks.com/images/manual/dalma.png,,2026-09-08T12:05:14.813-04:00,2026-09-08T13:10:29-04:00,aces,0,,0,2764,WTA,,1,Weak,Weak,250,STALE_HISTORY,,,0.6333173808396075,,,,,,,,,,,,,,,,,,,hard,0,4.428571428571429,3.214285714285714,0.6604909917738323,0.1428571428571428,14.0,0.0,1.0,,,MISSING_STAT_VALUES,,,,,,,,,,,,,,,,,,,,,,,0,250,250.0,0.0,WTA,2,SERVE_HEAVY,FIELD,1,,,0.5,1.0,4.5,0.0,0.08,-0.42,4.018975700934579,0.5,0.03000000000000003,3.81802691588785,?,0.95,0.374,OVER,ml_prob_fallback,ml_prob_fallback,B,,2764,0.0,OVER,OVER,FORCED_OVER_ONLY_GOB_DEM,OVER,ml_prob_unified,0,
14633436,Dalma Galfi,DALMA GALFI,Double Faults,4.5,2026-09-09T09:10:00.000-04:00,Tennis,WTA / HARD,Demon,,,,14633436,207690,185866,Dalma Galfi,4.5,Player,NURIA BRANCACCIO,,,https://static.prizepicks.com/images/manual/dalma.png,,2026-09-08T12:05:14.991-04:00,2026-09-08T13:10:29-04:00,double_faults,0,,0,2764,WTA,,1,Weak,Weak,250,STALE_HISTORY,,,0.6333173808396075,,,,,,,,,,,,,,,,,,,hard,0,4.428571428571429,3.214285714285714,0.6604909917738323,0.1428571428571428,14.0,0.0,1.0,,,MISSING_STAT_VALUES,,,,,,,,,,,,,,,,,,,,,,,0,250,250.0,0.0,WTA,2,NEUTRAL,FIELD,1,,,0.5,1.0,4.5,0.0,0.08,-0.42,4.018975700934579,0.5,0.03000000000000003,3.81802691588785,?,0.95,0.374,OVER,ml_prob_fallback,ml_prob_fallback,B,,2764,0.0,OVER,OVER,FORCED_OVER_ONLY_GOB_DEM,OVER,ml_prob_unified,0,
14633445,Nuria Brancaccio,NURIA BRANCACCIO,Double Faults,4.5,2026-09-09T09:10:00.000-04:00,Tennis,WTA / HARD,Demon,,,,14633445,202405,185866,Nuria Brancaccio,4.5,Player,DALMA GALFI,,,https://www.flashscore.com/res/image/data/dKrfR6Ea-GpRwzSga.png,,2026-09-08T12:05:15.554-04:00,2026-09-08T13:10:29-04:00,double_faults,0,,0,5168,WTA,,2,Weak,Weak,250,STALE_HISTORY,,,,,,,,,,,,,,,,,,,,,,hard,0,,,,,,,,,,MISSING_STAT_VALUES,,,,,,,,,,,,,,,,,,,,,,,0,250,250.0,0.0,WTA,2,NEUTRAL,FIELD,1,,,0.5,1.0,4.5,0.0,0.08,-0.42,4.018975700934579,0.5,0.03000000000000003,3.81802691588785,?,0.95,0.374,OVER,ml_prob_fallback,ml_prob_fallback,B,,5168,0.0,OVER,OVER,FORCED_OVER_ONLY_GOB_DEM,OVER,ml_prob_unified,0,
14633685,Nao Hibino,NAO HIBINO,Double Faults,4.5,2026-09-09T11:00:00.000-04:00,Tennis,WTA / HARD,Demon,,,,14633685,204436,185782,Nao Hibino,4.5,Player,ANASTASIA TIKHONOVA,,,https://www.flashscore.com/res/image/data/KxS8M9dM-G0BIjPpT.png,,2026-09-08T12:11:16.045-04:00,2026-09-08T13:10:29-04:00,double_faults,0,,0,2043,WTA,,1,Weak,Weak,250,STALE_HISTORY,,,0.6573377914017103,,,,,,,,,,,,,,,,,,,hard,0,1.875,3.25,0.5410282497501924,0.2222222222222222,9.0,0.0,0.0,,,MISSING_STAT_VALUES,,,,,,,,,,,,,,,,,,,,,,,0,250,250.0,0.0,WTA,2,NEUTRAL,FIELD,1,,,0.5,1.0,4.5,0.0,0.08,-0.42,4.018975700934579,0.5,0.03000000000000003,3.81802691588785,?,0.95,0.374,OVER,ml_prob_fallback,ml_prob_fallback,B,,2043,0.0,OVER,OVER,FORCED_OVER_ONLY_GOB_DEM,OVER,ml_prob_unified,0,
14622161,Coco Gauff,COCO GAUFF,Aces,4.5,2026-09-09T11:30:00.000-04:00,Tennis,WTA / HARD,Demon,,,,14622161,201229,185779,Coco Gauff,4.5,Player,MIRRA ANDREEVA,,,https://www.flashscore.com/res/image/data/UDnGEpDr-fa4Gaz3a.png,,2026-09-08T12:13:49.430-04:00,2026-09-08T13:10:29-04:00,aces,0,,0,3626,WTA,,2,Elite,Elite,5,STALE_HISTORY,,,0.6279834861859119,,,,,,,,,,,,,,,,,,,hard,0,3.26027397260274,7.205479452054795,0.6993628090812983,0.759493670886076,79.0,1.0,0.0,,,MISSING_STAT_VALUES,,,,,,,,,,,,,,,,,,,,,,,0,4,5.0,-1.0,WTA,2,SERVE_HEAVY,ELITE,1,,,0.5,1.0,4.5,0.0,0.08,-0.42,4.018975700934579,0.5,0.03000000000000003,3.81802691588785,?,0.95,0.374,OVER,ml_prob_fallback,ml_prob_fallback,B,,3626,0.0,OVER,OVER,FORCED_OVER_ONLY_GOB_DEM,OVER,ml_prob_unified,0,
14624573,Alexander Zverev,ALEXANDER ZVEREV,Double Faults,4.5,2026-09-09T11:30:00.000-04:00,Tennis,ATP / HARD,Demon,,,,14624573,201395,185810,Alexander Zverev,4.5,Player,BOTIC VAN DE ZANDSCHULP,,,https://static.prizepicks.com/images/manual/Alexander Zverev.png,,2026-09-08T09:48:12.325-04:00,2026-09-08T13:10:29-04:00,double_faults,0,,0,2375,ATP,,1,Below Avg,Below Avg,70,STALE_HISTORY,,,0.7261248892215003,,,,,,,,,,,,,,,,,,,hard,0,8.821428571428571,1.571428571428571,0.7661283351954835,0.7209302325581395,86.0,1.0,0.0,,,MISSING_STAT_VALUES,,,,,,,,,,,,,,,,,,,,,,,0,2,70.0,-68.0,ATP,2,NEUTRAL,ELITE,1,,,0.5,0.95,4.5,0.0,0.08,-0.42,3.734391401869159,0.5,0.03000000000000003,3.547671831775701,?,0.95,0.374,OVER,ml_prob_fallback,ml_prob_fallback,B,,2375,0.0,OVER,OVER,FORCED_OVER_ONLY_GOB_DEM,OVER,ml_prob_unified,0,
14626765,Granollers M / Zeballos H,GRANOLLERS M / ZEBALLOS H,Total Games,23.5,2026-09-08T16:00:00.000-04:00,Tennis,ATP / HARD,Standard,23.5,,,14626765,305062,185687,Granollers M / Zeballos H,23.5,Player,UNKNOWN_OPP,,,https://static.prizepicks.com/images/manual/Granollers M : Zeballos H.png,,2026-09-08T07:41:39.843-04:00,2026-09-08T13:10:29-04:00,match_total_games,1,,0,698,ATP,pp_or_step1,0,N/A,N/A,N/A,STALE_HISTORY,,,,,,,,,,,,,,,,,,,,,,hard,0,,,,,,,,,,MISSING_STAT_VALUES,,,,,,,,,,,,,,,,,,,,,,,0,250,,,ATP,2,NEUTRAL,FIELD,1,,,0.5,1.0,23.5,0.0,0.58,0.08,4.018975700934579,0.5,0.03000000000000003,3.81802691588785,?,0.95,0.524,OVER,ml_prob,ml_prob,C,,698,0.0,OVER,OVER,STANDARD_TIEBREAK_HR5_OVER,OVER,ml_prob_unified,0,
14629258,Andrea Lazaro Garcia,ANDREA LAZARO GARCIA,Total Games,21.5,2026-09-09T08:00:00.000-04:00,Tennis,WTA / HARD,Standard,21.5,,,14629258,238506,185854,Andrea Lazaro Garcia,21.5,Player,UNKNOWN_OPP,,,https://static.flashscore.com/res/image/data/OtX0s6jl-CxOiWxwJ.png,,2026-09-08T09:48:12.325-04:00,2026-09-08T13:10:29-04:00,match_total_games,0,,0,4291,WTA,pp_or_step1,0,N/A,N/A,N/A,STALE_HISTORY,,,,,,,,,,,,,,,,,,,,,,hard,0,,,,,,,,,,MISSING_STAT_VALUES,,,,,,,,,,,,,,,,,,,,,,,0,142,,,WTA,2,NEUTRAL,FIELD,1,,,0.5,1.0,21.5,0.0,0.58,0.08,4.018975700934579,0.5,0.03000000000000003,3.81802691588785,?,0.95,0.524,OVER,ml_prob,ml_prob,C,,4291,0.0,OVER,OVER,STANDARD_TIEBREAK_HR5_OVER,OVER,ml_prob_unified,0,
14627802,Routliffe E / Sutjiadi A,ROUTLIFFE E / SUTJIADI A,Total Games,22.5,2026-09-08T17:10:00.000-04:00,Tennis,WTA / HARD,Standard,22.5,,,14627802,336502,185726,Routliffe E / Sutjiadi A,22.5,Player,KRUEGER A / MONTGOMERY R,,,https://static.prizepicks.com/images/manual/ErinSuj.png,,2026-09-08T07:41:39.843-04:00,2026-09-08T13:10:29-04:00,match_total_games,1,KRUEGER A / MONTGOMERY R,0,2204,WTA,pp_or_step1,0,Below Avg,Below Avg,60,STALE_HISTORY,,,,,,,,,,,,,,,,,,,,,,hard,0,,,,,,,,,,MISSING_STAT_VALUES,,,,,,,,,,,,,,,,,,,,,,,0,250,60.0,190.0,WTA,2,NEUTRAL,FIELD,1,,,0.5,1.05,22.5,0.0,0.58,0.08,4.311480560747664,0.5,0.03000000000000003,4.095906532710281,?,0.95,0.524,OVER,ml_prob,ml_prob,C,,2204,0.0,OVER,OVER,STANDARD_TIEBREAK_HR5_OVER,OVER,ml_prob_unified,0,
14626764,Heliovaara H / Patten H,HELIOVAARA H / PATTEN H,Total Games,22.5,2026-09-08T18:30:00.000-04:00,Tennis,ATP / HARD,Standard,22.5,,,14626764,275862,185675,Heliovaara H / Patten H,22.5,Player,UNKNOWN_OPP,,,https://static.prizepicks.com/images/manual/Heliovaara%20H%20:%20Patten%20H.png,,2026-09-08T07:41:39.843-04:00,2026-09-08T13:10:29-04:00,match_total_games,1,,0,3540,ATP,pp_or_step1,0,N/A,N/A,N/A,STALE_HISTORY,,,,,,,,,,,,,,,,,,,,,,hard,0,,,,,,,,,,MISSING_STAT_VALUES,,,,,,,,,,,,,,,,,,,,,,,0,250,,,ATP,2,NEUTRAL,FIELD,1,,,0.5,1.0,22.5,0.0,0.58,0.08,4.018975700934579,0.5,0.03000000000000003,3.81802691588785,?,0.95,0.524,OVER,ml_prob,ml_prob,C,,3540,0.0,OVER,OVER,STANDARD_TIEBREAK_HR5_OVER,OVER,ml_prob_unified,0,
14585606,Carlos Alcaraz,CARLOS ALCARAZ,Double Faults,3.5,2026-09-08T20:10:00.000-04:00,Tennis,ATP / HARD,Standard,3.5,,,14585606,201284,185581,Carlos Alcaraz,3.5,Player,BEN SHELTON,,,https://static.prizepicks.com/images/manual/Carlos Alcaraz3.png,,2026-09-08T07:41:39.843-04:00,2026-09-08T13:10:29-04:00,double_faults,0,,0,3782,ATP,pp_or_step1,0,Elite,Elite,9,STALE_HISTORY,,,0.652953811679599,,,,,,,,,,,,,,,,,,,hard,0,5.626506024096385,2.060240963855421,0.7694979195459459,0.8433734939759037,83.0,1.0,0.0,,,MISSING_STAT_VALUES,,,,,,,,,,,,,,,,,,,,,,,0,3,9.0,-6.0,ATP,2,NEUTRAL,ELITE,1,,,0.5,1.0,3.5,0.0,0.08,-0.42,4.018975700934579,0.5,0.03000000000000003,3.81802691588785,?,0.95,0.374,OVER,ml_prob,ml_prob,C,,3782,0.0,OVER,OVER,STANDARD_TIEBREAK_HR5_OVER,OVER,ml_prob_unified,0,
14629231,Karen Khachanov,KAREN KHACHANOV,Break Points Won,3.5,2026-09-09T11:30:00.000-04:00,Tennis,ATP / HARD,Standard,3.5,,,14629231,201396,185783,Karen Khachanov,3.5,Player,ALEXANDER BLOCKX,,,https://static.prizepicks.com/images/manual/Karen K.png,,2026-09-08T09:48:12.325-04:00,2026-09-08T13:10:29-04:00,break_points_won,0,,0,2367,ATP,pp_or_step1,0,Avg,Avg,34,STALE_HISTORY,,,0.6446638518747103,,,,,,,,,,,,,,,,,,,hard,0,7.968253968253968,2.047619047619047,0.764327151305763,0.5714285714285714,63.0,0.0,0.0,,,MISSING_STAT_VALUES,,,,,,,,,,,,,,,,,,,,,,,0,50,34.0,16.0,ATP,2,NEUTRAL,FIELD,1,,,0.5,1.0,3.5,0.0,0.2135,-0.2865,4.018975700934579,0.5,0.03000000000000003,3.81802691588785,?,0.95,0.414,OVER,ml_prob,ml_prob,C,,2367,0.0,OVER,OVER,STANDARD_TIEBREAK_HR5_OVER,OVER,ml_prob_unified,0,
14625271,Mirra Andreeva,MIRRA ANDREEVA,Break Points Won,3.5,2026-09-09T11:30:00.000-04:00,Tennis,WTA / HARD,Standard,3.5,,,14625271,203182,185779,Mirra Andreeva,3.5,Player,COCO GAUFF,,,https://static.prizepicks.com/images/manual/Mirra Head.png,,2026-09-08T09:48:12.325-04:00,2026-09-08T13:10:29-04:00,break_points_won,0,,0,9820,WTA,pp_or_step1,0,Elite,Elite,4,STALE_HISTORY,,,0.6207178578839927,,,,,,,,,,,,,,,,,,,hard,0,3.203125,3.875,0.6843839180264356,0.7272727272727273,66.0,1.0,0.0,,,MISSING_STAT_VALUES,,,,,,,,,,,,,,,,,,,,,,,0,5,4.0,1.0,WTA,2,NEUTRAL,ELITE,1,,,0.5,1.0,3.5,0.0,0.2472,-0.2528,4.018975700934579,0.5,0.03000000000000003,3.81802691588785,?,0.95,0.4242,OVER,ml_prob,ml_prob,C,,9820,0.0,OVER,OVER,STANDARD_TIEBREAK_HR5_OVER,OVER,ml_prob_unified,0,
14585608,Carlos Alcaraz,CARLOS ALCARAZ,Double Faults,4.5,2026-09-08T20:10:00.000-04:00,Tennis,ATP / HARD,Demon,3.5,,,14585608,201284,185581,Carlos Alcaraz,4.5,Player,BEN SHELTON,,,https://static.prizepicks.com/images/manual/Carlos Alcaraz3.png,,2026-09-08T07:41:39.843-04:00,2026-09-08T13:10:29-04:00,double_faults,0,,0,3782,ATP,sibling_or_pp,1,Elite,Elite,9,STALE_HISTORY,,,0.652953811679599,,,,,,,,,,,,,,,,,,,hard,0,5.626506024096385,2.060240963855421,0.7694979195459459,0.8433734939759037,83.0,1.0,0.0,,,MISSING_STAT_VALUES,,,,,,,,,,,,,,,,,,,,,,,0,3,9.0,-6.0,ATP,2,NEUTRAL,ELITE,1,,,0.5,1.0,4.5,0.0,0.08,-0.42,4.018975700934579,0.5,0.03000000000000003,3.81802691588785,?,0.95,0.374,OVER,distance,distance,A,,3782,0.0,OVER,OVER,FORCED_OVER_ONLY_GOB_DEM,OVER,ml_prob_unified,0,
14598200,Jennifer Ruggeri,JENNIFER RUGGERI,Aces,1.5,2026-09-08T13:15:00.000-04:00,Tennis,WTA / HARD,Demon,,,,14598200,263151,185648,Jennifer Ruggeri,1.5,Player,MARTINA TREVISAN,,,https://static.prizepicks.com/images/manual/Jennifer Ruggeri.png,,2026-09-08T12:54:31.065-04:00,2026-09-08T13:10:29-04:00,aces,0,,0,6576,WTA,,1,Weak,Weak,250,STALE_HISTORY,,,,,,,,,,,,,,,,,,,,,,hard,0,,,,,,,,,,MISSING_STAT_VALUES,,,,,,,,,,,,,,,,,,,,,,,0,250,250.0,0.0,WTA,2,SERVE_HEAVY,FIELD,1,,,0.5,1.0,1.5,0.0,0.08,-0.42,4.018975700934579,0.5,0.03000000000000003,3.81802691588785,?,0.95,0.374,OVER,ml_prob_fallback,ml_prob_fallback,B,,6576,0.0,OVER,OVER,FORCED_OVER_ONLY_GOB_DEM,OVER,ml_prob_unified,0,
14626147,Zhibek Kulambayeva,ZHIBEK KULAMBAYEVA,Aces,1.5,2026-09-09T05:00:00.000-04:00,Tennis,WTA / HARD,Demon,,,,14626147,246857,185672,Zhibek Kulambayeva,1.5,Player,ELIZARA YANEVA,,,https://static.flashscore.com/res/image/data/Kzo9TLwS-StIfzY0L.png,,2026-09-08T09:48:12.325-04:00,2026-09-08T13:10:29-04:00,aces,0,,0,4926,WTA,,1,Weak,Weak,250,STALE_HISTORY,,,,,,,,,,,,,,,,,,,,,,hard,0,,,,,,,,,,MISSING_STAT_VALUES,,,,,,,,,,,,,,,,,,,,,,,0,250,250.0,0.0,WTA,2,SERVE_HEAVY,FIELD,1,,,0.5,1.0,1.5,0.0,0.08,-0.42,4.018975700934579,0.5,0.03000000000000003,3.81802691588785,?,0.95,0.374,OVER,ml_prob_fallback,ml_prob_fallback,B,,4926,0.0,OVER,OVER,FORCED_OVER_ONLY_GOB_DEM,OVER,ml_prob_unified,0,
14629282,Andrea Lazaro Garcia,ANDREA LAZARO GARCIA,Aces,1.5,2026-09-09T08:00:00.000-04:00,Tennis,WTA / HARD,Demon,,,,14629282,238506,185854,Andrea Lazaro Garcia,1.5,Player,UNKNOWN_OPP,,,https://static.flashscore.com/res/image/data/OtX0s6jl-CxOiWxwJ.png,,2026-09-08T09:48:12.325-04:00,2026-09-08T13:10:29-04:00,aces,0,,0,4291,WTA,,1,N/A,N/A,N/A,STALE_HISTORY,,,,,,,,,,,,,,,,,,,,,,hard,0,,,,,,,,,,MISSING_STAT_VALUES,,,,,,,,,,,,,,,,,,,,,,,0,142,,,WTA,2,SERVE_HEAVY,FIELD,1,,,0.5,1.0,1.5,0.0,0.08,-0.42,4.018975700934579,0.5,0.03000000000000003,3.81802691588785,?,0.95,0.374,OVER,ml_prob_fallback,ml_prob_fallback,B,,4291,0.0,OVER,OVER,FORCED_OVER_ONLY_GOB_DEM,OVER,ml_prob_unified,0,
14619864,Karen Khachanov,KAREN KHACHANOV,Total Games Won,17.5,2026-09-09T11:30:00.000-04:00,Tennis,ATP / HARD,Goblin,20.5,,,14619864,201396,185783,Karen Khachanov,17.5,Player,ALEXANDER BLOCKX,,,https://static.prizepicks.com/images/manual/Karen K.png,,2026-09-08T09:48:12.325-04:00,2026-09-08T13:10:29-04:00,games_won,0,,0,2367,ATP,sibling_or_pp,2,Avg,Avg,34,OK,,,0.6446638518747103,,,,,18.0,18.0,16.0,10.0,6.0,18.0,14.0,,,,13.6,14.28571428571429,14.28571428571429,,hard,0,7.968253968253968,2.047619047619047,0.764327151305763,0.5714285714285714,63.0,0.0,0.0,,,OK,5.0,2.0,3.0,0.0,0.4,0.6,0.4,0.6,2.0,3.0,2.0,3.0,0.0,7.0,3.0,4.0,0.0,0.4285714285714285,0.5714285714285714,0.4285714285714285,0.5714285714285714,,0,50,34.0,16.0,ATP,2,NEUTRAL,FIELD,1,,,0.41428571428571426,0.8285714285714285,13.6,-3.9000000000000004,0.58,0.5602,3.198394725281709,0.4142857142857143,0.008000000000000007,3.038474989017623,?,0.95,0.464,OVER,distance,distance,B,,2367,3.9000000000000004,UNDER,OVER,FORCED_OVER_ONLY_GOB_DEM,OVER,ml_prob_unified,7,4.6803
14598208,Martina Trevisan,MARTINA TREVISAN,Aces,3.5,2026-09-08T13:15:00.000-04:00,Tennis,WTA / HARD,Demon,,,,14598208,202036,185648,Martina Trevisan,3.5,Player,JENNIFER RUGGERI,,,https://static.flashscore.com/res/image/data/Snya7gil-U3ZuGemt.png,,2026-09-08T12:54:31.065-04:00,2026-09-08T13:10:29-04:00,aces,0,,0,1374,WTA,,2,Weak,Weak,250,STALE_HISTORY,,,0.6804987500989339,,,,,,,,,,,,,,,,,,,hard,0,1.25,3.375,0.6212193969519703,0.5,8.0,0.0,0.0,,,MISSING_STAT_VALUES,,,,,,,,,,,,,,,,,,,,,,,0,250,250.0,0.0,WTA,2,SERVE_HEAVY,FIELD,1,,,0.5,1.0,3.5,0.0,0.08,-0.42,4.018975700934579,0.5,0.03000000000000003,3.81802691588785,?,0.95,0.374,OVER,ml_prob_fallback,ml_prob_fallback,B,,1374,0.0,OVER,OVER,FORCED_OVER_ONLY_GOB_DEM,OVER,ml_prob_unified,0,
14594417,Alex Michelsen,ALEX MICHELSEN,Break Points Won,3.5,2026-09-08T13:45:00.000-04:00,Tennis,ATP / HARD,Demon,,,,14594417,202916,185558,Alex Michelsen,3.5,Player,FRANCES TIAFOE,,,https://static.flashscore.com/res/image/data/Yi8Wfkg5-QJ66gxcd.png,,2026-09-08T13:10:19.092-04:00,2026-09-08T13:10:29-04:00,break_points_won,0,,0,11400,ATP,,1,Above Avg,Above Avg,12,STALE_HISTORY,,,0.6678652941099754,,,,,,,,,,,,,,,,,,,hard,0,5.914285714285715,2.371428571428571,0.7094886495003496,0.5633802816901409,71.0,0.0,0.0,,,MISSING_STAT_VALUES,,,,,,,,,,,,,,,,,,,,,,,0,46,12.0,34.0,ATP,2,NEUTRAL,FIELD,1,,,0.5,1.0,3.5,0.0,0.1517,-0.3483,4.018975700934579,0.5,0.03000000000000003,3.81802691588785,?,0.95,0.3955,OVER,ml_prob_fallback,ml_prob_fallback,B,,11400,0.0,OVER,OVER,FORCED_OVER_ONLY_GOB_DEM,OVER,ml_prob_unified,0,
14622340,Leolia Jeanjean,LEOLIA JEANJEAN,Aces,3.5,2026-09-08T14:30:00.000-04:00,Tennis,WTA / HARD,Demon,,,,14622340,207629,185728,Leolia Jeanjean,3.5,Player,UNKNOWN_OPP,,,https://www.flashscore.com/res/image/data/bZBG1QdM-GK1ed7D0.png,,2026-09-08T07:41:39.843-04:00,2026-09-08T13:10:29-04:00,aces,0,,0,4453,WTA,,1,N/A,N/A,N/A,STALE_HISTORY,,,0.6112936114874284,,,,,,,,,,,,,,,,,,,hard,0,2.090909090909091,3.090909090909091,0.6197358235798843,0.1428571428571428,14.0,0.0,1.0,,,MISSING_STAT_VALUES,,,,,,,,,,,,,,,,,,,,,,,0,127,,,WTA,2,SERVE_HEAVY,FIELD,1,,,0.5,1.0,3.5,0.0,0.08,-0.42,4.018975700934579,0.5,0.03000000000000003,3.81802691588785,?,0.95,0.374,OVER,ml_prob_fallback,ml_prob_fallback,B,,4453,0.0,OVER,OVER,FORCED_OVER_ONLY_GOB_DEM,OVER,ml_prob_unified,0,
14622349,Ena Koike,ENA KOIKE,Aces,3.5,2026-09-08T15:40:00.000-04:00,Tennis,WTA / HARD,Demon,,,,14622349,268977,185730,Ena Koike,3.5,Player,NADIA PODOROSKA,,,https://static.prizepicks.com/images/manual/EnaKoike.webp,,2026-09-08T07:41:39.843-04:00,2026-09-08T13:10:29-04:00,aces,0,,0,11378,WTA,,1,Weak,Weak,250,STALE_HISTORY,,,,,,,,,,,,,,,,,,,,,,hard,0,,,,,,,,,,MISSING_STAT_VALUES,,,,,,,,,,,,,,,,,,,,,,,0,250,250.0,0.0,WTA,2,SERVE_HEAVY,FIELD,1,,,0.5,1.0,3.5,0.0,0.08,-0.42,4.018975700934579,0.5,0.03000000000000003,3.81802691588785,?,0.95,0.374,OVER,ml_prob_fallback,ml_prob_fallback,B,,11378,0.0,OVER,OVER,FORCED_OVER_ONLY_GOB_DEM,OVER,ml_prob_unified,0,
14583857,Jessica Pegula,JESSICA PEGULA,Double Faults,3.5,2026-09-08T19:00:00.000-04:00,Tennis,WTA / HARD,Demon,,,,14583857,201369,185590,Jessica Pegula,3.5,Player,EMMA NAVARRO,,,https://www.flashscore.com/res/image/data/GS3hkKzB-A19CsvyR.png,,2026-09-08T07:41:39.843-04:00,2026-09-08T13:10:29-04:00,double_faults,0,,0,2113,WTA,,1,Avg,Avg,27,STALE_HISTORY,,,0.6293953459627286,,,,,,,,,,,,,,,,,,,hard,0,3.320987654320988,1.987654320987654,0.6920522626365668,0.7142857142857143,84.0,1.0,0.0,,,MISSING_STAT_VALUES,,,,,,,,,,,,,,,,,,,,,,,0,3,27.0,-24.0,WTA,2,NEUTRAL,ELITE,1,,,0.5,1.0,3.5,0.0,0.08,-0.42,4.018975700934579,0.5,0.03000000000000003,3.81802691588785,?,0.95,0.374,OVER,ml_prob_fallback,ml_prob_fallback,B,,2113,0.0,OVER,OVER,FORCED_OVER_ONLY_GOB_DEM,OVER,ml_prob_unified,0,
14629266,Alevtina Ibragimova,ALEVTINA IBRAGIMOVA,Aces,3.5,2026-09-09T06:10:00.000-04:00,Tennis,WTA / HARD,Demon,,,,14629266,202469,185848,Alevtina Ibragimova,3.5,Player,LEYRE ROMERO GORMAZ,,,https://static.prizepicks.com/images/manual/AlevtinaIbragimova.webp,,2026-09-08T09:48:12.325-04:00,2026-09-08T13:10:29-04:00,aces,0,,0,11513,WTA,,2,Weak,Weak,145,STALE_HISTORY,,,,,,,,,,,,,,,,,,,,,,hard,0,,,,,,,,,,MISSING_STAT_VALUES,,,,,,,,,,,,,,,,,,,,,,,0,250,145.0,105.0,WTA,2,SERVE_HEAVY,FIELD,1,,,0.5,1.05,3.5,0.0,0.08,-0.42,4.311480560747664,0.5,0.03000000000000003,4.095906532710281,?,0.95,0.374,OVER,ml_prob_fallback,ml_prob_fallback,B,,11513,0.0,OVER,OVER,FORCED_OVER_ONLY_GOB_DEM,OVER,ml_prob_unified,0,
14629272,Leyre Romero Gormaz,LEYRE ROMERO GORMAZ,Aces,3.5,2026-09-09T06:10:00.000-04:00,Tennis,WTA / CLAY,Demon,,,,14629272,201929,185848,Leyre Romero Gormaz,3.5,Player,ALEVTINA IBRAGIMOVA,,,https://static.prizepicks.com/images/manual/lorireyes12.png,,2026-09-08T09:48:12.325-04:00,2026-09-08T13:10:29-04:00,aces,0,,0,10676,WTA,,2,Weak,Weak,250,STALE_HISTORY,,,,,,,,,,,,,,,,,,,,,,clay,0,,,,,,,,,,MISSING_STAT_VALUES,,,,,,,,,,,,,,,,,,,,,,,0,145,250.0,-105.0,WTA,2,SERVE_HEAVY,FIELD,1,,,0.5,0.95,3.5,0.0,0.08,-0.42,3.734391401869159,0.5,0.03000000000000003,3.547671831775701,?,0.95,0.374,OVER,ml_prob_fallback,ml_prob_fallback,B,,10676,0.0,OVER,OVER,FORCED_OVER_ONLY_GOB_DEM,OVER,ml_prob_unified,0,
14626139,Elizara Yaneva,ELIZARA YANEVA,Aces,3.5,2026-09-09T05:00:00.000-04:00,Tennis,WTA / HARD,Demon,,,,14626139,314549,185672,Elizara Yaneva,3.5,Player,ZHIBEK KULAMBAYEVA,,,https://static.prizepicks.com/images/manual/Yaneva.png,,2026-09-08T09:48:12.325-04:00,2026-09-08T13:10:29-04:00,aces,0,,0,9442,WTA,,2,Weak,Weak,250,STALE_HISTORY,,,,,,,,,,,,,,,,,,,,,,hard,0,,,,,,,,,,MISSING_STAT_VALUES,,,,,,,,,,,,,,,,,,,,,,,0,250,250.0,0.0,WTA,2,SERVE_HEAVY,FIELD,1,,,0.5,1.0,3.5,0.0,0.08,-0.42,4.018975700934579,0.5,0.03000000000000003,3.81802691588785,?,0.95,0.374,OVER,ml_prob_fallback,ml_prob_fallback,B,,9442,0.0,OVER,OVER,FORCED_OVER_ONLY_GOB_DEM,OVER,ml_prob_unified,0,
14599794,Aurora Zantedeschi,AURORA ZANTEDESCHI,Aces,3.5,2026-09-09T04:30:00.000-04:00,Tennis,WTA / HARD,Demon,,,,14599794,247239,185652,Aurora Zantedeschi,3.5,Player,LINA GJORCHESKA,,,https://static.flashscore.com/res/image/data/0QC5dYDa-z9AWrQfb.png,,2026-09-08T09:48:12.325-04:00,2026-09-08T13:10:29-04:00,aces,0,,0,5160,WTA,,1,Weak,Weak,250,STALE_HISTORY,,,,,,,,,,,,,,,,,,,,,,hard,0,,,,,,,,,,MISSING_STAT_VALUES,,,,,,,,,,,,,,,,,,,,,,,0,250,250.0,0.0,WTA,2,SERVE_HEAVY,FIELD,1,,,0.5,1.0,3.5,0.0,0.08,-0.42,4.018975700934579,0.5,0.03000000000000003,3.81802691588785,?,0.95,0.374,OVER,ml_prob_fallback,ml_prob_fallback,B,,5160,0.0,OVER,OVER,FORCED_OVER_ONLY_GOB_DEM,OVER,ml_prob_unified,0,
14633443,Nuria Brancaccio,NURIA BRANCACCIO,Aces,3.5,2026-09-09T09:10:00.000-04:00,Tennis,WTA / HARD,Demon,,,,14633443,202405,185866,Nuria Brancaccio,3.5,Player,DALMA GALFI,,,https://www.flashscore.com/res/image/data/dKrfR6Ea-GpRwzSga.png,,2026-09-08T12:05:15.425-04:00,2026-09-08T13:10:29-04:00,aces,0,,0,5168,WTA,,2,Weak,Weak,250,STALE_HISTORY,,,,,,,,,,,,,,,,,,,,,,hard,0,,,,,,,,,,MISSING_STAT_VALUES,,,,,,,,,,,,,,,,,,,,,,,0,250,250.0,0.0,WTA,2,SERVE_HEAVY,FIELD,1,,,0.5,1.0,3.5,0.0,0.08,-0.42,4.018975700934579,0.5,0.03000000000000003,3.81802691588785,?,0.95,0.374,OVER,ml_prob_fallback,ml_prob_fallback,B,,5168,0.0,OVER,OVER,FORCED_OVER_ONLY_GOB_DEM,OVER,ml_prob_unified,0,
14633446,Nuria Brancaccio,NURIA BRANCACCIO,Double Faults,3.5,2026-09-09T09:10:00.000-04:00,Tennis,WTA / HARD,Demon,,,,14633446,202405,185866,Nuria Brancaccio,3.5,Player,DALMA GALFI,,,https://www.flashscore.com/res/image/data/dKrfR6Ea-GpRwzSga.png,,2026-09-08T12:05:15.589-04:00,2026-09-08T13:10:29-04:00,double_faults,0,,0,5168,WTA,,1,Weak,Weak,250,STALE_HISTORY,,,,,,,,,,,,,,,,,,,,,,hard,0,,,,,,,,,,MISSING_STAT_VALUES,,,,,,,,,,,,,,,,,,,,,,,0,250,250.0,0.0,WTA,2,NEUTRAL,FIELD,1,,,0.5,1.0,3.5,0.0,0.08,-0.42,4.018975700934579,0.5,0.03000000000000003,3.81802691588785,?,0.95,0.374,OVER,ml_prob_fallback,ml_prob_fallback,B,,5168,0.0,OVER,OVER,FORCED_OVER_ONLY_GOB_DEM,OVER,ml_prob_unified,0,
14633683,Nao Hibino,NAO HIBINO,Aces,3.5,2026-09-09T11:00:00.000-04:00,Tennis,WTA / HARD,Demon,,,,14633683,204436,185782,Nao Hibino,3.5,Player,ANASTASIA TIKHONOVA,,,https://www.flashscore.com/res/image/data/KxS8M9dM-G0BIjPpT.png,,2026-09-08T12:11:15.867-04:00,2026-09-08T13:10:29-04:00,aces,0,,0,2043,WTA,,2,Weak,Weak,250,STALE_HISTORY,,,0.6573377914017103,,,,,,,,,,,,,,,,,,,hard,0,1.875,3.25,0.5410282497501924,0.2222222222222222,9.0,0.0,0.0,,,MISSING_STAT_VALUES,,,,,,,,,,,,,,,,,,,,,,,0,250,250.0,0.0,WTA,2,SERVE_HEAVY,FIELD,1,,,0.5,1.0,3.5,0.0,0.08,-0.42,4.018975700934579,0.5,0.03000000000000003,3.81802691588785,?,0.95,0.374,OVER,ml_prob_fallback,ml_prob_fallback,B,,2043,0.0,OVER,OVER,FORCED_OVER_ONLY_GOB_DEM,OVER,ml_prob_unified,0,
14623027,Karen Khachanov,KAREN KHACHANOV,1st Set Aces,3.5,2026-09-09T11:30:00.000-04:00,Tennis,ATP / HARD,Demon,,,,14623027,201396,185783,Karen Khachanov,3.5,Player,ALEXANDER BLOCKX,,,https://static.prizepicks.com/images/manual/Karen K.png,,2026-09-08T09:45:28.658-04:00,2026-09-08T13:10:29-04:00,aces,0,,0,2367,ATP,,1,Avg,Avg,34,STALE_HISTORY,,,0.6446638518747103,,,,,,,,,,,,,,,,,,,hard,0,7.968253968253968,2.047619047619047,0.764327151305763,0.5714285714285714,63.0,0.0,0.0,,,MISSING_STAT_VALUES,,,,,,,,,,,,,,,,,,,,,,,0,50,34.0,16.0,ATP,2,SERVE_HEAVY,FIELD,1,,,0.5,1.0,3.5,0.0,0.08,-0.42,4.018975700934579,0.5,0.03000000000000003,3.81802691588785,?,0.95,0.374,OVER,ml_prob_fallback,ml_prob_fallback,B,,2367,0.0,OVER,OVER,FORCED_OVER_ONLY_GOB_DEM,OVER,ml_prob_unified,0,
14622069,Mirra Andreeva,MIRRA ANDREEVA,Aces,3.5,2026-09-09T11:30:00.000-04:00,Tennis,WTA / HARD,Demon,1.5,,,14622069,203182,185779,Mirra Andreeva,3.5,Player,COCO GAUFF,,,https://static.prizepicks.com/images/manual/Mirra Head.png,,2026-09-08T09:48:12.325-04:00,2026-09-08T13:10:29-04:00,aces,0,,0,9820,WTA,sibling_or_pp,2,Elite,Elite,4,STALE_HISTORY,,,0.6207178578839927,,,,,,,,,,,,,,,,,,,hard,0,3.203125,3.875,0.6843839180264356,0.7272727272727273,66.0,1.0,0.0,,,MISSING_STAT_VALUES,,,,,,,,,,,,,,,,,,,,,,,0,5,4.0,1.0,WTA,2,SERVE_HEAVY,ELITE,1,,,0.5,1.0,3.5,0.0,0.08,-0.42,4.018975700934579,0.5,0.03000000000000003,3.81802691588785,?,0.95,0.374,OVER,distance,distance,B,,9820,0.0,OVER,OVER,FORCED_OVER_ONLY_GOB_DEM,OVER,ml_prob_unified,0,
14622160,Coco Gauff,COCO GAUFF,Aces,3.5,2026-09-09T11:30:00.000-04:00,Tennis,WTA / HARD,Demon,,,,14622160,201229,185779,Coco Gauff,3.5,Player,MIRRA ANDREEVA,,,https://www.flashscore.com/res/image/data/UDnGEpDr-fa4Gaz3a.png,,2026-09-08T09:48:12.325-04:00,2026-09-08T13:10:29-04:00,aces,0,,0,3626,WTA,,1,Elite,Elite,5,STALE_HISTORY,,,0.6279834861859119,,,,,,,,,,,,,,,,,,,hard,0,3.26027397260274,7.205479452054795,0.6993628090812983,0.759493670886076,79.0,1.0,0.0,,,MISSING_STAT_VALUES,,,,,,,,,,,,,,,,,,,,,,,0,4,5.0,-1.0,WTA,2,SERVE_HEAVY,ELITE,1,,,0.5,1.0,3.5,0.0,0.08,-0.42,4.018975700934579,0.5,0.03000000000000003,3.81802691588785,?,0.95,0.374,OVER,ml_prob_fallback,ml_prob_fallback,B,,3626,0.0,OVER,OVER,FORCED_OVER_ONLY_GOB_DEM,OVER,ml_prob_unified,0,
14583854,Emma Navarro,EMMA NAVARRO,Break Points Won,2.5,2026-09-08T19:00:00.000-04:00,Tennis,WTA / HARD,Standard,2.5,,,14583854,201443,185590,Emma Navarro,2.5,Player,JESSICA PEGULA,,,https://static.prizepicks.com/images/manual/Emma Head.png,,2026-09-08T07:41:39.843-04:00,2026-09-08T13:10:29-04:00,break_points_won,0,,0,3785,WTA,pp_or_step1,0,Elite,Elite,3,STALE_HISTORY,,,0.6283290880630938,,,,,,,,,,,,,,,,,,,hard,0,1.888888888888889,3.533333333333333,0.6366395772251866,0.4791666666666667,48.0,0.0,0.0,,,MISSING_STAT_VALUES,,,,,,,,,,,,,,,,,,,,,,,0,27,3.0,24.0,WTA,2,NEUTRAL,ELITE,1,,,0.5,1.0,2.5,0.0,0.2551,-0.2449,4.018975700934579,0.5,0.03000000000000003,3.81802691588785,?,0.95,0.4265,OVER,ml_prob,ml_prob,C,,3785,0.0,OVER,OVER,STANDARD_TIEBREAK_HR5_OVER,OVER,ml_prob_unified,0,
14603222,Frances Tiafoe,FRANCES TIAFOE,Double Faults,5.5,2026-09-08T13:45:00.000-04:00,Tennis,ATP / HARD,Demon,,,,14603222,201267,185558,Frances Tiafoe,5.5,Player,ALEX MICHELSEN,,,https://static.prizepicks.com/images/manual/tiafoe.png,,2026-09-08T13:10:19.092-04:00,2026-09-08T13:10:29-04:00,double_faults,0,,0,2708,ATP,,2,Avg,Avg,46,STALE_HISTORY,,,0.5948380261102764,,,,,,,,,,,,,,,,,,,hard,0,8.310344827586206,2.155172413793104,0.7471931813542996,0.55,60.0,0.0,0.0,,,MISSING_STAT_VALUES,,,,,,,,,,,,,,,,,,,,,,,0,12,46.0,-34.0,ATP,2,NEUTRAL,ELITE,1,,,0.5,1.0,5.5,0.0,0.08,-0.42,4.018975700934579,0.5,0.03000000000000003,3.81802691588785,?,0.95,0.374,OVER,ml_prob_fallback,ml_prob_fallback,B,,2708,0.0,OVER,OVER,FORCED_OVER_ONLY_GOB_DEM,OVER,ml_prob_unified,0,
14583123,Emma Navarro,EMMA NAVARRO,1st Set Total Games Won,5.5,2026-09-08T19:00:00.000-04:00,Tennis,WTA / HARD,Demon,,,,14583123,201443,185590,Emma Navarro,5.5,Player,JESSICA PEGULA,,,https://static.prizepicks.com/images/manual/Emma Head.png,,2026-09-08T07:33:50.424-04:00,2026-09-08T13:10:29-04:00,total_sets,0,,0,3785,WTA,,1,Elite,Elite,3,STALE_HISTORY,,,0.6283290880630938,,,,,,,,,,,,,,,,,,,hard,0,1.888888888888889,3.533333333333333,0.6366395772251866,0.4791666666666667,48.0,0.0,0.0,,,MISSING_STAT_VALUES,,,,,,,,,,,,,,,,,,,,,,,0,27,3.0,24.0,WTA,2,NEUTRAL,ELITE,1,,,0.5,1.0,5.5,0.0,0.58,0.08,4.018975700934579,0.5,0.03000000000000003,3.81802691588785,?,0.95,0.524,OVER,ml_prob_fallback,ml_prob_fallback,B,,3785,0.0,OVER,OVER,FORCED_OVER_ONLY_GOB_DEM,OVER,ml_prob_unified,0,
14583862,Emma Navarro,EMMA NAVARRO,Double Faults,5.5,2026-09-08T19:00:00.000-04:00,Tennis,WTA / HARD,Demon,,,,14583862,201443,185590,Emma Navarro,5.5,Player,JESSICA PEGULA,,,https://static.prizepicks.com/images/manual/Emma Head.png,,2026-09-08T07:41:39.843-04:00,2026-09-08T13:10:29-04:00,double_faults,0,,0,3785,WTA,,2,Elite,Elite,3,STALE_HISTORY,,,0.6283290880630938,,,,,,,,,,,,,,,,,,,hard,0,1.888888888888889,3.533333333333333,0.6366395772251866,0.4791666666666667,48.0,0.0,0.0,,,MISSING_STAT_VALUES,,,,,,,,,,,,,,,,,,,,,,,0,27,3.0,24.0,WTA,2,NEUTRAL,ELITE,1,,,0.5,1.0,5.5,0.0,0.08,-0.42,4.018975700934579,0.5,0.03000000000000003,3.81802691588785,?,0.95,0.374,OVER,ml_prob_fallback,ml_prob_fallback,B,,3785,0.0,OVER,OVER,FORCED_OVER_ONLY_GOB_DEM,OVER,ml_prob_unified,0,
14583869,Jessica Pegula,JESSICA PEGULA,Aces,5.5,2026-09-08T19:00:00.000-04:00,Tennis,WTA / HARD,Demon,,,,14583869,201369,185590,Jessica Pegula,5.5,Player,EMMA NAVARRO,,,https://www.flashscore.com/res/image/data/GS3hkKzB-A19CsvyR.png,,2026-09-08T07:41:39.843-04:00,2026-09-08T13:10:29-04:00,aces,0,,0,2113,WTA,,1,Avg,Avg,27,STALE_HISTORY,,,0.6293953459627286,,,,,,,,,,,,,,,,,,,hard,0,3.320987654320988,1.987654320987654,0.6920522626365668,0.7142857142857143,84.0,1.0,0.0,,,MISSING_STAT_VALUES,,,,,,,,,,,,,,,,,,,,,,,0,3,27.0,-24.0,WTA,2,SERVE_HEAVY,ELITE,1,,,0.5,1.0,5.5,0.0,0.08,-0.42,4.018975700934579,0.5,0.03000000000000003,3.81802691588785,?,0.95,0.374,OVER,ml_prob_fallback,ml_prob_fallback,B,,2113,0.0,OVER,OVER,FORCED_OVER_ONLY_GOB_DEM,OVER,ml_prob_unified,0,
14585603,Ben Shelton,BEN SHELTON,Double Faults,5.5,2026-09-08T20:10:00.000-04:00,Tennis,ATP / HARD,Demon,4.0,,,14585603,201258,185581,Ben Shelton,5.5,Player,CARLOS ALCARAZ,,,https://static.prizepicks.com/images/manual/Ben Shelton.png,,2026-09-08T07:41:39.843-04:00,2026-09-08T13:10:29-04:00,double_faults,0,,0,9250,ATP,sibling_or_pp,1,Elite,Elite,3,STALE_HISTORY,,,0.6753995623116001,,,,,,,,,,,,,,,,,,,hard,0,10.06849315068493,2.547945205479452,0.7700546496212411,0.6575342465753424,73.0,1.0,0.0,,,MISSING_STAT_VALUES,,,,,,,,,,,,,,,,,,,,,,,0,9,3.0,6.0,ATP,2,NEUTRAL,ELITE,1,,,0.5,1.0,5.5,0.0,0.08,-0.42,4.018975700934579,0.5,0.03000000000000003,3.81802691588785,?,0.95,0.374,OVER,distance,distance,B,,9250,0.0,OVER,OVER,FORCED_OVER_ONLY_GOB_DEM,OVER,ml_prob_unified,0,
14585609,Carlos Alcaraz,CARLOS ALCARAZ,Double Faults,5.5,2026-09-08T20:10:00.000-04:00,Tennis,ATP / HARD,Demon,3.5,,,14585609,201284,185581,Carlos Alcaraz,5.5,Player,BEN SHELTON,,,https://static.prizepicks.com/images/manual/Carlos Alcaraz3.png,,2026-09-08T07:41:39.843-04:00,2026-09-08T13:10:29-04:00,double_faults,0,,0,3782,ATP,sibling_or_pp,2,Elite,Elite,9,STALE_HISTORY,,,0.652953811679599,,,,,,,,,,,,,,,,,,,hard,0,5.626506024096385,2.060240963855421,0.7694979195459459,0.8433734939759037,83.0,1.0,0.0,,,MISSING_STAT_VALUES,,,,,,,,,,,,,,,,,,,,,,,0,3,9.0,-6.0,ATP,2,NEUTRAL,ELITE,1,,,0.5,1.0,5.5,0.0,0.08,-0.42,4.018975700934579,0.5,0.03000000000000003,3.81802691588785,?,0.95,0.374,OVER,distance,distance,B,,3782,0.0,OVER,OVER,FORCED_OVER_ONLY_GOB_DEM,OVER,ml_prob_unified,0,
14585728,Carlos Alcaraz,CARLOS ALCARAZ,Aces,5.5,2026-09-08T20:10:00.000-04:00,Tennis,ATP / HARD,Demon,,,,14585728,201284,185581,Carlos Alcaraz,5.5,Player,BEN SHELTON,,,https://static.prizepicks.com/images/manual/Carlos Alcaraz3.png,,2026-09-08T07:41:39.843-04:00,2026-09-08T13:10:29-04:00,aces,0,,0,3782,ATP,,2,Elite,Elite,9,STALE_HISTORY,,,0.652953811679599,,,,,,,,,,,,,,,,,,,hard,0,5.626506024096385,2.060240963855421,0.7694979195459459,0.8433734939759037,83.0,1.0,0.0,,,MISSING_STAT_VALUES,,,,,,,,,,,,,,,,,,,,,,,0,3,9.0,-6.0,ATP,2,SERVE_HEAVY,ELITE,1,,,0.5,1.0,5.5,0.0,0.08,-0.42,4.018975700934579,0.5,0.03000000000000003,3.81802691588785,?,0.95,0.374,OVER,ml_prob_fallback,ml_prob_fallback,B,,3782,0.0,OVER,OVER,FORCED_OVER_ONLY_GOB_DEM,OVER,ml_prob_unified,0,
14629279,Leyre Romero Gormaz,LEYRE ROMERO GORMAZ,Double Faults,5.5,2026-09-09T06:10:00.000-04:00,Tennis,WTA / CLAY,Demon,,,,14629279,201929,185848,Leyre Romero Gormaz,5.5,Player,ALEVTINA IBRAGIMOVA,,,https://static.prizepicks.com/images/manual/lorireyes12.png,,2026-09-08T09:48:12.325-04:00,2026-09-08T13:10:29-04:00,double_faults,0,,0,10676,WTA,,1,Weak,Weak,250,STALE_HISTORY,,,,,,,,,,,,,,,,,,,,,,clay,0,,,,,,,,,,MISSING_STAT_VALUES,,,,,,,,,,,,,,,,,,,,,,,0,145,250.0,-105.0,WTA,2,NEUTRAL,FIELD,1,,,0.5,0.95,5.5,0.0,0.08,-0.42,3.734391401869159,0.5,0.03000000000000003,3.547671831775701,?,0.95,0.374,OVER,ml_prob_fallback,ml_prob_fallback,B,,10676,0.0,OVER,OVER,FORCED_OVER_ONLY_GOB_DEM,OVER,ml_prob_unified,0,
14626142,Elizara Yaneva,ELIZARA YANEVA,Double Faults,5.5,2026-09-09T05:00:00.000-04:00,Tennis,WTA / HARD,Demon,,,,14626142,314549,185672,Elizara Yaneva,5.5,Player,ZHIBEK KULAMBAYEVA,,,https://static.prizepicks.com/images/manual/Yaneva.png,,2026-09-08T09:48:12.325-04:00,2026-09-08T13:10:29-04:00,double_faults,0,,0,9442,WTA,,1,Weak,Weak,250,STALE_HISTORY,,,,,,,,,,,,,,,,,,,,,,hard,0,,,,,,,,,,MISSING_STAT_VALUES,,,,,,,,,,,,,,,,,,,,,,,0,250,250.0,0.0,WTA,2,NEUTRAL,FIELD,1,,,0.5,1.0,5.5,0.0,0.08,-0.42,4.018975700934579,0.5,0.03000000000000003,3.81802691588785,?,0.95,0.374,OVER,ml_prob_fallback,ml_prob_fallback,B,,9442,0.0,OVER,OVER,FORCED_OVER_ONLY_GOB_DEM,OVER,ml_prob_unified,0,
14626150,Zhibek Kulambayeva,ZHIBEK KULAMBAYEVA,Double Faults,5.5,2026-09-09T05:00:00.000-04:00,Tennis,WTA / HARD,Demon,,,,14626150,246857,185672,Zhibek Kulambayeva,5.5,Player,ELIZARA YANEVA,,,https://static.flashscore.com/res/image/data/Kzo9TLwS-StIfzY0L.png,,2026-09-08T09:48:12.325-04:00,2026-09-08T13:10:29-04:00,double_faults,0,,0,4926,WTA,,2,Weak,Weak,250,STALE_HISTORY,,,,,,,,,,,,,,,,,,,,,,hard,0,,,,,,,,,,MISSING_STAT_VALUES,,,,,,,,,,,,,,,,,,,,,,,0,250,250.0,0.0,WTA,2,NEUTRAL,FIELD,1,,,0.5,1.0,5.5,0.0,0.08,-0.42,4.018975700934579,0.5,0.03000000000000003,3.81802691588785,?,0.95,0.374,OVER,ml_prob_fallback,ml_prob_fallback,B,,4926,0.0,OVER,OVER,FORCED_OVER_ONLY_GOB_DEM,OVER,ml_prob_unified,0,
14599799,Aurora Zantedeschi,AURORA ZANTEDESCHI,Double Faults,5.5,2026-09-09T04:30:00.000-04:00,Tennis,WTA / HARD,Demon,,,,14599799,247239,185652,Aurora Zantedeschi,5.5,Player,LINA GJORCHESKA,,,https://static.flashscore.com/res/image/data/0QC5dYDa-z9AWrQfb.png,,2026-09-08T09:48:12.325-04:00,2026-09-08T13:10:29-04:00,double_faults,0,,0,5160,WTA,,2,Weak,Weak,250,STALE_HISTORY,,,,,,,,,,,,,,,,,,,,,,hard,0,,,,,,,,,,MISSING_STAT_VALUES,,,,,,,,,,,,,,,,,,,,,,,0,250,250.0,0.0,WTA,2,NEUTRAL,FIELD,1,,,0.5,1.0,5.5,0.0,0.08,-0.42,4.018975700934579,0.5,0.03000000000000003,3.81802691588785,?,0.95,0.374,OVER,ml_prob_fallback,ml_prob_fallback,B,,5160,0.0,OVER,OVER,FORCED_OVER_ONLY_GOB_DEM,OVER,ml_prob_unified,0,
14599807,Lina Gjorcheska,LINA GJORCHESKA,Aces,5.5,2026-09-09T04:30:00.000-04:00,Tennis,WTA / HARD,Demon,,,,14599807,247080,185652,Lina Gjorcheska,5.5,Player,AURORA ZANTEDESCHI,,,https://static.flashscore.com/res/image/data/4dOS4REG-tvVEzhU4.png,,2026-09-08T09:48:12.325-04:00,2026-09-08T13:10:29-04:00,aces,0,,0,3031,WTA,,2,Weak,Weak,250,STALE_HISTORY,,,,,,,,,,,,,,,,,,,,,,hard,0,,,,,,,,,,MISSING_STAT_VALUES,,,,,,,,,,,,,,,,,,,,,,,0,250,250.0,0.0,WTA,2,SERVE_HEAVY,FIELD,1,,,0.5,1.0,5.5,0.0,0.08,-0.42,4.018975700934579,0.5,0.03000000000000003,3.81802691588785,?,0.95,0.374,OVER,ml_prob_fallback,ml_prob_fallback,B,,3031,0.0,OVER,OVER,FORCED_OVER_ONLY_GOB_DEM,OVER,ml_prob_unified,0,
14606734,Lina Gjorcheska,LINA GJORCHESKA,Break Points Won,5.5,2026-09-09T04:30:00.000-04:00,Tennis,WTA / HARD,Demon,,,,14606734,247080,185652,Lina Gjorcheska,5.5,Player,AURORA ZANTEDESCHI,,,https://static.flashscore.com/res/image/data/4dOS4REG-tvVEzhU4.png,,2026-09-08T09:48:12.325-04:00,2026-09-08T13:10:29-04:00,break_points_won,0,,0,3031,WTA,,1,Weak,Weak,250,STALE_HISTORY,,,,,,,,,,,,,,,,,,,,,,hard,0,,,,,,,,,,MISSING_STAT_VALUES,,,,,,,,,,,,,,,,,,,,,,,0,250,250.0,0.0,WTA,2,NEUTRAL,FIELD,1,,,0.5,1.0,5.5,0.0,0.166,-0.334,4.018975700934579,0.5,0.03000000000000003,3.81802691588785,?,0.95,0.3998,OVER,ml_prob_fallback,ml_prob_fallback,B,,3031,0.0,OVER,OVER,FORCED_OVER_ONLY_GOB_DEM,OVER,ml_prob_unified,0,
14629286,Andrea Lazaro Garcia,ANDREA LAZARO GARCIA,Double Faults,5.5,2026-09-09T08:00:00.000-04:00,Tennis,WTA / HARD,Demon,,,,14629286,238506,185854,Andrea Lazaro Garcia,5.5,Player,UNKNOWN_OPP,,,https://static.flashscore.com/res/image/data/OtX0s6jl-CxOiWxwJ.png,,2026-09-08T09:48:12.325-04:00,2026-09-08T13:10:29-04:00,double_faults,0,,0,4291,WTA,,1,N/A,N/A,N/A,STALE_HISTORY,,,,,,,,,,,,,,,,,,,,,,hard,0,,,,,,,,,,MISSING_STAT_VALUES,,,,,,,,,,,,,,,,,,,,,,,0,142,,,WTA,2,NEUTRAL,FIELD,1,,,0.5,1.0,5.5,0.0,0.08,-0.42,4.018975700934579,0.5,0.03000000000000003,3.81802691588785,?,0.95,0.374,OVER,ml_prob_fallback,ml_prob_fallback,B,,4291,0.0,OVER,OVER,FORCED_OVER_ONLY_GOB_DEM,OVER,ml_prob_unified,0,
14633433,Dalma Galfi,DALMA GALFI,Aces,5.5,2026-09-09T09:10:00.000-04:00,Tennis,WTA / HARD,Demon,,,,14633433,207690,185866,Dalma Galfi,5.5,Player,NURIA BRANCACCIO,,,https://static.prizepicks.com/images/manual/dalma.png,,2026-09-08T12:05:14.841-04:00,2026-09-08T13:10:29-04:00,aces,0,,0,2764,WTA,,2,Weak,Weak,250,STALE_HISTORY,,,0.6333173808396075,,,,,,,,,,,,,,,,,,,hard,0,4.428571428571429,3.214285714285714,0.6604909917738323,0.1428571428571428,14.0,0.0,1.0,,,MISSING_STAT_VALUES,,,,,,,,,,,,,,,,,,,,,,,0,250,250.0,0.0,WTA,2,SERVE_HEAVY,FIELD,1,,,0.5,1.0,5.5,0.0,0.08,-0.42,4.018975700934579,0.5,0.03000000000000003,3.81802691588785,?,0.95,0.374,OVER,ml_prob_fallback,ml_prob_fallback,B,,2764,0.0,OVER,OVER,FORCED_OVER_ONLY_GOB_DEM,OVER,ml_prob_unified,0,
14633435,Dalma Galfi,DALMA GALFI,Double Faults,5.5,2026-09-09T09:10:00.000-04:00,Tennis,WTA / HARD,Demon,,,,14633435,207690,185866,Dalma Galfi,5.5,Player,NURIA BRANCACCIO,,,https://static.prizepicks.com/images/manual/dalma.png,,2026-09-08T12:05:14.961-04:00,2026-09-08T13:10:29-04:00,double_faults,0,,0,2764,WTA,,2,Weak,Weak,250,STALE_HISTORY,,,0.6333173808396075,,,,,,,,,,,,,,,,,,,hard,0,4.428571428571429,3.214285714285714,0.6604909917738323,0.1428571428571428,14.0,0.0,1.0,,,MISSING_STAT_VALUES,,,,,,,,,,,,,,,,,,,,,,,0,250,250.0,0.0,WTA,2,NEUTRAL,FIELD,1,,,0.5,1.0,5.5,0.0,0.08,-0.42,4.018975700934579,0.5,0.03000000000000003,3.81802691588785,?,0.95,0.374,OVER,ml_prob_fallback,ml_prob_fallback,B,,2764,0.0,OVER,OVER,FORCED_OVER_ONLY_GOB_DEM,OVER,ml_prob_unified,0,
14633447,Nuria Brancaccio,NURIA BRANCACCIO,Double Faults,5.5,2026-09-09T09:10:00.000-04:00,Tennis,WTA / HARD,Demon,,,,14633447,202405,185866,Nuria Brancaccio,5.5,Player,DALMA GALFI,,,https://www.flashscore.com/res/image/data/dKrfR6Ea-GpRwzSga.png,,2026-09-08T12:05:15.616-04:00,2026-09-08T13:10:29-04:00,double_faults,0,,0,5168,WTA,,3,Weak,Weak,250,STALE_HISTORY,,,,,,,,,,,,,,,,,,,,,,hard,0,,,,,,,,,,MISSING_STAT_VALUES,,,,,,,,,,,,,,,,,,,,,,,0,250,250.0,0.0,WTA,2,NEUTRAL,FIELD,1,,,0.5,1.0,5.5,0.0,0.08,-0.42,4.018975700934579,0.5,0.03000000000000003,3.81802691588785,?,0.95,0.374,OVER,ml_prob_fallback,ml_prob_fallback,B,,5168,0.0,OVER,OVER,FORCED_OVER_ONLY_GOB_DEM,OVER,ml_prob_unified,0,
14633675,Anastasia Tikhonova,ANASTASIA TIKHONOVA,Aces,5.5,2026-09-09T11:00:00.000-04:00,Tennis,WTA / HARD,Demon,,,,14633675,217450,185782,Anastasia Tikhonova,5.5,Player,NAO HIBINO,,,https://static.flashscore.com/res/image/data/2Nx23jwS-xnYae4aa.png,,2026-09-08T12:11:15.238-04:00,2026-09-08T13:10:29-04:00,aces,0,,0,5626,WTA,,1,Weak,Weak,250,STALE_HISTORY,,,,,,,,,,,,,,,,,,,,,,hard,0,,,,,,,,,,MISSING_STAT_VALUES,,,,,,,,,,,,,,,,,,,,,,,0,250,250.0,0.0,WTA,2,SERVE_HEAVY,FIELD,1,,,0.5,1.0,5.5,0.0,0.08,-0.42,4.018975700934579,0.5,0.03000000000000003,3.81802691588785,?,0.95,0.374,OVER,ml_prob_fallback,ml_prob_fallback,B,,5626,0.0,OVER,OVER,FORCED_OVER_ONLY_GOB_DEM,OVER,ml_prob_unified,0,
14633686,Nao Hibino,NAO HIBINO,Double Faults,5.5,2026-09-09T11:00:00.000-04:00,Tennis,WTA / HARD,Demon,,,,14633686,204436,185782,Nao Hibino,5.5,Player,ANASTASIA TIKHONOVA,,,https://www.flashscore.com/res/image/data/KxS8M9dM-G0BIjPpT.png,,2026-09-08T12:11:16.087-04:00,2026-09-08T13:10:29-04:00,double_faults,0,,0,2043,WTA,,2,Weak,Weak,250,STALE_HISTORY,,,0.6573377914017103,,,,,,,,,,,,,,,,,,,hard,0,1.875,3.25,0.5410282497501924,0.2222222222222222,9.0,0.0,0.0,,,MISSING_STAT_VALUES,,,,,,,,,,,,,,,,,,,,,,,0,250,250.0,0.0,WTA,2,NEUTRAL,FIELD,1,,,0.5,1.0,5.5,0.0,0.08,-0.42,4.018975700934579,0.5,0.03000000000000003,3.81802691588785,?,0.95,0.374,OVER,ml_prob_fallback,ml_prob_fallback,B,,2043,0.0,OVER,OVER,FORCED_OVER_ONLY_GOB_DEM,OVER,ml_prob_unified,0,
14621912,Mirra Andreeva,MIRRA ANDREEVA,Double Faults,5.5,2026-09-09T11:30:00.000-04:00,Tennis,WTA / HARD,Demon,,,,14621912,203182,185779,Mirra Andreeva,5.5,Player,COCO GAUFF,,,https://static.prizepicks.com/images/manual/Mirra Head.png,,2026-09-08T09:48:12.325-04:00,2026-09-08T13:10:29-04:00,double_faults,0,,0,9820,WTA,,1,Elite,Elite,4,STALE_HISTORY,,,0.6207178578839927,,,,,,,,,,,,,,,,,,,hard,0,3.203125,3.875,0.6843839180264356,0.7272727272727273,66.0,1.0,0.0,,,MISSING_STAT_VALUES,,,,,,,,,,,,,,,,,,,,,,,0,5,4.0,1.0,WTA,2,NEUTRAL,ELITE,1,,,0.5,1.0,5.5,0.0,0.08,-0.42,4.018975700934579,0.5,0.03000000000000003,3.81802691588785,?,0.95,0.374,OVER,ml_prob_fallback,ml_prob_fallback,B,,9820,0.0,OVER,OVER,FORCED_OVER_ONLY_GOB_DEM,OVER,ml_prob_unified,0,
14624571,Alexander Zverev,ALEXANDER ZVEREV,Double Faults,5.5,2026-09-09T11:30:00.000-04:00,Tennis,ATP / HARD,Demon,,,,14624571,201395,185810,Alexander Zverev,5.5,Player,BOTIC VAN DE ZANDSCHULP,,,https://static.prizepicks.com/images/manual/Alexander Zverev.png,,2026-09-08T09:48:12.325-04:00,2026-09-08T13:10:29-04:00,double_faults,0,,0,2375,ATP,,2,Below Avg,Below Avg,70,STALE_HISTORY,,,0.7261248892215003,,,,,,,,,,,,,,,,,,,hard,0,8.821428571428571,1.571428571428571,0.7661283351954835,0.7209302325581395,86.0,1.0,0.0,,,MISSING_STAT_VALUES,,,,,,,,,,,,,,,,,,,,,,,0,2,70.0,-68.0,ATP,2,NEUTRAL,ELITE,1,,,0.5,0.95,5.5,0.0,0.08,-0.42,3.734391401869159,0.5,0.03000000000000003,3.547671831775701,?,0.95,0.374,OVER,ml_prob_fallback,ml_prob_fallback,B,,2375,0.0,OVER,OVER,FORCED_OVER_ONLY_GOB_DEM,OVER,ml_prob_unified,0,
14625103,Botic Van de Zandschulp,BOTIC VAN DE ZANDSCHULP,Aces,8.5,2026-09-09T11:30:00.000-04:00,Tennis,ATP / HARD,Standard,8.5,,,14625103,235668,185810,Botic Van de Zandschulp,8.5,Player,ALEXANDER ZVEREV,,,https://static.prizepicks.com/images/manual/Botic_Van_de_Zandschulp.png,,2026-09-08T09:48:12.325-04:00,2026-09-08T13:10:29-04:00,aces,0,,0,3310,ATP,pp_or_step1,0,Elite,Elite,2,STALE_HISTORY,,,0.6199747127792538,,,,,,,,,,,,,,,,,,,hard,0,6.48936170212766,4.574468085106383,0.7424482963417903,0.4375,48.0,0.0,0.0,,,MISSING_STAT_VALUES,,,,,,,,,,,,,,,,,,,,,,,0,70,2.0,68.0,ATP,2,SERVE_HEAVY,FIELD,1,,,0.5,1.05,8.5,0.0,0.08,-0.42,4.311480560747664,0.5,0.03000000000000003,4.095906532710281,?,0.95,0.374,OVER,ml_prob,ml_prob,C,,3310,0.0,OVER,OVER,STANDARD_TIEBREAK_HR5_OVER,OVER,ml_prob_unified,0,
14627807,Krueger A / Montgomery R,KRUEGER A / MONTGOMERY R,Total Games Won,11.5,2026-09-08T17:10:00.000-04:00,Tennis,WTA / HARD,Standard,11.5,,,14627807,342062,185726,Krueger A / Montgomery R,11.5,Player,MARIA T / SONMEZ Z,,,https://static.prizepicks.com/images/manual/KruegerMonty.png,,2026-09-08T07:41:39.843-04:00,2026-09-08T13:10:29-04:00,games_won,1,MARIA T / SONMEZ Z,0,6724,WTA,pp_or_step1,0,Below Avg,Below Avg,53,OK,,,,,,,,4.0,8.0,12.0,5.0,15.0,8.0,12.0,12.0,16.0,,8.8,10.22222222222222,10.22222222222222,,hard,0,,,,,,,,,,OK,5.0,2.0,3.0,0.0,0.4,0.6,0.4,0.6,2.0,3.0,2.0,3.0,0.0,9.0,5.0,4.0,0.0,0.5555555555555556,0.4444444444444444,0.5555555555555556,0.4444444444444444,,0,60,53.0,7.0,WTA,2,NEUTRAL,FIELD,1,,,0.4777777777777778,0.9555555555555556,8.8,-2.6999999999999993,0.3933,-0.5437,3.744113763788162,0.4777777777777778,0.008000000000000007,3.556908075598754,?,0.95,0.4524,UNDER,ml_prob,ml_prob,C,,6724,2.6999999999999993,UNDER,UNDER,STANDARD_L5AVG_UNDER,UNDER,ml_prob_unified,9,4.2065
14597988,Jennifer Ruggeri,JENNIFER RUGGERI,Total Games Won,9.5,2026-09-08T13:15:00.000-04:00,Tennis,WTA / HARD,Standard,9.5,,,14597988,263151,185648,Jennifer Ruggeri,9.5,Player,MARTINA TREVISAN,,,https://static.prizepicks.com/images/manual/Jennifer Ruggeri.png,,2026-09-08T12:54:31.065-04:00,2026-09-08T13:10:29-04:00,games_won,0,,0,6576,WTA,pp_or_step1,0,Weak,Weak,250,STALE_HISTORY,,,,,,,,,,,,,,,,,,,,,,hard,0,,,,,,,,,,MISSING_STAT_VALUES,,,,,,,,,,,,,,,,,,,,,,,0,250,250.0,0.0,WTA,2,NEUTRAL,FIELD,1,,,0.5,1.0,9.5,0.0,0.58,0.08,4.018975700934579,0.5,0.03000000000000003,3.81802691588785,?,0.95,0.524,OVER,ml_prob,ml_prob,C,,6576,0.0,OVER,OVER,STANDARD_TIEBREAK_HR5_OVER,OVER,ml_prob_unified,0,
14620449,Ena Koike,ENA KOIKE,Total Games Won,10.5,2026-09-08T15:40:00.000-04:00,Tennis,WTA / HARD,Standard,10.5,,,14620449,268977,185730,Ena Koike,10.5,Player,NADIA PODOROSKA,,,https://static.prizepicks.com/images/manual/EnaKoike.webp,,2026-09-08T07:41:39.843-04:00,2026-09-08T13:10:29-04:00,games_won,0,,0,11378,WTA,pp_or_step1,0,Weak,Weak,250,STALE_HISTORY,,,,,,,,,,,,,,,,,,,,,,hard,0,,,,,,,,,,MISSING_STAT_VALUES,,,,,,,,,,,,,,,,,,,,,,,0,250,250.0,0.0,WTA,2,NEUTRAL,FIELD,1,,,0.5,1.0,10.5,0.0,0.58,0.08,4.018975700934579,0.5,0.03000000000000003,3.81802691588785,?,0.95,0.524,OVER,ml_prob,ml_prob,C,,11378,0.0,OVER,OVER,STANDARD_TIEBREAK_HR5_OVER,OVER,ml_prob_unified,0,
14585710,Ben Shelton,BEN SHELTON,Aces,10.0,2026-09-08T20:10:00.000-04:00,Tennis,ATP / HARD,Standard,10.0,,,14585710,201258,185581,Ben Shelton,10.0,Player,CARLOS ALCARAZ,,,https://static.prizepicks.com/images/manual/Ben Shelton.png,,2026-09-08T07:41:39.843-04:00,2026-09-08T13:10:29-04:00,aces,0,,0,9250,ATP,pp_or_step1,0,Elite,Elite,3,STALE_HISTORY,,,0.6753995623116001,,,,,,,,,,,,,,,,,,,hard,0,10.06849315068493,2.547945205479452,0.7700546496212411,0.6575342465753424,73.0,1.0,0.0,,,MISSING_STAT_VALUES,,,,,,,,,,,,,,,,,,,,,,,0,9,3.0,6.0,ATP,2,SERVE_HEAVY,ELITE,1,,,0.5,1.0,10.0,0.0,0.08,-0.42,4.018975700934579,0.5,0.03000000000000003,3.81802691588785,?,0.95,0.374,OVER,ml_prob,ml_prob,C,,9250,0.0,OVER,OVER,STANDARD_TIEBREAK_HR5_OVER,OVER,ml_prob_unified,0,
14579970,Cadence Brace,CADENCE BRACE,Total Games Won,10.5,2026-09-08T15:40:00.000-04:00,Tennis,WTA / HARD,Standard,10.5,,,14579970,249059,185545,Cadence Brace,10.5,Player,SARA SORRIBES TORMO,,,https://static.prizepicks.com/images/manual/CadenceBrace.webp,,2026-09-08T11:00:00.306-04:00,2026-09-08T13:10:29-04:00,games_won,0,,0,7939,WTA,pp_or_step1,0,Weak,Weak,250,STALE_HISTORY,,,,,,,,,,,,,,,,,,,,,,hard,0,,,,,,,,,,MISSING_STAT_VALUES,,,,,,,,,,,,,,,,,,,,,,,0,250,250.0,0.0,WTA,2,NEUTRAL,FIELD,1,,,0.5,1.0,10.5,0.0,0.58,0.08,4.018975700934579,0.5,0.03000000000000003,3.81802691588785,?,0.95,0.524,OVER,ml_prob,ml_prob,C,,7939,0.0,OVER,OVER,STANDARD_TIEBREAK_HR5_OVER,OVER,ml_prob_unified,0,
14622070,Mirra Andreeva,MIRRA ANDREEVA,Aces,1.5,2026-09-09T11:30:00.000-04:00,Tennis,WTA / HARD,Standard,1.5,,,14622070,203182,185779,Mirra Andreeva,1.5,Player,COCO GAUFF,,,https://static.prizepicks.com/images/manual/Mirra Head.png,,2026-09-08T09:48:12.325-04:00,2026-09-08T13:10:29-04:00,aces,0,,0,9820,WTA,pp_or_step1,0,Elite,Elite,4,STALE_HISTORY,,,0.6207178578839927,,,,,,,,,,,,,,,,,,,hard,0,3.203125,3.875,0.6843839180264356,0.7272727272727273,66.0,1.0,0.0,,,MISSING_STAT_VALUES,,,,,,,,,,,,,,,,,,,,,,,0,5,4.0,1.0,WTA,2,SERVE_HEAVY,ELITE,1,,,0.5,1.0,1.5,0.0,0.08,-0.42,4.018975700934579,0.5,0.03000000000000003,3.81802691588785,?,0.95,0.374,OVER,ml_prob,ml_prob,C,,9820,0.0,OVER,OVER,STANDARD_TIEBREAK_HR5_OVER,OVER,ml_prob_unified,0,
14599237,Ram R / Salisbury J,RAM R / SALISBURY J,Total Games,24.5,2026-09-08T16:00:00.000-04:00,Tennis,ATP / HARD,Standard,24.5,,,14599237,201466,185671,Ram R / Salisbury J,24.5,Player,UNKNOWN_OPP,,,https://static.prizepicks.com/images/manual/RamSalisbury.png,,2026-09-08T12:22:43.455-04:00,2026-09-08T13:10:29-04:00,match_total_games,1,,0,841,ATP,pp_or_step1,0,N/A,N/A,N/A,STALE_HISTORY,,,,,,,,,,,,,,,,,,,,,,hard,0,,,,,,,,,,MISSING_STAT_VALUES,,,,,,,,,,,,,,,,,,,,,,,0,250,,,ATP,2,NEUTRAL,FIELD,1,,,0.5,1.0,24.5,0.0,0.58,0.08,4.018975700934579,0.5,0.03000000000000003,3.81802691588785,?,0.95,0.524,OVER,ml_prob,ml_prob,C,,841,0.0,OVER,OVER,STANDARD_TIEBREAK_HR5_OVER,OVER,ml_prob_unified,0,
14626762,Arevalo M / Pavic M,AREVALO M / PAVIC M,Total Games,24.5,2026-09-08T17:00:00.000-04:00,Tennis,ATP / HARD,Standard,24.5,,,14626762,268325,185717,Arevalo M / Pavic M,24.5,Player,UNKNOWN_OPP,,,https://static.prizepicks.com/images/manual/M.%20Arevalo:M.%20Pavic.png,,2026-09-08T07:41:39.843-04:00,2026-09-08T13:10:29-04:00,match_total_games,1,,0,1343,ATP,pp_or_step1,0,N/A,N/A,N/A,STALE_HISTORY,,,,,,,,,,,,,,,,,,,,,,hard,0,,,,,,,,,,MISSING_STAT_VALUES,,,,,,,,,,,,,,,,,,,,,,,0,250,,,ATP,2,NEUTRAL,FIELD,1,,,0.5,1.0,24.5,0.0,0.58,0.08,4.018975700934579,0.5,0.03000000000000003,3.81802691588785,?,0.95,0.524,OVER,ml_prob,ml_prob,C,,1343,0.0,OVER,OVER,STANDARD_TIEBREAK_HR5_OVER,OVER,ml_prob_unified,0,
14626763,Cash J / Glasspool L,CASH J / GLASSPOOL L,Total Games,24.5,2026-09-08T17:10:00.000-04:00,Tennis,ATP / HARD,Standard,24.5,,,14626763,275863,185719,Cash J / Glasspool L,24.5,Player,UNKNOWN_OPP,,,https://static.prizepicks.com/images/manual/CashGlasspool.png,,2026-09-08T07:41:39.843-04:00,2026-09-08T13:10:29-04:00,match_total_games,1,,0,2420,ATP,pp_or_step1,0,N/A,N/A,N/A,STALE_HISTORY,,,,,,,,,,,,,,,,,,,,,,hard,0,,,,,,,,,,MISSING_STAT_VALUES,,,,,,,,,,,,,,,,,,,,,,,0,250,,,ATP,2,NEUTRAL,FIELD,1,,,0.5,1.0,24.5,0.0,0.58,0.08,4.018975700934579,0.5,0.03000000000000003,3.81802691588785,?,0.95,0.524,OVER,ml_prob,ml_prob,C,,2420,0.0,OVER,OVER,STANDARD_TIEBREAK_HR5_OVER,OVER,ml_prob_unified,0,
14626766,Harrison C / Skupski N,HARRISON C / SKUPSKI N,Total Games,24.5,2026-09-08T17:20:00.000-04:00,Tennis,ATP / HARD,Standard,24.5,,,14626766,296000,185747,Harrison C / Skupski N,24.5,Player,UNKNOWN_OPP,,,https://static.prizepicks.com/images/manual/Harrison C : Skupski N.png,,2026-09-08T07:41:39.843-04:00,2026-09-08T13:10:29-04:00,match_total_games,1,,0,2293,ATP,pp_or_step1,0,N/A,N/A,N/A,STALE_HISTORY,,,,,,,,,,,,,,,,,,,,,,hard,0,,,,,,,,,,MISSING_STAT_VALUES,,,,,,,,,,,,,,,,,,,,,,,0,250,,,ATP,2,NEUTRAL,FIELD,1,,,0.5,1.0,24.5,0.0,0.58,0.08,4.018975700934579,0.5,0.03000000000000003,3.81802691588785,?,0.95,0.524,OVER,ml_prob,ml_prob,C,,2293,0.0,OVER,OVER,STANDARD_TIEBREAK_HR5_OVER,OVER,ml_prob_unified,0,
14598212,Martina Trevisan,MARTINA TREVISAN,Double Faults,7.5,2026-09-08T13:15:00.000-04:00,Tennis,WTA / HARD,Demon,,,,14598212,202036,185648,Martina Trevisan,7.5,Player,JENNIFER RUGGERI,,,https://static.flashscore.com/res/image/data/Snya7gil-U3ZuGemt.png,,2026-09-08T12:54:31.065-04:00,2026-09-08T13:10:29-04:00,double_faults,0,,0,1374,WTA,,2,Weak,Weak,250,STALE_HISTORY,,,0.6804987500989339,,,,,,,,,,,,,,,,,,,hard,0,1.25,3.375,0.6212193969519703,0.5,8.0,0.0,0.0,,,MISSING_STAT_VALUES,,,,,,,,,,,,,,,,,,,,,,,0,250,250.0,0.0,WTA,2,NEUTRAL,FIELD,1,,,0.5,1.0,7.5,0.0,0.08,-0.42,4.018975700934579,0.5,0.03000000000000003,3.81802691588785,?,0.95,0.374,OVER,ml_prob_fallback,ml_prob_fallback,B,,1374,0.0,OVER,OVER,FORCED_OVER_ONLY_GOB_DEM,OVER,ml_prob_unified,0,
14593917,Alex Michelsen,ALEX MICHELSEN,Double Faults,7.5,2026-09-08T13:45:00.000-04:00,Tennis,ATP / HARD,Demon,5.5,,,14593917,202916,185558,Alex Michelsen,7.5,Player,FRANCES TIAFOE,,,https://static.flashscore.com/res/image/data/Yi8Wfkg5-QJ66gxcd.png,,2026-09-08T13:10:19.092-04:00,2026-09-08T13:10:29-04:00,double_faults,0,,0,11400,ATP,sibling_or_pp,2,Above Avg,Above Avg,12,STALE_HISTORY,,,0.6678652941099754,,,,,,,,,,,,,,,,,,,hard,0,5.914285714285715,2.371428571428571,0.7094886495003496,0.5633802816901409,71.0,0.0,0.0,,,MISSING_STAT_VALUES,,,,,,,,,,,,,,,,,,,,,,,0,46,12.0,34.0,ATP,2,NEUTRAL,FIELD,1,,,0.5,1.0,7.5,0.0,0.08,-0.42,4.018975700934579,0.5,0.03000000000000003,3.81802691588785,?,0.95,0.374,OVER,distance,distance,B,,11400,0.0,OVER,OVER,FORCED_OVER_ONLY_GOB_DEM,OVER,ml_prob_unified,0,
14622344,Leolia Jeanjean,LEOLIA JEANJEAN,Double Faults,7.5,2026-09-08T14:30:00.000-04:00,Tennis,WTA / HARD,Demon,,,,14622344,207629,185728,Leolia Jeanjean,7.5,Player,UNKNOWN_OPP,,,https://www.flashscore.com/res/image/data/bZBG1QdM-GK1ed7D0.png,,2026-09-08T07:41:39.843-04:00,2026-09-08T13:10:29-04:00,double_faults,0,,0,4453,WTA,,1,N/A,N/A,N/A,STALE_HISTORY,,,0.6112936114874284,,,,,,,,,,,,,,,,,,,hard,0,2.090909090909091,3.090909090909091,0.6197358235798843,0.1428571428571428,14.0,0.0,1.0,,,MISSING_STAT_VALUES,,,,,,,,,,,,,,,,,,,,,,,0,127,,,WTA,2,NEUTRAL,FIELD,1,,,0.5,1.0,7.5,0.0,0.08,-0.42,4.018975700934579,0.5,0.03000000000000003,3.81802691588785,?,0.95,0.374,OVER,ml_prob_fallback,ml_prob_fallback,B,,4453,0.0,OVER,OVER,FORCED_OVER_ONLY_GOB_DEM,OVER,ml_prob_unified,0,
14622351,Ena Koike,ENA KOIKE,Double Faults,7.5,2026-09-08T15:40:00.000-04:00,Tennis,WTA / HARD,Demon,,,,14622351,268977,185730,Ena Koike,7.5,Player,NADIA PODOROSKA,,,https://static.prizepicks.com/images/manual/EnaKoike.webp,,2026-09-08T07:41:39.843-04:00,2026-09-08T13:10:29-04:00,double_faults,0,,0,11378,WTA,,2,Weak,Weak,250,STALE_HISTORY,,,,,,,,,,,,,,,,,,,,,,hard,0,,,,,,,,,,MISSING_STAT_VALUES,,,,,,,,,,,,,,,,,,,,,,,0,250,250.0,0.0,WTA,2,NEUTRAL,FIELD,1,,,0.5,1.0,7.5,0.0,0.08,-0.42,4.018975700934579,0.5,0.03000000000000003,3.81802691588785,?,0.95,0.374,OVER,ml_prob_fallback,ml_prob_fallback,B,,11378,0.0,OVER,OVER,FORCED_OVER_ONLY_GOB_DEM,OVER,ml_prob_unified,0,
14629269,Alevtina Ibragimova,ALEVTINA IBRAGIMOVA,Double Faults,7.5,2026-09-09T06:10:00.000-04:00,Tennis,WTA / HARD,Demon,,,,14629269,202469,185848,Alevtina Ibragimova,7.5,Player,LEYRE ROMERO GORMAZ,,,https://static.prizepicks.com/images/manual/AlevtinaIbragimova.webp,,2026-09-08T09:48:12.325-04:00,2026-09-08T13:10:29-04:00,double_faults,0,,0,11513,WTA,,2,Weak,Weak,145,STALE_HISTORY,,,,,,,,,,,,,,,,,,,,,,hard,0,,,,,,,,,,MISSING_STAT_VALUES,,,,,,,,,,,,,,,,,,,,,,,0,250,145.0,105.0,WTA,2,NEUTRAL,FIELD,1,,,0.5,1.05,7.5,0.0,0.08,-0.42,4.311480560747664,0.5,0.03000000000000003,4.095906532710281,?,0.95,0.374,OVER,ml_prob_fallback,ml_prob_fallback,B,,11513,0.0,OVER,OVER,FORCED_OVER_ONLY_GOB_DEM,OVER,ml_prob_unified,0,
14629278,Leyre Romero Gormaz,LEYRE ROMERO GORMAZ,Double Faults,7.5,2026-09-09T06:10:00.000-04:00,Tennis,WTA / CLAY,Demon,,,,14629278,201929,185848,Leyre Romero Gormaz,7.5,Player,ALEVTINA IBRAGIMOVA,,,https://static.prizepicks.com/images/manual/lorireyes12.png,,2026-09-08T09:48:12.325-04:00,2026-09-08T13:10:29-04:00,double_faults,0,,0,10676,WTA,,3,Weak,Weak,250,STALE_HISTORY,,,,,,,,,,,,,,,,,,,,,,clay,0,,,,,,,,,,MISSING_STAT_VALUES,,,,,,,,,,,,,,,,,,,,,,,0,145,250.0,-105.0,WTA,2,NEUTRAL,FIELD,1,,,0.5,0.95,7.5,0.0,0.08,-0.42,3.734391401869159,0.5,0.03000000000000003,3.547671831775701,?,0.95,0.374,OVER,ml_prob_fallback,ml_prob_fallback,B,,10676,0.0,OVER,OVER,FORCED_OVER_ONLY_GOB_DEM,OVER,ml_prob_unified,0,
14626143,Elizara Yaneva,ELIZARA YANEVA,Double Faults,7.5,2026-09-09T05:00:00.000-04:00,Tennis,WTA / HARD,Demon,,,,14626143,314549,185672,Elizara Yaneva,7.5,Player,ZHIBEK KULAMBAYEVA,,,https://static.prizepicks.com/images/manual/Yaneva.png,,2026-09-08T09:48:12.325-04:00,2026-09-08T13:10:29-04:00,double_faults,0,,0,9442,WTA,,3,Weak,Weak,250,STALE_HISTORY,,,,,,,,,,,,,,,,,,,,,,hard,0,,,,,,,,,,MISSING_STAT_VALUES,,,,,,,,,,,,,,,,,,,,,,,0,250,250.0,0.0,WTA,2,NEUTRAL,FIELD,1,,,0.5,1.0,7.5,0.0,0.08,-0.42,4.018975700934579,0.5,0.03000000000000003,3.81802691588785,?,0.95,0.374,OVER,ml_prob_fallback,ml_prob_fallback,B,,9442,0.0,OVER,OVER,FORCED_OVER_ONLY_GOB_DEM,OVER,ml_prob_unified,0,
14629287,Andrea Lazaro Garcia,ANDREA LAZARO GARCIA,Double Faults,7.5,2026-09-09T08:00:00.000-04:00,Tennis,WTA / HARD,Demon,,,,14629287,238506,185854,Andrea Lazaro Garcia,7.5,Player,UNKNOWN_OPP,,,https://static.flashscore.com/res/image/data/OtX0s6jl-CxOiWxwJ.png,,2026-09-08T09:48:12.325-04:00,2026-09-08T13:10:29-04:00,double_faults,0,,0,4291,WTA,,3,N/A,N/A,N/A,STALE_HISTORY,,,,,,,,,,,,,,,,,,,,,,hard,0,,,,,,,,,,MISSING_STAT_VALUES,,,,,,,,,,,,,,,,,,,,,,,0,142,,,WTA,2,NEUTRAL,FIELD,1,,,0.5,1.0,7.5,0.0,0.08,-0.42,4.018975700934579,0.5,0.03000000000000003,3.81802691588785,?,0.95,0.374,OVER,ml_prob_fallback,ml_prob_fallback,B,,4291,0.0,OVER,OVER,FORCED_OVER_ONLY_GOB_DEM,OVER,ml_prob_unified,0,
14633679,Anastasia Tikhonova,ANASTASIA TIKHONOVA,Double Faults,7.5,2026-09-09T11:00:00.000-04:00,Tennis,WTA / HARD,Demon,,,,14633679,217450,185782,Anastasia Tikhonova,7.5,Player,NAO HIBINO,,,https://static.flashscore.com/res/image/data/2Nx23jwS-xnYae4aa.png,,2026-09-08T12:11:15.525-04:00,2026-09-08T13:10:29-04:00,double_faults,0,,0,5626,WTA,,1,Weak,Weak,250,STALE_HISTORY,,,,,,,,,,,,,,,,,,,,,,hard,0,,,,,,,,,,MISSING_STAT_VALUES,,,,,,,,,,,,,,,,,,,,,,,0,250,250.0,0.0,WTA,2,NEUTRAL,FIELD,1,,,0.5,1.0,7.5,0.0,0.08,-0.42,4.018975700934579,0.5,0.03000000000000003,3.81802691588785,?,0.95,0.374,OVER,ml_prob_fallback,ml_prob_fallback,B,,5626,0.0,OVER,OVER,FORCED_OVER_ONLY_GOB_DEM,OVER,ml_prob_unified,0,
14622988,Alexander Blockx,ALEXANDER BLOCKX,Double Faults,7.5,2026-09-09T11:30:00.000-04:00,Tennis,ATP / HARD,Demon,5.5,,,14622988,218482,185783,Alexander Blockx,7.5,Player,KAREN KHACHANOV,,,https://static.prizepicks.com/images/manual/AlexanderBlockx.webp,,2026-09-08T09:48:12.325-04:00,2026-09-08T13:10:29-04:00,double_faults,0,,0,11757,ATP,sibling_or_pp,1,Avg,Avg,50,STALE_HISTORY,,,0.6652403038167991,,,,,,,,,,,,,,,,,,,hard,0,8.071428571428571,1.714285714285714,0.7321477208550975,0.4,15.0,0.0,0.0,,,MISSING_STAT_VALUES,,,,,,,,,,,,,,,,,,,,,,,0,34,50.0,-16.0,ATP,2,NEUTRAL,FIELD,1,,,0.5,1.0,7.5,0.0,0.08,-0.42,4.018975700934579,0.5,0.03000000000000003,3.81802691588785,?,0.95,0.374,OVER,distance,distance,B,,11757,0.0,OVER,OVER,FORCED_OVER_ONLY_GOB_DEM,OVER,ml_prob_unified,0,
14622997,Karen Khachanov,KAREN KHACHANOV,Double Faults,7.5,2026-09-09T11:30:00.000-04:00,Tennis,ATP / HARD,Demon,4.5,,,14622997,201396,185783,Karen Khachanov,7.5,Player,ALEXANDER BLOCKX,,,https://static.prizepicks.com/images/manual/Karen K.png,,2026-09-08T09:48:12.325-04:00,2026-09-08T13:10:29-04:00,double_faults,0,,0,2367,ATP,sibling_or_pp,3,Avg,Avg,34,STALE_HISTORY,,,0.6446638518747103,,,,,,,,,,,,,,,,,,,hard,0,7.968253968253968,2.047619047619047,0.764327151305763,0.5714285714285714,63.0,0.0,0.0,,,MISSING_STAT_VALUES,,,,,,,,,,,,,,,,,,,,,,,0,50,34.0,16.0,ATP,2,NEUTRAL,FIELD,1,,,0.5,1.0,7.5,0.0,0.08,-0.42,4.018975700934579,0.5,0.03000000000000003,3.81802691588785,?,0.95,0.374,OVER,distance,distance,B,,2367,0.0,OVER,OVER,FORCED_OVER_ONLY_GOB_DEM,OVER,ml_prob_unified,0,
14621911,Mirra Andreeva,MIRRA ANDREEVA,Double Faults,7.5,2026-09-09T11:30:00.000-04:00,Tennis,WTA / HARD,Demon,,,,14621911,203182,185779,Mirra Andreeva,7.5,Player,COCO GAUFF,,,https://static.prizepicks.com/images/manual/Mirra Head.png,,2026-09-08T09:48:12.325-04:00,2026-09-08T13:10:29-04:00,double_faults,0,,0,9820,WTA,,3,Elite,Elite,4,STALE_HISTORY,,,0.6207178578839927,,,,,,,,,,,,,,,,,,,hard,0,3.203125,3.875,0.6843839180264356,0.7272727272727273,66.0,1.0,0.0,,,MISSING_STAT_VALUES,,,,,,,,,,,,,,,,,,,,,,,0,5,4.0,1.0,WTA,2,NEUTRAL,ELITE,1,,,0.5,1.0,7.5,0.0,0.08,-0.42,4.018975700934579,0.5,0.03000000000000003,3.81802691588785,?,0.95,0.374,OVER,ml_prob_fallback,ml_prob_fallback,B,,9820,0.0,OVER,OVER,FORCED_OVER_ONLY_GOB_DEM,OVER,ml_prob_unified,0,
14622064,Coco Gauff,COCO GAUFF,Double Faults,7.5,2026-09-09T11:30:00.000-04:00,Tennis,WTA / HARD,Demon,5.5,,,14622064,201229,185779,Coco Gauff,7.5,Player,MIRRA ANDREEVA,,,https://www.flashscore.com/res/image/data/UDnGEpDr-fa4Gaz3a.png,,2026-09-08T09:48:12.325-04:00,2026-09-08T13:10:29-04:00,double_faults,0,,0,3626,WTA,sibling_or_pp,2,Elite,Elite,5,STALE_HISTORY,,,0.6279834861859119,,,,,,,,,,,,,,,,,,,hard,0,3.26027397260274,7.205479452054795,0.6993628090812983,0.759493670886076,79.0,1.0,0.0,,,MISSING_STAT_VALUES,,,,,,,,,,,,,,,,,,,,,,,0,4,5.0,-1.0,WTA,2,NEUTRAL,ELITE,1,,,0.5,1.0,7.5,0.0,0.08,-0.42,4.018975700934579,0.5,0.03000000000000003,3.81802691588785,?,0.95,0.374,OVER,distance,distance,B,,3626,0.0,OVER,OVER,FORCED_OVER_ONLY_GOB_DEM,OVER,ml_prob_unified,0,
14635933,Botic Van de Zandschulp,BOTIC VAN DE ZANDSCHULP,Double Faults,7.5,2026-09-09T11:30:00.000-04:00,Tennis,ATP / HARD,Demon,,,,14635933,235668,185810,Botic Van de Zandschulp,7.5,Player,ALEXANDER ZVEREV,,,https://static.prizepicks.com/images/manual/Botic_Van_de_Zandschulp.png,,2026-09-08T12:56:15.066-04:00,2026-09-08T13:10:29-04:00,double_faults,0,,0,3310,ATP,,1,Elite,Elite,2,STALE_HISTORY,,,0.6199747127792538,,,,,,,,,,,,,,,,,,,hard,0,6.48936170212766,4.574468085106383,0.7424482963417903,0.4375,48.0,0.0,0.0,,,MISSING_STAT_VALUES,,,,,,,,,,,,,,,,,,,,,,,0,70,2.0,68.0,ATP,2,NEUTRAL,FIELD,1,,,0.5,1.05,7.5,0.0,0.08,-0.42,4.311480560747664,0.5,0.03000000000000003,4.095906532710281,?,0.95,0.374,OVER,ml_prob_fallback,ml_prob_fallback,B,,3310,0.0,OVER,OVER,FORCED_OVER_ONLY_GOB_DEM,OVER,ml_prob_unified,0,
14599239,Ram R / Salisbury J,RAM R / SALISBURY J,Total Games Won,13.5,2026-09-08T16:00:00.000-04:00,Tennis,ATP / HARD,Standard,13.5,,,14599239,201466,185671,Ram R / Salisbury J,13.5,Player,UNKNOWN_OPP,,,https://static.prizepicks.com/images/manual/RamSalisbury.png,,2026-09-08T12:22:43.455-04:00,2026-09-08T13:10:29-04:00,games_won,1,,0,841,ATP,pp_or_step1,0,N/A,N/A,N/A,STALE_HISTORY,,,,,,,,,,,,,,,,,,,,,,hard,0,,,,,,,,,,MISSING_STAT_VALUES,,,,,,,,,,,,,,,,,,,,,,,0,250,,,ATP,2,NEUTRAL,FIELD,1,,,0.5,1.0,13.5,0.0,0.58,0.08,4.018975700934579,0.5,0.03000000000000003,3.81802691588785,?,0.95,0.524,OVER,ml_prob,ml_prob,C,,841,0.0,OVER,OVER,STANDARD_TIEBREAK_HR5_OVER,OVER,ml_prob_unified,0,
14626768,Arevalo M / Pavic M,AREVALO M / PAVIC M,Total Games Won,13.5,2026-09-08T17:00:00.000-04:00,Tennis,ATP / HARD,Standard,13.5,,,14626768,268325,185717,Arevalo M / Pavic M,13.5,Player,UNKNOWN_OPP,,,https://static.prizepicks.com/images/manual/M.%20Arevalo:M.%20Pavic.png,,2026-09-08T07:41:39.843-04:00,2026-09-08T13:10:29-04:00,games_won,1,,0,1343,ATP,pp_or_step1,0,N/A,N/A,N/A,STALE_HISTORY,,,,,,,,,,,,,,,,,,,,,,hard,0,,,,,,,,,,MISSING_STAT_VALUES,,,,,,,,,,,,,,,,,,,,,,,0,250,,,ATP,2,NEUTRAL,FIELD,1,,,0.5,1.0,13.5,0.0,0.58,0.08,4.018975700934579,0.5,0.03000000000000003,3.81802691588785,?,0.95,0.524,OVER,ml_prob,ml_prob,C,,1343,0.0,OVER,OVER,STANDARD_TIEBREAK_HR5_OVER,OVER,ml_prob_unified,0,
14626769,Cash J / Glasspool L,CASH J / GLASSPOOL L,Total Games Won,13.5,2026-09-08T17:10:00.000-04:00,Tennis,ATP / HARD,Standard,13.5,,,14626769,275863,185719,Cash J / Glasspool L,13.5,Player,UNKNOWN_OPP,,,https://static.prizepicks.com/images/manual/CashGlasspool.png,,2026-09-08T07:41:39.843-04:00,2026-09-08T13:10:29-04:00,games_won,1,,0,2420,ATP,pp_or_step1,0,N/A,N/A,N/A,STALE_HISTORY,,,,,,,,,,,,,,,,,,,,,,hard,0,,,,,,,,,,MISSING_STAT_VALUES,,,,,,,,,,,,,,,,,,,,,,,0,250,,,ATP,2,NEUTRAL,FIELD,1,,,0.5,1.0,13.5,0.0,0.58,0.08,4.018975700934579,0.5,0.03000000000000003,3.81802691588785,?,0.95,0.524,OVER,ml_prob,ml_prob,C,,2420,0.0,OVER,OVER,STANDARD_TIEBREAK_HR5_OVER,OVER,ml_prob_unified,0,
14599241,Andreozzi G / Guinard M,ANDREOZZI G / GUINARD M,Total Games Won,13.5,2026-09-08T17:10:00.000-04:00,Tennis,ATP / HARD,Standard,13.5,,,14599241,312511,185640,Andreozzi G / Guinard M,13.5,Player,NYS H / ROGER-VASSELIN E,,,https://static.prizepicks.com/images/manual/AndreGuinard.png,,2026-09-08T07:41:39.843-04:00,2026-09-08T13:10:29-04:00,games_won,1,NYS H / ROGER-VASSELIN E,0,2292,ATP,pp_or_step1,0,Weak,Weak,250,STALE_HISTORY,,,,,,,,,,,,,,,,,,,,,,hard,0,,,,,,,,,,MISSING_STAT_VALUES,,,,,,,,,,,,,,,,,,,,,,,0,250,250.0,0.0,ATP,2,NEUTRAL,FIELD,1,,,0.5,1.0,13.5,0.0,0.58,0.08,4.018975700934579,0.5,0.03000000000000003,3.81802691588785,?,0.95,0.524,OVER,ml_prob,ml_prob,C,,2292,0.0,OVER,OVER,STANDARD_TIEBREAK_HR5_OVER,OVER,ml_prob_unified,0,
14626773,Bolelli S / Vavassori A,BOLELLI S / VAVASSORI A,Total Games Won,13.5,2026-09-08T18:10:00.000-04:00,Tennis,ATP / HARD,Standard,13.5,,,14626773,205632,185739,Bolelli S / Vavassori A,13.5,Player,UNKNOWN_OPP,,,https://static.prizepicks.com/images/manual/S. Bolelli-A. Vavassori.png,,2026-09-08T07:41:39.843-04:00,2026-09-08T13:10:29-04:00,games_won,1,,0,279,ATP,pp_or_step1,0,N/A,N/A,N/A,STALE_HISTORY,,,,,,,,,,,,,,,,,,,,,,hard,0,,,,,,,,,,MISSING_STAT_VALUES,,,,,,,,,,,,,,,,,,,,,,,0,250,,,ATP,2,NEUTRAL,FIELD,1,,,0.5,1.0,13.5,0.0,0.58,0.08,4.018975700934579,0.5,0.03000000000000003,3.81802691588785,?,0.95,0.524,OVER,ml_prob,ml_prob,C,,279,0.0,OVER,OVER,STANDARD_TIEBREAK_HR5_OVER,OVER,ml_prob_unified,0,
14625098,Alexander Zverev,ALEXANDER ZVEREV,Aces,13.5,2026-09-09T11:30:00.000-04:00,Tennis,ATP / HARD,Standard,13.5,,,14625098,201395,185810,Alexander Zverev,13.5,Player,BOTIC VAN DE ZANDSCHULP,,,https://static.prizepicks.com/images/manual/Alexander Zverev.png,,2026-09-08T09:48:12.325-04:00,2026-09-08T13:10:29-04:00,aces,0,,0,2375,ATP,pp_or_step1,0,Below Avg,Below Avg,70,STALE_HISTORY,,,0.7261248892215003,,,,,,,,,,,,,,,,,,,hard,0,8.821428571428571,1.571428571428571,0.7661283351954835,0.7209302325581395,86.0,1.0,0.0,,,MISSING_STAT_VALUES,,,,,,,,,,,,,,,,,,,,,,,0,2,70.0,-68.0,ATP,2,SERVE_HEAVY,ELITE,1,,,0.5,0.95,13.5,0.0,0.08,-0.42,3.734391401869159,0.5,0.03000000000000003,3.547671831775701,?,0.95,0.374,OVER,ml_prob,ml_prob,C,,2375,0.0,OVER,OVER,STANDARD_TIEBREAK_HR5_OVER,OVER,ml_prob_unified,0,
14583890,Emma Navarro,EMMA NAVARRO,Aces,5.5,2026-09-08T19:00:00.000-04:00,Tennis,WTA / HARD,Demon,4.5,,,14583890,201443,185590,Emma Navarro,5.5,Player,JESSICA PEGULA,,,https://static.prizepicks.com/images/manual/Emma Head.png,,2026-09-08T07:41:39.843-04:00,2026-09-08T13:10:29-04:00,aces,0,,0,3785,WTA,sibling_or_pp,1,Elite,Elite,3,STALE_HISTORY,,,0.6283290880630938,,,,,,,,,,,,,,,,,,,hard,0,1.888888888888889,3.533333333333333,0.6366395772251866,0.4791666666666667,48.0,0.0,0.0,,,MISSING_STAT_VALUES,,,,,,,,,,,,,,,,,,,,,,,0,27,3.0,24.0,WTA,2,SERVE_HEAVY,ELITE,1,,,0.5,1.0,5.5,0.0,0.08,-0.42,4.018975700934579,0.5,0.03000000000000003,3.81802691588785,?,0.95,0.374,OVER,distance,distance,A,,3785,0.0,OVER,OVER,FORCED_OVER_ONLY_GOB_DEM,OVER,ml_prob_unified,0,
14622995,Karen Khachanov,KAREN KHACHANOV,Double Faults,5.5,2026-09-09T11:30:00.000-04:00,Tennis,ATP / HARD,Demon,4.5,,,14622995,201396,185783,Karen Khachanov,5.5,Player,ALEXANDER BLOCKX,,,https://static.prizepicks.com/images/manual/Karen K.png,,2026-09-08T09:48:12.325-04:00,2026-09-08T13:10:29-04:00,double_faults,0,,0,2367,ATP,sibling_or_pp,1,Avg,Avg,34,STALE_HISTORY,,,0.6446638518747103,,,,,,,,,,,,,,,,,,,hard,0,7.968253968253968,2.047619047619047,0.764327151305763,0.5714285714285714,63.0,0.0,0.0,,,MISSING_STAT_VALUES,,,,,,,,,,,,,,,,,,,,,,,0,50,34.0,16.0,ATP,2,NEUTRAL,FIELD,1,,,0.5,1.0,5.5,0.0,0.08,-0.42,4.018975700934579,0.5,0.03000000000000003,3.81802691588785,?,0.95,0.374,OVER,distance,distance,A,,2367,0.0,OVER,OVER,FORCED_OVER_ONLY_GOB_DEM,OVER,ml_prob_unified,0,
14598201,Jennifer Ruggeri,JENNIFER RUGGERI,Aces,2.5,2026-09-08T13:15:00.000-04:00,Tennis,WTA / HARD,Demon,,,,14598201,263151,185648,Jennifer Ruggeri,2.5,Player,MARTINA TREVISAN,,,https://static.prizepicks.com/images/manual/Jennifer Ruggeri.png,,2026-09-08T12:54:31.065-04:00,2026-09-08T13:10:29-04:00,aces,0,,0,6576,WTA,,2,Weak,Weak,250,STALE_HISTORY,,,,,,,,,,,,,,,,,,,,,,hard,0,,,,,,,,,,MISSING_STAT_VALUES,,,,,,,,,,,,,,,,,,,,,,,0,250,250.0,0.0,WTA,2,SERVE_HEAVY,FIELD,1,,,0.5,1.0,2.5,0.0,0.08,-0.42,4.018975700934579,0.5,0.03000000000000003,3.81802691588785,?,0.95,0.374,OVER,ml_prob_fallback,ml_prob_fallback,B,,6576,0.0,OVER,OVER,FORCED_OVER_ONLY_GOB_DEM,OVER,ml_prob_unified,0,
14598207,Martina Trevisan,MARTINA TREVISAN,Aces,2.5,2026-09-08T13:15:00.000-04:00,Tennis,WTA / HARD,Demon,,,,14598207,202036,185648,Martina Trevisan,2.5,Player,JENNIFER RUGGERI,,,https://static.flashscore.com/res/image/data/Snya7gil-U3ZuGemt.png,,2026-09-08T12:54:31.065-04:00,2026-09-08T13:10:29-04:00,aces,0,,0,1374,WTA,,1,Weak,Weak,250,STALE_HISTORY,,,0.6804987500989339,,,,,,,,,,,,,,,,,,,hard,0,1.25,3.375,0.6212193969519703,0.5,8.0,0.0,0.0,,,MISSING_STAT_VALUES,,,,,,,,,,,,,,,,,,,,,,,0,250,250.0,0.0,WTA,2,SERVE_HEAVY,FIELD,1,,,0.5,1.0,2.5,0.0,0.08,-0.42,4.018975700934579,0.5,0.03000000000000003,3.81802691588785,?,0.95,0.374,OVER,ml_prob_fallback,ml_prob_fallback,B,,1374,0.0,OVER,OVER,FORCED_OVER_ONLY_GOB_DEM,OVER,ml_prob_unified,0,
14620583,Frances Tiafoe,FRANCES TIAFOE,1st Set Aces,2.5,2026-09-08T13:45:00.000-04:00,Tennis,ATP / HARD,Demon,,,,14620583,201267,185558,Frances Tiafoe,2.5,Player,ALEX MICHELSEN,,,https://static.prizepicks.com/images/manual/tiafoe.png,,2026-09-08T13:10:19.092-04:00,2026-09-08T13:10:29-04:00,aces,0,,0,2708,ATP,,1,Avg,Avg,46,STALE_HISTORY,,,0.5948380261102764,,,,,,,,,,,,,,,,,,,hard,0,8.310344827586206,2.155172413793104,0.7471931813542996,0.55,60.0,0.0,0.0,,,MISSING_STAT_VALUES,,,,,,,,,,,,,,,,,,,,,,,0,12,46.0,-34.0,ATP,2,SERVE_HEAVY,ELITE,1,,,0.5,1.0,2.5,0.0,0.08,-0.42,4.018975700934579,0.5,0.03000000000000003,3.81802691588785,?,0.95,0.374,OVER,ml_prob_fallback,ml_prob_fallback,B,,2708,0.0,OVER,OVER,FORCED_OVER_ONLY_GOB_DEM,OVER,ml_prob_unified,0,
14629265,Alevtina Ibragimova,ALEVTINA IBRAGIMOVA,Aces,2.5,2026-09-09T06:10:00.000-04:00,Tennis,WTA / HARD,Demon,,,,14629265,202469,185848,Alevtina Ibragimova,2.5,Player,LEYRE ROMERO GORMAZ,,,https://static.prizepicks.com/images/manual/AlevtinaIbragimova.webp,,2026-09-08T09:48:12.325-04:00,2026-09-08T13:10:29-04:00,aces,0,,0,11513,WTA,,1,Weak,Weak,145,STALE_HISTORY,,,,,,,,,,,,,,,,,,,,,,hard,0,,,,,,,,,,MISSING_STAT_VALUES,,,,,,,,,,,,,,,,,,,,,,,0,250,145.0,105.0,WTA,2,SERVE_HEAVY,FIELD,1,,,0.5,1.05,2.5,0.0,0.08,-0.42,4.311480560747664,0.5,0.03000000000000003,4.095906532710281,?,0.95,0.374,OVER,ml_prob_fallback,ml_prob_fallback,B,,11513,0.0,OVER,OVER,FORCED_OVER_ONLY_GOB_DEM,OVER,ml_prob_unified,0,
14629273,Leyre Romero Gormaz,LEYRE ROMERO GORMAZ,Aces,2.5,2026-09-09T06:10:00.000-04:00,Tennis,WTA / CLAY,Demon,,,,14629273,201929,185848,Leyre Romero Gormaz,2.5,Player,ALEVTINA IBRAGIMOVA,,,https://static.prizepicks.com/images/manual/lorireyes12.png,,2026-09-08T09:48:12.325-04:00,2026-09-08T13:10:29-04:00,aces,0,,0,10676,WTA,,1,Weak,Weak,250,STALE_HISTORY,,,,,,,,,,,,,,,,,,,,,,clay,0,,,,,,,,,,MISSING_STAT_VALUES,,,,,,,,,,,,,,,,,,,,,,,0,145,250.0,-105.0,WTA,2,SERVE_HEAVY,FIELD,1,,,0.5,0.95,2.5,0.0,0.08,-0.42,3.734391401869159,0.5,0.03000000000000003,3.547671831775701,?,0.95,0.374,OVER,ml_prob_fallback,ml_prob_fallback,B,,10676,0.0,OVER,OVER,FORCED_OVER_ONLY_GOB_DEM,OVER,ml_prob_unified,0,
14626138,Elizara Yaneva,ELIZARA YANEVA,Aces,2.5,2026-09-09T05:00:00.000-04:00,Tennis,WTA / HARD,Demon,,,,14626138,314549,185672,Elizara Yaneva,2.5,Player,ZHIBEK KULAMBAYEVA,,,https://static.prizepicks.com/images/manual/Yaneva.png,,2026-09-08T09:48:12.325-04:00,2026-09-08T13:10:29-04:00,aces,0,,0,9442,WTA,,1,Weak,Weak,250,STALE_HISTORY,,,,,,,,,,,,,,,,,,,,,,hard,0,,,,,,,,,,MISSING_STAT_VALUES,,,,,,,,,,,,,,,,,,,,,,,0,250,250.0,0.0,WTA,2,SERVE_HEAVY,FIELD,1,,,0.5,1.0,2.5,0.0,0.08,-0.42,4.018975700934579,0.5,0.03000000000000003,3.81802691588785,?,0.95,0.374,OVER,ml_prob_fallback,ml_prob_fallback,B,,9442,0.0,OVER,OVER,FORCED_OVER_ONLY_GOB_DEM,OVER,ml_prob_unified,0,
14626148,Zhibek Kulambayeva,ZHIBEK KULAMBAYEVA,Aces,2.5,2026-09-09T05:00:00.000-04:00,Tennis,WTA / HARD,Demon,,,,14626148,246857,185672,Zhibek Kulambayeva,2.5,Player,ELIZARA YANEVA,,,https://static.flashscore.com/res/image/data/Kzo9TLwS-StIfzY0L.png,,2026-09-08T09:48:12.325-04:00,2026-09-08T13:10:29-04:00,aces,0,,0,4926,WTA,,2,Weak,Weak,250,STALE_HISTORY,,,,,,,,,,,,,,,,,,,,,,hard,0,,,,,,,,,,MISSING_STAT_VALUES,,,,,,,,,,,,,,,,,,,,,,,0,250,250.0,0.0,WTA,2,SERVE_HEAVY,FIELD,1,,,0.5,1.0,2.5,0.0,0.08,-0.42,4.018975700934579,0.5,0.03000000000000003,3.81802691588785,?,0.95,0.374,OVER,ml_prob_fallback,ml_prob_fallback,B,,4926,0.0,OVER,OVER,FORCED_OVER_ONLY_GOB_DEM,OVER,ml_prob_unified,0,
14629259,Andrea Lazaro Garcia,ANDREA LAZARO GARCIA,Total Sets,2.5,2026-09-09T08:00:00.000-04:00,Tennis,WTA / HARD,Demon,,,,14629259,238506,185854,Andrea Lazaro Garcia,2.5,Player,UNKNOWN_OPP,,,https://static.flashscore.com/res/image/data/OtX0s6jl-CxOiWxwJ.png,,2026-09-08T09:48:12.325-04:00,2026-09-08T13:10:29-04:00,total_sets,0,,0,4291,WTA,,1,N/A,N/A,N/A,STALE_HISTORY,,,,,,,,,,,,,,,,,,,,,,hard,0,,,,,,,,,,MISSING_STAT_VALUES,,,,,,,,,,,,,,,,,,,,,,,0,142,,,WTA,2,NEUTRAL,FIELD,1,,,0.5,1.0,2.5,0.0,0.1507,-0.3493,4.018975700934579,0.5,0.03000000000000003,3.81802691588785,?,0.95,0.3952,OVER,ml_prob_fallback,ml_prob_fallback,B,,4291,0.0,OVER,OVER,FORCED_OVER_ONLY_GOB_DEM,OVER,ml_prob_unified,0,
14629283,Andrea Lazaro Garcia,ANDREA LAZARO GARCIA,Aces,2.5,2026-09-09T08:00:00.000-04:00,Tennis,WTA / HARD,Demon,,,,14629283,238506,185854,Andrea Lazaro Garcia,2.5,Player,UNKNOWN_OPP,,,https://static.flashscore.com/res/image/data/OtX0s6jl-CxOiWxwJ.png,,2026-09-08T09:48:12.325-04:00,2026-09-08T13:10:29-04:00,aces,0,,0,4291,WTA,,2,N/A,N/A,N/A,STALE_HISTORY,,,,,,,,,,,,,,,,,,,,,,hard,0,,,,,,,,,,MISSING_STAT_VALUES,,,,,,,,,,,,,,,,,,,,,,,0,142,,,WTA,2,SERVE_HEAVY,FIELD,1,,,0.5,1.0,2.5,0.0,0.08,-0.42,4.018975700934579,0.5,0.03000000000000003,3.81802691588785,?,0.95,0.374,OVER,ml_prob_fallback,ml_prob_fallback,B,,4291,0.0,OVER,OVER,FORCED_OVER_ONLY_GOB_DEM,OVER,ml_prob_unified,0,
14633442,Nuria Brancaccio,NURIA BRANCACCIO,Aces,2.5,2026-09-09T09:10:00.000-04:00,Tennis,WTA / HARD,Demon,,,,14633442,202405,185866,Nuria Brancaccio,2.5,Player,DALMA GALFI,,,https://www.flashscore.com/res/image/data/dKrfR6Ea-GpRwzSga.png,,2026-09-08T12:05:15.397-04:00,2026-09-08T13:10:29-04:00,aces,0,,0,5168,WTA,,1,Weak,Weak,250,STALE_HISTORY,,,,,,,,,,,,,,,,,,,,,,hard,0,,,,,,,,,,MISSING_STAT_VALUES,,,,,,,,,,,,,,,,,,,,,,,0,250,250.0,0.0,WTA,2,SERVE_HEAVY,FIELD,1,,,0.5,1.0,2.5,0.0,0.08,-0.42,4.018975700934579,0.5,0.03000000000000003,3.81802691588785,?,0.95,0.374,OVER,ml_prob_fallback,ml_prob_fallback,B,,5168,0.0,OVER,OVER,FORCED_OVER_ONLY_GOB_DEM,OVER,ml_prob_unified,0,
14633682,Nao Hibino,NAO HIBINO,Aces,2.5,2026-09-09T11:00:00.000-04:00,Tennis,WTA / HARD,Demon,,,,14633682,204436,185782,Nao Hibino,2.5,Player,ANASTASIA TIKHONOVA,,,https://www.flashscore.com/res/image/data/KxS8M9dM-G0BIjPpT.png,,2026-09-08T12:11:15.824-04:00,2026-09-08T13:10:29-04:00,aces,0,,0,2043,WTA,,1,Weak,Weak,250,STALE_HISTORY,,,0.6573377914017103,,,,,,,,,,,,,,,,,,,hard,0,1.875,3.25,0.5410282497501924,0.2222222222222222,9.0,0.0,0.0,,,MISSING_STAT_VALUES,,,,,,,,,,,,,,,,,,,,,,,0,250,250.0,0.0,WTA,2,SERVE_HEAVY,FIELD,1,,,0.5,1.0,2.5,0.0,0.08,-0.42,4.018975700934579,0.5,0.03000000000000003,3.81802691588785,?,0.95,0.374,OVER,ml_prob_fallback,ml_prob_fallback,B,,2043,0.0,OVER,OVER,FORCED_OVER_ONLY_GOB_DEM,OVER,ml_prob_unified,0,
14629230,Alexander Blockx,ALEXANDER BLOCKX,Break Points Won,2.5,2026-09-09T11:30:00.000-04:00,Tennis,ATP / HARD,Demon,,,,14629230,218482,185783,Alexander Blockx,2.5,Player,KAREN KHACHANOV,,,https://static.prizepicks.com/images/manual/AlexanderBlockx.webp,,2026-09-08T09:48:12.325-04:00,2026-09-08T13:10:29-04:00,break_points_won,0,,0,11757,ATP,,1,Avg,Avg,50,STALE_HISTORY,,,0.6652403038167991,,,,,,,,,,,,,,,,,,,hard,0,8.071428571428571,1.714285714285714,0.7321477208550975,0.4,15.0,0.0,0.0,,,MISSING_STAT_VALUES,,,,,,,,,,,,,,,,,,,,,,,0,34,50.0,-16.0,ATP,2,NEUTRAL,FIELD,1,,,0.5,1.0,2.5,0.0,0.1507,-0.3493,4.018975700934579,0.5,0.03000000000000003,3.81802691588785,?,0.95,0.3952,OVER,ml_prob_fallback,ml_prob_fallback,B,,11757,0.0,OVER,OVER,FORCED_OVER_ONLY_GOB_DEM,OVER,ml_prob_unified,0,
14598211,Martina Trevisan,MARTINA TREVISAN,Double Faults,6.5,2026-09-08T13:15:00.000-04:00,Tennis,WTA / HARD,Demon,,,,14598211,202036,185648,Martina Trevisan,6.5,Player,JENNIFER RUGGERI,,,https://static.flashscore.com/res/image/data/Snya7gil-U3ZuGemt.png,,2026-09-08T12:54:31.065-04:00,2026-09-08T13:10:29-04:00,double_faults,0,,0,1374,WTA,,1,Weak,Weak,250,STALE_HISTORY,,,0.6804987500989339,,,,,,,,,,,,,,,,,,,hard,0,1.25,3.375,0.6212193969519703,0.5,8.0,0.0,0.0,,,MISSING_STAT_VALUES,,,,,,,,,,,,,,,,,,,,,,,0,250,250.0,0.0,WTA,2,NEUTRAL,FIELD,1,,,0.5,1.0,6.5,0.0,0.08,-0.42,4.018975700934579,0.5,0.03000000000000003,3.81802691588785,?,0.95,0.374,OVER,ml_prob_fallback,ml_prob_fallback,B,,1374,0.0,OVER,OVER,FORCED_OVER_ONLY_GOB_DEM,OVER,ml_prob_unified,0,
14622353,Ena Koike,ENA KOIKE,Double Faults,6.5,2026-09-08T15:40:00.000-04:00,Tennis,WTA / HARD,Demon,,,,14622353,268977,185730,Ena Koike,6.5,Player,NADIA PODOROSKA,,,https://static.prizepicks.com/images/manual/EnaKoike.webp,,2026-09-08T07:41:39.843-04:00,2026-09-08T13:10:29-04:00,double_faults,0,,0,11378,WTA,,1,Weak,Weak,250,STALE_HISTORY,,,,,,,,,,,,,,,,,,,,,,hard,0,,,,,,,,,,MISSING_STAT_VALUES,,,,,,,,,,,,,,,,,,,,,,,0,250,250.0,0.0,WTA,2,NEUTRAL,FIELD,1,,,0.5,1.0,6.5,0.0,0.08,-0.42,4.018975700934579,0.5,0.03000000000000003,3.81802691588785,?,0.95,0.374,OVER,ml_prob_fallback,ml_prob_fallback,B,,11378,0.0,OVER,OVER,FORCED_OVER_ONLY_GOB_DEM,OVER,ml_prob_unified,0,
14583864,Emma Navarro,EMMA NAVARRO,Double Faults,6.5,2026-09-08T19:00:00.000-04:00,Tennis,WTA / HARD,Demon,,,,14583864,201443,185590,Emma Navarro,6.5,Player,JESSICA PEGULA,,,https://static.prizepicks.com/images/manual/Emma Head.png,,2026-09-08T07:41:39.843-04:00,2026-09-08T13:10:29-04:00,double_faults,0,,0,3785,WTA,,3,Elite,Elite,3,STALE_HISTORY,,,0.6283290880630938,,,,,,,,,,,,,,,,,,,hard,0,1.888888888888889,3.533333333333333,0.6366395772251866,0.4791666666666667,48.0,0.0,0.0,,,MISSING_STAT_VALUES,,,,,,,,,,,,,,,,,,,,,,,0,27,3.0,24.0,WTA,2,NEUTRAL,ELITE,1,,,0.5,1.0,6.5,0.0,0.08,-0.42,4.018975700934579,0.5,0.03000000000000003,3.81802691588785,?,0.95,0.374,OVER,ml_prob_fallback,ml_prob_fallback,B,,3785,0.0,OVER,OVER,FORCED_OVER_ONLY_GOB_DEM,OVER,ml_prob_unified,0,
14595901,Emma Navarro,EMMA NAVARRO,Aces,6.5,2026-09-08T19:00:00.000-04:00,Tennis,WTA / HARD,Demon,4.5,,,14595901,201443,185590,Emma Navarro,6.5,Player,JESSICA PEGULA,,,https://static.prizepicks.com/images/manual/Emma Head.png,,2026-09-08T07:41:39.843-04:00,2026-09-08T13:10:29-04:00,aces,0,,0,3785,WTA,sibling_or_pp,2,Elite,Elite,3,STALE_HISTORY,,,0.6283290880630938,,,,,,,,,,,,,,,,,,,hard,0,1.888888888888889,3.533333333333333,0.6366395772251866,0.4791666666666667,48.0,0.0,0.0,,,MISSING_STAT_VALUES,,,,,,,,,,,,,,,,,,,,,,,0,27,3.0,24.0,WTA,2,SERVE_HEAVY,ELITE,1,,,0.5,1.0,6.5,0.0,0.08,-0.42,4.018975700934579,0.5,0.03000000000000003,3.81802691588785,?,0.95,0.374,OVER,distance,distance,B,,3785,0.0,OVER,OVER,FORCED_OVER_ONLY_GOB_DEM,OVER,ml_prob_unified,0,
14595902,Jessica Pegula,JESSICA PEGULA,Aces,6.5,2026-09-08T19:00:00.000-04:00,Tennis,WTA / HARD,Demon,,,,14595902,201369,185590,Jessica Pegula,6.5,Player,EMMA NAVARRO,,,https://www.flashscore.com/res/image/data/GS3hkKzB-A19CsvyR.png,,2026-09-08T12:48:49.168-04:00,2026-09-08T13:10:29-04:00,aces,0,,0,2113,WTA,,2,Avg,Avg,27,STALE_HISTORY,,,0.6293953459627286,,,,,,,,,,,,,,,,,,,hard,0,3.320987654320988,1.987654320987654,0.6920522626365668,0.7142857142857143,84.0,1.0,0.0,,,MISSING_STAT_VALUES,,,,,,,,,,,,,,,,,,,,,,,0,3,27.0,-24.0,WTA,2,SERVE_HEAVY,ELITE,1,,,0.5,1.0,6.5,0.0,0.08,-0.42,4.018975700934579,0.5,0.03000000000000003,3.81802691588785,?,0.95,0.374,OVER,ml_prob_fallback,ml_prob_fallback,B,,2113,0.0,OVER,OVER,FORCED_OVER_ONLY_GOB_DEM,OVER,ml_prob_unified,0,
14585604,Ben Shelton,BEN SHELTON,Double Faults,6.5,2026-09-08T20:10:00.000-04:00,Tennis,ATP / HARD,Demon,4.0,,,14585604,201258,185581,Ben Shelton,6.5,Player,CARLOS ALCARAZ,,,https://static.prizepicks.com/images/manual/Ben Shelton.png,,2026-09-08T07:41:39.843-04:00,2026-09-08T13:10:29-04:00,double_faults,0,,0,9250,ATP,sibling_or_pp,2,Elite,Elite,3,STALE_HISTORY,,,0.6753995623116001,,,,,,,,,,,,,,,,,,,hard,0,10.06849315068493,2.547945205479452,0.7700546496212411,0.6575342465753424,73.0,1.0,0.0,,,MISSING_STAT_VALUES,,,,,,,,,,,,,,,,,,,,,,,0,9,3.0,6.0,ATP,2,NEUTRAL,ELITE,1,,,0.5,1.0,6.5,0.0,0.08,-0.42,4.018975700934579,0.5,0.03000000000000003,3.81802691588785,?,0.95,0.374,OVER,distance,distance,B,,9250,0.0,OVER,OVER,FORCED_OVER_ONLY_GOB_DEM,OVER,ml_prob_unified,0,
14585610,Carlos Alcaraz,CARLOS ALCARAZ,Double Faults,6.5,2026-09-08T20:10:00.000-04:00,Tennis,ATP / HARD,Demon,3.5,,,14585610,201284,185581,Carlos Alcaraz,6.5,Player,BEN SHELTON,,,https://static.prizepicks.com/images/manual/Carlos Alcaraz3.png,,2026-09-08T07:41:39.843-04:00,2026-09-08T13:10:29-04:00,double_faults,0,,0,3782,ATP,sibling_or_pp,3,Elite,Elite,9,STALE_HISTORY,,,0.652953811679599,,,,,,,,,,,,,,,,,,,hard,0,5.626506024096385,2.060240963855421,0.7694979195459459,0.8433734939759037,83.0,1.0,0.0,,,MISSING_STAT_VALUES,,,,,,,,,,,,,,,,,,,,,,,0,3,9.0,-6.0,ATP,2,NEUTRAL,ELITE,1,,,0.5,1.0,6.5,0.0,0.08,-0.42,4.018975700934579,0.5,0.03000000000000003,3.81802691588785,?,0.95,0.374,OVER,distance,distance,B,,3782,0.0,OVER,OVER,FORCED_OVER_ONLY_GOB_DEM,OVER,ml_prob_unified,0,
14595804,Carlos Alcaraz,CARLOS ALCARAZ,Aces,6.5,2026-09-08T20:10:00.000-04:00,Tennis,ATP / HARD,Demon,,,,14595804,201284,185581,Carlos Alcaraz,6.5,Player,BEN SHELTON,,,https://static.prizepicks.com/images/manual/Carlos Alcaraz3.png,,2026-09-08T11:41:16.281-04:00,2026-09-08T13:10:29-04:00,aces,0,,0,3782,ATP,,3,Elite,Elite,9,STALE_HISTORY,,,0.652953811679599,,,,,,,,,,,,,,,,,,,hard,0,5.626506024096385,2.060240963855421,0.7694979195459459,0.8433734939759037,83.0,1.0,0.0,,,MISSING_STAT_VALUES,,,,,,,,,,,,,,,,,,,,,,,0,3,9.0,-6.0,ATP,2,SERVE_HEAVY,ELITE,1,,,0.5,1.0,6.5,0.0,0.08,-0.42,4.018975700934579,0.5,0.03000000000000003,3.81802691588785,?,0.95,0.374,OVER,ml_prob_fallback,ml_prob_fallback,B,,3782,0.0,OVER,OVER,FORCED_OVER_ONLY_GOB_DEM,OVER,ml_prob_unified,0,
14629268,Alevtina Ibragimova,ALEVTINA IBRAGIMOVA,Double Faults,6.5,2026-09-09T06:10:00.000-04:00,Tennis,WTA / HARD,Demon,,,,14629268,202469,185848,Alevtina Ibragimova,6.5,Player,LEYRE ROMERO GORMAZ,,,https://static.prizepicks.com/images/manual/AlevtinaIbragimova.webp,,2026-09-08T09:48:12.325-04:00,2026-09-08T13:10:29-04:00,double_faults,0,,0,11513,WTA,,1,Weak,Weak,145,STALE_HISTORY,,,,,,,,,,,,,,,,,,,,,,hard,0,,,,,,,,,,MISSING_STAT_VALUES,,,,,,,,,,,,,,,,,,,,,,,0,250,145.0,105.0,WTA,2,NEUTRAL,FIELD,1,,,0.5,1.05,6.5,0.0,0.08,-0.42,4.311480560747664,0.5,0.03000000000000003,4.095906532710281,?,0.95,0.374,OVER,ml_prob_fallback,ml_prob_fallback,B,,11513,0.0,OVER,OVER,FORCED_OVER_ONLY_GOB_DEM,OVER,ml_prob_unified,0,
14629277,Leyre Romero Gormaz,LEYRE ROMERO GORMAZ,Double Faults,6.5,2026-09-09T06:10:00.000-04:00,Tennis,WTA / CLAY,Demon,,,,14629277,201929,185848,Leyre Romero Gormaz,6.5,Player,ALEVTINA IBRAGIMOVA,,,https://static.prizepicks.com/images/manual/lorireyes12.png,,2026-09-08T09:48:12.325-04:00,2026-09-08T13:10:29-04:00,double_faults,0,,0,10676,WTA,,2,Weak,Weak,250,STALE_HISTORY,,,,,,,,,,,,,,,,,,,,,,clay,0,,,,,,,,,,MISSING_STAT_VALUES,,,,,,,,,,,,,,,,,,,,,,,0,145,250.0,-105.0,WTA,2,NEUTRAL,FIELD,1,,,0.5,0.95,6.5,0.0,0.08,-0.42,3.734391401869159,0.5,0.03000000000000003,3.547671831775701,?,0.95,0.374,OVER,ml_prob_fallback,ml_prob_fallback,B,,10676,0.0,OVER,OVER,FORCED_OVER_ONLY_GOB_DEM,OVER,ml_prob_unified,0,
14626141,Elizara Yaneva,ELIZARA YANEVA,Double Faults,6.5,2026-09-09T05:00:00.000-04:00,Tennis,WTA / HARD,Demon,,,,14626141,314549,185672,Elizara Yaneva,6.5,Player,ZHIBEK KULAMBAYEVA,,,https://static.prizepicks.com/images/manual/Yaneva.png,,2026-09-08T09:48:12.325-04:00,2026-09-08T13:10:29-04:00,double_faults,0,,0,9442,WTA,,2,Weak,Weak,250,STALE_HISTORY,,,,,,,,,,,,,,,,,,,,,,hard,0,,,,,,,,,,MISSING_STAT_VALUES,,,,,,,,,,,,,,,,,,,,,,,0,250,250.0,0.0,WTA,2,NEUTRAL,FIELD,1,,,0.5,1.0,6.5,0.0,0.08,-0.42,4.018975700934579,0.5,0.03000000000000003,3.81802691588785,?,0.95,0.374,OVER,ml_prob_fallback,ml_prob_fallback,B,,9442,0.0,OVER,OVER,FORCED_OVER_ONLY_GOB_DEM,OVER,ml_prob_unified,0,
14626152,Zhibek Kulambayeva,ZHIBEK KULAMBAYEVA,Double Faults,6.5,2026-09-09T05:00:00.000-04:00,Tennis,WTA / HARD,Demon,,,,14626152,246857,185672,Zhibek Kulambayeva,6.5,Player,ELIZARA YANEVA,,,https://static.flashscore.com/res/image/data/Kzo9TLwS-StIfzY0L.png,,2026-09-08T09:48:12.325-04:00,2026-09-08T13:10:29-04:00,double_faults,0,,0,4926,WTA,,3,Weak,Weak,250,STALE_HISTORY,,,,,,,,,,,,,,,,,,,,,,hard,0,,,,,,,,,,MISSING_STAT_VALUES,,,,,,,,,,,,,,,,,,,,,,,0,250,250.0,0.0,WTA,2,NEUTRAL,FIELD,1,,,0.5,1.0,6.5,0.0,0.08,-0.42,4.018975700934579,0.5,0.03000000000000003,3.81802691588785,?,0.95,0.374,OVER,ml_prob_fallback,ml_prob_fallback,B,,4926,0.0,OVER,OVER,FORCED_OVER_ONLY_GOB_DEM,OVER,ml_prob_unified,0,
14599800,Aurora Zantedeschi,AURORA ZANTEDESCHI,Double Faults,6.5,2026-09-09T04:30:00.000-04:00,Tennis,WTA / HARD,Demon,,,,14599800,247239,185652,Aurora Zantedeschi,6.5,Player,LINA GJORCHESKA,,,https://static.flashscore.com/res/image/data/0QC5dYDa-z9AWrQfb.png,,2026-09-08T09:48:12.325-04:00,2026-09-08T13:10:29-04:00,double_faults,0,,0,5160,WTA,,3,Weak,Weak,250,STALE_HISTORY,,,,,,,,,,,,,,,,,,,,,,hard,0,,,,,,,,,,MISSING_STAT_VALUES,,,,,,,,,,,,,,,,,,,,,,,0,250,250.0,0.0,WTA,2,NEUTRAL,FIELD,1,,,0.5,1.0,6.5,0.0,0.08,-0.42,4.018975700934579,0.5,0.03000000000000003,3.81802691588785,?,0.95,0.374,OVER,ml_prob_fallback,ml_prob_fallback,B,,5160,0.0,OVER,OVER,FORCED_OVER_ONLY_GOB_DEM,OVER,ml_prob_unified,0,
14629285,Andrea Lazaro Garcia,ANDREA LAZARO GARCIA,Double Faults,6.5,2026-09-09T08:00:00.000-04:00,Tennis,WTA / HARD,Demon,,,,14629285,238506,185854,Andrea Lazaro Garcia,6.5,Player,UNKNOWN_OPP,,,https://static.flashscore.com/res/image/data/OtX0s6jl-CxOiWxwJ.png,,2026-09-08T09:48:12.325-04:00,2026-09-08T13:10:29-04:00,double_faults,0,,0,4291,WTA,,2,N/A,N/A,N/A,STALE_HISTORY,,,,,,,,,,,,,,,,,,,,,,hard,0,,,,,,,,,,MISSING_STAT_VALUES,,,,,,,,,,,,,,,,,,,,,,,0,142,,,WTA,2,NEUTRAL,FIELD,1,,,0.5,1.0,6.5,0.0,0.08,-0.42,4.018975700934579,0.5,0.03000000000000003,3.81802691588785,?,0.95,0.374,OVER,ml_prob_fallback,ml_prob_fallback,B,,4291,0.0,OVER,OVER,FORCED_OVER_ONLY_GOB_DEM,OVER,ml_prob_unified,0,
14633437,Dalma Galfi,DALMA GALFI,Double Faults,6.5,2026-09-09T09:10:00.000-04:00,Tennis,WTA / HARD,Demon,,,,14633437,207690,185866,Dalma Galfi,6.5,Player,NURIA BRANCACCIO,,,https://static.prizepicks.com/images/manual/dalma.png,,2026-09-08T12:05:15.025-04:00,2026-09-08T13:10:29-04:00,double_faults,0,,0,2764,WTA,,3,Weak,Weak,250,STALE_HISTORY,,,0.6333173808396075,,,,,,,,,,,,,,,,,,,hard,0,4.428571428571429,3.214285714285714,0.6604909917738323,0.1428571428571428,14.0,0.0,1.0,,,MISSING_STAT_VALUES,,,,,,,,,,,,,,,,,,,,,,,0,250,250.0,0.0,WTA,2,NEUTRAL,FIELD,1,,,0.5,1.0,6.5,0.0,0.08,-0.42,4.018975700934579,0.5,0.03000000000000003,3.81802691588785,?,0.95,0.374,OVER,ml_prob_fallback,ml_prob_fallback,B,,2764,0.0,OVER,OVER,FORCED_OVER_ONLY_GOB_DEM,OVER,ml_prob_unified,0,
14633687,Nao Hibino,NAO HIBINO,Double Faults,6.5,2026-09-09T11:00:00.000-04:00,Tennis,WTA / HARD,Demon,,,,14633687,204436,185782,Nao Hibino,6.5,Player,ANASTASIA TIKHONOVA,,,https://www.flashscore.com/res/image/data/KxS8M9dM-G0BIjPpT.png,,2026-09-08T12:11:16.126-04:00,2026-09-08T13:10:29-04:00,double_faults,0,,0,2043,WTA,,3,Weak,Weak,250,STALE_HISTORY,,,0.6573377914017103,,,,,,,,,,,,,,,,,,,hard,0,1.875,3.25,0.5410282497501924,0.2222222222222222,9.0,0.0,0.0,,,MISSING_STAT_VALUES,,,,,,,,,,,,,,,,,,,,,,,0,250,250.0,0.0,WTA,2,NEUTRAL,FIELD,1,,,0.5,1.0,6.5,0.0,0.08,-0.42,4.018975700934579,0.5,0.03000000000000003,3.81802691588785,?,0.95,0.374,OVER,ml_prob_fallback,ml_prob_fallback,B,,2043,0.0,OVER,OVER,FORCED_OVER_ONLY_GOB_DEM,OVER,ml_prob_unified,0,
14622996,Karen Khachanov,KAREN KHACHANOV,Double Faults,6.5,2026-09-09T11:30:00.000-04:00,Tennis,ATP / HARD,Demon,4.5,,,14622996,201396,185783,Karen Khachanov,6.5,Player,ALEXANDER BLOCKX,,,https://static.prizepicks.com/images/manual/Karen K.png,,2026-09-08T09:48:12.325-04:00,2026-09-08T13:10:29-04:00,double_faults,0,,0,2367,ATP,sibling_or_pp,2,Avg,Avg,34,STALE_HISTORY,,,0.6446638518747103,,,,,,,,,,,,,,,,,,,hard,0,7.968253968253968,2.047619047619047,0.764327151305763,0.5714285714285714,63.0,0.0,0.0,,,MISSING_STAT_VALUES,,,,,,,,,,,,,,,,,,,,,,,0,50,34.0,16.0,ATP,2,NEUTRAL,FIELD,1,,,0.5,1.0,6.5,0.0,0.08,-0.42,4.018975700934579,0.5,0.03000000000000003,3.81802691588785,?,0.95,0.374,OVER,distance,distance,B,,2367,0.0,OVER,OVER,FORCED_OVER_ONLY_GOB_DEM,OVER,ml_prob_unified,0,
14621910,Mirra Andreeva,MIRRA ANDREEVA,Double Faults,6.5,2026-09-09T11:30:00.000-04:00,Tennis,WTA / HARD,Demon,,,,14621910,203182,185779,Mirra Andreeva,6.5,Player,COCO GAUFF,,,https://static.prizepicks.com/images/manual/Mirra Head.png,,2026-09-08T09:48:12.325-04:00,2026-09-08T13:10:29-04:00,double_faults,0,,0,9820,WTA,,2,Elite,Elite,4,STALE_HISTORY,,,0.6207178578839927,,,,,,,,,,,,,,,,,,,hard,0,3.203125,3.875,0.6843839180264356,0.7272727272727273,66.0,1.0,0.0,,,MISSING_STAT_VALUES,,,,,,,,,,,,,,,,,,,,,,,0,5,4.0,1.0,WTA,2,NEUTRAL,ELITE,1,,,0.5,1.0,6.5,0.0,0.08,-0.42,4.018975700934579,0.5,0.03000000000000003,3.81802691588785,?,0.95,0.374,OVER,ml_prob_fallback,ml_prob_fallback,B,,9820,0.0,OVER,OVER,FORCED_OVER_ONLY_GOB_DEM,OVER,ml_prob_unified,0,
14624572,Alexander Zverev,ALEXANDER ZVEREV,Double Faults,6.5,2026-09-09T11:30:00.000-04:00,Tennis,ATP / HARD,Demon,,,,14624572,201395,185810,Alexander Zverev,6.5,Player,BOTIC VAN DE ZANDSCHULP,,,https://static.prizepicks.com/images/manual/Alexander Zverev.png,,2026-09-08T09:48:12.325-04:00,2026-09-08T13:10:29-04:00,double_faults,0,,0,2375,ATP,,3,Below Avg,Below Avg,70,STALE_HISTORY,,,0.7261248892215003,,,,,,,,,,,,,,,,,,,hard,0,8.821428571428571,1.571428571428571,0.7661283351954835,0.7209302325581395,86.0,1.0,0.0,,,MISSING_STAT_VALUES,,,,,,,,,,,,,,,,,,,,,,,0,2,70.0,-68.0,ATP,2,NEUTRAL,ELITE,1,,,0.5,0.95,6.5,0.0,0.08,-0.42,3.734391401869159,0.5,0.03000000000000003,3.547671831775701,?,0.95,0.374,OVER,ml_prob_fallback,ml_prob_fallback,B,,2375,0.0,OVER,OVER,FORCED_OVER_ONLY_GOB_DEM,OVER,ml_prob_unified,0,
14619865,Karen Khachanov,KAREN KHACHANOV,Total Games Won,16.5,2026-09-09T11:30:00.000-04:00,Tennis,ATP / HARD,Goblin,20.5,,,14619865,201396,185783,Karen Khachanov,16.5,Player,ALEXANDER BLOCKX,,,https://static.prizepicks.com/images/manual/Karen K.png,,2026-09-08T09:48:12.325-04:00,2026-09-08T13:10:29-04:00,games_won,0,,0,2367,ATP,sibling_or_pp,3,Avg,Avg,34,OK,,,0.6446638518747103,,,,,18.0,18.0,16.0,10.0,6.0,18.0,14.0,,,,13.6,14.28571428571429,14.28571428571429,,hard,0,7.968253968253968,2.047619047619047,0.764327151305763,0.5714285714285714,63.0,0.0,0.0,,,OK,5.0,2.0,3.0,0.0,0.4,0.6,0.4,0.6,2.0,3.0,2.0,3.0,0.0,7.0,3.0,4.0,0.0,0.4285714285714285,0.5714285714285714,0.4285714285714285,0.5714285714285714,,0,50,34.0,16.0,ATP,2,NEUTRAL,FIELD,1,,,0.41428571428571426,0.8285714285714285,13.6,-2.9000000000000004,0.58,0.5278,3.198394725281709,0.4142857142857143,0.008000000000000007,3.038474989017623,?,0.95,0.464,OVER,distance,distance,A,,2367,2.9000000000000004,UNDER,OVER,FORCED_OVER_ONLY_GOB_DEM,OVER,ml_prob_unified,7,4.6803
14626771,Granollers M / Zeballos H,GRANOLLERS M / ZEBALLOS H,Total Games Won,13.0,2026-09-08T16:00:00.000-04:00,Tennis,ATP / HARD,Standard,13.0,,,14626771,305062,185687,Granollers M / Zeballos H,13.0,Player,UNKNOWN_OPP,,,https://static.prizepicks.com/images/manual/Granollers M : Zeballos H.png,,2026-09-08T07:41:39.843-04:00,2026-09-08T13:10:29-04:00,games_won,1,,0,698,ATP,pp_or_step1,0,N/A,N/A,N/A,STALE_HISTORY,,,,,,,,,,,,,,,,,,,,,,hard,0,,,,,,,,,,MISSING_STAT_VALUES,,,,,,,,,,,,,,,,,,,,,,,0,250,,,ATP,2,NEUTRAL,FIELD,1,,,0.5,1.0,13.0,0.0,0.58,0.08,4.018975700934579,0.5,0.03000000000000003,3.81802691588785,?,0.95,0.524,OVER,ml_prob,ml_prob,C,,698,0.0,OVER,OVER,STANDARD_TIEBREAK_HR5_OVER,OVER,ml_prob_unified,0,
14599240,Nys H / Roger-Vasselin E,NYS H / ROGER-VASSELIN E,Total Games Won,13.0,2026-09-08T17:10:00.000-04:00,Tennis,ATP / HARD,Standard,13.0,,,14599240,225179,185640,Nys H / Roger-Vasselin E,13.0,Player,ANDREOZZI G / GUINARD M,,,https://static.prizepicks.com/images/manual/Nys H : Roger-Vasselin E.png,,2026-09-08T07:41:39.843-04:00,2026-09-08T13:10:29-04:00,games_won,1,ANDREOZZI G / GUINARD M,0,2688,ATP,pp_or_step1,0,Weak,Weak,250,STALE_HISTORY,,,,,,,,,,,,,,,,,,,,,,hard,0,,,,,,,,,,MISSING_STAT_VALUES,,,,,,,,,,,,,,,,,,,,,,,0,250,250.0,0.0,ATP,2,NEUTRAL,FIELD,1,,,0.5,1.0,13.0,0.0,0.58,0.08,4.018975700934579,0.5,0.03000000000000003,3.81802691588785,?,0.95,0.524,OVER,ml_prob,ml_prob,C,,2688,0.0,OVER,OVER,STANDARD_TIEBREAK_HR5_OVER,OVER,ml_prob_unified,0,
14626772,Harrison C / Skupski N,HARRISON C / SKUPSKI N,Total Games Won,13.0,2026-09-08T17:20:00.000-04:00,Tennis,ATP / HARD,Standard,13.0,,,14626772,296000,185747,Harrison C / Skupski N,13.0,Player,UNKNOWN_OPP,,,https://static.prizepicks.com/images/manual/Harrison C : Skupski N.png,,2026-09-08T07:41:39.843-04:00,2026-09-08T13:10:29-04:00,games_won,1,,0,2293,ATP,pp_or_step1,0,N/A,N/A,N/A,STALE_HISTORY,,,,,,,,,,,,,,,,,,,,,,hard,0,,,,,,,,,,MISSING_STAT_VALUES,,,,,,,,,,,,,,,,,,,,,,,0,250,,,ATP,2,NEUTRAL,FIELD,1,,,0.5,1.0,13.0,0.0,0.58,0.08,4.018975700934579,0.5,0.03000000000000003,3.81802691588785,?,0.95,0.524,OVER,ml_prob,ml_prob,C,,2293,0.0,OVER,OVER,STANDARD_TIEBREAK_HR5_OVER,OVER,ml_prob_unified,0,
14626770,Heliovaara H / Patten H,HELIOVAARA H / PATTEN H,Total Games Won,13.0,2026-09-08T18:30:00.000-04:00,Tennis,ATP / HARD,Standard,13.0,,,14626770,275862,185675,Heliovaara H / Patten H,13.0,Player,UNKNOWN_OPP,,,https://static.prizepicks.com/images/manual/Heliovaara%20H%20:%20Patten%20H.png,,2026-09-08T07:41:39.843-04:00,2026-09-08T13:10:29-04:00,games_won,1,,0,3540,ATP,pp_or_step1,0,N/A,N/A,N/A,STALE_HISTORY,,,,,,,,,,,,,,,,,,,,,,hard,0,,,,,,,,,,MISSING_STAT_VALUES,,,,,,,,,,,,,,,,,,,,,,,0,250,,,ATP,2,NEUTRAL,FIELD,1,,,0.5,1.0,13.0,0.0,0.58,0.08,4.018975700934579,0.5,0.03000000000000003,3.81802691588785,?,0.95,0.524,OVER,ml_prob,ml_prob,C,,3540,0.0,OVER,OVER,STANDARD_TIEBREAK_HR5_OVER,OVER,ml_prob_unified,0,
14594323,Alex Michelsen,ALEX MICHELSEN,Aces,12.5,2026-09-08T13:45:00.000-04:00,Tennis,ATP / HARD,Standard,12.5,,,14594323,202916,185558,Alex Michelsen,12.5,Player,FRANCES TIAFOE,,,https://static.flashscore.com/res/image/data/Yi8Wfkg5-QJ66gxcd.png,,2026-09-08T13:10:19.092-04:00,2026-09-08T13:10:29-04:00,aces,0,,0,11400,ATP,pp_or_step1,0,Above Avg,Above Avg,12,STALE_HISTORY,,,0.6678652941099754,,,,,,,,,,,,,,,,,,,hard,0,5.914285714285715,2.371428571428571,0.7094886495003496,0.5633802816901409,71.0,0.0,0.0,,,MISSING_STAT_VALUES,,,,,,,,,,,,,,,,,,,,,,,0,46,12.0,34.0,ATP,2,SERVE_HEAVY,FIELD,1,,,0.5,1.0,12.5,0.0,0.08,-0.42,4.018975700934579,0.5,0.03000000000000003,3.81802691588785,?,0.95,0.374,OVER,ml_prob,ml_prob,C,,11400,0.0,OVER,OVER,STANDARD_TIEBREAK_HR5_OVER,OVER,ml_prob_unified,0,
14627804,Dabrowski G / Stefani L,DABROWSKI G / STEFANI L,Total Games Won,12.5,2026-09-08T16:00:00.000-04:00,Tennis,WTA / HARD,Standard,12.5,,,14627804,304554,185727,Dabrowski G / Stefani L,12.5,Player,UNKNOWN_OPP,,,https://static.prizepicks.com/images/manual/Dabrowski_G___Stefani_L.png,,2026-09-08T07:41:39.843-04:00,2026-09-08T13:10:29-04:00,games_won,1,,0,1375,WTA,pp_or_step1,0,N/A,N/A,N/A,STALE_HISTORY,,,,,,,,,,,,,,,,,,,,,,hard,0,,,,,,,,,,MISSING_STAT_VALUES,,,,,,,,,,,,,,,,,,,,,,,0,250,,,WTA,2,NEUTRAL,FIELD,1,,,0.5,1.0,12.5,0.0,0.58,0.08,4.018975700934579,0.5,0.03000000000000003,3.81802691588785,?,0.95,0.524,OVER,ml_prob,ml_prob,C,,1375,0.0,OVER,OVER,STANDARD_TIEBREAK_HR5_OVER,OVER,ml_prob_unified,0,
14627806,Routliffe E / Sutjiadi A,ROUTLIFFE E / SUTJIADI A,Total Games Won,12.5,2026-09-08T17:10:00.000-04:00,Tennis,WTA / HARD,Standard,12.5,,,14627806,336502,185726,Routliffe E / Sutjiadi A,12.5,Player,KRUEGER A / MONTGOMERY R,,,https://static.prizepicks.com/images/manual/ErinSuj.png,,2026-09-08T07:41:39.843-04:00,2026-09-08T13:10:29-04:00,games_won,1,KRUEGER A / MONTGOMERY R,0,2204,WTA,pp_or_step1,0,Below Avg,Below Avg,60,STALE_HISTORY,,,,,,,,,,,,,,,,,,,,,,hard,0,,,,,,,,,,MISSING_STAT_VALUES,,,,,,,,,,,,,,,,,,,,,,,0,250,60.0,190.0,WTA,2,NEUTRAL,FIELD,1,,,0.5,1.05,12.5,0.0,0.58,0.08,4.311480560747664,0.5,0.03000000000000003,4.095906532710281,?,0.95,0.524,OVER,ml_prob,ml_prob,C,,2204,0.0,OVER,OVER,STANDARD_TIEBREAK_HR5_OVER,OVER,ml_prob_unified,0,
14623023,Alexander Blockx,ALEXANDER BLOCKX,Aces,12.5,2026-09-09T11:30:00.000-04:00,Tennis,ATP / HARD,Standard,12.5,,,14623023,218482,185783,Alexander Blockx,12.5,Player,KAREN KHACHANOV,,,https://static.prizepicks.com/images/manual/AlexanderBlockx.webp,,2026-09-08T09:48:12.325-04:00,2026-09-08T13:10:29-04:00,aces,0,,0,11757,ATP,pp_or_step1,0,Avg,Avg,50,STALE_HISTORY,,,0.6652403038167991,,,,,,,,,,,,,,,,,,,hard,0,8.071428571428571,1.714285714285714,0.7321477208550975,0.4,15.0,0.0,0.0,,,MISSING_STAT_VALUES,,,,,,,,,,,,,,,,,,,,,,,0,34,50.0,-16.0,ATP,2,SERVE_HEAVY,FIELD,1,,,0.5,1.0,12.5,0.0,0.08,-0.42,4.018975700934579,0.5,0.03000000000000003,3.81802691588785,?,0.95,0.374,OVER,ml_prob,ml_prob,C,,11757,0.0,OVER,OVER,STANDARD_TIEBREAK_HR5_OVER,OVER,ml_prob_unified,0,
14599238,Andreozzi G / Guinard M,ANDREOZZI G / GUINARD M,Total Games,25.0,2026-09-08T17:10:00.000-04:00,Tennis,ATP / HARD,Standard,25.0,,,14599238,312511,185640,Andreozzi G / Guinard M,25.0,Player,NYS H / ROGER-VASSELIN E,,,https://static.prizepicks.com/images/manual/AndreGuinard.png,,2026-09-08T07:41:39.843-04:00,2026-09-08T13:10:29-04:00,match_total_games,1,NYS H / ROGER-VASSELIN E,0,2292,ATP,pp_or_step1,0,Weak,Weak,250,STALE_HISTORY,,,,,,,,,,,,,,,,,,,,,,hard,0,,,,,,,,,,MISSING_STAT_VALUES,,,,,,,,,,,,,,,,,,,,,,,0,250,250.0,0.0,ATP,2,NEUTRAL,FIELD,1,,,0.5,1.0,25.0,0.0,0.58,0.08,4.018975700934579,0.5,0.03000000000000003,3.81802691588785,?,0.95,0.524,OVER,ml_prob,ml_prob,C,,2292,0.0,OVER,OVER,STANDARD_TIEBREAK_HR5_OVER,OVER,ml_prob_unified,0,
14626767,Bolelli S / Vavassori A,BOLELLI S / VAVASSORI A,Total Games,25.0,2026-09-08T18:10:00.000-04:00,Tennis,ATP / HARD,Standard,25.0,,,14626767,205632,185739,Bolelli S / Vavassori A,25.0,Player,UNKNOWN_OPP,,,https://static.prizepicks.com/images/manual/S. Bolelli-A. Vavassori.png,,2026-09-08T07:41:39.843-04:00,2026-09-08T13:10:29-04:00,match_total_games,1,,0,279,ATP,pp_or_step1,0,N/A,N/A,N/A,STALE_HISTORY,,,,,,,,,,,,,,,,,,,,,,hard,0,,,,,,,,,,MISSING_STAT_VALUES,,,,,,,,,,,,,,,,,,,,,,,0,250,,,ATP,2,NEUTRAL,FIELD,1,,,0.5,1.0,25.0,0.0,0.58,0.08,4.018975700934579,0.5,0.03000000000000003,3.81802691588785,?,0.95,0.524,OVER,ml_prob,ml_prob,C,,279,0.0,OVER,OVER,STANDARD_TIEBREAK_HR5_OVER,OVER,ml_prob_unified,0,
14593919,Alex Michelsen,ALEX MICHELSEN,Double Faults,6.5,2026-09-08T13:45:00.000-04:00,Tennis,ATP / HARD,Demon,5.5,,,14593919,202916,185558,Alex Michelsen,6.5,Player,FRANCES TIAFOE,,,https://static.flashscore.com/res/image/data/Yi8Wfkg5-QJ66gxcd.png,,2026-09-08T13:10:19.092-04:00,2026-09-08T13:10:29-04:00,double_faults,0,,0,11400,ATP,sibling_or_pp,1,Above Avg,Above Avg,12,STALE_HISTORY,,,0.6678652941099754,,,,,,,,,,,,,,,,,,,hard,0,5.914285714285715,2.371428571428571,0.7094886495003496,0.5633802816901409,71.0,0.0,0.0,,,MISSING_STAT_VALUES,,,,,,,,,,,,,,,,,,,,,,,0,46,12.0,34.0,ATP,2,NEUTRAL,FIELD,1,,,0.5,1.0,6.5,0.0,0.08,-0.42,4.018975700934579,0.5,0.03000000000000003,3.81802691588785,?,0.95,0.374,OVER,distance,distance,A,,11400,0.0,OVER,OVER,FORCED_OVER_ONLY_GOB_DEM,OVER,ml_prob_unified,0,
14622063,Coco Gauff,COCO GAUFF,Double Faults,6.5,2026-09-09T11:30:00.000-04:00,Tennis,WTA / HARD,Demon,5.5,,,14622063,201229,185779,Coco Gauff,6.5,Player,MIRRA ANDREEVA,,,https://www.flashscore.com/res/image/data/UDnGEpDr-fa4Gaz3a.png,,2026-09-08T09:48:12.325-04:00,2026-09-08T13:10:29-04:00,double_faults,0,,0,3626,WTA,sibling_or_pp,1,Elite,Elite,5,STALE_HISTORY,,,0.6279834861859119,,,,,,,,,,,,,,,,,,,hard,0,3.26027397260274,7.205479452054795,0.6993628090812983,0.759493670886076,79.0,1.0,0.0,,,MISSING_STAT_VALUES,,,,,,,,,,,,,,,,,,,,,,,0,4,5.0,-1.0,WTA,2,NEUTRAL,ELITE,1,,,0.5,1.0,6.5,0.0,0.08,-0.42,4.018975700934579,0.5,0.03000000000000003,3.81802691588785,?,0.95,0.374,OVER,distance,distance,A,,3626,0.0,OVER,OVER,FORCED_OVER_ONLY_GOB_DEM,OVER,ml_prob_unified,0,
14619770,Botic Van de Zandschulp,BOTIC VAN DE ZANDSCHULP,Total Games Won,12.5,2026-09-09T11:30:00.000-04:00,Tennis,ATP / HARD,Goblin,14.5,,,14619770,235668,185810,Botic Van de Zandschulp,12.5,Player,ALEXANDER ZVEREV,,,https://static.prizepicks.com/images/manual/Botic_Van_de_Zandschulp.png,,2026-09-08T09:48:12.325-04:00,2026-09-08T13:10:29-04:00,games_won,0,,0,3310,ATP,sibling_or_pp,1,Elite,Elite,2,OK,,,0.6199747127792538,,,,,19.0,19.0,10.0,12.0,12.0,10.0,12.0,9.0,17.0,13.0,14.4,13.3,13.3,,hard,0,6.48936170212766,4.574468085106383,0.7424482963417903,0.4375,48.0,0.0,0.0,,,OK,5.0,2.0,3.0,0.0,0.4,0.6,0.4,0.6,2.0,3.0,2.0,3.0,0.0,10.0,4.0,6.0,0.0,0.4,0.6,0.4,0.6,,0,70,2.0,68.0,ATP,2,NEUTRAL,FIELD,1,,,0.4,0.8500000000000001,14.4,1.9000000000000004,0.58,-0.2899,3.274036672897196,0.4,0.008000000000000007,3.110334839252336,?,0.95,0.454,OVER,distance,distance,B,,3310,1.9000000000000004,OVER,OVER,FORCED_OVER_ONLY_GOB_DEM,OVER,ml_prob_unified,10,3.7133
14622541,Ben Shelton,BEN SHELTON,1st Set Aces,1.5,2026-09-08T20:10:00.000-04:00,Tennis,ATP / HARD,Demon,10.0,,,14622541,201258,185581,Ben Shelton,1.5,Player,CARLOS ALCARAZ,,,https://static.prizepicks.com/images/manual/Ben Shelton.png,,2026-09-08T07:33:50.424-04:00,2026-09-08T13:10:29-04:00,aces,0,,0,9250,ATP,sibling_or_pp,1,Elite,Elite,3,STALE_HISTORY,,,0.6753995623116001,,,,,,,,,,,,,,,,,,,hard,0,10.06849315068493,2.547945205479452,0.7700546496212411,0.6575342465753424,73.0,1.0,0.0,,,MISSING_STAT_VALUES,,,,,,,,,,,,,,,,,,,,,,,0,9,3.0,6.0,ATP,2,SERVE_HEAVY,ELITE,1,,,0.5,1.0,1.5,0.0,0.08,-0.42,4.018975700934579,0.5,0.03000000000000003,3.81802691588785,?,0.95,0.374,OVER,distance,distance,D,,9250,0.0,OVER,OVER,FORCED_OVER_ONLY_GOB_DEM,OVER,ml_prob_unified,0,
14634020,Alexander Blockx,ALEXANDER BLOCKX,Aces,19.5,2026-09-09T11:30:00.000-04:00,Tennis,ATP / HARD,Demon,12.5,,,14634020,218482,185783,Alexander Blockx,19.5,Player,KAREN KHACHANOV,,,https://static.prizepicks.com/images/manual/AlexanderBlockx.webp,,2026-09-08T12:23:16.015-04:00,2026-09-08T13:10:29-04:00,aces,0,,0,11757,ATP,sibling_or_pp,3,Avg,Avg,50,STALE_HISTORY,,,0.6652403038167991,,,,,,,,,,,,,,,,,,,hard,0,8.071428571428571,1.714285714285714,0.7321477208550975,0.4,15.0,0.0,0.0,,,MISSING_STAT_VALUES,,,,,,,,,,,,,,,,,,,,,,,0,34,50.0,-16.0,ATP,2,SERVE_HEAVY,FIELD,1,,,0.5,1.0,19.5,0.0,0.08,-0.42,4.018975700934579,0.5,0.03000000000000003,3.81802691588785,?,0.95,0.374,OVER,distance,distance,D,,11757,0.0,OVER,OVER,FORCED_OVER_ONLY_GOB_DEM,OVER,ml_prob_unified,0,
14622068,Mirra Andreeva,MIRRA ANDREEVA,Aces,2.5,2026-09-09T11:30:00.000-04:00,Tennis,WTA / HARD,Demon,1.5,,,14622068,203182,185779,Mirra Andreeva,2.5,Player,COCO GAUFF,,,https://static.prizepicks.com/images/manual/Mirra Head.png,,2026-09-08T09:48:12.325-04:00,2026-09-08T13:10:29-04:00,aces,0,,0,9820,WTA,sibling_or_pp,1,Elite,Elite,4,STALE_HISTORY,,,0.6207178578839927,,,,,,,,,,,,,,,,,,,hard,0,3.203125,3.875,0.6843839180264356,0.7272727272727273,66.0,1.0,0.0,,,MISSING_STAT_VALUES,,,,,,,,,,,,,,,,,,,,,,,0,5,4.0,1.0,WTA,2,SERVE_HEAVY,ELITE,1,,,0.5,1.0,2.5,0.0,0.08,-0.42,4.018975700934579,0.5,0.03000000000000003,3.81802691588785,?,0.95,0.374,OVER,distance,distance,A,,9820,0.0,OVER,OVER,FORCED_OVER_ONLY_GOB_DEM,OVER,ml_prob_unified,0,
14598213,Martina Trevisan,MARTINA TREVISAN,Double Faults,8.5,2026-09-08T13:15:00.000-04:00,Tennis,WTA / HARD,Demon,,,,14598213,202036,185648,Martina Trevisan,8.5,Player,JENNIFER RUGGERI,,,https://static.flashscore.com/res/image/data/Snya7gil-U3ZuGemt.png,,2026-09-08T12:54:31.065-04:00,2026-09-08T13:10:29-04:00,double_faults,0,,0,1374,WTA,,3,Weak,Weak,250,STALE_HISTORY,,,0.6804987500989339,,,,,,,,,,,,,,,,,,,hard,0,1.25,3.375,0.6212193969519703,0.5,8.0,0.0,0.0,,,MISSING_STAT_VALUES,,,,,,,,,,,,,,,,,,,,,,,0,250,250.0,0.0,WTA,2,NEUTRAL,FIELD,1,,,0.5,1.0,8.5,0.0,0.08,-0.42,4.018975700934579,0.5,0.03000000000000003,3.81802691588785,?,0.95,0.374,OVER,ml_prob_fallback,ml_prob_fallback,B,,1374,0.0,OVER,OVER,FORCED_OVER_ONLY_GOB_DEM,OVER,ml_prob_unified,0,
14593918,Alex Michelsen,ALEX MICHELSEN,Double Faults,8.5,2026-09-08T13:45:00.000-04:00,Tennis,ATP / HARD,Demon,5.5,,,14593918,202916,185558,Alex Michelsen,8.5,Player,FRANCES TIAFOE,,,https://static.flashscore.com/res/image/data/Yi8Wfkg5-QJ66gxcd.png,,2026-09-08T13:10:19.092-04:00,2026-09-08T13:10:29-04:00,double_faults,0,,0,11400,ATP,sibling_or_pp,3,Above Avg,Above Avg,12,STALE_HISTORY,,,0.6678652941099754,,,,,,,,,,,,,,,,,,,hard,0,5.914285714285715,2.371428571428571,0.7094886495003496,0.5633802816901409,71.0,0.0,0.0,,,MISSING_STAT_VALUES,,,,,,,,,,,,,,,,,,,,,,,0,46,12.0,34.0,ATP,2,NEUTRAL,FIELD,1,,,0.5,1.0,8.5,0.0,0.08,-0.42,4.018975700934579,0.5,0.03000000000000003,3.81802691588785,?,0.95,0.374,OVER,distance,distance,B,,11400,0.0,OVER,OVER,FORCED_OVER_ONLY_GOB_DEM,OVER,ml_prob_unified,0,
14622345,Leolia Jeanjean,LEOLIA JEANJEAN,Double Faults,8.5,2026-09-08T14:30:00.000-04:00,Tennis,WTA / HARD,Demon,,,,14622345,207629,185728,Leolia Jeanjean,8.5,Player,UNKNOWN_OPP,,,https://www.flashscore.com/res/image/data/bZBG1QdM-GK1ed7D0.png,,2026-09-08T07:41:39.843-04:00,2026-09-08T13:10:29-04:00,double_faults,0,,0,4453,WTA,,2,N/A,N/A,N/A,STALE_HISTORY,,,0.6112936114874284,,,,,,,,,,,,,,,,,,,hard,0,2.090909090909091,3.090909090909091,0.6197358235798843,0.1428571428571428,14.0,0.0,1.0,,,MISSING_STAT_VALUES,,,,,,,,,,,,,,,,,,,,,,,0,127,,,WTA,2,NEUTRAL,FIELD,1,,,0.5,1.0,8.5,0.0,0.08,-0.42,4.018975700934579,0.5,0.03000000000000003,3.81802691588785,?,0.95,0.374,OVER,ml_prob_fallback,ml_prob_fallback,B,,4453,0.0,OVER,OVER,FORCED_OVER_ONLY_GOB_DEM,OVER,ml_prob_unified,0,
14622352,Ena Koike,ENA KOIKE,Double Faults,8.5,2026-09-08T15:40:00.000-04:00,Tennis,WTA / HARD,Demon,,,,14622352,268977,185730,Ena Koike,8.5,Player,NADIA PODOROSKA,,,https://static.prizepicks.com/images/manual/EnaKoike.webp,,2026-09-08T07:41:39.843-04:00,2026-09-08T13:10:29-04:00,double_faults,0,,0,11378,WTA,,3,Weak,Weak,250,STALE_HISTORY,,,,,,,,,,,,,,,,,,,,,,hard,0,,,,,,,,,,MISSING_STAT_VALUES,,,,,,,,,,,,,,,,,,,,,,,0,250,250.0,0.0,WTA,2,NEUTRAL,FIELD,1,,,0.5,1.0,8.5,0.0,0.08,-0.42,4.018975700934579,0.5,0.03000000000000003,3.81802691588785,?,0.95,0.374,OVER,ml_prob_fallback,ml_prob_fallback,B,,11378,0.0,OVER,OVER,FORCED_OVER_ONLY_GOB_DEM,OVER,ml_prob_unified,0,
14622358,Nadia Podoroska,NADIA PODOROSKA,Double Faults,8.5,2026-09-08T15:40:00.000-04:00,Tennis,WTA / HARD,Demon,,,,14622358,201923,185730,Nadia Podoroska,8.5,Player,ENA KOIKE,,,https://static.prizepicks.com/images/manual/Nadia Podoroska.png,,2026-09-08T07:41:39.843-04:00,2026-09-08T13:10:29-04:00,double_faults,0,,0,3256,WTA,,1,Weak,Weak,250,STALE_HISTORY,,,0.6340921287833265,,,,,,,,,,,,,,,,,,,hard,0,2.777777777777778,4.333333333333333,0.6237658956204709,0.4545454545454545,11.0,0.0,0.0,,,MISSING_STAT_VALUES,,,,,,,,,,,,,,,,,,,,,,,0,250,250.0,0.0,WTA,2,NEUTRAL,FIELD,1,,,0.5,1.0,8.5,0.0,0.08,-0.42,4.018975700934579,0.5,0.03000000000000003,3.81802691588785,?,0.95,0.374,OVER,ml_prob_fallback,ml_prob_fallback,B,,3256,0.0,OVER,OVER,FORCED_OVER_ONLY_GOB_DEM,OVER,ml_prob_unified,0,
14622892,Elsa Jacquemot,ELSA JACQUEMOT,1st Set Total Games,8.5,2026-09-08T15:40:00.000-04:00,Tennis,WTA / HARD,Demon,,,,14622892,201930,185731,Elsa Jacquemot,8.5,Player,UNKNOWN_OPP,,,https://static.prizepicks.com/images/manual/ElsaJacquemot.webp,,2026-09-08T07:33:50.424-04:00,2026-09-08T13:10:29-04:00,total_sets,0,,0,6061,WTA,,2,N/A,N/A,N/A,STALE_HISTORY,,,0.6141876807354784,,,,,,,,,,,,,,,,,,,hard,0,4.272727272727272,7.136363636363637,0.6431654306506529,0.4090909090909091,22.0,0.0,0.0,,,MISSING_STAT_VALUES,,,,,,,,,,,,,,,,,,,,,,,0,114,,,WTA,2,NEUTRAL,FIELD,1,,,0.5,1.0,8.5,0.0,0.58,0.08,4.018975700934579,0.5,0.03000000000000003,3.81802691588785,?,0.95,0.524,OVER,ml_prob_fallback,ml_prob_fallback,B,,6061,0.0,OVER,OVER,FORCED_OVER_ONLY_GOB_DEM,OVER,ml_prob_unified,0,
14629270,Alevtina Ibragimova,ALEVTINA IBRAGIMOVA,Double Faults,8.5,2026-09-09T06:10:00.000-04:00,Tennis,WTA / HARD,Demon,,,,14629270,202469,185848,Alevtina Ibragimova,8.5,Player,LEYRE ROMERO GORMAZ,,,https://static.prizepicks.com/images/manual/AlevtinaIbragimova.webp,,2026-09-08T09:48:12.325-04:00,2026-09-08T13:10:29-04:00,double_faults,0,,0,11513,WTA,,3,Weak,Weak,145,STALE_HISTORY,,,,,,,,,,,,,,,,,,,,,,hard,0,,,,,,,,,,MISSING_STAT_VALUES,,,,,,,,,,,,,,,,,,,,,,,0,250,145.0,105.0,WTA,2,NEUTRAL,FIELD,1,,,0.5,1.05,8.5,0.0,0.08,-0.42,4.311480560747664,0.5,0.03000000000000003,4.095906532710281,?,0.95,0.374,OVER,ml_prob_fallback,ml_prob_fallback,B,,11513,0.0,OVER,OVER,FORCED_OVER_ONLY_GOB_DEM,OVER,ml_prob_unified,0,
14633678,Anastasia Tikhonova,ANASTASIA TIKHONOVA,Double Faults,8.5,2026-09-09T11:00:00.000-04:00,Tennis,WTA / HARD,Demon,,,,14633678,217450,185782,Anastasia Tikhonova,8.5,Player,NAO HIBINO,,,https://static.flashscore.com/res/image/data/2Nx23jwS-xnYae4aa.png,,2026-09-08T12:11:15.483-04:00,2026-09-08T13:10:29-04:00,double_faults,0,,0,5626,WTA,,2,Weak,Weak,250,STALE_HISTORY,,,,,,,,,,,,,,,,,,,,,,hard,0,,,,,,,,,,MISSING_STAT_VALUES,,,,,,,,,,,,,,,,,,,,,,,0,250,250.0,0.0,WTA,2,NEUTRAL,FIELD,1,,,0.5,1.0,8.5,0.0,0.08,-0.42,4.018975700934579,0.5,0.03000000000000003,3.81802691588785,?,0.95,0.374,OVER,ml_prob_fallback,ml_prob_fallback,B,,5626,0.0,OVER,OVER,FORCED_OVER_ONLY_GOB_DEM,OVER,ml_prob_unified,0,
14632580,Qinwen Zheng,QINWEN ZHENG,Double Faults,8.5,2026-09-09T11:30:00.000-04:00,Tennis,WTA / HARD,Demon,,,,14632580,202555,185723,Qinwen Zheng,8.5,Player,ELENA RYBAKINA,,,https://www.flashscore.com/res/image/data/b7N9NHdM-GpkVMaxA.png,,2026-09-08T11:36:14.462-04:00,2026-09-08T13:10:29-04:00,double_faults,0,,0,6048,WTA,,1,Elite,Elite,2,STALE_HISTORY,,,0.5508471097986849,,,,,,,,,,,,,,,,,,,hard,0,7.075,3.625,0.7503897645748585,0.675,40.0,1.0,0.0,,,MISSING_STAT_VALUES,,,,,,,,,,,,,,,,,,,,,,,0,121,2.0,119.0,WTA,2,NEUTRAL,FIELD,1,,,0.5,1.05,8.5,0.0,0.08,-0.42,4.311480560747664,0.5,0.03000000000000003,4.095906532710281,?,0.95,0.374,OVER,ml_prob_fallback,ml_prob_fallback,B,,6048,0.0,OVER,OVER,FORCED_OVER_ONLY_GOB_DEM,OVER,ml_prob_unified,0,
14622986,Alexander Blockx,ALEXANDER BLOCKX,Double Faults,8.5,2026-09-09T11:30:00.000-04:00,Tennis,ATP / HARD,Demon,5.5,,,14622986,218482,185783,Alexander Blockx,8.5,Player,KAREN KHACHANOV,,,https://static.prizepicks.com/images/manual/AlexanderBlockx.webp,,2026-09-08T09:48:12.325-04:00,2026-09-08T13:10:29-04:00,double_faults,0,,0,11757,ATP,sibling_or_pp,2,Avg,Avg,50,STALE_HISTORY,,,0.6652403038167991,,,,,,,,,,,,,,,,,,,hard,0,8.071428571428571,1.714285714285714,0.7321477208550975,0.4,15.0,0.0,0.0,,,MISSING_STAT_VALUES,,,,,,,,,,,,,,,,,,,,,,,0,34,50.0,-16.0,ATP,2,NEUTRAL,FIELD,1,,,0.5,1.0,8.5,0.0,0.08,-0.42,4.018975700934579,0.5,0.03000000000000003,3.81802691588785,?,0.95,0.374,OVER,distance,distance,B,,11757,0.0,OVER,OVER,FORCED_OVER_ONLY_GOB_DEM,OVER,ml_prob_unified,0,
14622065,Coco Gauff,COCO GAUFF,Double Faults,8.5,2026-09-09T11:30:00.000-04:00,Tennis,WTA / HARD,Demon,5.5,,,14622065,201229,185779,Coco Gauff,8.5,Player,MIRRA ANDREEVA,,,https://www.flashscore.com/res/image/data/UDnGEpDr-fa4Gaz3a.png,,2026-09-08T09:48:12.325-04:00,2026-09-08T13:10:29-04:00,double_faults,0,,0,3626,WTA,sibling_or_pp,3,Elite,Elite,5,STALE_HISTORY,,,0.6279834861859119,,,,,,,,,,,,,,,,,,,hard,0,3.26027397260274,7.205479452054795,0.6993628090812983,0.759493670886076,79.0,1.0,0.0,,,MISSING_STAT_VALUES,,,,,,,,,,,,,,,,,,,,,,,0,4,5.0,-1.0,WTA,2,NEUTRAL,ELITE,1,,,0.5,1.0,8.5,0.0,0.08,-0.42,4.018975700934579,0.5,0.03000000000000003,3.81802691588785,?,0.95,0.374,OVER,distance,distance,B,,3626,0.0,OVER,OVER,FORCED_OVER_ONLY_GOB_DEM,OVER,ml_prob_unified,0,
14624747,Botic Van de Zandschulp,BOTIC VAN DE ZANDSCHULP,Double Faults,8.5,2026-09-09T11:30:00.000-04:00,Tennis,ATP / HARD,Demon,,,,14624747,235668,185810,Botic Van de Zandschulp,8.5,Player,ALEXANDER ZVEREV,,,https://static.prizepicks.com/images/manual/Botic_Van_de_Zandschulp.png,,2026-09-08T09:48:12.325-04:00,2026-09-08T13:10:29-04:00,double_faults,0,,0,3310,ATP,,2,Elite,Elite,2,STALE_HISTORY,,,0.6199747127792538,,,,,,,,,,,,,,,,,,,hard,0,6.48936170212766,4.574468085106383,0.7424482963417903,0.4375,48.0,0.0,0.0,,,MISSING_STAT_VALUES,,,,,,,,,,,,,,,,,,,,,,,0,70,2.0,68.0,ATP,2,NEUTRAL,FIELD,1,,,0.5,1.05,8.5,0.0,0.08,-0.42,4.311480560747664,0.5,0.03000000000000003,4.095906532710281,?,0.95,0.374,OVER,ml_prob_fallback,ml_prob_fallback,B,,3310,0.0,OVER,OVER,FORCED_OVER_ONLY_GOB_DEM,OVER,ml_prob_unified,0,
14598205,Jennifer Ruggeri,JENNIFER RUGGERI,Double Faults,10.5,2026-09-08T13:15:00.000-04:00,Tennis,WTA / HARD,Demon,,,,14598205,263151,185648,Jennifer Ruggeri,10.5,Player,MARTINA TREVISAN,,,https://static.prizepicks.com/images/manual/Jennifer Ruggeri.png,,2026-09-08T12:54:31.065-04:00,2026-09-08T13:10:29-04:00,double_faults,0,,0,6576,WTA,,1,Weak,Weak,250,STALE_HISTORY,,,,,,,,,,,,,,,,,,,,,,hard,0,,,,,,,,,,MISSING_STAT_VALUES,,,,,,,,,,,,,,,,,,,,,,,0,250,250.0,0.0,WTA,2,NEUTRAL,FIELD,1,,,0.5,1.0,10.5,0.0,0.08,-0.42,4.018975700934579,0.5,0.03000000000000003,3.81802691588785,?,0.95,0.374,OVER,ml_prob_fallback,ml_prob_fallback,B,,6576,0.0,OVER,OVER,FORCED_OVER_ONLY_GOB_DEM,OVER,ml_prob_unified,0,
14596590,Martina Trevisan,MARTINA TREVISAN,1st Set Total Games,9.5,2026-09-08T13:15:00.000-04:00,Tennis,WTA / HARD,Demon,,,,14596590,202036,185648,Martina Trevisan,9.5,Player,JENNIFER RUGGERI,,,https://static.flashscore.com/res/image/data/Snya7gil-U3ZuGemt.png,,2026-09-08T12:54:31.065-04:00,2026-09-08T13:10:29-04:00,total_sets,0,,0,1374,WTA,,2,Weak,Weak,250,STALE_HISTORY,,,0.6804987500989339,,,,,,,,,,,,,,,,,,,hard,0,1.25,3.375,0.6212193969519703,0.5,8.0,0.0,0.0,,,MISSING_STAT_VALUES,,,,,,,,,,,,,,,,,,,,,,,0,250,250.0,0.0,WTA,2,NEUTRAL,FIELD,1,,,0.5,1.0,9.5,0.0,0.58,0.08,4.018975700934579,0.5,0.03000000000000003,3.81802691588785,?,0.95,0.524,OVER,ml_prob_fallback,ml_prob_fallback,B,,1374,0.0,OVER,OVER,FORCED_OVER_ONLY_GOB_DEM,OVER,ml_prob_unified,0,
14595900,Frances Tiafoe,FRANCES TIAFOE,Aces,10.5,2026-09-08T13:45:00.000-04:00,Tennis,ATP / HARD,Demon,,,,14595900,201267,185558,Frances Tiafoe,10.5,Player,ALEX MICHELSEN,,,https://static.prizepicks.com/images/manual/tiafoe.png,,2026-09-08T13:10:19.092-04:00,2026-09-08T13:10:29-04:00,aces,0,,0,2708,ATP,,3,Avg,Avg,46,STALE_HISTORY,,,0.5948380261102764,,,,,,,,,,,,,,,,,,,hard,0,8.310344827586206,2.155172413793104,0.7471931813542996,0.55,60.0,0.0,0.0,,,MISSING_STAT_VALUES,,,,,,,,,,,,,,,,,,,,,,,0,12,46.0,-34.0,ATP,2,SERVE_HEAVY,ELITE,1,,,0.5,1.0,10.5,0.0,0.08,-0.42,4.018975700934579,0.5,0.03000000000000003,3.81802691588785,?,0.95,0.374,OVER,ml_prob_fallback,ml_prob_fallback,B,,2708,0.0,OVER,OVER,FORCED_OVER_ONLY_GOB_DEM,OVER,ml_prob_unified,0,
14593923,Frances Tiafoe,FRANCES TIAFOE,Aces,9.5,2026-09-08T13:45:00.000-04:00,Tennis,ATP / HARD,Demon,,,,14593923,201267,185558,Frances Tiafoe,9.5,Player,ALEX MICHELSEN,,,https://static.prizepicks.com/images/manual/tiafoe.png,,2026-09-08T13:10:19.092-04:00,2026-09-08T13:10:29-04:00,aces,0,,0,2708,ATP,,2,Avg,Avg,46,STALE_HISTORY,,,0.5948380261102764,,,,,,,,,,,,,,,,,,,hard,0,8.310344827586206,2.155172413793104,0.7471931813542996,0.55,60.0,0.0,0.0,,,MISSING_STAT_VALUES,,,,,,,,,,,,,,,,,,,,,,,0,12,46.0,-34.0,ATP,2,SERVE_HEAVY,ELITE,1,,,0.5,1.0,9.5,0.0,0.08,-0.42,4.018975700934579,0.5,0.03000000000000003,3.81802691588785,?,0.95,0.374,OVER,ml_prob_fallback,ml_prob_fallback,B,,2708,0.0,OVER,OVER,FORCED_OVER_ONLY_GOB_DEM,OVER,ml_prob_unified,0,
14622346,Leolia Jeanjean,LEOLIA JEANJEAN,Double Faults,9.5,2026-09-08T14:30:00.000-04:00,Tennis,WTA / HARD,Demon,,,,14622346,207629,185728,Leolia Jeanjean,9.5,Player,UNKNOWN_OPP,,,https://www.flashscore.com/res/image/data/bZBG1QdM-GK1ed7D0.png,,2026-09-08T07:41:39.843-04:00,2026-09-08T13:10:29-04:00,double_faults,0,,0,4453,WTA,,3,N/A,N/A,N/A,STALE_HISTORY,,,0.6112936114874284,,,,,,,,,,,,,,,,,,,hard,0,2.090909090909091,3.090909090909091,0.6197358235798843,0.1428571428571428,14.0,0.0,1.0,,,MISSING_STAT_VALUES,,,,,,,,,,,,,,,,,,,,,,,0,127,,,WTA,2,NEUTRAL,FIELD,1,,,0.5,1.0,9.5,0.0,0.08,-0.42,4.018975700934579,0.5,0.03000000000000003,3.81802691588785,?,0.95,0.374,OVER,ml_prob_fallback,ml_prob_fallback,B,,4453,0.0,OVER,OVER,FORCED_OVER_ONLY_GOB_DEM,OVER,ml_prob_unified,0,
14620011,Nadia Podoroska,NADIA PODOROSKA,1st Set Total Games,10.5,2026-09-08T15:40:00.000-04:00,Tennis,WTA / HARD,Demon,,,,14620011,201923,185730,Nadia Podoroska,10.5,Player,ENA KOIKE,,,https://static.prizepicks.com/images/manual/Nadia Podoroska.png,,2026-09-08T07:33:50.424-04:00,2026-09-08T13:10:29-04:00,total_sets,0,,0,3256,WTA,,2,Weak,Weak,250,STALE_HISTORY,,,0.6340921287833265,,,,,,,,,,,,,,,,,,,hard,0,2.777777777777778,4.333333333333333,0.6237658956204709,0.4545454545454545,11.0,0.0,0.0,,,MISSING_STAT_VALUES,,,,,,,,,,,,,,,,,,,,,,,0,250,250.0,0.0,WTA,2,NEUTRAL,FIELD,1,,,0.5,1.0,10.5,0.0,0.58,0.08,4.018975700934579,0.5,0.03000000000000003,3.81802691588785,?,0.95,0.524,OVER,ml_prob_fallback,ml_prob_fallback,B,,3256,0.0,OVER,OVER,FORCED_OVER_ONLY_GOB_DEM,OVER,ml_prob_unified,0,
14622360,Nadia Podoroska,NADIA PODOROSKA,Double Faults,10.5,2026-09-08T15:40:00.000-04:00,Tennis,WTA / HARD,Demon,,,,14622360,201923,185730,Nadia Podoroska,10.5,Player,ENA KOIKE,,,https://static.prizepicks.com/images/manual/Nadia Podoroska.png,,2026-09-08T07:41:39.843-04:00,2026-09-08T13:10:29-04:00,double_faults,0,,0,3256,WTA,,3,Weak,Weak,250,STALE_HISTORY,,,0.6340921287833265,,,,,,,,,,,,,,,,,,,hard,0,2.777777777777778,4.333333333333333,0.6237658956204709,0.4545454545454545,11.0,0.0,0.0,,,MISSING_STAT_VALUES,,,,,,,,,,,,,,,,,,,,,,,0,250,250.0,0.0,WTA,2,NEUTRAL,FIELD,1,,,0.5,1.0,10.5,0.0,0.08,-0.42,4.018975700934579,0.5,0.03000000000000003,3.81802691588785,?,0.95,0.374,OVER,ml_prob_fallback,ml_prob_fallback,B,,3256,0.0,OVER,OVER,FORCED_OVER_ONLY_GOB_DEM,OVER,ml_prob_unified,0,
14622359,Nadia Podoroska,NADIA PODOROSKA,Double Faults,9.5,2026-09-08T15:40:00.000-04:00,Tennis,WTA / HARD,Demon,,,,14622359,201923,185730,Nadia Podoroska,9.5,Player,ENA KOIKE,,,https://static.prizepicks.com/images/manual/Nadia Podoroska.png,,2026-09-08T07:41:39.843-04:00,2026-09-08T13:10:29-04:00,double_faults,0,,0,3256,WTA,,2,Weak,Weak,250,STALE_HISTORY,,,0.6340921287833265,,,,,,,,,,,,,,,,,,,hard,0,2.777777777777778,4.333333333333333,0.6237658956204709,0.4545454545454545,11.0,0.0,0.0,,,MISSING_STAT_VALUES,,,,,,,,,,,,,,,,,,,,,,,0,250,250.0,0.0,WTA,2,NEUTRAL,FIELD,1,,,0.5,1.0,9.5,0.0,0.08,-0.42,4.018975700934579,0.5,0.03000000000000003,3.81802691588785,?,0.95,0.374,OVER,ml_prob_fallback,ml_prob_fallback,B,,3256,0.0,OVER,OVER,FORCED_OVER_ONLY_GOB_DEM,OVER,ml_prob_unified,0,
14581327,Jessica Pegula,JESSICA PEGULA,1st Set Total Games,10.5,2026-09-08T19:00:00.000-04:00,Tennis,WTA / HARD,Demon,,,,14581327,201369,185590,Jessica Pegula,10.5,Player,EMMA NAVARRO,,,https://www.flashscore.com/res/image/data/GS3hkKzB-A19CsvyR.png,,2026-09-08T07:33:50.424-04:00,2026-09-08T13:10:29-04:00,total_sets,0,,0,2113,WTA,,2,Avg,Avg,27,STALE_HISTORY,,,0.6293953459627286,,,,,,,,,,,,,,,,,,,hard,0,3.320987654320988,1.987654320987654,0.6920522626365668,0.7142857142857143,84.0,1.0,0.0,,,MISSING_STAT_VALUES,,,,,,,,,,,,,,,,,,,,,,,0,3,27.0,-24.0,WTA,2,NEUTRAL,ELITE,1,,,0.5,1.0,10.5,0.0,0.58,0.08,4.018975700934579,0.5,0.03000000000000003,3.81802691588785,?,0.95,0.524,OVER,ml_prob_fallback,ml_prob_fallback,B,,2113,0.0,OVER,OVER,FORCED_OVER_ONLY_GOB_DEM,OVER,ml_prob_unified,0,
14629245,Leyre Romero Gormaz,LEYRE ROMERO GORMAZ,1st Set Total Games,10.5,2026-09-09T06:10:00.000-04:00,Tennis,WTA / CLAY,Demon,,,,14629245,201929,185848,Leyre Romero Gormaz,10.5,Player,ALEVTINA IBRAGIMOVA,,,https://static.prizepicks.com/images/manual/lorireyes12.png,,2026-09-08T09:45:28.658-04:00,2026-09-08T13:10:29-04:00,total_sets,0,,0,10676,WTA,,2,Weak,Weak,250,STALE_HISTORY,,,,,,,,,,,,,,,,,,,,,,clay,0,,,,,,,,,,MISSING_STAT_VALUES,,,,,,,,,,,,,,,,,,,,,,,0,145,250.0,-105.0,WTA,2,NEUTRAL,FIELD,1,,,0.5,0.95,10.5,0.0,0.58,0.08,3.734391401869159,0.5,0.03000000000000003,3.547671831775701,?,0.95,0.524,OVER,ml_prob_fallback,ml_prob_fallback,B,,10676,0.0,OVER,OVER,FORCED_OVER_ONLY_GOB_DEM,OVER,ml_prob_unified,0,
14599026,Aurora Zantedeschi,AURORA ZANTEDESCHI,1st Set Total Games,10.5,2026-09-09T04:30:00.000-04:00,Tennis,WTA / HARD,Demon,,,,14599026,247239,185652,Aurora Zantedeschi,10.5,Player,LINA GJORCHESKA,,,https://static.flashscore.com/res/image/data/0QC5dYDa-z9AWrQfb.png,,2026-09-08T09:45:28.658-04:00,2026-09-08T13:10:29-04:00,total_sets,0,,0,5160,WTA,,2,Weak,Weak,250,STALE_HISTORY,,,,,,,,,,,,,,,,,,,,,,hard,0,,,,,,,,,,MISSING_STAT_VALUES,,,,,,,,,,,,,,,,,,,,,,,0,250,250.0,0.0,WTA,2,NEUTRAL,FIELD,1,,,0.5,1.0,10.5,0.0,0.58,0.08,4.018975700934579,0.5,0.03000000000000003,3.81802691588785,?,0.95,0.524,OVER,ml_prob_fallback,ml_prob_fallback,B,,5160,0.0,OVER,OVER,FORCED_OVER_ONLY_GOB_DEM,OVER,ml_prob_unified,0,
14629257,Andrea Lazaro Garcia,ANDREA LAZARO GARCIA,1st Set Total Games,10.5,2026-09-09T08:00:00.000-04:00,Tennis,WTA / HARD,Demon,,,,14629257,238506,185854,Andrea Lazaro Garcia,10.5,Player,UNKNOWN_OPP,,,https://static.flashscore.com/res/image/data/OtX0s6jl-CxOiWxwJ.png,,2026-09-08T09:45:28.658-04:00,2026-09-08T13:10:29-04:00,total_sets,0,,0,4291,WTA,,2,N/A,N/A,N/A,STALE_HISTORY,,,,,,,,,,,,,,,,,,,,,,hard,0,,,,,,,,,,MISSING_STAT_VALUES,,,,,,,,,,,,,,,,,,,,,,,0,142,,,WTA,2,NEUTRAL,FIELD,1,,,0.5,1.0,10.5,0.0,0.58,0.08,4.018975700934579,0.5,0.03000000000000003,3.81802691588785,?,0.95,0.524,OVER,ml_prob_fallback,ml_prob_fallback,B,,4291,0.0,OVER,OVER,FORCED_OVER_ONLY_GOB_DEM,OVER,ml_prob_unified,0,
14629291,Nao Hibino,NAO HIBINO,1st Set Total Games,9.5,2026-09-09T11:00:00.000-04:00,Tennis,WTA / HARD,Demon,,,,14629291,204436,185782,Nao Hibino,9.5,Player,ANASTASIA TIKHONOVA,,,https://www.flashscore.com/res/image/data/KxS8M9dM-G0BIjPpT.png,,2026-09-08T09:45:28.658-04:00,2026-09-08T13:10:29-04:00,total_sets,0,,0,2043,WTA,,2,Weak,Weak,250,STALE_HISTORY,,,0.6573377914017103,,,,,,,,,,,,,,,,,,,hard,0,1.875,3.25,0.5410282497501924,0.2222222222222222,9.0,0.0,0.0,,,MISSING_STAT_VALUES,,,,,,,,,,,,,,,,,,,,,,,0,250,250.0,0.0,WTA,2,NEUTRAL,FIELD,1,,,0.5,1.0,9.5,0.0,0.58,0.08,4.018975700934579,0.5,0.03000000000000003,3.81802691588785,?,0.95,0.524,OVER,ml_prob_fallback,ml_prob_fallback,B,,2043,0.0,OVER,OVER,FORCED_OVER_ONLY_GOB_DEM,OVER,ml_prob_unified,0,
14633680,Anastasia Tikhonova,ANASTASIA TIKHONOVA,Double Faults,9.5,2026-09-09T11:00:00.000-04:00,Tennis,WTA / HARD,Demon,,,,14633680,217450,185782,Anastasia Tikhonova,9.5,Player,NAO HIBINO,,,https://static.flashscore.com/res/image/data/2Nx23jwS-xnYae4aa.png,,2026-09-08T12:11:15.577-04:00,2026-09-08T13:10:29-04:00,double_faults,0,,0,5626,WTA,,3,Weak,Weak,250,STALE_HISTORY,,,,,,,,,,,,,,,,,,,,,,hard,0,,,,,,,,,,MISSING_STAT_VALUES,,,,,,,,,,,,,,,,,,,,,,,0,250,250.0,0.0,WTA,2,NEUTRAL,FIELD,1,,,0.5,1.0,9.5,0.0,0.08,-0.42,4.018975700934579,0.5,0.03000000000000003,3.81802691588785,?,0.95,0.374,OVER,ml_prob_fallback,ml_prob_fallback,B,,5626,0.0,OVER,OVER,FORCED_OVER_ONLY_GOB_DEM,OVER,ml_prob_unified,0,
14634395,Elena Rybakina,ELENA RYBAKINA,Aces,10.5,2026-09-09T11:30:00.000-04:00,Tennis,WTA / HARD,Demon,,,,14634395,201375,185723,Elena Rybakina,10.5,Player,QINWEN ZHENG,,,https://static.prizepicks.com/images/manual/rybakina.webp,,2026-09-08T12:28:14.708-04:00,2026-09-08T13:10:29-04:00,aces,0,,0,3126,WTA,,1,Weak,Weak,121,STALE_HISTORY,,,0.5809079606016793,,,,,,,,,,,,,,,,,,,hard,0,7.047619047619048,2.761904761904762,0.7537278614823415,0.7558139534883721,86.0,1.0,0.0,,,MISSING_STAT_VALUES,,,,,,,,,,,,,,,,,,,,,,,0,2,121.0,-119.0,WTA,2,SERVE_HEAVY,ELITE,1,,,0.5,0.95,10.5,0.0,0.08,-0.42,3.734391401869159,0.5,0.03000000000000003,3.547671831775701,?,0.95,0.374,OVER,ml_prob_fallback,ml_prob_fallback,B,,3126,0.0,OVER,OVER,FORCED_OVER_ONLY_GOB_DEM,OVER,ml_prob_unified,0,
14634396,Qinwen Zheng,QINWEN ZHENG,Aces,10.5,2026-09-09T11:30:00.000-04:00,Tennis,WTA / HARD,Demon,,,,14634396,202555,185723,Qinwen Zheng,10.5,Player,ELENA RYBAKINA,,,https://www.flashscore.com/res/image/data/b7N9NHdM-GpkVMaxA.png,,2026-09-08T12:28:14.919-04:00,2026-09-08T13:10:29-04:00,aces,0,,0,6048,WTA,,1,Elite,Elite,2,STALE_HISTORY,,,0.5508471097986849,,,,,,,,,,,,,,,,,,,hard,0,7.075,3.625,0.7503897645748585,0.675,40.0,1.0,0.0,,,MISSING_STAT_VALUES,,,,,,,,,,,,,,,,,,,,,,,0,121,2.0,119.0,WTA,2,SERVE_HEAVY,FIELD,1,,,0.5,1.05,10.5,0.0,0.08,-0.42,4.311480560747664,0.5,0.03000000000000003,4.095906532710281,?,0.95,0.374,OVER,ml_prob_fallback,ml_prob_fallback,B,,6048,0.0,OVER,OVER,FORCED_OVER_ONLY_GOB_DEM,OVER,ml_prob_unified,0,
14622993,Karen Khachanov,KAREN KHACHANOV,Aces,10.5,2026-09-09T11:30:00.000-04:00,Tennis,ATP / HARD,Demon,,,,14622993,201396,185783,Karen Khachanov,10.5,Player,ALEXANDER BLOCKX,,,https://static.prizepicks.com/images/manual/Karen K.png,,2026-09-08T09:48:12.325-04:00,2026-09-08T13:10:29-04:00,aces,0,,0,2367,ATP,,2,Avg,Avg,34,STALE_HISTORY,,,0.6446638518747103,,,,,,,,,,,,,,,,,,,hard,0,7.968253968253968,2.047619047619047,0.764327151305763,0.5714285714285714,63.0,0.0,0.0,,,MISSING_STAT_VALUES,,,,,,,,,,,,,,,,,,,,,,,0,50,34.0,16.0,ATP,2,SERVE_HEAVY,FIELD,1,,,0.5,1.0,10.5,0.0,0.08,-0.42,4.018975700934579,0.5,0.03000000000000003,3.81802691588785,?,0.95,0.374,OVER,ml_prob_fallback,ml_prob_fallback,B,,2367,0.0,OVER,OVER,FORCED_OVER_ONLY_GOB_DEM,OVER,ml_prob_unified,0,
14616646,Coco Gauff,COCO GAUFF,1st Set Total Games,10.5,2026-09-09T11:30:00.000-04:00,Tennis,WTA / HARD,Demon,,,,14616646,201229,185779,Coco Gauff,10.5,Player,MIRRA ANDREEVA,,,https://www.flashscore.com/res/image/data/UDnGEpDr-fa4Gaz3a.png,,2026-09-08T09:45:28.658-04:00,2026-09-08T13:10:29-04:00,total_sets,0,,0,3626,WTA,,2,Elite,Elite,5,STALE_HISTORY,,,0.6279834861859119,,,,,,,,,,,,,,,,,,,hard,0,3.26027397260274,7.205479452054795,0.6993628090812983,0.759493670886076,79.0,1.0,0.0,,,MISSING_STAT_VALUES,,,,,,,,,,,,,,,,,,,,,,,0,4,5.0,-1.0,WTA,2,NEUTRAL,ELITE,1,,,0.5,1.0,10.5,0.0,0.58,0.08,4.018975700934579,0.5,0.03000000000000003,3.81802691588785,?,0.95,0.524,OVER,ml_prob_fallback,ml_prob_fallback,B,,3626,0.0,OVER,OVER,FORCED_OVER_ONLY_GOB_DEM,OVER,ml_prob_unified,0,
14625100,Botic Van de Zandschulp,BOTIC VAN DE ZANDSCHULP,Aces,10.5,2026-09-09T11:30:00.000-04:00,Tennis,ATP / HARD,Demon,8.5,,,14625100,235668,185810,Botic Van de Zandschulp,10.5,Player,ALEXANDER ZVEREV,,,https://static.prizepicks.com/images/manual/Botic_Van_de_Zandschulp.png,,2026-09-08T09:48:12.325-04:00,2026-09-08T13:10:29-04:00,aces,0,,0,3310,ATP,sibling_or_pp,1,Elite,Elite,2,STALE_HISTORY,,,0.6199747127792538,,,,,,,,,,,,,,,,,,,hard,0,6.48936170212766,4.574468085106383,0.7424482963417903,0.4375,48.0,0.0,0.0,,,MISSING_STAT_VALUES,,,,,,,,,,,,,,,,,,,,,,,0,70,2.0,68.0,ATP,2,SERVE_HEAVY,FIELD,1,,,0.5,1.05,10.5,0.0,0.08,-0.42,4.311480560747664,0.5,0.03000000000000003,4.095906532710281,?,0.95,0.374,OVER,distance,distance,B,,3310,0.0,OVER,OVER,FORCED_OVER_ONLY_GOB_DEM,OVER,ml_prob_unified,0,
14624746,Botic Van de Zandschulp,BOTIC VAN DE ZANDSCHULP,Double Faults,9.5,2026-09-09T11:30:00.000-04:00,Tennis,ATP / HARD,Demon,,,,14624746,235668,185810,Botic Van de Zandschulp,9.5,Player,ALEXANDER ZVEREV,,,https://static.prizepicks.com/images/manual/Botic_Van_de_Zandschulp.png,,2026-09-08T09:48:12.325-04:00,2026-09-08T13:10:29-04:00,double_faults,0,,0,3310,ATP,,3,Elite,Elite,2,STALE_HISTORY,,,0.6199747127792538,,,,,,,,,,,,,,,,,,,hard,0,6.48936170212766,4.574468085106383,0.7424482963417903,0.4375,48.0,0.0,0.0,,,MISSING_STAT_VALUES,,,,,,,,,,,,,,,,,,,,,,,0,70,2.0,68.0,ATP,2,NEUTRAL,FIELD,1,,,0.5,1.05,9.5,0.0,0.08,-0.42,4.311480560747664,0.5,0.03000000000000003,4.095906532710281,?,0.95,0.374,OVER,ml_prob_fallback,ml_prob_fallback,B,,3310,0.0,OVER,OVER,FORCED_OVER_ONLY_GOB_DEM,OVER,ml_prob_unified,0,
14585605,Ben Shelton,BEN SHELTON,Double Faults,7.5,2026-09-08T20:10:00.000-04:00,Tennis,ATP / HARD,Demon,4.0,,,14585605,201258,185581,Ben Shelton,7.5,Player,CARLOS ALCARAZ,,,https://static.prizepicks.com/images/manual/Ben Shelton.png,,2026-09-08T07:41:39.843-04:00,2026-09-08T13:10:29-04:00,double_faults,0,,0,9250,ATP,sibling_or_pp,3,Elite,Elite,3,STALE_HISTORY,,,0.6753995623116001,,,,,,,,,,,,,,,,,,,hard,0,10.06849315068493,2.547945205479452,0.7700546496212411,0.6575342465753424,73.0,1.0,0.0,,,MISSING_STAT_VALUES,,,,,,,,,,,,,,,,,,,,,,,0,9,3.0,6.0,ATP,2,NEUTRAL,ELITE,1,,,0.5,1.0,7.5,0.0,0.08,-0.42,4.018975700934579,0.5,0.03000000000000003,3.81802691588785,?,0.95,0.374,OVER,distance,distance,C,,9250,0.0,OVER,OVER,FORCED_OVER_ONLY_GOB_DEM,OVER,ml_prob_unified,0,
14625095,Alexander Zverev,ALEXANDER ZVEREV,Aces,16.5,2026-09-09T11:30:00.000-04:00,Tennis,ATP / HARD,Demon,13.5,,,14625095,201395,185810,Alexander Zverev,16.5,Player,BOTIC VAN DE ZANDSCHULP,,,https://static.prizepicks.com/images/manual/Alexander Zverev.png,,2026-09-08T09:48:12.325-04:00,2026-09-08T13:10:29-04:00,aces,0,,0,2375,ATP,sibling_or_pp,2,Below Avg,Below Avg,70,STALE_HISTORY,,,0.7261248892215003,,,,,,,,,,,,,,,,,,,hard,0,8.821428571428571,1.571428571428571,0.7661283351954835,0.7209302325581395,86.0,1.0,0.0,,,MISSING_STAT_VALUES,,,,,,,,,,,,,,,,,,,,,,,0,2,70.0,-68.0,ATP,2,SERVE_HEAVY,ELITE,1,,,0.5,0.95,16.5,0.0,0.08,-0.42,3.734391401869159,0.5,0.03000000000000003,3.547671831775701,?,0.95,0.374,OVER,distance,distance,B,,2375,0.0,OVER,OVER,FORCED_OVER_ONLY_GOB_DEM,OVER,ml_prob_unified,0,
14599811,Lina Gjorcheska,LINA GJORCHESKA,Double Faults,15.5,2026-09-09T04:30:00.000-04:00,Tennis,WTA / HARD,Demon,,,,14599811,247080,185652,Lina Gjorcheska,15.5,Player,AURORA ZANTEDESCHI,,,https://static.flashscore.com/res/image/data/4dOS4REG-tvVEzhU4.png,,2026-09-08T09:48:12.325-04:00,2026-09-08T13:10:29-04:00,double_faults,0,,0,3031,WTA,,3,Weak,Weak,250,STALE_HISTORY,,,,,,,,,,,,,,,,,,,,,,hard,0,,,,,,,,,,MISSING_STAT_VALUES,,,,,,,,,,,,,,,,,,,,,,,0,250,250.0,0.0,WTA,2,NEUTRAL,FIELD,1,,,0.5,1.0,15.5,0.0,0.08,-0.42,4.018975700934579,0.5,0.03000000000000003,3.81802691588785,?,0.95,0.374,OVER,ml_prob_fallback,ml_prob_fallback,B,,3031,0.0,OVER,OVER,FORCED_OVER_ONLY_GOB_DEM,OVER,ml_prob_unified,0,
14623024,Alexander Blockx,ALEXANDER BLOCKX,Aces,15.5,2026-09-09T11:30:00.000-04:00,Tennis,ATP / HARD,Demon,12.5,,,14623024,218482,185783,Alexander Blockx,15.5,Player,KAREN KHACHANOV,,,https://static.prizepicks.com/images/manual/AlexanderBlockx.webp,,2026-09-08T09:48:12.325-04:00,2026-09-08T13:10:29-04:00,aces,0,,0,11757,ATP,sibling_or_pp,2,Avg,Avg,50,STALE_HISTORY,,,0.6652403038167991,,,,,,,,,,,,,,,,,,,hard,0,8.071428571428571,1.714285714285714,0.7321477208550975,0.4,15.0,0.0,0.0,,,MISSING_STAT_VALUES,,,,,,,,,,,,,,,,,,,,,,,0,34,50.0,-16.0,ATP,2,SERVE_HEAVY,FIELD,1,,,0.5,1.0,15.5,0.0,0.08,-0.42,4.018975700934579,0.5,0.03000000000000003,3.81802691588785,?,0.95,0.374,OVER,distance,distance,B,,11757,0.0,OVER,OVER,FORCED_OVER_ONLY_GOB_DEM,OVER,ml_prob_unified,0,
14625097,Alexander Zverev,ALEXANDER ZVEREV,Aces,15.5,2026-09-09T11:30:00.000-04:00,Tennis,ATP / HARD,Demon,13.5,,,14625097,201395,185810,Alexander Zverev,15.5,Player,BOTIC VAN DE ZANDSCHULP,,,https://static.prizepicks.com/images/manual/Alexander Zverev.png,,2026-09-08T09:48:12.325-04:00,2026-09-08T13:10:29-04:00,aces,0,,0,2375,ATP,sibling_or_pp,1,Below Avg,Below Avg,70,STALE_HISTORY,,,0.7261248892215003,,,,,,,,,,,,,,,,,,,hard,0,8.821428571428571,1.571428571428571,0.7661283351954835,0.7209302325581395,86.0,1.0,0.0,,,MISSING_STAT_VALUES,,,,,,,,,,,,,,,,,,,,,,,0,2,70.0,-68.0,ATP,2,SERVE_HEAVY,ELITE,1,,,0.5,0.95,15.5,0.0,0.08,-0.42,3.734391401869159,0.5,0.03000000000000003,3.547671831775701,?,0.95,0.374,OVER,distance,distance,B,,2375,0.0,OVER,OVER,FORCED_OVER_ONLY_GOB_DEM,OVER,ml_prob_unified,0,
14598204,Jennifer Ruggeri,JENNIFER RUGGERI,Double Faults,11.5,2026-09-08T13:15:00.000-04:00,Tennis,WTA / HARD,Demon,,,,14598204,263151,185648,Jennifer Ruggeri,11.5,Player,MARTINA TREVISAN,,,https://static.prizepicks.com/images/manual/Jennifer Ruggeri.png,,2026-09-08T12:54:31.065-04:00,2026-09-08T13:10:29-04:00,double_faults,0,,0,6576,WTA,,2,Weak,Weak,250,STALE_HISTORY,,,,,,,,,,,,,,,,,,,,,,hard,0,,,,,,,,,,MISSING_STAT_VALUES,,,,,,,,,,,,,,,,,,,,,,,0,250,250.0,0.0,WTA,2,NEUTRAL,FIELD,1,,,0.5,1.0,11.5,0.0,0.08,-0.42,4.018975700934579,0.5,0.03000000000000003,3.81802691588785,?,0.95,0.374,OVER,ml_prob_fallback,ml_prob_fallback,B,,6576,0.0,OVER,OVER,FORCED_OVER_ONLY_GOB_DEM,OVER,ml_prob_unified,0,
14622992,Karen Khachanov,KAREN KHACHANOV,Aces,11.5,2026-09-09T11:30:00.000-04:00,Tennis,ATP / HARD,Demon,,,,14622992,201396,185783,Karen Khachanov,11.5,Player,ALEXANDER BLOCKX,,,https://static.prizepicks.com/images/manual/Karen K.png,,2026-09-08T09:48:12.325-04:00,2026-09-08T13:10:29-04:00,aces,0,,0,2367,ATP,,3,Avg,Avg,34,STALE_HISTORY,,,0.6446638518747103,,,,,,,,,,,,,,,,,,,hard,0,7.968253968253968,2.047619047619047,0.764327151305763,0.5714285714285714,63.0,0.0,0.0,,,MISSING_STAT_VALUES,,,,,,,,,,,,,,,,,,,,,,,0,50,34.0,16.0,ATP,2,SERVE_HEAVY,FIELD,1,,,0.5,1.0,11.5,0.0,0.08,-0.42,4.018975700934579,0.5,0.03000000000000003,3.81802691588785,?,0.95,0.374,OVER,ml_prob_fallback,ml_prob_fallback,B,,2367,0.0,OVER,OVER,FORCED_OVER_ONLY_GOB_DEM,OVER,ml_prob_unified,0,
14599809,Lina Gjorcheska,LINA GJORCHESKA,Double Faults,13.5,2026-09-09T04:30:00.000-04:00,Tennis,WTA / HARD,Demon,,,,14599809,247080,185652,Lina Gjorcheska,13.5,Player,AURORA ZANTEDESCHI,,,https://static.flashscore.com/res/image/data/4dOS4REG-tvVEzhU4.png,,2026-09-08T09:48:12.325-04:00,2026-09-08T13:10:29-04:00,double_faults,0,,0,3031,WTA,,1,Weak,Weak,250,STALE_HISTORY,,,,,,,,,,,,,,,,,,,,,,hard,0,,,,,,,,,,MISSING_STAT_VALUES,,,,,,,,,,,,,,,,,,,,,,,0,250,250.0,0.0,WTA,2,NEUTRAL,FIELD,1,,,0.5,1.0,13.5,0.0,0.08,-0.42,4.018975700934579,0.5,0.03000000000000003,3.81802691588785,?,0.95,0.374,OVER,ml_prob_fallback,ml_prob_fallback,B,,3031,0.0,OVER,OVER,FORCED_OVER_ONLY_GOB_DEM,OVER,ml_prob_unified,0,
14622953,Anna Blinkova,ANNA BLINKOVA,1st Set Total Games,8.5,2026-09-08T16:50:00.000-04:00,Tennis,WTA / HARD,Demon,7.5,,,14622953,202551,185548,Anna Blinkova,8.5,Player,UNKNOWN_OPP,,,https://img0.aiscore.com/v2/team/50661a662f2c17c71e091313d42d6836.png!w80,,2026-09-08T07:33:50.424-04:00,2026-09-08T13:10:29-04:00,total_sets,0,,0,2902,WTA,sibling_or_pp,2,N/A,N/A,N/A,STALE_HISTORY,,,0.6064362560692222,,,,,,,,,,,,,,,,,,,hard,0,1.30952380952381,3.523809523809524,0.5812297867971739,0.4761904761904761,42.0,0.0,0.0,,,MISSING_STAT_VALUES,,,,,,,,,,,,,,,,,,,,,,,0,95,,,WTA,2,NEUTRAL,FIELD,1,,,0.5,1.0,8.5,0.0,0.58,0.08,4.018975700934579,0.5,0.03000000000000003,3.81802691588785,?,0.95,0.524,OVER,distance,distance,A,,2902,0.0,OVER,OVER,FORCED_OVER_ONLY_GOB_DEM,OVER,ml_prob_unified,0,
14593914,Alex Michelsen,ALEX MICHELSEN,Aces,14.5,2026-09-08T13:45:00.000-04:00,Tennis,ATP / HARD,Demon,12.5,,,14593914,202916,185558,Alex Michelsen,14.5,Player,FRANCES TIAFOE,,,https://static.flashscore.com/res/image/data/Yi8Wfkg5-QJ66gxcd.png,,2026-09-08T13:10:19.092-04:00,2026-09-08T13:10:29-04:00,aces,0,,0,11400,ATP,sibling_or_pp,2,Above Avg,Above Avg,12,STALE_HISTORY,,,0.6678652941099754,,,,,,,,,,,,,,,,,,,hard,0,5.914285714285715,2.371428571428571,0.7094886495003496,0.5633802816901409,71.0,0.0,0.0,,,MISSING_STAT_VALUES,,,,,,,,,,,,,,,,,,,,,,,0,46,12.0,34.0,ATP,2,SERVE_HEAVY,FIELD,1,,,0.5,1.0,14.5,0.0,0.08,-0.42,4.018975700934579,0.5,0.03000000000000003,3.81802691588785,?,0.95,0.374,OVER,distance,distance,B,,11400,0.0,OVER,OVER,FORCED_OVER_ONLY_GOB_DEM,OVER,ml_prob_unified,0,
14599810,Lina Gjorcheska,LINA GJORCHESKA,Double Faults,14.5,2026-09-09T04:30:00.000-04:00,Tennis,WTA / HARD,Demon,,,,14599810,247080,185652,Lina Gjorcheska,14.5,Player,AURORA ZANTEDESCHI,,,https://static.flashscore.com/res/image/data/4dOS4REG-tvVEzhU4.png,,2026-09-08T09:48:12.325-04:00,2026-09-08T13:10:29-04:00,double_faults,0,,0,3031,WTA,,2,Weak,Weak,250,STALE_HISTORY,,,,,,,,,,,,,,,,,,,,,,hard,0,,,,,,,,,,MISSING_STAT_VALUES,,,,,,,,,,,,,,,,,,,,,,,0,250,250.0,0.0,WTA,2,NEUTRAL,FIELD,1,,,0.5,1.0,14.5,0.0,0.08,-0.42,4.018975700934579,0.5,0.03000000000000003,3.81802691588785,?,0.95,0.374,OVER,ml_prob_fallback,ml_prob_fallback,B,,3031,0.0,OVER,OVER,FORCED_OVER_ONLY_GOB_DEM,OVER,ml_prob_unified,0,
14598206,Jennifer Ruggeri,JENNIFER RUGGERI,Double Faults,12.5,2026-09-08T13:15:00.000-04:00,Tennis,WTA / HARD,Demon,,,,14598206,263151,185648,Jennifer Ruggeri,12.5,Player,MARTINA TREVISAN,,,https://static.prizepicks.com/images/manual/Jennifer Ruggeri.png,,2026-09-08T12:54:31.065-04:00,2026-09-08T13:10:29-04:00,double_faults,0,,0,6576,WTA,,3,Weak,Weak,250,STALE_HISTORY,,,,,,,,,,,,,,,,,,,,,,hard,0,,,,,,,,,,MISSING_STAT_VALUES,,,,,,,,,,,,,,,,,,,,,,,0,250,250.0,0.0,WTA,2,NEUTRAL,FIELD,1,,,0.5,1.0,12.5,0.0,0.08,-0.42,4.018975700934579,0.5,0.03000000000000003,3.81802691588785,?,0.95,0.374,OVER,ml_prob_fallback,ml_prob_fallback,B,,6576,0.0,OVER,OVER,FORCED_OVER_ONLY_GOB_DEM,OVER,ml_prob_unified,0,
14620584,Frances Tiafoe,FRANCES TIAFOE,Aces,12.5,2026-09-08T13:45:00.000-04:00,Tennis,ATP / HARD,Demon,,,,14620584,201267,185558,Frances Tiafoe,12.5,Player,ALEX MICHELSEN,,,https://static.prizepicks.com/images/manual/tiafoe.png,,2026-09-08T13:10:19.092-04:00,2026-09-08T13:10:29-04:00,aces,0,,0,2708,ATP,,4,Avg,Avg,46,STALE_HISTORY,,,0.5948380261102764,,,,,,,,,,,,,,,,,,,hard,0,8.310344827586206,2.155172413793104,0.7471931813542996,0.55,60.0,0.0,0.0,,,MISSING_STAT_VALUES,,,,,,,,,,,,,,,,,,,,,,,0,12,46.0,-34.0,ATP,2,SERVE_HEAVY,ELITE,1,,,0.5,1.0,12.5,0.0,0.08,-0.42,4.018975700934579,0.5,0.03000000000000003,3.81802691588785,?,0.95,0.374,OVER,ml_prob_fallback,ml_prob_fallback,B,,2708,0.0,OVER,OVER,FORCED_OVER_ONLY_GOB_DEM,OVER,ml_prob_unified,0,
14585708,Ben Shelton,BEN SHELTON,Aces,12.5,2026-09-08T20:10:00.000-04:00,Tennis,ATP / HARD,Demon,10.0,,,14585708,201258,185581,Ben Shelton,12.5,Player,CARLOS ALCARAZ,,,https://static.prizepicks.com/images/manual/Ben Shelton.png,,2026-09-08T07:41:39.843-04:00,2026-09-08T13:10:29-04:00,aces,0,,0,9250,ATP,sibling_or_pp,2,Elite,Elite,3,STALE_HISTORY,,,0.6753995623116001,,,,,,,,,,,,,,,,,,,hard,0,10.06849315068493,2.547945205479452,0.7700546496212411,0.6575342465753424,73.0,1.0,0.0,,,MISSING_STAT_VALUES,,,,,,,,,,,,,,,,,,,,,,,0,9,3.0,6.0,ATP,2,SERVE_HEAVY,ELITE,1,,,0.5,1.0,12.5,0.0,0.08,-0.42,4.018975700934579,0.5,0.03000000000000003,3.81802691588785,?,0.95,0.374,OVER,distance,distance,B,,9250,0.0,OVER,OVER,FORCED_OVER_ONLY_GOB_DEM,OVER,ml_prob_unified,0,
14629288,Andrea Lazaro Garcia,ANDREA LAZARO GARCIA,Total Games Won,12.5,2026-09-09T08:00:00.000-04:00,Tennis,WTA / HARD,Demon,,,,14629288,238506,185854,Andrea Lazaro Garcia,12.5,Player,UNKNOWN_OPP,,,https://static.flashscore.com/res/image/data/OtX0s6jl-CxOiWxwJ.png,,2026-09-08T09:48:12.325-04:00,2026-09-08T13:10:29-04:00,games_won,0,,0,4291,WTA,,1,N/A,N/A,N/A,STALE_HISTORY,,,,,,,,,,,,,,,,,,,,,,hard,0,,,,,,,,,,MISSING_STAT_VALUES,,,,,,,,,,,,,,,,,,,,,,,0,142,,,WTA,2,NEUTRAL,FIELD,1,,,0.5,1.0,12.5,0.0,0.58,0.08,4.018975700934579,0.5,0.03000000000000003,3.81802691588785,?,0.95,0.524,OVER,ml_prob_fallback,ml_prob_fallback,B,,4291,0.0,OVER,OVER,FORCED_OVER_ONLY_GOB_DEM,OVER,ml_prob_unified,0,
14622991,Karen Khachanov,KAREN KHACHANOV,Aces,12.5,2026-09-09T11:30:00.000-04:00,Tennis,ATP / HARD,Demon,,,,14622991,201396,185783,Karen Khachanov,12.5,Player,ALEXANDER BLOCKX,,,https://static.prizepicks.com/images/manual/Karen K.png,,2026-09-08T09:48:12.325-04:00,2026-09-08T13:10:29-04:00,aces,0,,0,2367,ATP,,4,Avg,Avg,34,STALE_HISTORY,,,0.6446638518747103,,,,,,,,,,,,,,,,,,,hard,0,7.968253968253968,2.047619047619047,0.764327151305763,0.5714285714285714,63.0,0.0,0.0,,,MISSING_STAT_VALUES,,,,,,,,,,,,,,,,,,,,,,,0,50,34.0,16.0,ATP,2,SERVE_HEAVY,FIELD,1,,,0.5,1.0,12.5,0.0,0.08,-0.42,4.018975700934579,0.5,0.03000000000000003,3.81802691588785,?,0.95,0.374,OVER,ml_prob_fallback,ml_prob_fallback,B,,2367,0.0,OVER,OVER,FORCED_OVER_ONLY_GOB_DEM,OVER,ml_prob_unified,0,
14593913,Alex Michelsen,ALEX MICHELSEN,Aces,13.5,2026-09-08T13:45:00.000-04:00,Tennis,ATP / HARD,Demon,12.5,,,14593913,202916,185558,Alex Michelsen,13.5,Player,FRANCES TIAFOE,,,https://static.flashscore.com/res/image/data/Yi8Wfkg5-QJ66gxcd.png,,2026-09-08T13:10:19.092-04:00,2026-09-08T13:10:29-04:00,aces,0,,0,11400,ATP,sibling_or_pp,1,Above Avg,Above Avg,12,STALE_HISTORY,,,0.6678652941099754,,,,,,,,,,,,,,,,,,,hard,0,5.914285714285715,2.371428571428571,0.7094886495003496,0.5633802816901409,71.0,0.0,0.0,,,MISSING_STAT_VALUES,,,,,,,,,,,,,,,,,,,,,,,0,46,12.0,34.0,ATP,2,SERVE_HEAVY,FIELD,1,,,0.5,1.0,13.5,0.0,0.08,-0.42,4.018975700934579,0.5,0.03000000000000003,3.81802691588785,?,0.95,0.374,OVER,distance,distance,A,,11400,0.0,OVER,OVER,FORCED_OVER_ONLY_GOB_DEM,OVER,ml_prob_unified,0,
14621913,Alexander Blockx,ALEXANDER BLOCKX,Aces,13.5,2026-09-09T11:30:00.000-04:00,Tennis,ATP / HARD,Demon,12.5,,,14621913,218482,185783,Alexander Blockx,13.5,Player,KAREN KHACHANOV,,,https://static.prizepicks.com/images/manual/AlexanderBlockx.webp,,2026-09-08T09:48:12.325-04:00,2026-09-08T13:10:29-04:00,aces,0,,0,11757,ATP,sibling_or_pp,1,Avg,Avg,50,STALE_HISTORY,,,0.6652403038167991,,,,,,,,,,,,,,,,,,,hard,0,8.071428571428571,1.714285714285714,0.7321477208550975,0.4,15.0,0.0,0.0,,,MISSING_STAT_VALUES,,,,,,,,,,,,,,,,,,,,,,,0,34,50.0,-16.0,ATP,2,SERVE_HEAVY,FIELD,1,,,0.5,1.0,13.5,0.0,0.08,-0.42,4.018975700934579,0.5,0.03000000000000003,3.81802691588785,?,0.95,0.374,OVER,distance,distance,A,,11757,0.0,OVER,OVER,FORCED_OVER_ONLY_GOB_DEM,OVER,ml_prob_unified,0,
14585707,Ben Shelton,BEN SHELTON,Aces,13.5,2026-09-08T20:10:00.000-04:00,Tennis,ATP / HARD,Demon,10.0,,,14585707,201258,185581,Ben Shelton,13.5,Player,CARLOS ALCARAZ,,,https://static.prizepicks.com/images/manual/Ben Shelton.png,,2026-09-08T07:41:39.843-04:00,2026-09-08T13:10:29-04:00,aces,0,,0,9250,ATP,sibling_or_pp,3,Elite,Elite,3,STALE_HISTORY,,,0.6753995623116001,,,,,,,,,,,,,,,,,,,hard,0,10.06849315068493,2.547945205479452,0.7700546496212411,0.6575342465753424,73.0,1.0,0.0,,,MISSING_STAT_VALUES,,,,,,,,,,,,,,,,,,,,,,,0,9,3.0,6.0,ATP,2,SERVE_HEAVY,ELITE,1,,,0.5,1.0,13.5,0.0,0.08,-0.42,4.018975700934579,0.5,0.03000000000000003,3.81802691588785,?,0.95,0.374,OVER,distance,distance,C,,9250,0.0,OVER,OVER,FORCED_OVER_ONLY_GOB_DEM,OVER,ml_prob_unified,0,
14597992,Martina Trevisan,MARTINA TREVISAN,Total Tie Breaks,0.5,2026-09-08T13:15:00.000-04:00,Tennis,WTA / HARD,Demon,,,,14597992,202036,185648,Martina Trevisan,0.5,Player,JENNIFER RUGGERI,,,https://static.flashscore.com/res/image/data/Snya7gil-U3ZuGemt.png,,2026-09-08T12:54:31.065-04:00,2026-09-08T13:10:29-04:00,total_tie_breaks,0,,0,1374,WTA,,1,Weak,Weak,250,OK,,,0.6804987500989339,,,,,0.0,0.0,1.0,0.0,1.0,,,,,,0.4,0.4,0.4,,hard,0,1.25,3.375,0.6212193969519703,0.5,8.0,0.0,0.0,,,OK,5.0,2.0,3.0,0.0,0.4,0.6,0.4,0.6,2.0,3.0,2.0,3.0,0.0,5.0,2.0,3.0,0.0,0.4,0.6,0.4,0.6,,0,250,250.0,0.0,WTA,2,NEUTRAL,FIELD,1,,,0.4,0.8,0.4,-0.09999999999999998,0.3524,-0.1227,3.078754691588785,0.4,0.008000000000000007,2.924816957009346,?,0.95,0.3857,OVER,ml_prob_fallback,ml_prob_fallback,C,,1374,0.09999999999999998,UNDER,OVER,FORCED_OVER_ONLY_GOB_DEM,OVER,ml_prob_unified,5,0.5477
14585709,Ben Shelton,BEN SHELTON,Aces,14.5,2026-09-08T20:10:00.000-04:00,Tennis,ATP / HARD,Demon,10.0,,,14585709,201258,185581,Ben Shelton,14.5,Player,CARLOS ALCARAZ,,,https://static.prizepicks.com/images/manual/Ben Shelton.png,,2026-09-08T07:41:39.843-04:00,2026-09-08T13:10:29-04:00,aces,0,,0,9250,ATP,sibling_or_pp,4,Elite,Elite,3,STALE_HISTORY,,,0.6753995623116001,,,,,,,,,,,,,,,,,,,hard,0,10.06849315068493,2.547945205479452,0.7700546496212411,0.6575342465753424,73.0,1.0,0.0,,,MISSING_STAT_VALUES,,,,,,,,,,,,,,,,,,,,,,,0,9,3.0,6.0,ATP,2,SERVE_HEAVY,ELITE,1,,,0.5,1.0,14.5,0.0,0.08,-0.42,4.018975700934579,0.5,0.03000000000000003,3.81802691588785,?,0.95,0.374,OVER,distance,distance,C,,9250,0.0,OVER,OVER,FORCED_OVER_ONLY_GOB_DEM,OVER,ml_prob_unified,0,
14581330,Jessica Pegula,JESSICA PEGULA,Total Games,19.5,2026-09-08T19:00:00.000-04:00,Tennis,WTA / HARD,Goblin,20.5,,,14581330,201369,185590,Jessica Pegula,19.5,Player,EMMA NAVARRO,,,https://www.flashscore.com/res/image/data/GS3hkKzB-A19CsvyR.png,,2026-09-08T07:41:39.843-04:00,2026-09-08T13:10:29-04:00,match_total_games,0,,0,2113,WTA,sibling_or_pp,1,Avg,Avg,27,OK,,,0.6293953459627286,,,,,19.0,26.0,16.0,17.0,18.0,32.0,31.0,30.0,20.0,17.0,19.2,22.6,22.6,,hard,0,3.320987654320988,1.987654320987654,0.6920522626365668,0.7142857142857143,84.0,1.0,0.0,,,OK,5.0,1.0,4.0,0.0,0.2,0.8,0.2,0.8,1.0,4.0,1.0,4.0,0.0,10.0,5.0,5.0,0.0,0.5,0.5,0.5,0.5,,0,3,27.0,-24.0,WTA,2,NEUTRAL,ELITE,1,,,0.35,0.7,19.2,-0.3000000000000007,0.58,0.1544,2.662878242990654,0.35,-0.003000000000000003,2.529734330841121,?,0.95,0.419,OVER,distance,distance,C,,2113,0.3000000000000007,UNDER,OVER,FORCED_OVER_ONLY_GOB_DEM,OVER,ml_prob_unified,10,6.4326
14577253,Frances Tiafoe,FRANCES TIAFOE,Total Tie Breaks,0.5,2026-09-08T13:45:00.000-04:00,Tennis,ATP / HARD,Goblin,2.0,,,14577253,201267,185558,Frances Tiafoe,0.5,Player,ALEX MICHELSEN,,,https://static.prizepicks.com/images/manual/tiafoe.png,,2026-09-08T13:10:19.092-04:00,2026-09-08T13:10:29-04:00,total_tie_breaks,0,,0,2708,ATP,offset_estimate,1,Avg,Avg,46,OK,,,0.5948380261102764,,,,,2.0,0.0,1.0,0.0,0.0,0.0,1.0,0.0,0.0,0.0,0.6,0.4,0.4,,hard,0,8.310344827586206,2.155172413793104,0.7471931813542996,0.55,60.0,0.0,0.0,,,OK,5.0,2.0,3.0,0.0,0.4,0.6,0.4,0.6,2.0,3.0,2.0,3.0,0.0,10.0,3.0,7.0,0.0,0.3,0.7,0.3,0.7,,0,12,46.0,-34.0,ATP,2,NEUTRAL,ELITE,1,,,0.35,0.7,0.6,0.09999999999999998,0.5398,0.0148,2.664726242990654,0.35,0.008000000000000007,2.531489930841121,?,0.95,0.4069,OVER,distance,distance,C,,2708,0.09999999999999998,OVER,OVER,FORCED_OVER_ONLY_GOB_DEM,OVER,ml_prob_unified,10,0.6992
14625102,Botic Van de Zandschulp,BOTIC VAN DE ZANDSCHULP,Aces,12.5,2026-09-09T11:30:00.000-04:00,Tennis,ATP / HARD,Demon,8.5,,,14625102,235668,185810,Botic Van de Zandschulp,12.5,Player,ALEXANDER ZVEREV,,,https://static.prizepicks.com/images/manual/Botic_Van_de_Zandschulp.png,,2026-09-08T12:11:15.654-04:00,2026-09-08T13:10:29-04:00,aces,0,,0,3310,ATP,sibling_or_pp,2,Elite,Elite,2,STALE_HISTORY,,,0.6199747127792538,,,,,,,,,,,,,,,,,,,hard,0,6.48936170212766,4.574468085106383,0.7424482963417903,0.4375,48.0,0.0,0.0,,,MISSING_STAT_VALUES,,,,,,,,,,,,,,,,,,,,,,,0,70,2.0,68.0,ATP,2,SERVE_HEAVY,FIELD,1,,,0.5,1.05,12.5,0.0,0.08,-0.42,4.311480560747664,0.5,0.03000000000000003,4.095906532710281,?,0.95,0.374,OVER,distance,distance,C,,3310,0.0,OVER,OVER,FORCED_OVER_ONLY_GOB_DEM,OVER,ml_prob_unified,0,
14627801,Hsieh S-W / Ostapenko J,HSIEH S-W / OSTAPENKO J,Total Games,22.5,2026-09-08T16:10:00.000-04:00,Tennis,WTA / HARD,Standard,22.5,,,14627801,331614,185725,Hsieh S-W / Ostapenko J,22.5,Player,UNKNOWN_OPP,,,https://static.prizepicks.com/images/manual/HsiehPenko.png,,2026-09-08T07:41:39.843-04:00,2026-09-08T13:10:29-04:00,match_total_games,1,,0,2195,WTA,pp_or_step1,0,N/A,N/A,N/A,OK,,,,,,,,25.0,16.0,20.0,14.0,28.0,15.0,24.0,16.0,,,20.6,19.75,19.75,,hard,0,,,,,,,,,,OK,5.0,2.0,3.0,0.0,0.4,0.6,0.4,0.6,2.0,3.0,2.0,3.0,0.0,8.0,3.0,5.0,0.0,0.375,0.625,0.375,0.625,,0,32,,,WTA,2,NEUTRAL,ELITE,1,,,0.3875,0.775,20.6,-1.8999999999999986,0.4404,-0.4294,2.974628829439252,0.3875,0.008000000000000007,2.82589738796729,?,0.95,0.4034,UNDER,ml_prob,ml_prob,C,,2195,1.8999999999999986,UNDER,UNDER,STANDARD_L5AVG_UNDER,UNDER,ml_prob_unified,8,5.3117
14620511,Alexander Zverev,ALEXANDER ZVEREV,Total Sets,4.5,2026-09-09T11:30:00.000-04:00,Tennis,ATP / HARD,Demon,,,,14620511,201395,185810,Alexander Zverev,4.5,Player,BOTIC VAN DE ZANDSCHULP,,,https://static.prizepicks.com/images/manual/Alexander Zverev.png,,2026-09-08T09:48:12.325-04:00,2026-09-08T13:10:29-04:00,total_sets,0,,0,2375,ATP,,1,Below Avg,Below Avg,70,OK,,,0.7261248892215003,,,,,5.0,5.0,4.0,4.0,4.0,,,,,,4.4,4.4,4.4,,hard,0,8.821428571428571,1.571428571428571,0.7661283351954835,0.7209302325581395,86.0,1.0,0.0,,,OK,5.0,2.0,3.0,0.0,0.4,0.6,0.4,0.6,2.0,3.0,2.0,3.0,0.0,5.0,2.0,3.0,0.0,0.4,0.6,0.4,0.6,,0,2,70.0,-68.0,ATP,2,NEUTRAL,ELITE,1,,,0.4,0.75,4.4,-0.09999999999999964,0.2006,-0.2744,2.884019439252336,0.4,0.008000000000000007,2.739818467289719,?,0.95,0.3402,OVER,ml_prob_fallback,ml_prob_fallback,C,,2375,0.09999999999999964,UNDER,OVER,FORCED_OVER_ONLY_GOB_DEM,OVER,ml_prob_unified,5,0.5477
14627799,Siniakova K / Townsend T,SINIAKOVA K / TOWNSEND T,Total Games,20.5,2026-09-08T15:00:00.000-04:00,Tennis,WTA / HARD,Standard,20.5,,,14627799,304549,185724,Siniakova K / Townsend T,20.5,Player,UNKNOWN_OPP,,,https://static.prizepicks.com/images/manual/Siniakova K : Townsend T .png,,2026-09-08T07:41:39.843-04:00,2026-09-08T13:10:29-04:00,match_total_games,1,,0,2248,WTA,pp_or_step1,0,N/A,N/A,N/A,OK,,,,,,,,27.0,17.0,16.0,27.0,18.0,20.0,21.0,18.0,18.0,,21.0,20.22222222222222,20.22222222222222,,hard,0,,,,,,,,,,OK,5.0,2.0,3.0,0.0,0.4,0.6,0.4,0.6,2.0,3.0,2.0,3.0,0.0,9.0,3.0,6.0,0.0,0.3333333333333333,0.6666666666666666,0.3333333333333333,0.6666666666666666,,0,42,,,WTA,2,NEUTRAL,FIELD,1,,,0.3666666666666667,0.7333333333333334,21.0,0.5,0.58,-0.0425,2.802120082598131,0.3666666666666667,0.008000000000000007,2.662014078468224,?,0.95,0.4307,OVER,ml_prob,ml_prob,C,,2248,0.5,OVER,OVER,STANDARD_L5AVG_OVER,OVER,ml_prob_unified,9,4.1164
14599027,Aurora Zantedeschi,AURORA ZANTEDESCHI,Total Games,21.5,2026-09-09T04:30:00.000-04:00,Tennis,WTA / HARD,Standard,21.5,,,14599027,247239,185652,Aurora Zantedeschi,21.5,Player,LINA GJORCHESKA,,,https://static.flashscore.com/res/image/data/0QC5dYDa-z9AWrQfb.png,,2026-09-08T09:48:12.325-04:00,2026-09-08T13:10:29-04:00,match_total_games,0,,0,5160,WTA,pp_or_step1,0,Weak,Weak,250,OK,,,,,,,,16.0,20.0,27.0,19.0,23.0,15.0,,,,,21.0,20.0,20.0,,hard,0,,,,,,,,,,OK,5.0,2.0,3.0,0.0,0.4,0.6,0.4,0.6,2.0,3.0,2.0,3.0,0.0,6.0,2.0,4.0,0.0,0.3333333333333333,0.6666666666666666,0.3333333333333333,0.6666666666666666,,0,250,250.0,0.0,WTA,2,NEUTRAL,FIELD,1,,,0.3666666666666667,0.7333333333333334,21.0,-0.5,0.6085,-0.0139,2.802120082598131,0.3666666666666667,0.008000000000000007,2.662014078468224,?,0.95,0.4392,UNDER,ml_prob,ml_prob,C,,5160,0.5,UNDER,UNDER,STANDARD_L5AVG_UNDER,UNDER,ml_prob_unified,6,4.4721
14599804,Aurora Zantedeschi,AURORA ZANTEDESCHI,Total Tie Breaks,0.5,2026-09-09T04:30:00.000-04:00,Tennis,WTA / HARD,Demon,,,,14599804,247239,185652,Aurora Zantedeschi,0.5,Player,LINA GJORCHESKA,,,https://static.flashscore.com/res/image/data/0QC5dYDa-z9AWrQfb.png,,2026-09-08T09:48:12.325-04:00,2026-09-08T13:10:29-04:00,total_tie_breaks,0,,0,5160,WTA,,1,Weak,Weak,250,OK,,,,,,,,0.0,1.0,0.0,0.0,1.0,0.0,,,,,0.4,0.3333333333333333,0.3333333333333333,,hard,0,,,,,,,,,,OK,5.0,2.0,3.0,0.0,0.4,0.6,0.4,0.6,2.0,3.0,2.0,3.0,0.0,6.0,2.0,4.0,0.0,0.3333333333333333,0.6666666666666666,0.3333333333333333,0.6666666666666666,,0,250,250.0,0.0,WTA,2,NEUTRAL,FIELD,1,,,0.3666666666666667,0.7333333333333334,0.4,-0.09999999999999998,0.3523,-0.1227,2.802120082598131,0.3666666666666667,0.008000000000000007,2.662014078468224,?,0.95,0.3624,OVER,ml_prob_fallback,ml_prob_fallback,C,,5160,0.09999999999999998,UNDER,OVER,FORCED_OVER_ONLY_GOB_DEM,OVER,ml_prob_unified,6,0.5164
14600536,Martina Trevisan,MARTINA TREVISAN,Total Sets,2.5,2026-09-08T13:15:00.000-04:00,Tennis,WTA / HARD,Demon,,,,14600536,202036,185648,Martina Trevisan,2.5,Player,JENNIFER RUGGERI,,,https://static.flashscore.com/res/image/data/Snya7gil-U3ZuGemt.png,,2026-09-08T12:54:31.065-04:00,2026-09-08T13:10:29-04:00,total_sets,0,,0,1374,WTA,,1,Weak,Weak,250,OK,,,0.6804987500989339,,,,,3.0,3.0,2.0,2.0,2.0,,,,,,2.4,2.4,2.4,,hard,0,1.25,3.375,0.6212193969519703,0.5,8.0,0.0,0.0,,,OK,5.0,2.0,3.0,0.0,0.4,0.6,0.4,0.6,2.0,3.0,2.0,3.0,0.0,5.0,2.0,3.0,0.0,0.4,0.6,0.4,0.6,,0,250,250.0,0.0,WTA,2,NEUTRAL,FIELD,1,,,0.4,0.8,2.4,-0.10000000000000009,0.1812,-0.2938,3.078754691588785,0.4,0.008000000000000007,2.924816957009346,?,0.95,0.3344,OVER,ml_prob_fallback,ml_prob_fallback,C,,1374,0.10000000000000009,UNDER,OVER,FORCED_OVER_ONLY_GOB_DEM,OVER,ml_prob_unified,5,0.5477
14580951,Claire Liu,CLAIRE LIU,Total Sets,2.5,2026-09-08T14:30:00.000-04:00,Tennis,WTA / HARD,Demon,,,,14580951,223532,185547,Claire Liu,2.5,Player,XIAODI YOU,,,https://www.flashscore.com/res/image/data/ngZrL8xS-2R001CJ5.png,,2026-09-08T11:00:00.032-04:00,2026-09-08T13:10:29-04:00,total_sets,0,,0,2980,WTA,,1,Weak,Weak,250,OK,,,0.6853356220557152,,,,,2.0,2.0,3.0,2.0,3.0,,,,,,2.4,2.4,2.4,,hard,0,5.444444444444445,4.222222222222222,0.5986350927547163,0.3333333333333333,9.0,0.0,0.0,,,OK,5.0,2.0,3.0,0.0,0.4,0.6,0.4,0.6,2.0,3.0,2.0,3.0,0.0,5.0,2.0,3.0,0.0,0.4,0.6,0.4,0.6,,0,111,250.0,-139.0,WTA,2,NEUTRAL,FIELD,1,,,0.4,0.75,2.4,-0.10000000000000009,0.1812,-0.2938,2.884019439252336,0.4,0.008000000000000007,2.739818467289719,?,0.95,0.3344,OVER,ml_prob_fallback,ml_prob_fallback,C,,2980,0.10000000000000009,UNDER,OVER,FORCED_OVER_ONLY_GOB_DEM,OVER,ml_prob_unified,5,0.5477
14621589,Leolia Jeanjean,LEOLIA JEANJEAN,Total Tie Breaks,0.5,2026-09-08T14:30:00.000-04:00,Tennis,WTA / HARD,Demon,,,,14621589,207629,185728,Leolia Jeanjean,0.5,Player,UNKNOWN_OPP,,,https://www.flashscore.com/res/image/data/bZBG1QdM-GK1ed7D0.png,,2026-09-08T07:41:39.843-04:00,2026-09-08T13:10:29-04:00,total_tie_breaks,0,,0,4453,WTA,,1,N/A,N/A,N/A,OK,,,0.6112936114874284,,,,,0.0,1.0,0.0,1.0,0.0,0.0,0.0,0.0,1.0,,0.4,0.3333333333333333,0.3333333333333333,,hard,0,2.090909090909091,3.090909090909091,0.6197358235798843,0.1428571428571428,14.0,0.0,1.0,,,OK,5.0,2.0,3.0,0.0,0.4,0.6,0.4,0.6,2.0,3.0,2.0,3.0,0.0,9.0,3.0,6.0,0.0,0.3333333333333333,0.6666666666666666,0.3333333333333333,0.6666666666666666,,0,127,,,WTA,2,NEUTRAL,FIELD,1,,,0.3666666666666667,0.7333333333333334,0.4,-0.09999999999999998,0.2719,-0.2031,2.802120082598131,0.3666666666666667,0.008000000000000007,2.662014078468224,?,0.95,0.3382,OVER,ml_prob_fallback,ml_prob_fallback,C,,4453,0.09999999999999998,UNDER,OVER,FORCED_OVER_ONLY_GOB_DEM,OVER,ml_prob_unified,9,0.5
14571332,Linda Noskova,LINDA NOSKOVA,Total Games Won,16.5,2026-09-08T11:30:00.000-04:00,Tennis,WTA / HARD,Standard,16.5,,,14571332,201218,185538,Linda Noskova,16.5,Player,ARYNA SABALENKA,,,https://www.flashscore.com/res/image/data/vJET2jGG-085Ns8mO.png,,2026-09-08T13:10:10.187-04:00,2026-09-08T13:10:29-04:00,games_won,0,,0,6970,WTA,pp_or_step1,0,Elite,Elite,1,OK,,,0.583190861066086,,,,,18.0,18.0,12.0,13.0,5.0,13.0,12.0,7.0,17.0,12.0,13.2,12.7,12.7,,hard,0,6.237288135593221,4.830508474576271,0.7051565636952298,0.6,60.0,0.0,0.0,,,OK,5.0,2.0,3.0,0.0,0.4,0.6,0.4,0.6,2.0,3.0,2.0,3.0,0.0,10.0,3.0,7.0,0.0,0.3,0.7,0.3,0.7,,0,6,1.0,5.0,WTA,2,NEUTRAL,ELITE,1,,,0.35,0.7,13.2,-3.3000000000000007,0.5772,-0.3872,2.664726242990654,0.35,0.008000000000000007,2.531489930841121,?,0.95,0.4182,UNDER,ml_prob,ml_prob,C,,6970,3.3000000000000007,UNDER,UNDER,STANDARD_L5AVG_UNDER,UNDER,ml_prob_unified,10,4.3218
14577246,Frances Tiafoe,FRANCES TIAFOE,Total Games Won,18.5,2026-09-08T13:45:00.000-04:00,Tennis,ATP / HARD,Goblin,20.5,,,14577246,201267,185558,Frances Tiafoe,18.5,Player,ALEX MICHELSEN,,,https://static.prizepicks.com/images/manual/tiafoe.png,,2026-09-08T13:10:19.092-04:00,2026-09-08T13:10:29-04:00,games_won,0,,0,2708,ATP,sibling_or_pp,2,Avg,Avg,46,OK,,,0.5948380261102764,,,,,20.0,18.0,20.0,9.0,13.0,14.0,12.0,16.0,12.0,17.0,16.0,15.1,15.1,,hard,0,8.310344827586206,2.155172413793104,0.7471931813542996,0.55,60.0,0.0,0.0,,,OK,5.0,2.0,3.0,0.0,0.4,0.6,0.4,0.6,2.0,3.0,2.0,3.0,0.0,10.0,2.0,8.0,0.0,0.2,0.8,0.2,0.8,,0,12,46.0,-34.0,ATP,2,NEUTRAL,ELITE,1,,,0.30000000000000004,0.6000000000000001,16.0,-2.5,0.58,0.5041,2.261895925233645,0.3,0.008000000000000007,2.148801128971963,?,0.95,0.384,OVER,distance,distance,B,,2708,2.5,UNDER,OVER,FORCED_OVER_ONLY_GOB_DEM,OVER,ml_prob_unified,10,3.6953
14577248,Frances Tiafoe,FRANCES TIAFOE,Total Games Won,19.5,2026-09-08T13:45:00.000-04:00,Tennis,ATP / HARD,Goblin,20.5,,,14577248,201267,185558,Frances Tiafoe,19.5,Player,ALEX MICHELSEN,,,https://static.prizepicks.com/images/manual/tiafoe.png,,2026-09-08T13:10:19.092-04:00,2026-09-08T13:10:29-04:00,games_won,0,,0,2708,ATP,sibling_or_pp,1,Avg,Avg,46,OK,,,0.5948380261102764,,,,,20.0,18.0,20.0,9.0,13.0,14.0,12.0,16.0,12.0,17.0,16.0,15.1,15.1,,hard,0,8.310344827586206,2.155172413793104,0.7471931813542996,0.55,60.0,0.0,0.0,,,OK,5.0,2.0,3.0,0.0,0.4,0.6,0.4,0.6,2.0,3.0,2.0,3.0,0.0,10.0,2.0,8.0,0.0,0.2,0.8,0.2,0.8,,0,12,46.0,-34.0,ATP,2,NEUTRAL,ELITE,1,,,0.30000000000000004,0.6000000000000001,16.0,-3.5,0.58,0.5507,2.261895925233645,0.3,0.008000000000000007,2.148801128971963,?,0.95,0.384,OVER,distance,distance,C,,2708,3.5,UNDER,OVER,FORCED_OVER_ONLY_GOB_DEM,OVER,ml_prob_unified,10,3.6953
14605298,Elena Rybakina,ELENA RYBAKINA,Total Games,21.5,2026-09-09T11:30:00.000-04:00,Tennis,WTA / HARD,Goblin,23.0,,,14605298,201375,185723,Elena Rybakina,21.5,Player,QINWEN ZHENG,,,https://static.prizepicks.com/images/manual/rybakina.webp,,2026-09-08T12:18:56.090-04:00,2026-09-08T13:10:29-04:00,match_total_games,0,,0,3126,WTA,offset_estimate,1,Weak,Weak,121,OK,,,0.5809079606016793,,,,,17.0,22.0,18.0,17.0,20.0,23.0,19.0,17.0,28.0,33.0,18.8,21.4,21.4,,hard,0,7.047619047619048,2.761904761904762,0.7537278614823415,0.7558139534883721,86.0,1.0,0.0,,,OK,5.0,1.0,4.0,0.0,0.2,0.8,0.2,0.8,1.0,4.0,1.0,4.0,0.0,10.0,4.0,6.0,0.0,0.4,0.6,0.4,0.6,,0,2,121.0,-119.0,WTA,2,NEUTRAL,ELITE,1,,,0.30000000000000004,0.55,18.8,-2.6999999999999993,0.58,0.517,2.069947925233645,0.3,-0.003000000000000003,1.966450528971962,?,0.95,0.384,OVER,distance,distance,C,,3126,2.6999999999999993,UNDER,OVER,FORCED_OVER_ONLY_GOB_DEM,OVER,ml_prob_unified,10,5.3583
14619546,Botic Van de Zandschulp,BOTIC VAN DE ZANDSCHULP,Total Games Won,14.5,2026-09-09T11:30:00.000-04:00,Tennis,ATP / HARD,Standard,14.5,,,14619546,235668,185810,Botic Van de Zandschulp,14.5,Player,ALEXANDER ZVEREV,,,https://static.prizepicks.com/images/manual/Botic_Van_de_Zandschulp.png,,2026-09-08T09:48:12.325-04:00,2026-09-08T13:10:29-04:00,games_won,0,,0,3310,ATP,pp_or_step1,0,Elite,Elite,2,OK,,,0.6199747127792538,,,,,19.0,19.0,10.0,12.0,12.0,10.0,12.0,9.0,17.0,13.0,14.4,13.3,13.3,,hard,0,6.48936170212766,4.574468085106383,0.7424482963417903,0.4375,48.0,0.0,0.0,,,OK,5.0,2.0,3.0,0.0,0.4,0.6,0.4,0.6,2.0,3.0,2.0,3.0,0.0,10.0,3.0,7.0,0.0,0.3,0.7,0.3,0.7,,0,70,2.0,68.0,ATP,2,NEUTRAL,FIELD,1,,,0.35,0.75,14.4,-0.09999999999999964,0.5673,0.0423,2.859269439252336,0.35,0.008000000000000007,2.716305967289719,?,0.95,0.4152,UNDER,ml_prob,ml_prob,C,,3310,0.09999999999999964,UNDER,UNDER,STANDARD_L5AVG_UNDER,UNDER,ml_prob_unified,10,3.7133
14624402,Anna Blinkova,ANNA BLINKOVA,Total Sets,2.5,2026-09-08T16:50:00.000-04:00,Tennis,WTA / HARD,Demon,7.5,,,14624402,202551,185548,Anna Blinkova,2.5,Player,UNKNOWN_OPP,,,https://img0.aiscore.com/v2/team/50661a662f2c17c71e091313d42d6836.png!w80,,2026-09-08T07:41:39.843-04:00,2026-09-08T13:10:29-04:00,total_sets,0,,0,2902,WTA,sibling_or_pp,1,N/A,N/A,N/A,OK,,,0.6064362560692222,,,,,2.0,2.0,3.0,3.0,2.0,3.0,3.0,2.0,2.0,2.0,2.4,2.4,2.4,,hard,0,1.30952380952381,3.523809523809524,0.5812297867971739,0.4761904761904761,42.0,0.0,0.0,,,OK,5.0,2.0,3.0,0.0,0.4,0.6,0.4,0.6,2.0,3.0,2.0,3.0,0.0,10.0,4.0,6.0,0.0,0.4,0.6,0.4,0.6,,0,95,,,WTA,2,NEUTRAL,FIELD,1,,,0.4,0.8,2.4,-0.10000000000000009,0.176,-0.299,3.078754691588785,0.4,0.008000000000000007,2.924816957009346,?,0.95,0.3328,OVER,distance,distance,C,,2902,0.10000000000000009,UNDER,OVER,FORCED_OVER_ONLY_GOB_DEM,OVER,ml_prob_unified,10,0.5164
14605300,Elena Rybakina,ELENA RYBAKINA,Total Games Won,12.5,2026-09-09T11:30:00.000-04:00,Tennis,WTA / HARD,Goblin,14.0,,,14605300,201375,185723,Elena Rybakina,12.5,Player,QINWEN ZHENG,,,https://static.prizepicks.com/images/manual/rybakina.webp,,2026-09-08T11:30:00.601-04:00,2026-09-08T13:10:29-04:00,games_won,0,,0,3126,WTA,offset_estimate,1,Weak,Weak,121,OK,,,0.5809079606016793,,,,,12.0,13.0,12.0,12.0,12.0,13.0,12.0,5.0,17.0,17.0,12.2,12.5,12.5,,hard,0,7.047619047619048,2.761904761904762,0.7537278614823415,0.7558139534883721,86.0,1.0,0.0,,,OK,5.0,1.0,4.0,0.0,0.2,0.8,0.2,0.8,1.0,4.0,1.0,4.0,0.0,10.0,4.0,6.0,0.0,0.4,0.6,0.4,0.6,,0,2,121.0,-119.0,WTA,2,NEUTRAL,ELITE,1,,,0.30000000000000004,0.55,12.2,-0.3000000000000007,0.58,0.1544,2.069947925233645,0.3,-0.003000000000000003,1.966450528971962,?,0.95,0.384,OVER,distance,distance,C,,3126,0.3000000000000007,UNDER,OVER,FORCED_OVER_ONLY_GOB_DEM,OVER,ml_prob_unified,10,3.3082
14597991,Martina Trevisan,MARTINA TREVISAN,Total Games Won,12.5,2026-09-08T13:15:00.000-04:00,Tennis,WTA / HARD,Demon,,,,14597991,202036,185648,Martina Trevisan,12.5,Player,JENNIFER RUGGERI,,,https://static.flashscore.com/res/image/data/Snya7gil-U3ZuGemt.png,,2026-09-08T12:54:31.065-04:00,2026-09-08T13:10:29-04:00,games_won,0,,0,1374,WTA,,1,Weak,Weak,250,OK,,,0.6804987500989339,,,,,8.0,16.0,13.0,12.0,11.0,,,,,,12.0,12.0,12.0,,hard,0,1.25,3.375,0.6212193969519703,0.5,8.0,0.0,0.0,,,OK,5.0,2.0,3.0,0.0,0.4,0.6,0.4,0.6,2.0,3.0,2.0,3.0,0.0,5.0,2.0,3.0,0.0,0.4,0.6,0.4,0.6,,0,250,250.0,0.0,WTA,2,NEUTRAL,FIELD,1,,,0.4,0.8,12.0,-0.5,0.58,0.2025,3.078754691588785,0.4,0.008000000000000007,2.924816957009346,?,0.95,0.454,OVER,ml_prob_fallback,ml_prob_fallback,C,,1374,0.5,UNDER,OVER,FORCED_OVER_ONLY_GOB_DEM,OVER,ml_prob_unified,5,2.9155
14622488,Nadia Podoroska,NADIA PODOROSKA,Total Games Won,12.5,2026-09-08T15:40:00.000-04:00,Tennis,WTA / HARD,Demon,,,,14622488,201923,185730,Nadia Podoroska,12.5,Player,ENA KOIKE,,,https://static.prizepicks.com/images/manual/Nadia Podoroska.png,,2026-09-08T07:41:39.843-04:00,2026-09-08T13:10:29-04:00,games_won,0,,0,3256,WTA,,1,Weak,Weak,250,OK,,,0.6340921287833265,,,,,5.0,17.0,13.0,12.0,3.0,,,,,,10.0,10.0,10.0,,hard,0,2.777777777777778,4.333333333333333,0.6237658956204709,0.4545454545454545,11.0,0.0,0.0,,,OK,5.0,2.0,3.0,0.0,0.4,0.6,0.4,0.6,2.0,3.0,2.0,3.0,0.0,5.0,2.0,3.0,0.0,0.4,0.6,0.4,0.6,,0,250,250.0,0.0,WTA,2,NEUTRAL,FIELD,1,,,0.4,0.8,10.0,-2.5,0.58,0.5041,3.078754691588785,0.4,0.008000000000000007,2.924816957009346,?,0.95,0.454,OVER,ml_prob_fallback,ml_prob_fallback,C,,3256,2.5,UNDER,OVER,FORCED_OVER_ONLY_GOB_DEM,OVER,ml_prob_unified,5,5.831
14619899,Mirra Andreeva,MIRRA ANDREEVA,Total Games Won,12.5,2026-09-09T11:30:00.000-04:00,Tennis,WTA / HARD,Demon,,,,14619899,203182,185779,Mirra Andreeva,12.5,Player,COCO GAUFF,,,https://static.prizepicks.com/images/manual/Mirra Head.png,,2026-09-08T09:48:12.325-04:00,2026-09-08T13:10:29-04:00,games_won,0,,0,9820,WTA,,1,Elite,Elite,4,OK,,,0.6207178578839927,,,,,17.0,13.0,12.0,12.0,8.0,13.0,12.0,5.0,12.0,15.0,12.4,11.9,11.9,,hard,0,3.203125,3.875,0.6843839180264356,0.7272727272727273,66.0,1.0,0.0,,,OK,5.0,2.0,3.0,0.0,0.4,0.6,0.4,0.6,2.0,3.0,2.0,3.0,0.0,10.0,4.0,6.0,0.0,0.4,0.6,0.4,0.6,,0,5,4.0,1.0,WTA,2,NEUTRAL,ELITE,1,,,0.4,0.8,12.4,-0.09999999999999964,0.58,0.105,3.078754691588785,0.4,0.008000000000000007,2.924816957009346,?,0.95,0.454,OVER,ml_prob_fallback,ml_prob_fallback,C,,9820,0.09999999999999964,UNDER,OVER,FORCED_OVER_ONLY_GOB_DEM,OVER,ml_prob_unified,10,3.3483
14581399,Jessica Pegula,JESSICA PEGULA,Total Games Won,12.5,2026-09-08T19:00:00.000-04:00,Tennis,WTA / HARD,Standard,12.5,,,14581399,201369,185590,Jessica Pegula,12.5,Player,EMMA NAVARRO,,,https://www.flashscore.com/res/image/data/GS3hkKzB-A19CsvyR.png,,2026-09-08T07:41:39.843-04:00,2026-09-08T13:10:29-04:00,games_won,0,,0,2113,WTA,pp_or_step1,0,Avg,Avg,27,OK,,,0.6293953459627286,,,,,12.0,13.0,12.0,12.0,6.0,17.0,15.0,17.0,13.0,12.0,11.0,12.9,12.9,,hard,0,3.320987654320988,1.987654320987654,0.6920522626365668,0.7142857142857143,84.0,1.0,0.0,,,OK,5.0,1.0,4.0,0.0,0.2,0.8,0.2,0.8,1.0,4.0,1.0,4.0,0.0,10.0,5.0,5.0,0.0,0.5,0.5,0.5,0.5,,0,3,27.0,-24.0,WTA,2,NEUTRAL,ELITE,1,,,0.35,0.7,11.0,-1.5,0.4916,-0.326,2.662878242990654,0.35,-0.003000000000000003,2.529734330841121,?,0.95,0.3925,UNDER,ml_prob,ml_prob,C,,2113,1.5,UNDER,UNDER,STANDARD_L5AVG_UNDER,UNDER,ml_prob_unified,10,3.1429
14619854,Alexander Blockx,ALEXANDER BLOCKX,Total Games Won,16.5,2026-09-09T11:30:00.000-04:00,Tennis,ATP / HARD,Goblin,19.5,,,14619854,218482,185783,Alexander Blockx,16.5,Player,KAREN KHACHANOV,,,https://static.prizepicks.com/images/manual/AlexanderBlockx.webp,,2026-09-08T09:48:12.325-04:00,2026-09-08T13:10:29-04:00,games_won,0,,0,11757,ATP,sibling_or_pp,2,Avg,Avg,50,OK,,,0.6652403038167991,,,,,18.0,16.0,12.0,7.0,15.0,19.0,17.0,16.0,8.0,,13.6,14.22222222222222,14.22222222222222,,hard,0,8.071428571428571,1.714285714285714,0.7321477208550975,0.4,15.0,0.0,0.0,,,OK,5.0,1.0,4.0,0.0,0.2,0.8,0.2,0.8,1.0,4.0,1.0,4.0,0.0,9.0,3.0,6.0,0.0,0.3333333333333333,0.6666666666666666,0.3333333333333333,0.6666666666666666,,0,34,50.0,-16.0,ATP,2,NEUTRAL,FIELD,1,,,0.26666666666666666,0.5333333333333333,13.6,-2.9000000000000004,0.58,0.5278,1.994710065813084,0.2666666666666667,-0.003000000000000003,1.89497456252243,?,0.95,0.3607,OVER,distance,distance,B,,11757,2.9000000000000004,UNDER,OVER,FORCED_OVER_ONLY_GOB_DEM,OVER,ml_prob_unified,9,4.2947
14620509,Alexander Zverev,ALEXANDER ZVEREV,Total Games,30.5,2026-09-09T11:30:00.000-04:00,Tennis,ATP / HARD,Goblin,34.5,,,14620509,201395,185810,Alexander Zverev,30.5,Player,BOTIC VAN DE ZANDSCHULP,,,https://static.prizepicks.com/images/manual/Alexander Zverev.png,,2026-09-08T09:48:12.325-04:00,2026-09-08T13:10:29-04:00,match_total_games,0,,0,2375,ATP,sibling_or_pp,1,Below Avg,Below Avg,70,OK,,,0.7261248892215003,,,,,29.0,29.0,33.0,26.0,27.0,31.0,31.0,28.0,31.0,29.0,28.8,29.4,29.4,,hard,0,8.821428571428571,1.571428571428571,0.7661283351954835,0.7209302325581395,86.0,1.0,0.0,,,OK,5.0,1.0,4.0,0.0,0.2,0.8,0.2,0.8,1.0,4.0,1.0,4.0,0.0,10.0,4.0,6.0,0.0,0.4,0.6,0.4,0.6,,0,2,70.0,-68.0,ATP,2,NEUTRAL,ELITE,1,,,0.30000000000000004,0.55,28.8,-1.6999999999999993,0.58,0.4255,2.069947925233645,0.3,-0.003000000000000003,1.966450528971962,?,0.95,0.384,OVER,distance,distance,A,,2375,1.6999999999999993,UNDER,OVER,FORCED_OVER_ONLY_GOB_DEM,OVER,ml_prob_unified,10,2.1187
14629263,Leyre Romero Gormaz,LEYRE ROMERO GORMAZ,Total Games Won,12.5,2026-09-09T06:10:00.000-04:00,Tennis,WTA / CLAY,Demon,,,,14629263,201929,185848,Leyre Romero Gormaz,12.5,Player,ALEVTINA IBRAGIMOVA,,,https://static.prizepicks.com/images/manual/lorireyes12.png,,2026-09-08T09:48:12.325-04:00,2026-09-08T13:10:29-04:00,games_won,0,,0,10676,WTA,,1,Weak,Weak,250,OK,,,,,,,,20.0,12.0,14.0,12.0,12.0,3.0,12.0,14.0,,,14.0,12.375,12.375,,clay,0,,,,,,,,,,OK,5.0,2.0,3.0,0.0,0.4,0.6,0.4,0.6,2.0,3.0,2.0,3.0,0.0,8.0,3.0,5.0,0.0,0.375,0.625,0.375,0.625,,0,145,250.0,-105.0,WTA,2,NEUTRAL,FIELD,1,,,0.3875,0.725,14.0,1.5,0.58,-0.2376,2.779058413551402,0.3875,0.008000000000000007,2.640105492873832,?,0.95,0.4452,OVER,ml_prob_fallback,ml_prob_fallback,C,,10676,1.5,OVER,OVER,FORCED_OVER_ONLY_GOB_DEM,OVER,ml_prob_unified,8,4.6579
14620508,Alexander Zverev,ALEXANDER ZVEREV,Total Games,29.5,2026-09-09T11:30:00.000-04:00,Tennis,ATP / HARD,Goblin,34.5,,,14620508,201395,185810,Alexander Zverev,29.5,Player,BOTIC VAN DE ZANDSCHULP,,,https://static.prizepicks.com/images/manual/Alexander Zverev.png,,2026-09-08T09:48:12.325-04:00,2026-09-08T13:10:29-04:00,match_total_games,0,,0,2375,ATP,sibling_or_pp,2,Below Avg,Below Avg,70,OK,,,0.7261248892215003,,,,,29.0,29.0,33.0,26.0,27.0,31.0,31.0,28.0,31.0,29.0,28.8,29.4,29.4,,hard,0,8.821428571428571,1.571428571428571,0.7661283351954835,0.7209302325581395,86.0,1.0,0.0,,,OK,5.0,1.0,4.0,0.0,0.2,0.8,0.2,0.8,1.0,4.0,1.0,4.0,0.0,10.0,4.0,6.0,0.0,0.4,0.6,0.4,0.6,,0,2,70.0,-68.0,ATP,2,NEUTRAL,ELITE,1,,,0.30000000000000004,0.55,28.8,-0.6999999999999993,0.58,0.2482,2.069947925233645,0.3,-0.003000000000000003,1.966450528971962,?,0.95,0.384,OVER,distance,distance,A,,2375,0.6999999999999993,UNDER,OVER,FORCED_OVER_ONLY_GOB_DEM,OVER,ml_prob_unified,10,2.1187
14616798,Coco Gauff,COCO GAUFF,Total Games,19.5,2026-09-09T11:30:00.000-04:00,Tennis,WTA / HARD,Goblin,21.5,,,14616798,201229,185779,Coco Gauff,19.5,Player,MIRRA ANDREEVA,,,https://www.flashscore.com/res/image/data/UDnGEpDr-fa4Gaz3a.png,,2026-09-08T09:48:12.325-04:00,2026-09-08T13:10:29-04:00,match_total_games,0,,0,3626,WTA,sibling_or_pp,2,Elite,Elite,5,OK,,,0.6279834861859119,,,,,17.0,19.0,23.0,19.0,18.0,17.0,16.0,17.0,20.0,25.0,19.2,19.1,19.1,,hard,0,3.26027397260274,7.205479452054795,0.6993628090812983,0.759493670886076,79.0,1.0,0.0,,,OK,5.0,1.0,4.0,0.0,0.2,0.8,0.2,0.8,1.0,4.0,1.0,4.0,0.0,10.0,3.0,7.0,0.0,0.3,0.7,0.3,0.7,,0,4,5.0,-1.0,WTA,2,NEUTRAL,ELITE,1,,,0.25,0.5,19.2,-0.3000000000000007,0.58,0.1544,1.863308224299066,0.25,-0.003000000000000003,1.770142813084112,?,0.95,0.349,OVER,distance,distance,B,,3626,0.3000000000000007,UNDER,OVER,FORCED_OVER_ONLY_GOB_DEM,OVER,ml_prob_unified,10,2.8848
14629264,Leyre Romero Gormaz,LEYRE ROMERO GORMAZ,Total Tie Breaks,0.5,2026-09-09T06:10:00.000-04:00,Tennis,WTA / CLAY,Demon,,,,14629264,201929,185848,Leyre Romero Gormaz,0.5,Player,ALEVTINA IBRAGIMOVA,,,https://static.prizepicks.com/images/manual/lorireyes12.png,,2026-09-08T09:48:12.325-04:00,2026-09-08T13:10:29-04:00,total_tie_breaks,0,,0,10676,WTA,,1,Weak,Weak,250,OK,,,,,,,,2.0,0.0,1.0,0.0,0.0,0.0,0.0,0.0,,,0.6,0.375,0.375,,clay,0,,,,,,,,,,OK,5.0,2.0,3.0,0.0,0.4,0.6,0.4,0.6,2.0,3.0,2.0,3.0,0.0,8.0,2.0,6.0,0.0,0.25,0.75,0.25,0.75,,0,145,250.0,-105.0,WTA,2,NEUTRAL,FIELD,1,,,0.325,0.6,0.6,0.09999999999999998,0.3484,-0.1766,2.271795925233645,0.325,0.008000000000000007,2.158206128971962,?,0.95,0.332,OVER,ml_prob_fallback,ml_prob_fallback,C,,10676,0.09999999999999998,OVER,OVER,FORCED_OVER_ONLY_GOB_DEM,OVER,ml_prob_unified,8,0.744
14583126,Emma Navarro,EMMA NAVARRO,Total Games Won,13.5,2026-09-08T19:00:00.000-04:00,Tennis,WTA / HARD,Demon,8.5,,,14583126,201443,185590,Emma Navarro,13.5,Player,JESSICA PEGULA,,,https://static.prizepicks.com/images/manual/Emma Head.png,,2026-09-08T07:41:39.843-04:00,2026-09-08T13:10:29-04:00,games_won,0,,0,3785,WTA,sibling_or_pp,3,Elite,Elite,3,OK,,,0.6283290880630938,,,,,12.0,13.0,15.0,19.0,7.0,15.0,4.0,12.0,13.0,9.0,13.2,11.9,11.9,,hard,0,1.888888888888889,3.533333333333333,0.6366395772251866,0.4791666666666667,48.0,0.0,0.0,,,OK,5.0,2.0,3.0,0.0,0.4,0.6,0.4,0.6,2.0,3.0,2.0,3.0,0.0,10.0,3.0,7.0,0.0,0.3,0.7,0.3,0.7,,0,27,3.0,24.0,WTA,2,NEUTRAL,ELITE,1,,,0.35,0.7,13.2,-0.3000000000000007,0.58,0.1544,2.664726242990654,0.35,0.008000000000000007,2.531489930841121,?,0.95,0.419,OVER,distance,distance,C,,3785,0.3000000000000007,UNDER,OVER,FORCED_OVER_ONLY_GOB_DEM,OVER,ml_prob_unified,10,4.3063
14581328,Jessica Pegula,JESSICA PEGULA,Total Games,20.5,2026-09-08T19:00:00.000-04:00,Tennis,WTA / HARD,Standard,20.5,,,14581328,201369,185590,Jessica Pegula,20.5,Player,EMMA NAVARRO,,,https://www.flashscore.com/res/image/data/GS3hkKzB-A19CsvyR.png,,2026-09-08T07:41:39.843-04:00,2026-09-08T13:10:29-04:00,match_total_games,0,,0,2113,WTA,pp_or_step1,0,Avg,Avg,27,OK,,,0.6293953459627286,,,,,19.0,26.0,16.0,17.0,18.0,32.0,31.0,30.0,20.0,17.0,19.2,22.6,22.6,,hard,0,3.320987654320988,1.987654320987654,0.6920522626365668,0.7142857142857143,84.0,1.0,0.0,,,OK,5.0,1.0,4.0,0.0,0.2,0.8,0.2,0.8,1.0,4.0,1.0,4.0,0.0,10.0,4.0,6.0,0.0,0.4,0.6,0.4,0.6,,0,3,27.0,-24.0,WTA,2,NEUTRAL,ELITE,1,,,0.30000000000000004,0.6000000000000001,19.2,-1.3000000000000007,0.6056,-0.1802,2.260311925233645,0.3,-0.003000000000000003,2.147296328971962,?,0.95,0.3917,UNDER,ml_prob,ml_prob,C,,2113,1.3000000000000007,UNDER,UNDER,STANDARD_L5AVG_UNDER,UNDER,ml_prob_unified,10,6.4326
14582623,Ben Shelton,BEN SHELTON,Total Games Won,13.5,2026-09-08T20:10:00.000-04:00,Tennis,ATP / HARD,Goblin,18.5,,,14582623,201258,185581,Ben Shelton,13.5,Player,CARLOS ALCARAZ,,,https://static.prizepicks.com/images/manual/Ben Shelton.png,,2026-09-08T07:41:39.843-04:00,2026-09-08T13:10:29-04:00,games_won,0,,0,9250,ATP,sibling_or_pp,2,Elite,Elite,3,OK,,,0.6753995623116001,,,,,18.0,8.0,13.0,12.0,12.0,13.0,12.0,13.0,15.0,18.0,12.6,13.4,13.4,,hard,0,10.06849315068493,2.547945205479452,0.7700546496212411,0.6575342465753424,73.0,1.0,0.0,,,OK,5.0,1.0,4.0,0.0,0.2,0.8,0.2,0.8,1.0,4.0,1.0,4.0,0.0,10.0,3.0,7.0,0.0,0.3,0.7,0.3,0.7,,0,9,3.0,6.0,ATP,2,NEUTRAL,ELITE,1,,,0.25,0.5,12.6,-0.9000000000000004,0.58,0.2909,1.863308224299066,0.25,-0.003000000000000003,1.770142813084112,?,0.95,0.349,OVER,distance,distance,A,,9250,0.9000000000000004,UNDER,OVER,FORCED_OVER_ONLY_GOB_DEM,OVER,ml_prob_unified,10,2.9889
14582624,Ben Shelton,BEN SHELTON,Total Games Won,14.5,2026-09-08T20:10:00.000-04:00,Tennis,ATP / HARD,Goblin,18.5,,,14582624,201258,185581,Ben Shelton,14.5,Player,CARLOS ALCARAZ,,,https://static.prizepicks.com/images/manual/Ben Shelton.png,,2026-09-08T07:41:39.843-04:00,2026-09-08T13:10:29-04:00,games_won,0,,0,9250,ATP,sibling_or_pp,1,Elite,Elite,3,OK,,,0.6753995623116001,,,,,18.0,8.0,13.0,12.0,12.0,13.0,12.0,13.0,15.0,18.0,12.6,13.4,13.4,,hard,0,10.06849315068493,2.547945205479452,0.7700546496212411,0.6575342465753424,73.0,1.0,0.0,,,OK,5.0,1.0,4.0,0.0,0.2,0.8,0.2,0.8,1.0,4.0,1.0,4.0,0.0,10.0,3.0,7.0,0.0,0.3,0.7,0.3,0.7,,0,9,3.0,6.0,ATP,2,NEUTRAL,ELITE,1,,,0.25,0.5,12.6,-1.9000000000000004,0.58,0.4499,1.863308224299066,0.25,-0.003000000000000003,1.770142813084112,?,0.95,0.349,OVER,distance,distance,A,,9250,1.9000000000000004,UNDER,OVER,FORCED_OVER_ONLY_GOB_DEM,OVER,ml_prob_unified,10,2.9889
14599802,Aurora Zantedeschi,AURORA ZANTEDESCHI,Total Games Won,12.5,2026-09-09T04:30:00.000-04:00,Tennis,WTA / HARD,Demon,,,,14599802,247239,185652,Aurora Zantedeschi,12.5,Player,LINA GJORCHESKA,,,https://static.flashscore.com/res/image/data/0QC5dYDa-z9AWrQfb.png,,2026-09-08T09:48:12.325-04:00,2026-09-08T13:10:29-04:00,games_won,0,,0,5160,WTA,,1,Weak,Weak,250,OK,,,,,,,,12.0,7.0,14.0,7.0,13.0,12.0,,,,,10.6,10.83333333333333,10.83333333333333,,hard,0,,,,,,,,,,OK,5.0,2.0,3.0,0.0,0.4,0.6,0.4,0.6,2.0,3.0,2.0,3.0,0.0,6.0,2.0,4.0,0.0,0.3333333333333333,0.6666666666666666,0.3333333333333333,0.6666666666666666,,0,250,250.0,0.0,WTA,2,NEUTRAL,FIELD,1,,,0.3666666666666667,0.7333333333333334,10.6,-1.9000000000000004,0.58,0.4499,2.802120082598131,0.3666666666666667,0.008000000000000007,2.662014078468224,?,0.95,0.4307,OVER,ml_prob_fallback,ml_prob_fallback,C,,5160,1.9000000000000004,UNDER,OVER,FORCED_OVER_ONLY_GOB_DEM,OVER,ml_prob_unified,6,3.0605
14619856,Alexander Blockx,ALEXANDER BLOCKX,Total Games Won,17.5,2026-09-09T11:30:00.000-04:00,Tennis,ATP / HARD,Goblin,19.5,,,14619856,218482,185783,Alexander Blockx,17.5,Player,KAREN KHACHANOV,,,https://static.prizepicks.com/images/manual/AlexanderBlockx.webp,,2026-09-08T09:48:12.325-04:00,2026-09-08T13:10:29-04:00,games_won,0,,0,11757,ATP,sibling_or_pp,1,Avg,Avg,50,OK,,,0.6652403038167991,,,,,18.0,16.0,12.0,7.0,15.0,19.0,17.0,16.0,8.0,,13.6,14.22222222222222,14.22222222222222,,hard,0,8.071428571428571,1.714285714285714,0.7321477208550975,0.4,15.0,0.0,0.0,,,OK,5.0,1.0,4.0,0.0,0.2,0.8,0.2,0.8,1.0,4.0,1.0,4.0,0.0,9.0,2.0,7.0,0.0,0.2222222222222222,0.7777777777777778,0.2222222222222222,0.7777777777777778,,0,34,50.0,-16.0,ATP,2,NEUTRAL,FIELD,1,,,0.2111111111111111,0.4222222222222222,13.6,-3.9000000000000004,0.58,0.5602,1.561094570741433,0.2111111111111111,-0.003000000000000003,1.483039842204362,?,0.95,0.3218,OVER,distance,distance,B,,11757,3.9000000000000004,UNDER,OVER,FORCED_OVER_ONLY_GOB_DEM,OVER,ml_prob_unified,9,4.2947
14616648,Coco Gauff,COCO GAUFF,Total Games,20.5,2026-09-09T11:30:00.000-04:00,Tennis,WTA / HARD,Goblin,21.5,,,14616648,201229,185779,Coco Gauff,20.5,Player,MIRRA ANDREEVA,,,https://www.flashscore.com/res/image/data/UDnGEpDr-fa4Gaz3a.png,,2026-09-08T09:48:12.325-04:00,2026-09-08T13:10:29-04:00,match_total_games,0,,0,3626,WTA,sibling_or_pp,1,Elite,Elite,5,OK,,,0.6279834861859119,,,,,17.0,19.0,23.0,19.0,18.0,17.0,16.0,17.0,20.0,25.0,19.2,19.1,19.1,,hard,0,3.26027397260274,7.205479452054795,0.6993628090812983,0.759493670886076,79.0,1.0,0.0,,,OK,5.0,1.0,4.0,0.0,0.2,0.8,0.2,0.8,1.0,4.0,1.0,4.0,0.0,10.0,2.0,8.0,0.0,0.2,0.8,0.2,0.8,,0,4,5.0,-1.0,WTA,2,NEUTRAL,ELITE,1,,,0.2,0.4,19.2,-1.3000000000000007,0.58,0.3658,1.474979289719626,0.2,-0.003000000000000003,1.401230325233645,?,0.95,0.314,OVER,distance,distance,C,,3626,1.3000000000000007,UNDER,OVER,FORCED_OVER_ONLY_GOB_DEM,OVER,ml_prob_unified,10,2.8848
14581088,Ben Shelton,BEN SHELTON,1st Set Total Games Won,4.5,2026-09-08T20:10:00.000-04:00,Tennis,ATP / HARD,Standard,4.5,,,14581088,201258,185581,Ben Shelton,4.5,Player,CARLOS ALCARAZ,,,https://static.prizepicks.com/images/manual/Ben Shelton.png,,2026-09-08T07:33:50.424-04:00,2026-09-08T13:10:29-04:00,total_sets,0,,0,9250,ATP,pp_or_step1,0,Elite,Elite,3,OK,,,0.6753995623116001,,,,,4.0,4.0,4.0,5.0,,,,,,,4.25,4.25,4.25,,hard,0,10.06849315068493,2.547945205479452,0.7700546496212411,0.6575342465753424,73.0,1.0,0.0,,,OK,4.0,1.0,3.0,0.0,0.25,0.75,0.25,0.75,1.0,3.0,1.0,3.0,0.0,4.0,1.0,3.0,0.0,0.25,0.75,0.25,0.75,,0,9,3.0,6.0,ATP,2,NEUTRAL,ELITE,1,,,0.25,0.5,4.25,-0.25,0.8794,0.3172,1.863308224299066,0.25,-0.003000000000000003,1.770142813084112,?,0.95,0.4388,UNDER,ml_prob,ml_prob,C,,9250,0.25,UNDER,UNDER,STANDARD_L5AVG_UNDER,UNDER,ml_prob_unified,4,0.5
14581398,Jessica Pegula,JESSICA PEGULA,Total Games,22.5,2026-09-08T19:00:00.000-04:00,Tennis,WTA / HARD,Demon,20.5,,,14581398,201369,185590,Jessica Pegula,22.5,Player,EMMA NAVARRO,,,https://www.flashscore.com/res/image/data/GS3hkKzB-A19CsvyR.png,,2026-09-08T07:41:39.843-04:00,2026-09-08T13:10:29-04:00,match_total_games,0,,0,2113,WTA,sibling_or_pp,1,Avg,Avg,27,OK,,,0.6293953459627286,,,,,19.0,26.0,16.0,17.0,18.0,32.0,31.0,30.0,20.0,17.0,19.2,22.6,22.6,,hard,0,3.320987654320988,1.987654320987654,0.6920522626365668,0.7142857142857143,84.0,1.0,0.0,,,OK,5.0,1.0,4.0,0.0,0.2,0.8,0.2,0.8,1.0,4.0,1.0,4.0,0.0,10.0,4.0,6.0,0.0,0.4,0.6,0.4,0.6,,0,3,27.0,-24.0,WTA,2,NEUTRAL,ELITE,1,,,0.30000000000000004,0.6000000000000001,19.2,-3.3000000000000007,0.58,0.5444,2.260311925233645,0.3,-0.003000000000000003,2.147296328971962,?,0.95,0.384,OVER,distance,distance,B,,2113,3.3000000000000007,UNDER,OVER,FORCED_OVER_ONLY_GOB_DEM,OVER,ml_prob_unified,10,6.4326
14581397,Jessica Pegula,JESSICA PEGULA,Total Games,23.5,2026-09-08T19:00:00.000-04:00,Tennis,WTA / HARD,Demon,20.5,,,14581397,201369,185590,Jessica Pegula,23.5,Player,EMMA NAVARRO,,,https://www.flashscore.com/res/image/data/GS3hkKzB-A19CsvyR.png,,2026-09-08T07:41:39.843-04:00,2026-09-08T13:10:29-04:00,match_total_games,0,,0,2113,WTA,sibling_or_pp,2,Avg,Avg,27,OK,,,0.6293953459627286,,,,,19.0,26.0,16.0,17.0,18.0,32.0,31.0,30.0,20.0,17.0,19.2,22.6,22.6,,hard,0,3.320987654320988,1.987654320987654,0.6920522626365668,0.7142857142857143,84.0,1.0,0.0,,,OK,5.0,1.0,4.0,0.0,0.2,0.8,0.2,0.8,1.0,4.0,1.0,4.0,0.0,10.0,4.0,6.0,0.0,0.4,0.6,0.4,0.6,,0,3,27.0,-24.0,WTA,2,NEUTRAL,ELITE,1,,,0.30000000000000004,0.6000000000000001,19.2,-4.300000000000001,0.58,0.5666,2.260311925233645,0.3,-0.003000000000000003,2.147296328971962,?,0.95,0.384,OVER,distance,distance,B,,2113,4.300000000000001,UNDER,OVER,FORCED_OVER_ONLY_GOB_DEM,OVER,ml_prob_unified,10,6.4326
14616649,Coco Gauff,COCO GAUFF,Total Games Won,12.5,2026-09-09T11:30:00.000-04:00,Tennis,WTA / HARD,Standard,12.5,,,14616649,201229,185779,Coco Gauff,12.5,Player,MIRRA ANDREEVA,,,https://www.flashscore.com/res/image/data/UDnGEpDr-fa4Gaz3a.png,,2026-09-08T09:48:12.325-04:00,2026-09-08T13:10:29-04:00,games_won,0,,0,3626,WTA,pp_or_step1,0,Elite,Elite,5,OK,,,0.6279834861859119,,,,,12.0,12.0,13.0,12.0,12.0,12.0,12.0,12.0,13.0,14.0,12.2,12.4,12.4,,hard,0,3.26027397260274,7.205479452054795,0.6993628090812983,0.759493670886076,79.0,1.0,0.0,,,OK,5.0,1.0,4.0,0.0,0.2,0.8,0.2,0.8,1.0,4.0,1.0,4.0,0.0,10.0,3.0,7.0,0.0,0.3,0.7,0.3,0.7,,0,4,5.0,-1.0,WTA,2,NEUTRAL,ELITE,1,,,0.25,0.5,12.2,-0.3000000000000007,0.5096,-0.0648,1.863308224299066,0.25,-0.003000000000000003,1.770142813084112,?,0.95,0.3279,UNDER,ml_prob,ml_prob,C,,3626,0.3000000000000007,UNDER,UNDER,STANDARD_L5AVG_UNDER,UNDER,ml_prob_unified,10,0.6992
14581396,Jessica Pegula,JESSICA PEGULA,Total Games,24.5,2026-09-08T19:00:00.000-04:00,Tennis,WTA / HARD,Demon,20.5,,,14581396,201369,185590,Jessica Pegula,24.5,Player,EMMA NAVARRO,,,https://www.flashscore.com/res/image/data/GS3hkKzB-A19CsvyR.png,,2026-09-08T07:41:39.843-04:00,2026-09-08T13:10:29-04:00,match_total_games,0,,0,2113,WTA,sibling_or_pp,3,Avg,Avg,27,OK,,,0.6293953459627286,,,,,19.0,26.0,16.0,17.0,18.0,32.0,31.0,30.0,20.0,17.0,19.2,22.6,22.6,,hard,0,3.320987654320988,1.987654320987654,0.6920522626365668,0.7142857142857143,84.0,1.0,0.0,,,OK,5.0,1.0,4.0,0.0,0.2,0.8,0.2,0.8,1.0,4.0,1.0,4.0,0.0,10.0,4.0,6.0,0.0,0.4,0.6,0.4,0.6,,0,3,27.0,-24.0,WTA,2,NEUTRAL,ELITE,1,,,0.30000000000000004,0.6000000000000001,19.2,-5.300000000000001,0.58,0.575,2.260311925233645,0.3,-0.003000000000000003,2.147296328971962,?,0.95,0.384,OVER,distance,distance,C,,2113,5.300000000000001,UNDER,OVER,FORCED_OVER_ONLY_GOB_DEM,OVER,ml_prob_unified,10,6.4326
14577658,Dominika Salkova,DOMINIKA SALKOVA,Total Games,21.5,2026-09-08T16:50:00.000-04:00,Tennis,WTA / HARD,Standard,21.5,,,14577658,220938,185542,Dominika Salkova,21.5,Player,JULIA RIERA,,,https://static.flashscore.com/res/image/data/2ZnF4rjl-dplGYmyP.png,,2026-09-08T11:00:01.918-04:00,2026-09-08T13:10:29-04:00,match_total_games,0,,0,7436,WTA,pp_or_step1,0,Weak,Weak,147,OK,,,0.6448329542431821,,,,,18.0,14.0,23.0,20.0,19.0,,,,,,18.8,18.8,18.8,,hard,0,1.25,5.125,0.6177478340818878,0.625,8.0,0.0,0.0,,,OK,5.0,1.0,4.0,0.0,0.2,0.8,0.2,0.8,1.0,4.0,1.0,4.0,0.0,5.0,1.0,4.0,0.0,0.2,0.8,0.2,0.8,,0,118,147.0,-29.0,WTA,2,NEUTRAL,FIELD,1,,,0.2,0.4,18.8,-2.6999999999999993,0.7536,-0.1834,1.474979289719626,0.2,-0.003000000000000003,1.401230325233645,?,0.95,0.3661,UNDER,ml_prob,ml_prob,C,,7436,2.6999999999999993,UNDER,UNDER,STANDARD_L5AVG_UNDER,UNDER,ml_prob_unified,5,3.2711
14581332,Jessica Pegula,JESSICA PEGULA,Total Sets,2.5,2026-09-08T19:00:00.000-04:00,Tennis,WTA / HARD,Demon,,,,14581332,201369,185590,Jessica Pegula,2.5,Player,EMMA NAVARRO,,,https://www.flashscore.com/res/image/data/GS3hkKzB-A19CsvyR.png,,2026-09-08T07:41:39.843-04:00,2026-09-08T13:10:29-04:00,total_sets,0,,0,2113,WTA,,1,Avg,Avg,27,OK,,,0.6293953459627286,,,,,2.0,3.0,2.0,2.0,2.0,3.0,3.0,3.0,2.0,2.0,2.2,2.4,2.4,,hard,0,3.320987654320988,1.987654320987654,0.6920522626365668,0.7142857142857143,84.0,1.0,0.0,,,OK,5.0,1.0,4.0,0.0,0.2,0.8,0.2,0.8,1.0,4.0,1.0,4.0,0.0,10.0,4.0,6.0,0.0,0.4,0.6,0.4,0.6,,0,3,27.0,-24.0,WTA,2,NEUTRAL,ELITE,1,,,0.30000000000000004,0.6000000000000001,2.2,-0.2999999999999998,0.1584,-0.2672,2.260311925233645,0.3,-0.003000000000000003,2.147296328971962,?,0.95,0.2575,OVER,ml_prob_fallback,ml_prob_fallback,C,,2113,0.2999999999999998,UNDER,OVER,FORCED_OVER_ONLY_GOB_DEM,OVER,ml_prob_unified,10,0.5164
14627805,Hsieh S-W / Ostapenko J,HSIEH S-W / OSTAPENKO J,Total Games Won,13.0,2026-09-08T16:10:00.000-04:00,Tennis,WTA / HARD,Standard,13.0,,,14627805,331614,185725,Hsieh S-W / Ostapenko J,13.0,Player,UNKNOWN_OPP,,,https://static.prizepicks.com/images/manual/HsiehPenko.png,,2026-09-08T07:41:39.843-04:00,2026-09-08T13:10:29-04:00,games_won,1,,0,2195,WTA,pp_or_step1,0,N/A,N/A,N/A,OK,,,,,,,,9.0,4.0,8.0,12.0,15.0,12.0,15.0,12.0,,,9.6,10.875,10.875,,hard,0,,,,,,,,,,OK,5.0,1.0,4.0,0.0,0.2,0.8,0.2,0.8,1.0,4.0,1.0,4.0,0.0,8.0,2.0,6.0,0.0,0.25,0.75,0.25,0.75,,0,32,,,WTA,2,NEUTRAL,ELITE,1,,,0.225,0.45,9.6,-3.4000000000000004,0.47,-0.4978,1.668290719626168,0.225,-0.003000000000000003,1.58487618364486,?,0.95,0.2985,UNDER,ml_prob,ml_prob,C,,2195,3.4000000000000004,UNDER,UNDER,STANDARD_L5AVG_UNDER,UNDER,ml_prob_unified,8,3.7201
14616647,Coco Gauff,COCO GAUFF,Total Games,21.5,2026-09-09T11:30:00.000-04:00,Tennis,WTA / HARD,Standard,21.5,,,14616647,201229,185779,Coco Gauff,21.5,Player,MIRRA ANDREEVA,,,https://www.flashscore.com/res/image/data/UDnGEpDr-fa4Gaz3a.png,,2026-09-08T09:48:12.325-04:00,2026-09-08T13:10:29-04:00,match_total_games,0,,0,3626,WTA,pp_or_step1,0,Elite,Elite,5,OK,,,0.6279834861859119,,,,,17.0,19.0,23.0,19.0,18.0,17.0,16.0,17.0,20.0,25.0,19.2,19.1,19.1,,hard,0,3.26027397260274,7.205479452054795,0.6993628090812983,0.759493670886076,79.0,1.0,0.0,,,OK,5.0,1.0,4.0,0.0,0.2,0.8,0.2,0.8,1.0,4.0,1.0,4.0,0.0,10.0,2.0,8.0,0.0,0.2,0.8,0.2,0.8,,0,4,5.0,-1.0,WTA,2,NEUTRAL,ELITE,1,,,0.2,0.4,19.2,-2.3000000000000007,0.5062,-0.4027,1.474979289719626,0.2,-0.003000000000000003,1.401230325233645,?,0.95,0.2919,UNDER,ml_prob,ml_prob,C,,3626,2.3000000000000007,UNDER,UNDER,STANDARD_L5AVG_UNDER,UNDER,ml_prob_unified,10,2.8848
14629320,Nao Hibino,NAO HIBINO,Total Sets,2.5,2026-09-09T11:00:00.000-04:00,Tennis,WTA / HARD,Demon,,,,14629320,204436,185782,Nao Hibino,2.5,Player,ANASTASIA TIKHONOVA,,,https://www.flashscore.com/res/image/data/KxS8M9dM-G0BIjPpT.png,,2026-09-08T10:06:42.784-04:00,2026-09-08T13:10:29-04:00,total_sets,0,,0,2043,WTA,,1,Weak,Weak,250,OK,,,0.6573377914017103,,,,,2.0,3.0,2.0,2.0,,,,,,,2.25,2.25,2.25,,hard,0,1.875,3.25,0.5410282497501924,0.2222222222222222,9.0,0.0,0.0,,,OK,4.0,1.0,3.0,0.0,0.25,0.75,0.25,0.75,1.0,3.0,1.0,3.0,0.0,4.0,1.0,3.0,0.0,0.25,0.75,0.25,0.75,,0,250,250.0,0.0,WTA,2,NEUTRAL,FIELD,1,,,0.25,0.5,2.25,-0.25,0.1968,-0.2411,1.863308224299066,0.25,-0.003000000000000003,1.770142813084112,?,0.95,0.234,OVER,ml_prob_fallback,ml_prob_fallback,C,,2043,0.25,UNDER,OVER,FORCED_OVER_ONLY_GOB_DEM,OVER,ml_prob_unified,4,0.5
14598198,Simona Waltert,SIMONA WALTERT,Total Games,31.5,2026-09-08T10:40:00.000-04:00,Tennis,WTA / HARD,Demon,,,,14598198,202470,185292,Simona Waltert,31.5,Player,UNKNOWN_OPP,,,https://static.prizepicks.com/images/manual/SimonaWaltert.webp,,2026-09-08T13:09:46.571-04:00,2026-09-08T13:10:29-04:00,match_total_games,0,,0,3388,WTA,,1,N/A,N/A,N/A,OK,,,0.6229179432573688,,,,,32.0,21.0,17.0,30.0,35.0,17.0,24.0,20.0,15.0,14.0,27.0,22.5,22.5,,hard,0,3.666666666666667,3.166666666666667,0.6182426319035331,0.3333333333333333,6.0,0.0,0.0,,,OK,5.0,2.0,3.0,0.0,0.4,0.6,0.4,0.6,2.0,3.0,2.0,3.0,0.0,10.0,2.0,8.0,0.0,0.2,0.8,0.2,0.8,,0,89,,,WTA,2,NEUTRAL,FIELD,1,,,0.30000000000000004,0.6000000000000001,27.0,-4.5,0.58,0.569,2.261895925233645,0.3,0.008000000000000007,2.148801128971963,?,0.95,0.384,OVER,ml_prob_fallback,ml_prob_fallback,C,,3388,4.5,UNDER,OVER,FORCED_OVER_ONLY_GOB_DEM,OVER,ml_prob_unified,10,7.4722
14621621,Nadia Podoroska,NADIA PODOROSKA,Total Tie Breaks,0.5,2026-09-08T15:40:00.000-04:00,Tennis,WTA / HARD,Demon,,,,14621621,201923,185730,Nadia Podoroska,0.5,Player,ENA KOIKE,,,https://static.prizepicks.com/images/manual/Nadia Podoroska.png,,2026-09-08T07:41:39.843-04:00,2026-09-08T13:10:29-04:00,total_tie_breaks,0,,0,3256,WTA,,1,Weak,Weak,250,OK,,,0.6340921287833265,,,,,0.0,1.0,0.0,0.0,0.0,,,,,,0.2,0.2,0.2,,hard,0,2.777777777777778,4.333333333333333,0.6237658956204709,0.4545454545454545,11.0,0.0,0.0,,,OK,5.0,1.0,4.0,0.0,0.2,0.8,0.2,0.8,1.0,4.0,1.0,4.0,0.0,5.0,1.0,4.0,0.0,0.2,0.8,0.2,0.8,,0,250,250.0,0.0,WTA,2,NEUTRAL,FIELD,1,,,0.2,0.4,0.2,-0.3,0.3862,-0.0393,1.474979289719626,0.2,-0.003000000000000003,1.401230325233645,?,0.95,0.2559,OVER,ml_prob_fallback,ml_prob_fallback,C,,3256,0.3,UNDER,OVER,FORCED_OVER_ONLY_GOB_DEM,OVER,ml_prob_unified,5,0.4472
14619861,Karen Khachanov,KAREN KHACHANOV,Total Games Won,24.5,2026-09-09T11:30:00.000-04:00,Tennis,ATP / HARD,Demon,20.5,,,14619861,201396,185783,Karen Khachanov,24.5,Player,ALEXANDER BLOCKX,,,https://static.prizepicks.com/images/manual/Karen K.png,,2026-09-08T09:48:12.325-04:00,2026-09-08T13:10:29-04:00,games_won,0,,0,2367,ATP,sibling_or_pp,3,Avg,Avg,34,OK,,,0.6446638518747103,,,,,29.0,24.0,23.0,23.0,,,,,,,24.75,24.75,24.75,,hard,0,7.968253968253968,2.047619047619047,0.764327151305763,0.5714285714285714,63.0,0.0,0.0,,,OK,4.0,1.0,3.0,0.0,0.25,0.75,0.25,0.75,1.0,3.0,1.0,3.0,0.0,4.0,1.0,3.0,0.0,0.25,0.75,0.25,0.75,,0,50,34.0,16.0,ATP,2,NEUTRAL,FIELD,1,,,0.25,0.5,24.75,0.25,0.58,0.0178,1.863308224299066,0.25,-0.003000000000000003,1.770142813084112,?,0.95,0.349,OVER,distance,distance,C,,2367,0.25,OVER,OVER,FORCED_OVER_ONLY_GOB_DEM,OVER,ml_prob_unified,4,2.8723
14620513,Alexander Zverev,ALEXANDER ZVEREV,Total Tie Breaks,1.5,2026-09-09T11:30:00.000-04:00,Tennis,ATP / HARD,Demon,,,,14620513,201395,185810,Alexander Zverev,1.5,Player,BOTIC VAN DE ZANDSCHULP,,,https://static.prizepicks.com/images/manual/Alexander Zverev.png,,2026-09-08T09:48:12.325-04:00,2026-09-08T13:10:29-04:00,total_tie_breaks,0,,0,2375,ATP,,1,Below Avg,Below Avg,70,OK,,,0.7261248892215003,,,,,1.0,1.0,2.0,1.0,1.0,2.0,0.0,1.0,2.0,1.0,1.2,1.2,1.2,,hard,0,8.821428571428571,1.571428571428571,0.7661283351954835,0.7209302325581395,86.0,1.0,0.0,,,OK,5.0,1.0,4.0,0.0,0.2,0.8,0.2,0.8,1.0,4.0,1.0,4.0,0.0,10.0,3.0,7.0,0.0,0.3,0.7,0.3,0.7,,0,2,70.0,-68.0,ATP,2,NEUTRAL,ELITE,1,,,0.25,0.45,1.2,-0.30000000000000004,0.1785,-0.2471,1.675715719626168,0.25,-0.003000000000000003,1.59192993364486,?,0.95,0.2285,OVER,ml_prob_fallback,ml_prob_fallback,C,,2375,0.30000000000000004,UNDER,OVER,FORCED_OVER_ONLY_GOB_DEM,OVER,ml_prob_unified,10,0.6325
14577251,Frances Tiafoe,FRANCES TIAFOE,Total Games Won,25.5,2026-09-08T13:45:00.000-04:00,Tennis,ATP / HARD,Demon,20.5,,,14577251,201267,185558,Frances Tiafoe,25.5,Player,ALEX MICHELSEN,,,https://static.prizepicks.com/images/manual/tiafoe.png,,2026-09-08T13:10:19.092-04:00,2026-09-08T13:10:29-04:00,games_won,0,,0,2708,ATP,sibling_or_pp,3,Avg,Avg,46,OK,,,0.5948380261102764,,,,,25.0,27.0,23.0,23.0,,,,,,,24.5,24.5,24.5,,hard,0,8.310344827586206,2.155172413793104,0.7471931813542996,0.55,60.0,0.0,0.0,,,OK,4.0,1.0,3.0,0.0,0.25,0.75,0.25,0.75,1.0,3.0,1.0,3.0,0.0,4.0,1.0,3.0,0.0,0.25,0.75,0.25,0.75,,0,12,46.0,-34.0,ATP,2,NEUTRAL,ELITE,1,,,0.25,0.5,24.5,-1.0,0.58,0.3111,1.863308224299066,0.25,-0.003000000000000003,1.770142813084112,?,0.95,0.349,OVER,distance,distance,C,,2708,1.0,UNDER,OVER,FORCED_OVER_ONLY_GOB_DEM,OVER,ml_prob_unified,4,1.9149
14620052,Dominika Salkova,DOMINIKA SALKOVA,Total Games,22.5,2026-09-08T16:50:00.000-04:00,Tennis,WTA / HARD,Demon,21.5,,,14620052,220938,185542,Dominika Salkova,22.5,Player,JULIA RIERA,,,https://static.flashscore.com/res/image/data/2ZnF4rjl-dplGYmyP.png,,2026-09-08T07:41:39.843-04:00,2026-09-08T13:10:29-04:00,match_total_games,0,,0,7436,WTA,sibling_or_pp,1,Weak,Weak,147,OK,,,0.6448329542431821,,,,,18.0,14.0,23.0,20.0,19.0,,,,,,18.8,18.8,18.8,,hard,0,1.25,5.125,0.6177478340818878,0.625,8.0,0.0,0.0,,,OK,5.0,1.0,4.0,0.0,0.2,0.8,0.2,0.8,1.0,4.0,1.0,4.0,0.0,5.0,1.0,4.0,0.0,0.2,0.8,0.2,0.8,,0,118,147.0,-29.0,WTA,2,NEUTRAL,FIELD,1,,,0.2,0.4,18.8,-3.6999999999999993,0.58,0.5559,1.474979289719626,0.2,-0.003000000000000003,1.401230325233645,?,0.95,0.314,OVER,distance,distance,A,,7436,3.6999999999999993,UNDER,OVER,FORCED_OVER_ONLY_GOB_DEM,OVER,ml_prob_unified,5,3.2711
14619895,Coco Gauff,COCO GAUFF,Total Tie Breaks,0.5,2026-09-09T11:30:00.000-04:00,Tennis,WTA / HARD,Demon,,,,14619895,201229,185779,Coco Gauff,0.5,Player,MIRRA ANDREEVA,,,https://www.flashscore.com/res/image/data/UDnGEpDr-fa4Gaz3a.png,,2026-09-08T09:48:12.325-04:00,2026-09-08T13:10:29-04:00,total_tie_breaks,0,,0,3626,WTA,,1,Elite,Elite,5,OK,,,0.6279834861859119,,,,,0.0,0.0,1.0,0.0,0.0,0.0,0.0,0.0,1.0,0.0,0.2,0.2,0.2,,hard,0,3.26027397260274,7.205479452054795,0.6993628090812983,0.759493670886076,79.0,1.0,0.0,,,OK,5.0,1.0,4.0,0.0,0.2,0.8,0.2,0.8,1.0,4.0,1.0,4.0,0.0,10.0,2.0,8.0,0.0,0.2,0.8,0.2,0.8,,0,4,5.0,-1.0,WTA,2,NEUTRAL,ELITE,1,,,0.2,0.4,0.2,-0.3,0.2313,-0.1943,1.474979289719626,0.2,-0.003000000000000003,1.401230325233645,?,0.95,0.2094,OVER,ml_prob_fallback,ml_prob_fallback,C,,3626,0.3,UNDER,OVER,FORCED_OVER_ONLY_GOB_DEM,OVER,ml_prob_unified,10,0.4216
14619897,Mirra Andreeva,MIRRA ANDREEVA,Total Games Won,13.5,2026-09-09T11:30:00.000-04:00,Tennis,WTA / HARD,Demon,,,,14619897,203182,185779,Mirra Andreeva,13.5,Player,COCO GAUFF,,,https://static.prizepicks.com/images/manual/Mirra Head.png,,2026-09-08T09:48:12.325-04:00,2026-09-08T13:10:29-04:00,games_won,0,,0,9820,WTA,,2,Elite,Elite,4,OK,,,0.6207178578839927,,,,,17.0,13.0,12.0,12.0,8.0,13.0,12.0,5.0,12.0,15.0,12.4,11.9,11.9,,hard,0,3.203125,3.875,0.6843839180264356,0.7272727272727273,66.0,1.0,0.0,,,OK,5.0,1.0,4.0,0.0,0.2,0.8,0.2,0.8,1.0,4.0,1.0,4.0,0.0,10.0,2.0,8.0,0.0,0.2,0.8,0.2,0.8,,0,5,4.0,1.0,WTA,2,NEUTRAL,ELITE,1,,,0.2,0.4,12.4,-1.0999999999999996,0.58,0.3303,1.474979289719626,0.2,-0.003000000000000003,1.401230325233645,?,0.95,0.314,OVER,ml_prob_fallback,ml_prob_fallback,C,,9820,1.0999999999999996,UNDER,OVER,FORCED_OVER_ONLY_GOB_DEM,OVER,ml_prob_unified,10,3.3483
14619898,Mirra Andreeva,MIRRA ANDREEVA,Total Games Won,14.5,2026-09-09T11:30:00.000-04:00,Tennis,WTA / HARD,Demon,,,,14619898,203182,185779,Mirra Andreeva,14.5,Player,COCO GAUFF,,,https://static.prizepicks.com/images/manual/Mirra Head.png,,2026-09-08T09:48:12.325-04:00,2026-09-08T13:10:29-04:00,games_won,0,,0,9820,WTA,,3,Elite,Elite,4,OK,,,0.6207178578839927,,,,,17.0,13.0,12.0,12.0,8.0,13.0,12.0,5.0,12.0,15.0,12.4,11.9,11.9,,hard,0,3.203125,3.875,0.6843839180264356,0.7272727272727273,66.0,1.0,0.0,,,OK,5.0,1.0,4.0,0.0,0.2,0.8,0.2,0.8,1.0,4.0,1.0,4.0,0.0,10.0,2.0,8.0,0.0,0.2,0.8,0.2,0.8,,0,5,4.0,1.0,WTA,2,NEUTRAL,ELITE,1,,,0.2,0.4,12.4,-2.0999999999999996,0.58,0.4709,1.474979289719626,0.2,-0.003000000000000003,1.401230325233645,?,0.95,0.314,OVER,ml_prob_fallback,ml_prob_fallback,C,,9820,2.0999999999999996,UNDER,OVER,FORCED_OVER_ONLY_GOB_DEM,OVER,ml_prob_unified,10,3.3483
14583133,Jessica Pegula,JESSICA PEGULA,Total Games Won,13.5,2026-09-08T19:00:00.000-04:00,Tennis,WTA / HARD,Demon,12.5,,,14583133,201369,185590,Jessica Pegula,13.5,Player,EMMA NAVARRO,,,https://www.flashscore.com/res/image/data/GS3hkKzB-A19CsvyR.png,,2026-09-08T07:41:39.843-04:00,2026-09-08T13:10:29-04:00,games_won,0,,0,2113,WTA,sibling_or_pp,1,Avg,Avg,27,OK,,,0.6293953459627286,,,,,12.0,13.0,12.0,12.0,6.0,17.0,15.0,17.0,13.0,12.0,11.0,12.9,12.9,,hard,0,3.320987654320988,1.987654320987654,0.6920522626365668,0.7142857142857143,84.0,1.0,0.0,,,OK,5.0,0.0,5.0,0.0,0.0,1.0,0.0,1.0,0.0,5.0,0.0,5.0,0.0,10.0,3.0,7.0,0.0,0.3,0.7,0.3,0.7,,0,3,27.0,-24.0,WTA,2,NEUTRAL,ELITE,1,,,0.15,0.3,11.0,-2.5,0.58,0.5041,1.095072785046729,0.15,-0.003000000000000003,1.040319145794393,?,0.95,0.279,OVER,distance,distance,A,,2113,2.5,UNDER,OVER,FORCED_OVER_ONLY_GOB_DEM,OVER,ml_prob_unified,10,3.1429
14583134,Jessica Pegula,JESSICA PEGULA,Total Games Won,14.5,2026-09-08T19:00:00.000-04:00,Tennis,WTA / HARD,Demon,12.5,,,14583134,201369,185590,Jessica Pegula,14.5,Player,EMMA NAVARRO,,,https://www.flashscore.com/res/image/data/GS3hkKzB-A19CsvyR.png,,2026-09-08T07:41:39.843-04:00,2026-09-08T13:10:29-04:00,games_won,0,,0,2113,WTA,sibling_or_pp,2,Avg,Avg,27,OK,,,0.6293953459627286,,,,,12.0,13.0,12.0,12.0,6.0,17.0,15.0,17.0,13.0,12.0,11.0,12.9,12.9,,hard,0,3.320987654320988,1.987654320987654,0.6920522626365668,0.7142857142857143,84.0,1.0,0.0,,,OK,5.0,0.0,5.0,0.0,0.0,1.0,0.0,1.0,0.0,5.0,0.0,5.0,0.0,10.0,3.0,7.0,0.0,0.3,0.7,0.3,0.7,,0,3,27.0,-24.0,WTA,2,NEUTRAL,ELITE,1,,,0.15,0.3,11.0,-3.5,0.58,0.5507,1.095072785046729,0.15,-0.003000000000000003,1.040319145794393,?,0.95,0.279,OVER,distance,distance,B,,2113,3.5,UNDER,OVER,FORCED_OVER_ONLY_GOB_DEM,OVER,ml_prob_unified,10,3.1429
14627803,Siniakova K / Townsend T,SINIAKOVA K / TOWNSEND T,Total Games Won,12.5,2026-09-08T15:00:00.000-04:00,Tennis,WTA / HARD,Standard,12.5,,,14627803,304549,185724,Siniakova K / Townsend T,12.5,Player,UNKNOWN_OPP,,,https://static.prizepicks.com/images/manual/Siniakova K : Townsend T .png,,2026-09-08T07:41:39.843-04:00,2026-09-08T13:10:29-04:00,games_won,1,,0,2248,WTA,pp_or_step1,0,N/A,N/A,N/A,OK,,,,,,,,10.0,12.0,4.0,18.0,6.0,12.0,8.0,6.0,12.0,,10.0,9.77777777777778,9.77777777777778,,hard,0,,,,,,,,,,OK,5.0,1.0,4.0,0.0,0.2,0.8,0.2,0.8,1.0,4.0,1.0,4.0,0.0,9.0,1.0,8.0,0.0,0.1111111111111111,0.8888888888888888,0.1111111111111111,0.8888888888888888,,0,42,,,WTA,2,NEUTRAL,FIELD,1,,,0.15555555555555556,0.3111111111111111,10.0,-2.5,0.3583,-0.5658,1.13708007528972,0.1555555555555556,-0.003000000000000003,1.080226071525234,?,0.95,0.2164,UNDER,ml_prob,ml_prob,C,,2248,2.5,UNDER,UNDER,STANDARD_L5AVG_UNDER,UNDER,ml_prob_unified,9,4.2947
14599803,Aurora Zantedeschi,AURORA ZANTEDESCHI,Total Sets,2.5,2026-09-09T04:30:00.000-04:00,Tennis,WTA / HARD,Demon,,,,14599803,247239,185652,Aurora Zantedeschi,2.5,Player,LINA GJORCHESKA,,,https://static.flashscore.com/res/image/data/0QC5dYDa-z9AWrQfb.png,,2026-09-08T09:48:12.325-04:00,2026-09-08T13:10:29-04:00,total_sets,0,,0,5160,WTA,,1,Weak,Weak,250,OK,,,,,,,,2.0,2.0,3.0,2.0,2.0,2.0,,,,,2.2,2.166666666666667,2.166666666666667,,hard,0,,,,,,,,,,OK,5.0,1.0,4.0,0.0,0.2,0.8,0.2,0.8,1.0,4.0,1.0,4.0,0.0,6.0,1.0,5.0,0.0,0.1666666666666666,0.8333333333333334,0.1666666666666666,0.8333333333333334,,0,250,250.0,0.0,WTA,2,NEUTRAL,FIELD,1,,,0.1833333333333333,0.3666666666666666,2.2,-0.2999999999999998,0.1552,-0.2704,1.347136397971963,0.1833333333333333,-0.003000000000000003,1.279779578073365,?,0.95,0.1749,OVER,ml_prob_fallback,ml_prob_fallback,C,,5160,0.2999999999999998,UNDER,OVER,FORCED_OVER_ONLY_GOB_DEM,OVER,ml_prob_unified,6,0.4082
14571321,Aryna Sabalenka,ARYNA SABALENKA,Total Games Won,15.5,2026-09-08T11:30:00.000-04:00,Tennis,WTA / HARD,Goblin,17.0,,,14571321,205044,185538,Aryna Sabalenka,15.5,Player,LINDA NOSKOVA,,,https://static.prizepicks.com/images/manual/Aryna Head.png,,2026-09-08T13:10:10.196-04:00,2026-09-08T13:10:29-04:00,games_won,0,,0,3038,WTA,offset_estimate,1,Elite,Elite,6,OK,,,0.6473107209972235,,,,,12.0,12.0,12.0,12.0,10.0,12.0,13.0,16.0,12.0,12.0,11.6,12.3,12.3,,hard,0,4.168674698795181,1.819277108433735,0.7090951558367546,0.8690476190476191,84.0,1.0,0.0,,,OK,5.0,0.0,5.0,0.0,0.0,1.0,0.0,1.0,0.0,5.0,0.0,5.0,0.0,10.0,1.0,9.0,0.0,0.1,0.9,0.1,0.9,,0,1,6.0,-5.0,WTA,2,NEUTRAL,ELITE,1,,,0.05,0.1,11.6,-3.9000000000000004,0.58,0.5602,0.3579756635514019,0.05,-0.003000000000000003,0.3400768803738318,?,0.95,0.209,OVER,distance,distance,C,,3038,3.9000000000000004,UNDER,OVER,FORCED_OVER_ONLY_GOB_DEM,OVER,ml_prob_unified,10,1.4944
14582602,Carlos Alcaraz,CARLOS ALCARAZ,1st Set Total Games Won,5.5,2026-09-08T20:10:00.000-04:00,Tennis,ATP / HARD,Goblin,7.5,,,14582602,201284,185581,Carlos Alcaraz,5.5,Player,BEN SHELTON,,,https://static.prizepicks.com/images/manual/Carlos Alcaraz3.png,,2026-09-08T09:26:05.300-04:00,2026-09-08T13:10:29-04:00,total_sets,0,,0,3782,ATP,offset_estimate,2,Elite,Elite,9,OK,,,0.652953811679599,,,,,4.0,,,,,,,,,,4.0,4.0,4.0,,hard,0,5.626506024096385,2.060240963855421,0.7694979195459459,0.8433734939759037,83.0,1.0,0.0,,,OK,1.0,0.0,1.0,0.0,0.0,1.0,0.0,1.0,0.0,1.0,0.0,1.0,0.0,1.0,0.0,1.0,0.0,0.0,1.0,0.0,1.0,,0,3,9.0,-6.0,ATP,2,NEUTRAL,ELITE,1,,,0.0,0.0,4.0,-1.5,0.58,0.3976,0.0,0.0,-0.003000000000000003,0.0,?,0.95,0.174,OVER,distance,distance,B,,3782,1.5,UNDER,OVER,FORCED_OVER_ONLY_GOB_DEM,OVER,ml_prob_unified,1,
14582631,Carlos Alcaraz,CARLOS ALCARAZ,Total Games Won,18.5,2026-09-08T20:10:00.000-04:00,Tennis,ATP / HARD,Goblin,21.5,,,14582631,201284,185581,Carlos Alcaraz,18.5,Player,BEN SHELTON,,,https://static.prizepicks.com/images/manual/Carlos Alcaraz3.png,,2026-09-08T07:41:39.843-04:00,2026-09-08T13:10:29-04:00,games_won,0,,0,3782,ATP,sibling_or_pp,2,Elite,Elite,9,OK,,,0.652953811679599,,,,,18.0,18.0,18.0,,,,,,,,18.0,18.0,18.0,,hard,0,5.626506024096385,2.060240963855421,0.7694979195459459,0.8433734939759037,83.0,1.0,0.0,,,OK,3.0,0.0,3.0,0.0,0.0,1.0,0.0,1.0,0.0,3.0,0.0,3.0,0.0,3.0,0.0,3.0,0.0,0.0,1.0,0.0,1.0,,0,3,9.0,-6.0,ATP,2,NEUTRAL,ELITE,1,,,0.0,0.0,18.0,-0.5,0.58,0.2025,0.0,0.0,-0.003000000000000003,0.0,?,0.95,0.174,OVER,distance,distance,B,,3782,0.5,UNDER,OVER,FORCED_OVER_ONLY_GOB_DEM,OVER,ml_prob_unified,3,0.0
14580314,Carlos Alcaraz,CARLOS ALCARAZ,1st Set Total Games,8.5,2026-09-08T20:10:00.000-04:00,Tennis,ATP / HARD,Goblin,10.0,,,14580314,201284,185581,Carlos Alcaraz,8.5,Player,BEN SHELTON,,,https://static.prizepicks.com/images/manual/Carlos Alcaraz3.png,,2026-09-08T07:33:50.424-04:00,2026-09-08T13:10:29-04:00,total_sets,0,,0,3782,ATP,offset_estimate,1,Elite,Elite,9,OK,,,0.652953811679599,,,,,4.0,,,,,,,,,,4.0,4.0,4.0,,hard,0,5.626506024096385,2.060240963855421,0.7694979195459459,0.8433734939759037,83.0,1.0,0.0,,,OK,1.0,0.0,1.0,0.0,0.0,1.0,0.0,1.0,0.0,1.0,0.0,1.0,0.0,1.0,0.0,1.0,0.0,0.0,1.0,0.0,1.0,,0,3,9.0,-6.0,ATP,2,NEUTRAL,ELITE,1,,,0.0,0.0,4.0,-4.5,0.58,0.569,0.0,0.0,-0.003000000000000003,0.0,?,0.95,0.174,OVER,distance,distance,C,,3782,4.5,UNDER,OVER,FORCED_OVER_ONLY_GOB_DEM,OVER,ml_prob_unified,1,
14582632,Carlos Alcaraz,CARLOS ALCARAZ,Total Games Won,19.5,2026-09-08T20:10:00.000-04:00,Tennis,ATP / HARD,Goblin,21.5,,,14582632,201284,185581,Carlos Alcaraz,19.5,Player,BEN SHELTON,,,https://static.prizepicks.com/images/manual/Carlos Alcaraz3.png,,2026-09-08T07:41:39.843-04:00,2026-09-08T13:10:29-04:00,games_won,0,,0,3782,ATP,sibling_or_pp,1,Elite,Elite,9,OK,,,0.652953811679599,,,,,18.0,18.0,18.0,,,,,,,,18.0,18.0,18.0,,hard,0,5.626506024096385,2.060240963855421,0.7694979195459459,0.8433734939759037,83.0,1.0,0.0,,,OK,3.0,0.0,3.0,0.0,0.0,1.0,0.0,1.0,0.0,3.0,0.0,3.0,0.0,3.0,0.0,3.0,0.0,0.0,1.0,0.0,1.0,,0,3,9.0,-6.0,ATP,2,NEUTRAL,ELITE,1,,,0.0,0.0,18.0,-1.5,0.58,0.3976,0.0,0.0,-0.003000000000000003,0.0,?,0.95,0.174,OVER,distance,distance,B,,3782,1.5,UNDER,OVER,FORCED_OVER_ONLY_GOB_DEM,OVER,ml_prob_unified,3,0.0
14619863,Karen Khachanov,KAREN KHACHANOV,Total Games Won,18.5,2026-09-09T11:30:00.000-04:00,Tennis,ATP / HARD,Goblin,20.5,,,14619863,201396,185783,Karen Khachanov,18.5,Player,ALEXANDER BLOCKX,,,https://static.prizepicks.com/images/manual/Karen K.png,,2026-09-08T09:48:12.325-04:00,2026-09-08T13:10:29-04:00,games_won,0,,0,2367,ATP,sibling_or_pp,1,Avg,Avg,34,OK,,,0.6446638518747103,,,,,18.0,18.0,16.0,10.0,6.0,18.0,14.0,,,,13.6,14.28571428571429,14.28571428571429,,hard,0,7.968253968253968,2.047619047619047,0.764327151305763,0.5714285714285714,63.0,0.0,0.0,,,OK,5.0,0.0,5.0,0.0,0.0,1.0,0.0,1.0,0.0,5.0,0.0,5.0,0.0,7.0,0.0,7.0,0.0,0.0,1.0,0.0,1.0,,0,50,34.0,16.0,ATP,2,NEUTRAL,FIELD,1,,,0.0,0.0,13.6,-4.9,0.58,0.5726,0.0,0.0,-0.003000000000000003,0.0,?,0.95,0.174,OVER,distance,distance,B,,2367,4.9,UNDER,OVER,FORCED_OVER_ONLY_GOB_DEM,OVER,ml_prob_unified,7,4.6803
14618345,Karen Khachanov,KAREN KHACHANOV,1st Set Total Games,8.5,2026-09-09T11:30:00.000-04:00,Tennis,ATP / HARD,Goblin,10.0,,,14618345,201396,185783,Karen Khachanov,8.5,Player,ALEXANDER BLOCKX,,,https://static.prizepicks.com/images/manual/Karen K.png,,2026-09-08T09:45:28.658-04:00,2026-09-08T13:10:29-04:00,total_sets,0,,0,2367,ATP,offset_estimate,1,Avg,Avg,34,OK,,,0.6446638518747103,,,,,5.0,4.0,5.0,4.0,,,,,,,4.5,4.5,4.5,,hard,0,7.968253968253968,2.047619047619047,0.764327151305763,0.5714285714285714,63.0,0.0,0.0,,,OK,4.0,0.0,4.0,0.0,0.0,1.0,0.0,1.0,0.0,4.0,0.0,4.0,0.0,4.0,0.0,4.0,0.0,0.0,1.0,0.0,1.0,,0,50,34.0,16.0,ATP,2,NEUTRAL,FIELD,1,,,0.0,0.0,4.5,-4.0,0.58,0.562,0.0,0.0,-0.003000000000000003,0.0,?,0.95,0.174,OVER,distance,distance,C,,2367,4.0,UNDER,OVER,FORCED_OVER_ONLY_GOB_DEM,OVER,ml_prob_unified,4,0.5774
14620503,Alexander Zverev,ALEXANDER ZVEREV,1st Set Total Games,8.5,2026-09-09T11:30:00.000-04:00,Tennis,ATP / HARD,Goblin,10.0,,,14620503,201395,185810,Alexander Zverev,8.5,Player,BOTIC VAN DE ZANDSCHULP,,,https://static.prizepicks.com/images/manual/Alexander Zverev.png,,2026-09-08T09:45:28.658-04:00,2026-09-08T13:10:29-04:00,total_sets,0,,0,2375,ATP,offset_estimate,1,Below Avg,Below Avg,70,OK,,,0.7261248892215003,,,,,5.0,5.0,4.0,4.0,4.0,,,,,,4.4,4.4,4.4,,hard,0,8.821428571428571,1.571428571428571,0.7661283351954835,0.7209302325581395,86.0,1.0,0.0,,,OK,5.0,0.0,5.0,0.0,0.0,1.0,0.0,1.0,0.0,5.0,0.0,5.0,0.0,5.0,0.0,5.0,0.0,0.0,1.0,0.0,1.0,,0,2,70.0,-68.0,ATP,2,NEUTRAL,ELITE,1,,,0.0,-0.05,4.4,-4.1,0.58,0.5637,0.0,0.0,-0.003000000000000003,0.0,?,0.95,0.174,OVER,distance,distance,C,,2375,4.1,UNDER,OVER,FORCED_OVER_ONLY_GOB_DEM,OVER,ml_prob_unified,5,0.5477
14576032,Frances Tiafoe,FRANCES TIAFOE,1st Set Total Games,9.5,2026-09-08T13:45:00.000-04:00,Tennis,ATP / HARD,Goblin,11.0,,,14576032,201267,185558,Frances Tiafoe,9.5,Player,ALEX MICHELSEN,,,https://static.prizepicks.com/images/manual/tiafoe.png,,2026-09-08T13:10:19.092-04:00,2026-09-08T13:10:29-04:00,total_sets,0,,0,2708,ATP,offset_estimate,1,Avg,Avg,46,OK,,,0.5948380261102764,,,,,5.0,5.0,4.0,4.0,,,,,,,4.5,4.5,4.5,,hard,0,8.310344827586206,2.155172413793104,0.7471931813542996,0.55,60.0,0.0,0.0,,,OK,4.0,0.0,4.0,0.0,0.0,1.0,0.0,1.0,0.0,4.0,0.0,4.0,0.0,4.0,0.0,4.0,0.0,0.0,1.0,0.0,1.0,,0,12,46.0,-34.0,ATP,2,NEUTRAL,ELITE,1,,,0.0,0.0,4.5,-5.0,0.58,0.5733,0.0,0.0,-0.003000000000000003,0.0,?,0.95,0.174,OVER,distance,distance,C,,2708,5.0,UNDER,OVER,FORCED_OVER_ONLY_GOB_DEM,OVER,ml_prob_unified,4,0.5774
14580437,Carlos Alcaraz,CARLOS ALCARAZ,Total Games,35.5,2026-09-08T20:10:00.000-04:00,Tennis,ATP / HARD,Goblin,38.5,,,14580437,201284,185581,Carlos Alcaraz,35.5,Player,BEN SHELTON,,,https://static.prizepicks.com/images/manual/Carlos Alcaraz3.png,,2026-09-08T07:41:39.843-04:00,2026-09-08T13:10:29-04:00,match_total_games,0,,0,3782,ATP,sibling_or_pp,1,Elite,Elite,9,OK,,,0.652953811679599,,,,,33.0,,,,,,,,,,33.0,33.0,33.0,,hard,0,5.626506024096385,2.060240963855421,0.7694979195459459,0.8433734939759037,83.0,1.0,0.0,,,OK,1.0,0.0,1.0,0.0,0.0,1.0,0.0,1.0,0.0,1.0,0.0,1.0,0.0,1.0,0.0,1.0,0.0,0.0,1.0,0.0,1.0,,0,3,9.0,-6.0,ATP,2,NEUTRAL,ELITE,1,,,0.0,0.0,33.0,-2.5,0.58,0.5041,0.0,0.0,-0.003000000000000003,0.0,?,0.95,0.174,OVER,distance,distance,B,,3782,2.5,UNDER,OVER,FORCED_OVER_ONLY_GOB_DEM,OVER,ml_prob_unified,1,
14583135,Jessica Pegula,JESSICA PEGULA,Total Games Won,15.5,2026-09-08T19:00:00.000-04:00,Tennis,WTA / HARD,Demon,12.5,,,14583135,201369,185590,Jessica Pegula,15.5,Player,EMMA NAVARRO,,,https://www.flashscore.com/res/image/data/GS3hkKzB-A19CsvyR.png,,2026-09-08T07:41:39.843-04:00,2026-09-08T13:10:29-04:00,games_won,0,,0,2113,WTA,sibling_or_pp,3,Avg,Avg,27,OK,,,0.6293953459627286,,,,,12.0,13.0,12.0,12.0,6.0,17.0,15.0,17.0,13.0,12.0,11.0,12.9,12.9,,hard,0,3.320987654320988,1.987654320987654,0.6920522626365668,0.7142857142857143,84.0,1.0,0.0,,,OK,5.0,0.0,5.0,0.0,0.0,1.0,0.0,1.0,0.0,5.0,0.0,5.0,0.0,10.0,2.0,8.0,0.0,0.2,0.8,0.2,0.8,,0,3,27.0,-24.0,WTA,2,NEUTRAL,ELITE,1,,,0.1,0.2,11.0,-4.5,0.58,0.569,0.7232242242990655,0.1,-0.003000000000000003,0.6870630130841122,?,0.95,0.244,OVER,distance,distance,B,,2113,4.5,UNDER,OVER,FORCED_OVER_ONLY_GOB_DEM,OVER,ml_prob_unified,10,3.1429
14582634,Carlos Alcaraz,CARLOS ALCARAZ,Total Tie Breaks,0.5,2026-09-08T20:10:00.000-04:00,Tennis,ATP / HARD,Goblin,2.0,,,14582634,201284,185581,Carlos Alcaraz,0.5,Player,BEN SHELTON,,,https://static.prizepicks.com/images/manual/Carlos Alcaraz3.png,,2026-09-08T07:41:39.843-04:00,2026-09-08T13:10:29-04:00,total_tie_breaks,0,,0,3782,ATP,offset_estimate,1,Elite,Elite,9,OK,,,0.652953811679599,,,,,0.0,0.0,0.0,0.0,,,,,,,0.0,0.0,0.0,,hard,0,5.626506024096385,2.060240963855421,0.7694979195459459,0.8433734939759037,83.0,1.0,0.0,,,OK,4.0,0.0,4.0,0.0,0.0,1.0,0.0,1.0,0.0,4.0,0.0,4.0,0.0,4.0,0.0,4.0,0.0,0.0,1.0,0.0,1.0,,0,3,9.0,-6.0,ATP,2,NEUTRAL,ELITE,1,,,0.0,0.0,0.0,-0.5,0.3094,-0.0681,0.0,0.0,-0.003000000000000003,0.0,?,0.95,0.0928,OVER,distance,distance,C,,3782,0.5,UNDER,OVER,FORCED_OVER_ONLY_GOB_DEM,OVER,ml_prob_unified,4,0.0
14614871,Elena Rybakina,ELENA RYBAKINA,Total Games,27.5,2026-09-09T11:30:00.000-04:00,Tennis,WTA / HARD,Demon,,,,14614871,201375,185723,Elena Rybakina,27.5,Player,QINWEN ZHENG,,,https://static.prizepicks.com/images/manual/rybakina.webp,,2026-09-08T09:48:12.325-04:00,2026-09-08T13:10:29-04:00,match_total_games,0,,0,3126,WTA,,1,Weak,Weak,121,OK,,,0.5809079606016793,,,,,17.0,22.0,18.0,17.0,20.0,23.0,19.0,17.0,28.0,33.0,18.8,21.4,21.4,,hard,0,7.047619047619048,2.761904761904762,0.7537278614823415,0.7558139534883721,86.0,1.0,0.0,,,OK,5.0,0.0,5.0,0.0,0.0,1.0,0.0,1.0,0.0,5.0,0.0,5.0,0.0,10.0,2.0,8.0,0.0,0.2,0.8,0.2,0.8,,0,2,121.0,-119.0,WTA,2,NEUTRAL,ELITE,1,,,0.1,0.15,18.8,-8.7,0.58,0.5798,0.542292,0.1,-0.003000000000000003,0.5151774,?,0.95,0.244,OVER,ml_prob_fallback,ml_prob_fallback,C,,3126,8.7,UNDER,OVER,FORCED_OVER_ONLY_GOB_DEM,OVER,ml_prob_unified,10,5.3583
14577254,Frances Tiafoe,FRANCES TIAFOE,Total Tie Breaks,1.5,2026-09-08T13:45:00.000-04:00,Tennis,ATP / HARD,Demon,,,,14577254,201267,185558,Frances Tiafoe,1.5,Player,ALEX MICHELSEN,,,https://static.prizepicks.com/images/manual/tiafoe.png,,2026-09-08T13:10:19.092-04:00,2026-09-08T13:10:29-04:00,total_tie_breaks,0,,0,2708,ATP,,1,Avg,Avg,46,OK,,,0.5948380261102764,,,,,2.0,0.0,1.0,0.0,0.0,0.0,1.0,0.0,0.0,0.0,0.6,0.4,0.4,,hard,0,8.310344827586206,2.155172413793104,0.7471931813542996,0.55,60.0,0.0,0.0,,,OK,5.0,1.0,4.0,0.0,0.2,0.8,0.2,0.8,1.0,4.0,1.0,4.0,0.0,10.0,1.0,9.0,0.0,0.1,0.9,0.1,0.9,,0,12,46.0,-34.0,ATP,2,NEUTRAL,ELITE,1,,,0.15000000000000002,0.3,0.6,-0.9,0.1109,-0.1782,1.095072785046729,0.15,-0.003000000000000003,1.040319145794393,?,0.95,0.1383,OVER,ml_prob_fallback,ml_prob_fallback,C,,2708,0.9,UNDER,OVER,FORCED_OVER_ONLY_GOB_DEM,OVER,ml_prob_unified,10,0.6992
14580436,Carlos Alcaraz,CARLOS ALCARAZ,Total Games,34.5,2026-09-08T20:10:00.000-04:00,Tennis,ATP / HARD,Goblin,38.5,,,14580436,201284,185581,Carlos Alcaraz,34.5,Player,BEN SHELTON,,,https://static.prizepicks.com/images/manual/Carlos Alcaraz3.png,,2026-09-08T07:41:39.843-04:00,2026-09-08T13:10:29-04:00,match_total_games,0,,0,3782,ATP,sibling_or_pp,2,Elite,Elite,9,OK,,,0.652953811679599,,,,,33.0,,,,,,,,,,33.0,33.0,33.0,,hard,0,5.626506024096385,2.060240963855421,0.7694979195459459,0.8433734939759037,83.0,1.0,0.0,,,OK,1.0,0.0,1.0,0.0,0.0,1.0,0.0,1.0,0.0,1.0,0.0,1.0,0.0,1.0,0.0,1.0,0.0,0.0,1.0,0.0,1.0,,0,3,9.0,-6.0,ATP,2,NEUTRAL,ELITE,1,,,0.0,0.0,33.0,-1.5,0.58,0.3976,0.0,0.0,-0.003000000000000003,0.0,?,0.95,0.174,OVER,distance,distance,A,,3782,1.5,UNDER,OVER,FORCED_OVER_ONLY_GOB_DEM,OVER,ml_prob_unified,1,
14581822,Carlos Alcaraz,CARLOS ALCARAZ,Total Games,33.5,2026-09-08T20:10:00.000-04:00,Tennis,ATP / HARD,Goblin,38.5,,,14581822,201284,185581,Carlos Alcaraz,33.5,Player,BEN SHELTON,,,https://static.prizepicks.com/images/manual/Carlos Alcaraz3.png,,2026-09-08T07:41:39.843-04:00,2026-09-08T13:10:29-04:00,match_total_games,0,,0,3782,ATP,sibling_or_pp,3,Elite,Elite,9,OK,,,0.652953811679599,,,,,33.0,,,,,,,,,,33.0,33.0,33.0,,hard,0,5.626506024096385,2.060240963855421,0.7694979195459459,0.8433734939759037,83.0,1.0,0.0,,,OK,1.0,0.0,1.0,0.0,0.0,1.0,0.0,1.0,0.0,1.0,0.0,1.0,0.0,1.0,0.0,1.0,0.0,0.0,1.0,0.0,1.0,,0,3,9.0,-6.0,ATP,2,NEUTRAL,ELITE,1,,,0.0,0.0,33.0,-0.5,0.58,0.2025,0.0,0.0,-0.003000000000000003,0.0,?,0.95,0.174,OVER,distance,distance,A,,3782,0.5,UNDER,OVER,FORCED_OVER_ONLY_GOB_DEM,OVER,ml_prob_unified,1,
14570156,Aryna Sabalenka,ARYNA SABALENKA,Total Sets,2.5,2026-09-08T11:30:00.000-04:00,Tennis,WTA / HARD,Goblin,4.0,,,14570156,205044,185538,Aryna Sabalenka,2.5,Player,LINDA NOSKOVA,,,https://static.prizepicks.com/images/manual/Aryna Head.png,,2026-09-08T13:10:04.929-04:00,2026-09-08T13:10:29-04:00,total_sets,0,,0,3038,WTA,offset_estimate,1,Elite,Elite,6,OK,,,0.6473107209972235,,,,,2.0,2.0,2.0,2.0,2.0,2.0,2.0,3.0,2.0,2.0,2.0,2.1,2.1,,hard,0,4.168674698795181,1.819277108433735,0.7090951558367546,0.8690476190476191,84.0,1.0,0.0,,,OK,5.0,0.0,5.0,0.0,0.0,1.0,0.0,1.0,0.0,5.0,0.0,5.0,0.0,10.0,1.0,9.0,0.0,0.1,0.9,0.1,0.9,,0,1,6.0,-5.0,WTA,2,NEUTRAL,ELITE,1,,,0.05,0.1,2.0,-0.5,0.2048,-0.1728,0.3579756635514019,0.05,-0.003000000000000003,0.3400768803738318,?,0.95,0.0964,OVER,distance,distance,C,,3038,0.5,UNDER,OVER,FORCED_OVER_ONLY_GOB_DEM,OVER,ml_prob_unified,10,0.3162
14605301,Elena Rybakina,ELENA RYBAKINA,Total Sets,2.5,2026-09-09T11:30:00.000-04:00,Tennis,WTA / HARD,Demon,,,,14605301,201375,185723,Elena Rybakina,2.5,Player,QINWEN ZHENG,,,https://static.prizepicks.com/images/manual/rybakina.webp,,2026-09-08T11:30:00.093-04:00,2026-09-08T13:10:29-04:00,total_sets,0,,0,3126,WTA,,1,Weak,Weak,121,OK,,,0.5809079606016793,,,,,2.0,2.0,2.0,2.0,2.0,2.0,2.0,2.0,3.0,3.0,2.0,2.2,2.2,,hard,0,7.047619047619048,2.761904761904762,0.7537278614823415,0.7558139534883721,86.0,1.0,0.0,,,OK,5.0,0.0,5.0,0.0,0.0,1.0,0.0,1.0,0.0,5.0,0.0,5.0,0.0,10.0,2.0,8.0,0.0,0.2,0.8,0.2,0.8,,0,2,121.0,-119.0,WTA,2,NEUTRAL,ELITE,1,,,0.1,0.15,2.0,-0.5,0.1259,-0.2516,0.542292,0.1,-0.003000000000000003,0.5151774,?,0.95,0.1078,OVER,ml_prob_fallback,ml_prob_fallback,C,,3126,0.5,UNDER,OVER,FORCED_OVER_ONLY_GOB_DEM,OVER,ml_prob_unified,10,0.4216
14582629,Carlos Alcaraz,CARLOS ALCARAZ,Total Games Won,23.5,2026-09-08T20:10:00.000-04:00,Tennis,ATP / HARD,Demon,21.5,,,14582629,201284,185581,Carlos Alcaraz,23.5,Player,BEN SHELTON,,,https://static.prizepicks.com/images/manual/Carlos Alcaraz3.png,,2026-09-08T07:41:39.843-04:00,2026-09-08T13:10:29-04:00,games_won,0,,0,3782,ATP,sibling_or_pp,1,Elite,Elite,9,OK,,,0.652953811679599,,,,,22.0,,,,,,,,,,22.0,22.0,22.0,,hard,0,5.626506024096385,2.060240963855421,0.7694979195459459,0.8433734939759037,83.0,1.0,0.0,,,OK,1.0,0.0,1.0,0.0,0.0,1.0,0.0,1.0,0.0,1.0,0.0,1.0,0.0,1.0,0.0,1.0,0.0,0.0,1.0,0.0,1.0,,0,3,9.0,-6.0,ATP,2,NEUTRAL,ELITE,1,,,0.0,0.0,22.0,-1.5,0.58,0.3976,0.0,0.0,-0.003000000000000003,0.0,?,0.95,0.174,OVER,distance,distance,B,,3782,1.5,UNDER,OVER,FORCED_OVER_ONLY_GOB_DEM,OVER,ml_prob_unified,1,
14619889,Coco Gauff,COCO GAUFF,Total Games Won,13.5,2026-09-09T11:30:00.000-04:00,Tennis,WTA / HARD,Demon,12.5,,,14619889,201229,185779,Coco Gauff,13.5,Player,MIRRA ANDREEVA,,,https://www.flashscore.com/res/image/data/UDnGEpDr-fa4Gaz3a.png,,2026-09-08T09:48:12.325-04:00,2026-09-08T13:10:29-04:00,games_won,0,,0,3626,WTA,sibling_or_pp,1,Elite,Elite,5,OK,,,0.6279834861859119,,,,,12.0,12.0,13.0,12.0,12.0,12.0,12.0,12.0,13.0,14.0,12.2,12.4,12.4,,hard,0,3.26027397260274,7.205479452054795,0.6993628090812983,0.759493670886076,79.0,1.0,0.0,,,OK,5.0,0.0,5.0,0.0,0.0,1.0,0.0,1.0,0.0,5.0,0.0,5.0,0.0,10.0,1.0,9.0,0.0,0.1,0.9,0.1,0.9,,0,4,5.0,-1.0,WTA,2,NEUTRAL,ELITE,1,,,0.05,0.1,12.2,-1.3000000000000007,0.58,0.3658,0.3579756635514019,0.05,-0.003000000000000003,0.3400768803738318,?,0.95,0.209,OVER,distance,distance,A,,3626,1.3000000000000007,UNDER,OVER,FORCED_OVER_ONLY_GOB_DEM,OVER,ml_prob_unified,10,0.6992
14577238,Alex Michelsen,ALEX MICHELSEN,Total Games Won,22.5,2026-09-08T13:45:00.000-04:00,Tennis,ATP / HARD,Demon,19.5,,,14577238,202916,185558,Alex Michelsen,22.5,Player,FRANCES TIAFOE,,,https://static.flashscore.com/res/image/data/Yi8Wfkg5-QJ66gxcd.png,,2026-09-08T13:10:19.092-04:00,2026-09-08T13:10:29-04:00,games_won,0,,0,11400,ATP,sibling_or_pp,1,Above Avg,Above Avg,12,OK,,,0.6678652941099754,,,,,19.0,,,,,,,,,,19.0,19.0,19.0,,hard,0,5.914285714285715,2.371428571428571,0.7094886495003496,0.5633802816901409,71.0,0.0,0.0,,,OK,1.0,0.0,1.0,0.0,0.0,1.0,0.0,1.0,0.0,1.0,0.0,1.0,0.0,1.0,0.0,1.0,0.0,0.0,1.0,0.0,1.0,,0,46,12.0,34.0,ATP,2,NEUTRAL,FIELD,1,,,0.0,0.0,19.0,-3.5,0.58,0.5507,0.0,0.0,-0.003000000000000003,0.0,?,0.95,0.174,OVER,distance,distance,B,,11400,3.5,UNDER,OVER,FORCED_OVER_ONLY_GOB_DEM,OVER,ml_prob_unified,1,
14582628,Carlos Alcaraz,CARLOS ALCARAZ,Total Games Won,24.5,2026-09-08T20:10:00.000-04:00,Tennis,ATP / HARD,Demon,21.5,,,14582628,201284,185581,Carlos Alcaraz,24.5,Player,BEN SHELTON,,,https://static.prizepicks.com/images/manual/Carlos Alcaraz3.png,,2026-09-08T07:41:39.843-04:00,2026-09-08T13:10:29-04:00,games_won,0,,0,3782,ATP,sibling_or_pp,2,Elite,Elite,9,OK,,,0.652953811679599,,,,,22.0,,,,,,,,,,22.0,22.0,22.0,,hard,0,5.626506024096385,2.060240963855421,0.7694979195459459,0.8433734939759037,83.0,1.0,0.0,,,OK,1.0,0.0,1.0,0.0,0.0,1.0,0.0,1.0,0.0,1.0,0.0,1.0,0.0,1.0,0.0,1.0,0.0,0.0,1.0,0.0,1.0,,0,3,9.0,-6.0,ATP,2,NEUTRAL,ELITE,1,,,0.0,0.0,22.0,-2.5,0.58,0.5041,0.0,0.0,-0.003000000000000003,0.0,?,0.95,0.174,OVER,distance,distance,B,,3782,2.5,UNDER,OVER,FORCED_OVER_ONLY_GOB_DEM,OVER,ml_prob_unified,1,
14582627,Carlos Alcaraz,CARLOS ALCARAZ,Total Games,46.5,2026-09-08T20:10:00.000-04:00,Tennis,ATP / HARD,Demon,38.5,,,14582627,201284,185581,Carlos Alcaraz,46.5,Player,BEN SHELTON,,,https://static.prizepicks.com/images/manual/Carlos Alcaraz3.png,,2026-09-08T07:41:39.843-04:00,2026-09-08T13:10:29-04:00,match_total_games,0,,0,3782,ATP,sibling_or_pp,3,Elite,Elite,9,OK,,,0.652953811679599,,,,,33.0,,,,,,,,,,33.0,33.0,33.0,,hard,0,5.626506024096385,2.060240963855421,0.7694979195459459,0.8433734939759037,83.0,1.0,0.0,,,OK,1.0,0.0,1.0,0.0,0.0,1.0,0.0,1.0,0.0,1.0,0.0,1.0,0.0,1.0,0.0,1.0,0.0,0.0,1.0,0.0,1.0,,0,3,9.0,-6.0,ATP,2,NEUTRAL,ELITE,1,,,0.0,0.0,33.0,-13.5,0.58,0.58,0.0,0.0,-0.003000000000000003,0.0,?,0.95,0.174,OVER,distance,distance,D,,3782,13.5,UNDER,OVER,FORCED_OVER_ONLY_GOB_DEM,OVER,ml_prob_unified,1,
14582626,Carlos Alcaraz,CARLOS ALCARAZ,Total Games,45.5,2026-09-08T20:10:00.000-04:00,Tennis,ATP / HARD,Demon,38.5,,,14582626,201284,185581,Carlos Alcaraz,45.5,Player,BEN SHELTON,,,https://static.prizepicks.com/images/manual/Carlos Alcaraz3.png,,2026-09-08T07:41:39.843-04:00,2026-09-08T13:10:29-04:00,match_total_games,0,,0,3782,ATP,sibling_or_pp,2,Elite,Elite,9,OK,,,0.652953811679599,,,,,33.0,,,,,,,,,,33.0,33.0,33.0,,hard,0,5.626506024096385,2.060240963855421,0.7694979195459459,0.8433734939759037,83.0,1.0,0.0,,,OK,1.0,0.0,1.0,0.0,0.0,1.0,0.0,1.0,0.0,1.0,0.0,1.0,0.0,1.0,0.0,1.0,0.0,0.0,1.0,0.0,1.0,,0,3,9.0,-6.0,ATP,2,NEUTRAL,ELITE,1,,,0.0,0.0,33.0,-12.5,0.58,0.58,0.0,0.0,-0.003000000000000003,0.0,?,0.95,0.174,OVER,distance,distance,D,,3782,12.5,UNDER,OVER,FORCED_OVER_ONLY_GOB_DEM,OVER,ml_prob_unified,1,
14580438,Carlos Alcaraz,CARLOS ALCARAZ,Total Games,40.5,2026-09-08T20:10:00.000-04:00,Tennis,ATP / HARD,Demon,38.5,,,14580438,201284,185581,Carlos Alcaraz,40.5,Player,BEN SHELTON,,,https://static.prizepicks.com/images/manual/Carlos Alcaraz3.png,,2026-09-08T07:41:39.843-04:00,2026-09-08T13:10:29-04:00,match_total_games,0,,0,3782,ATP,sibling_or_pp,1,Elite,Elite,9,OK,,,0.652953811679599,,,,,33.0,,,,,,,,,,33.0,33.0,33.0,,hard,0,5.626506024096385,2.060240963855421,0.7694979195459459,0.8433734939759037,83.0,1.0,0.0,,,OK,1.0,0.0,1.0,0.0,0.0,1.0,0.0,1.0,0.0,1.0,0.0,1.0,0.0,1.0,0.0,1.0,0.0,0.0,1.0,0.0,1.0,,0,3,9.0,-6.0,ATP,2,NEUTRAL,ELITE,1,,,0.0,0.0,33.0,-7.5,0.58,0.5794,0.0,0.0,-0.003000000000000003,0.0,?,0.95,0.174,OVER,distance,distance,B,,3782,7.5,UNDER,OVER,FORCED_OVER_ONLY_GOB_DEM,OVER,ml_prob_unified,1,
14577236,Alex Michelsen,ALEX MICHELSEN,Total Games Won,23.5,2026-09-08T13:45:00.000-04:00,Tennis,ATP / HARD,Demon,19.5,,,14577236,202916,185558,Alex Michelsen,23.5,Player,FRANCES TIAFOE,,,https://static.flashscore.com/res/image/data/Yi8Wfkg5-QJ66gxcd.png,,2026-09-08T13:10:19.092-04:00,2026-09-08T13:10:29-04:00,games_won,0,,0,11400,ATP,sibling_or_pp,2,Above Avg,Above Avg,12,OK,,,0.6678652941099754,,,,,19.0,,,,,,,,,,19.0,19.0,19.0,,hard,0,5.914285714285715,2.371428571428571,0.7094886495003496,0.5633802816901409,71.0,0.0,0.0,,,OK,1.0,0.0,1.0,0.0,0.0,1.0,0.0,1.0,0.0,1.0,0.0,1.0,0.0,1.0,0.0,1.0,0.0,0.0,1.0,0.0,1.0,,0,46,12.0,34.0,ATP,2,NEUTRAL,FIELD,1,,,0.0,0.0,19.0,-4.5,0.58,0.569,0.0,0.0,-0.003000000000000003,0.0,?,0.95,0.174,OVER,distance,distance,C,,11400,4.5,UNDER,OVER,FORCED_OVER_ONLY_GOB_DEM,OVER,ml_prob_unified,1,
14619852,Alexander Blockx,ALEXANDER BLOCKX,Total Games Won,24.5,2026-09-09T11:30:00.000-04:00,Tennis,ATP / HARD,Demon,19.5,,,14619852,218482,185783,Alexander Blockx,24.5,Player,KAREN KHACHANOV,,,https://static.prizepicks.com/images/manual/AlexanderBlockx.webp,,2026-09-08T09:48:12.325-04:00,2026-09-08T13:10:29-04:00,games_won,0,,0,11757,ATP,sibling_or_pp,3,Avg,Avg,50,OK,,,0.6652403038167991,,,,,24.0,24.0,21.0,23.0,,,,,,,23.0,23.0,23.0,,hard,0,8.071428571428571,1.714285714285714,0.7321477208550975,0.4,15.0,0.0,0.0,,,OK,4.0,0.0,4.0,0.0,0.0,1.0,0.0,1.0,0.0,4.0,0.0,4.0,0.0,4.0,0.0,4.0,0.0,0.0,1.0,0.0,1.0,,0,34,50.0,-16.0,ATP,2,NEUTRAL,FIELD,1,,,0.0,0.0,23.0,-1.5,0.58,0.3976,0.0,0.0,-0.003000000000000003,0.0,?,0.95,0.174,OVER,distance,distance,C,,11757,1.5,UNDER,OVER,FORCED_OVER_ONLY_GOB_DEM,OVER,ml_prob_unified,4,1.4142
14619891,Coco Gauff,COCO GAUFF,Total Games Won,15.5,2026-09-09T11:30:00.000-04:00,Tennis,WTA / HARD,Demon,12.5,,,14619891,201229,185779,Coco Gauff,15.5,Player,MIRRA ANDREEVA,,,https://www.flashscore.com/res/image/data/UDnGEpDr-fa4Gaz3a.png,,2026-09-08T09:48:12.325-04:00,2026-09-08T13:10:29-04:00,games_won,0,,0,3626,WTA,sibling_or_pp,3,Elite,Elite,5,OK,,,0.6279834861859119,,,,,12.0,12.0,13.0,12.0,12.0,12.0,12.0,12.0,13.0,14.0,12.2,12.4,12.4,,hard,0,3.26027397260274,7.205479452054795,0.6993628090812983,0.759493670886076,79.0,1.0,0.0,,,OK,5.0,0.0,5.0,0.0,0.0,1.0,0.0,1.0,0.0,5.0,0.0,5.0,0.0,10.0,0.0,10.0,0.0,0.0,1.0,0.0,1.0,,0,4,5.0,-1.0,WTA,2,NEUTRAL,ELITE,1,,,0.0,0.0,12.2,-3.3000000000000007,0.58,0.5444,0.0,0.0,-0.003000000000000003,0.0,?,0.95,0.174,OVER,distance,distance,B,,3626,3.3000000000000007,UNDER,OVER,FORCED_OVER_ONLY_GOB_DEM,OVER,ml_prob_unified,10,0.6992
14583136,Jessica Pegula,JESSICA PEGULA,Total Tie Breaks,0.5,2026-09-08T19:00:00.000-04:00,Tennis,WTA / HARD,Demon,,,,14583136,201369,185590,Jessica Pegula,0.5,Player,EMMA NAVARRO,,,https://www.flashscore.com/res/image/data/GS3hkKzB-A19CsvyR.png,,2026-09-08T07:41:39.843-04:00,2026-09-08T13:10:29-04:00,total_tie_breaks,0,,0,2113,WTA,,1,Avg,Avg,27,OK,,,0.6293953459627286,,,,,0.0,0.0,0.0,0.0,0.0,0.0,1.0,0.0,0.0,0.0,0.0,0.1,0.1,,hard,0,3.320987654320988,1.987654320987654,0.6920522626365668,0.7142857142857143,84.0,1.0,0.0,,,OK,5.0,0.0,5.0,0.0,0.0,1.0,0.0,1.0,0.0,5.0,0.0,5.0,0.0,10.0,1.0,9.0,0.0,0.1,0.9,0.1,0.9,,0,3,27.0,-24.0,WTA,2,NEUTRAL,ELITE,1,,,0.05,0.1,0.0,-0.5,0.1473,-0.2302,0.3579756635514019,0.05,-0.003000000000000003,0.3400768803738318,?,0.95,0.0792,OVER,ml_prob_fallback,ml_prob_fallback,C,,2113,0.5,UNDER,OVER,FORCED_OVER_ONLY_GOB_DEM,OVER,ml_prob_unified,10,0.3162
14577237,Alex Michelsen,ALEX MICHELSEN,Total Games Won,24.5,2026-09-08T13:45:00.000-04:00,Tennis,ATP / HARD,Demon,19.5,,,14577237,202916,185558,Alex Michelsen,24.5,Player,FRANCES TIAFOE,,,https://static.flashscore.com/res/image/data/Yi8Wfkg5-QJ66gxcd.png,,2026-09-08T13:10:19.092-04:00,2026-09-08T13:10:29-04:00,games_won,0,,0,11400,ATP,sibling_or_pp,3,Above Avg,Above Avg,12,OK,,,0.6678652941099754,,,,,19.0,,,,,,,,,,19.0,19.0,19.0,,hard,0,5.914285714285715,2.371428571428571,0.7094886495003496,0.5633802816901409,71.0,0.0,0.0,,,OK,1.0,0.0,1.0,0.0,0.0,1.0,0.0,1.0,0.0,1.0,0.0,1.0,0.0,1.0,0.0,1.0,0.0,0.0,1.0,0.0,1.0,,0,46,12.0,34.0,ATP,2,NEUTRAL,FIELD,1,,,0.0,0.0,19.0,-5.5,0.58,0.5759,0.0,0.0,-0.003000000000000003,0.0,?,0.95,0.174,OVER,distance,distance,C,,11400,5.5,UNDER,OVER,FORCED_OVER_ONLY_GOB_DEM,OVER,ml_prob_unified,1,
14582630,Carlos Alcaraz,CARLOS ALCARAZ,Total Games Won,25.5,2026-09-08T20:10:00.000-04:00,Tennis,ATP / HARD,Demon,21.5,,,14582630,201284,185581,Carlos Alcaraz,25.5,Player,BEN SHELTON,,,https://static.prizepicks.com/images/manual/Carlos Alcaraz3.png,,2026-09-08T07:41:39.843-04:00,2026-09-08T13:10:29-04:00,games_won,0,,0,3782,ATP,sibling_or_pp,3,Elite,Elite,9,OK,,,0.652953811679599,,,,,22.0,,,,,,,,,,22.0,22.0,22.0,,hard,0,5.626506024096385,2.060240963855421,0.7694979195459459,0.8433734939759037,83.0,1.0,0.0,,,OK,1.0,0.0,1.0,0.0,0.0,1.0,0.0,1.0,0.0,1.0,0.0,1.0,0.0,1.0,0.0,1.0,0.0,0.0,1.0,0.0,1.0,,0,3,9.0,-6.0,ATP,2,NEUTRAL,ELITE,1,,,0.0,0.0,22.0,-3.5,0.58,0.5507,0.0,0.0,-0.003000000000000003,0.0,?,0.95,0.174,OVER,distance,distance,C,,3782,3.5,UNDER,OVER,FORCED_OVER_ONLY_GOB_DEM,OVER,ml_prob_unified,1,
14619761,Alexander Zverev,ALEXANDER ZVEREV,1st Set Total Games Won,6.5,2026-09-09T11:30:00.000-04:00,Tennis,ATP / HARD,Demon,,,,14619761,201395,185810,Alexander Zverev,6.5,Player,BOTIC VAN DE ZANDSCHULP,,,https://static.prizepicks.com/images/manual/Alexander Zverev.png,,2026-09-08T09:45:28.658-04:00,2026-09-08T13:10:29-04:00,total_sets,0,,0,2375,ATP,,2,Below Avg,Below Avg,70,OK,,,0.7261248892215003,,,,,5.0,5.0,4.0,4.0,4.0,,,,,,4.4,4.4,4.4,,hard,0,8.821428571428571,1.571428571428571,0.7661283351954835,0.7209302325581395,86.0,1.0,0.0,,,OK,5.0,0.0,5.0,0.0,0.0,1.0,0.0,1.0,0.0,5.0,0.0,5.0,0.0,5.0,0.0,5.0,0.0,0.0,1.0,0.0,1.0,,0,2,70.0,-68.0,ATP,2,NEUTRAL,ELITE,1,,,0.0,-0.05,4.4,-2.0999999999999996,0.58,0.4709,0.0,0.0,-0.003000000000000003,0.0,?,0.95,0.174,OVER,ml_prob_fallback,ml_prob_fallback,C,,2375,2.0999999999999996,UNDER,OVER,FORCED_OVER_ONLY_GOB_DEM,OVER,ml_prob_unified,5,0.5477
14619890,Coco Gauff,COCO GAUFF,Total Games Won,14.5,2026-09-09T11:30:00.000-04:00,Tennis,WTA / HARD,Demon,12.5,,,14619890,201229,185779,Coco Gauff,14.5,Player,MIRRA ANDREEVA,,,https://www.flashscore.com/res/image/data/UDnGEpDr-fa4Gaz3a.png,,2026-09-08T09:48:12.325-04:00,2026-09-08T13:10:29-04:00,games_won,0,,0,3626,WTA,sibling_or_pp,2,Elite,Elite,5,OK,,,0.6279834861859119,,,,,12.0,12.0,13.0,12.0,12.0,12.0,12.0,12.0,13.0,14.0,12.2,12.4,12.4,,hard,0,3.26027397260274,7.205479452054795,0.6993628090812983,0.759493670886076,79.0,1.0,0.0,,,OK,5.0,0.0,5.0,0.0,0.0,1.0,0.0,1.0,0.0,5.0,0.0,5.0,0.0,10.0,0.0,10.0,0.0,0.0,1.0,0.0,1.0,,0,4,5.0,-1.0,WTA,2,NEUTRAL,ELITE,1,,,0.0,0.0,12.2,-2.3000000000000007,0.58,0.4889,0.0,0.0,-0.003000000000000003,0.0,?,0.95,0.174,OVER,distance,distance,B,,3626,2.3000000000000007,UNDER,OVER,FORCED_OVER_ONLY_GOB_DEM,OVER,ml_prob_unified,10,0.6992
14619772,Botic Van de Zandschulp,BOTIC VAN DE ZANDSCHULP,Total Games Won,19.5,2026-09-09T11:30:00.000-04:00,Tennis,ATP / HARD,Demon,14.5,,,14619772,235668,185810,Botic Van de Zandschulp,19.5,Player,ALEXANDER ZVEREV,,,https://static.prizepicks.com/images/manual/Botic_Van_de_Zandschulp.png,,2026-09-08T09:48:12.325-04:00,2026-09-08T13:10:29-04:00,games_won,0,,0,3310,ATP,sibling_or_pp,1,Elite,Elite,2,OK,,,0.6199747127792538,,,,,19.0,19.0,10.0,12.0,12.0,10.0,12.0,9.0,17.0,13.0,14.4,13.3,13.3,,hard,0,6.48936170212766,4.574468085106383,0.7424482963417903,0.4375,48.0,0.0,0.0,,,OK,5.0,0.0,5.0,0.0,0.0,1.0,0.0,1.0,0.0,5.0,0.0,5.0,0.0,10.0,0.0,10.0,0.0,0.0,1.0,0.0,1.0,,0,70,2.0,68.0,ATP,2,NEUTRAL,FIELD,1,,,0.0,0.05,14.4,-5.1,0.58,0.5739,0.1772446635514019,0.0,-0.003000000000000003,0.1683824303738318,?,0.95,0.174,OVER,distance,distance,C,,3310,5.1,UNDER,OVER,FORCED_OVER_ONLY_GOB_DEM,OVER,ml_prob_unified,10,3.7133
14619767,Botic Van de Zandschulp,BOTIC VAN DE ZANDSCHULP,1st Set Total Games Won,5.5,2026-09-09T11:30:00.000-04:00,Tennis,ATP / HARD,Demon,,,,14619767,235668,185810,Botic Van de Zandschulp,5.5,Player,ALEXANDER ZVEREV,,,https://static.prizepicks.com/images/manual/Botic_Van_de_Zandschulp.png,,2026-09-08T09:45:28.658-04:00,2026-09-08T13:10:29-04:00,total_sets,0,,0,3310,ATP,,1,Elite,Elite,2,OK,,,0.6199747127792538,,,,,5.0,5.0,5.0,4.0,,,,,,,4.75,4.75,4.75,,hard,0,6.48936170212766,4.574468085106383,0.7424482963417903,0.4375,48.0,0.0,0.0,,,OK,4.0,0.0,4.0,0.0,0.0,1.0,0.0,1.0,0.0,4.0,0.0,4.0,0.0,4.0,0.0,4.0,0.0,0.0,1.0,0.0,1.0,,0,70,2.0,68.0,ATP,2,NEUTRAL,FIELD,1,,,0.0,0.05,4.75,-0.75,0.58,0.2592,0.1772446635514019,0.0,-0.003000000000000003,0.1683824303738318,?,0.95,0.174,OVER,ml_prob_fallback,ml_prob_fallback,C,,3310,0.75,UNDER,OVER,FORCED_OVER_ONLY_GOB_DEM,OVER,ml_prob_unified,4,0.5
14582625,Carlos Alcaraz,CARLOS ALCARAZ,1st Set Total Games Won,6.5,2026-09-08T20:10:00.000-04:00,Tennis,ATP / HARD,Demon,,,,14582625,201284,185581,Carlos Alcaraz,6.5,Player,BEN SHELTON,,,https://static.prizepicks.com/images/manual/Carlos Alcaraz3.png,,2026-09-08T07:33:50.424-04:00,2026-09-08T13:10:29-04:00,total_sets,0,,0,3782,ATP,,2,Elite,Elite,9,OK,,,0.652953811679599,,,,,4.0,,,,,,,,,,4.0,4.0,4.0,,hard,0,5.626506024096385,2.060240963855421,0.7694979195459459,0.8433734939759037,83.0,1.0,0.0,,,OK,1.0,0.0,1.0,0.0,0.0,1.0,0.0,1.0,0.0,1.0,0.0,1.0,0.0,1.0,0.0,1.0,0.0,0.0,1.0,0.0,1.0,,0,3,9.0,-6.0,ATP,2,NEUTRAL,ELITE,1,,,0.0,0.0,4.0,-2.5,0.58,0.5041,0.0,0.0,-0.003000000000000003,0.0,?,0.95,0.174,OVER,ml_prob_fallback,ml_prob_fallback,C,,3782,2.5,UNDER,OVER,FORCED_OVER_ONLY_GOB_DEM,OVER,ml_prob_unified,1,
14618344,Karen Khachanov,KAREN KHACHANOV,1st Set Total Games,10.5,2026-09-09T11:30:00.000-04:00,Tennis,ATP / HARD,Demon,,,,14618344,201396,185783,Karen Khachanov,10.5,Player,ALEXANDER BLOCKX,,,https://static.prizepicks.com/images/manual/Karen K.png,,2026-09-08T09:45:28.658-04:00,2026-09-08T13:10:29-04:00,total_sets,0,,0,2367,ATP,,2,Avg,Avg,34,OK,,,0.6446638518747103,,,,,5.0,4.0,5.0,4.0,,,,,,,4.5,4.5,4.5,,hard,0,7.968253968253968,2.047619047619047,0.764327151305763,0.5714285714285714,63.0,0.0,0.0,,,OK,4.0,0.0,4.0,0.0,0.0,1.0,0.0,1.0,0.0,4.0,0.0,4.0,0.0,4.0,0.0,4.0,0.0,0.0,1.0,0.0,1.0,,0,50,34.0,16.0,ATP,2,NEUTRAL,FIELD,1,,,0.0,0.0,4.5,-6.0,0.58,0.5775,0.0,0.0,-0.003000000000000003,0.0,?,0.95,0.174,OVER,ml_prob_fallback,ml_prob_fallback,C,,2367,6.0,UNDER,OVER,FORCED_OVER_ONLY_GOB_DEM,OVER,ml_prob_unified,4,0.5774
14620502,Alexander Zverev,ALEXANDER ZVEREV,1st Set Total Games,10.5,2026-09-09T11:30:00.000-04:00,Tennis,ATP / HARD,Demon,,,,14620502,201395,185810,Alexander Zverev,10.5,Player,BOTIC VAN DE ZANDSCHULP,,,https://static.prizepicks.com/images/manual/Alexander Zverev.png,,2026-09-08T09:45:28.658-04:00,2026-09-08T13:10:29-04:00,total_sets,0,,0,2375,ATP,,3,Below Avg,Below Avg,70,OK,,,0.7261248892215003,,,,,5.0,5.0,4.0,4.0,4.0,,,,,,4.4,4.4,4.4,,hard,0,8.821428571428571,1.571428571428571,0.7661283351954835,0.7209302325581395,86.0,1.0,0.0,,,OK,5.0,0.0,5.0,0.0,0.0,1.0,0.0,1.0,0.0,5.0,0.0,5.0,0.0,5.0,0.0,5.0,0.0,0.0,1.0,0.0,1.0,,0,2,70.0,-68.0,ATP,2,NEUTRAL,ELITE,1,,,0.0,-0.05,4.4,-6.1,0.58,0.5778,0.0,0.0,-0.003000000000000003,0.0,?,0.95,0.174,OVER,ml_prob_fallback,ml_prob_fallback,C,,2375,6.1,UNDER,OVER,FORCED_OVER_ONLY_GOB_DEM,OVER,ml_prob_unified,5,0.5477
14581823,Carlos Alcaraz,CARLOS ALCARAZ,Total Sets,4.5,2026-09-08T20:10:00.000-04:00,Tennis,ATP / HARD,Demon,,,,14581823,201284,185581,Carlos Alcaraz,4.5,Player,BEN SHELTON,,,https://static.prizepicks.com/images/manual/Carlos Alcaraz3.png,,2026-09-08T07:41:39.843-04:00,2026-09-08T13:10:29-04:00,total_sets,0,,0,3782,ATP,,1,Elite,Elite,9,OK,,,0.652953811679599,,,,,4.0,,,,,,,,,,4.0,4.0,4.0,,hard,0,5.626506024096385,2.060240963855421,0.7694979195459459,0.8433734939759037,83.0,1.0,0.0,,,OK,1.0,0.0,1.0,0.0,0.0,1.0,0.0,1.0,0.0,1.0,0.0,1.0,0.0,1.0,0.0,1.0,0.0,0.0,1.0,0.0,1.0,,0,3,9.0,-6.0,ATP,2,NEUTRAL,ELITE,1,,,0.0,0.0,4.0,-0.5,0.1081,-0.2695,0.0,0.0,-0.003000000000000003,0.0,?,0.95,0.0324,OVER,ml_prob_fallback,ml_prob_fallback,C,,3782,0.5,UNDER,OVER,FORCED_OVER_ONLY_GOB_DEM,OVER,ml_prob_unified,1,
14619887,Coco Gauff,COCO GAUFF,Total Games,28.5,2026-09-09T11:30:00.000-04:00,Tennis,WTA / HARD,Demon,21.5,,,14619887,201229,185779,Coco Gauff,28.5,Player,MIRRA ANDREEVA,,,https://www.flashscore.com/res/image/data/UDnGEpDr-fa4Gaz3a.png,,2026-09-08T09:48:12.325-04:00,2026-09-08T13:10:29-04:00,match_total_games,0,,0,3626,WTA,sibling_or_pp,3,Elite,Elite,5,OK,,,0.6279834861859119,,,,,17.0,19.0,23.0,19.0,18.0,17.0,16.0,17.0,20.0,25.0,19.2,19.1,19.1,,hard,0,3.26027397260274,7.205479452054795,0.6993628090812983,0.759493670886076,79.0,1.0,0.0,,,OK,5.0,0.0,5.0,0.0,0.0,1.0,0.0,1.0,0.0,5.0,0.0,5.0,0.0,10.0,0.0,10.0,0.0,0.0,1.0,0.0,1.0,,0,4,5.0,-1.0,WTA,2,NEUTRAL,ELITE,1,,,0.0,0.0,19.2,-9.3,0.58,0.5799,0.0,0.0,-0.003000000000000003,0.0,?,0.95,0.174,OVER,distance,distance,D,,3626,9.3,UNDER,OVER,FORCED_OVER_ONLY_GOB_DEM,OVER,ml_prob_unified,10,2.8848
14619866,Karen Khachanov,KAREN KHACHANOV,Total Tie Breaks,1.5,2026-09-09T11:30:00.000-04:00,Tennis,ATP / HARD,Demon,,,,14619866,201396,185783,Karen Khachanov,1.5,Player,ALEXANDER BLOCKX,,,https://static.prizepicks.com/images/manual/Karen K.png,,2026-09-08T09:48:12.325-04:00,2026-09-08T13:10:29-04:00,total_tie_breaks,0,,0,2367,ATP,,1,Avg,Avg,34,OK,,,0.6446638518747103,,,,,1.0,0.0,1.0,0.0,1.0,1.0,0.0,2.0,0.0,0.0,0.6,0.6,0.6,,hard,0,7.968253968253968,2.047619047619047,0.764327151305763,0.5714285714285714,63.0,0.0,0.0,,,OK,5.0,0.0,5.0,0.0,0.0,1.0,0.0,1.0,0.0,5.0,0.0,5.0,0.0,10.0,1.0,9.0,0.0,0.1,0.9,0.1,0.9,,0,50,34.0,16.0,ATP,2,NEUTRAL,FIELD,1,,,0.05,0.1,0.6,-0.9,0.1099,-0.1792,0.3579756635514019,0.05,-0.003000000000000003,0.3400768803738318,?,0.95,0.068,OVER,ml_prob_fallback,ml_prob_fallback,C,,2367,0.9,UNDER,OVER,FORCED_OVER_ONLY_GOB_DEM,OVER,ml_prob_unified,10,0.6992
14580315,Carlos Alcaraz,CARLOS ALCARAZ,1st Set Total Games,10.5,2026-09-08T20:10:00.000-04:00,Tennis,ATP / HARD,Demon,,,,14580315,201284,185581,Carlos Alcaraz,10.5,Player,BEN SHELTON,,,https://static.prizepicks.com/images/manual/Carlos Alcaraz3.png,,2026-09-08T07:33:50.424-04:00,2026-09-08T13:10:29-04:00,total_sets,0,,0,3782,ATP,,3,Elite,Elite,9,OK,,,0.652953811679599,,,,,4.0,,,,,,,,,,4.0,4.0,4.0,,hard,0,5.626506024096385,2.060240963855421,0.7694979195459459,0.8433734939759037,83.0,1.0,0.0,,,OK,1.0,0.0,1.0,0.0,0.0,1.0,0.0,1.0,0.0,1.0,0.0,1.0,0.0,1.0,0.0,1.0,0.0,0.0,1.0,0.0,1.0,,0,3,9.0,-6.0,ATP,2,NEUTRAL,ELITE,1,,,0.0,0.0,4.0,-6.5,0.58,0.5785,0.0,0.0,-0.003000000000000003,0.0,?,0.95,0.174,OVER,ml_prob_fallback,ml_prob_fallback,C,,3782,6.5,UNDER,OVER,FORCED_OVER_ONLY_GOB_DEM,OVER,ml_prob_unified,1,
14576031,Frances Tiafoe,FRANCES TIAFOE,1st Set Total Games,12.5,2026-09-08T13:45:00.000-04:00,Tennis,ATP / HARD,Demon,,,,14576031,201267,185558,Frances Tiafoe,12.5,Player,ALEX MICHELSEN,,,https://static.prizepicks.com/images/manual/tiafoe.png,,2026-09-08T13:10:19.092-04:00,2026-09-08T13:10:29-04:00,total_sets,0,,0,2708,ATP,,2,Avg,Avg,46,OK,,,0.5948380261102764,,,,,5.0,5.0,4.0,4.0,,,,,,,4.5,4.5,4.5,,hard,0,8.310344827586206,2.155172413793104,0.7471931813542996,0.55,60.0,0.0,0.0,,,OK,4.0,0.0,4.0,0.0,0.0,1.0,0.0,1.0,0.0,4.0,0.0,4.0,0.0,4.0,0.0,4.0,0.0,0.0,1.0,0.0,1.0,,0,12,46.0,-34.0,ATP,2,NEUTRAL,ELITE,1,,,0.0,0.0,4.5,-8.0,0.58,0.5797,0.0,0.0,-0.003000000000000003,0.0,?,0.95,0.174,OVER,ml_prob_fallback,ml_prob_fallback,C,,2708,8.0,UNDER,OVER,FORCED_OVER_ONLY_GOB_DEM,OVER,ml_prob_unified,4,0.5774
14619885,Coco Gauff,COCO GAUFF,Total Games,27.5,2026-09-09T11:30:00.000-04:00,Tennis,WTA / HARD,Demon,21.5,,,14619885,201229,185779,Coco Gauff,27.5,Player,MIRRA ANDREEVA,,,https://www.flashscore.com/res/image/data/UDnGEpDr-fa4Gaz3a.png,,2026-09-08T09:48:12.325-04:00,2026-09-08T13:10:29-04:00,match_total_games,0,,0,3626,WTA,sibling_or_pp,2,Elite,Elite,5,OK,,,0.6279834861859119,,,,,17.0,19.0,23.0,19.0,18.0,17.0,16.0,17.0,20.0,25.0,19.2,19.1,19.1,,hard,0,3.26027397260274,7.205479452054795,0.6993628090812983,0.759493670886076,79.0,1.0,0.0,,,OK,5.0,0.0,5.0,0.0,0.0,1.0,0.0,1.0,0.0,5.0,0.0,5.0,0.0,10.0,0.0,10.0,0.0,0.0,1.0,0.0,1.0,,0,4,5.0,-1.0,WTA,2,NEUTRAL,ELITE,1,,,0.0,0.0,19.2,-8.3,0.58,0.5798,0.0,0.0,-0.003000000000000003,0.0,?,0.95,0.174,OVER,distance,distance,C,,3626,8.3,UNDER,OVER,FORCED_OVER_ONLY_GOB_DEM,OVER,ml_prob_unified,10,2.8848
14619886,Coco Gauff,COCO GAUFF,Total Games,26.5,2026-09-09T11:30:00.000-04:00,Tennis,WTA / HARD,Demon,21.5,,,14619886,201229,185779,Coco Gauff,26.5,Player,MIRRA ANDREEVA,,,https://www.flashscore.com/res/image/data/UDnGEpDr-fa4Gaz3a.png,,2026-09-08T09:48:12.325-04:00,2026-09-08T13:10:29-04:00,match_total_games,0,,0,3626,WTA,sibling_or_pp,1,Elite,Elite,5,OK,,,0.6279834861859119,,,,,17.0,19.0,23.0,19.0,18.0,17.0,16.0,17.0,20.0,25.0,19.2,19.1,19.1,,hard,0,3.26027397260274,7.205479452054795,0.6993628090812983,0.759493670886076,79.0,1.0,0.0,,,OK,5.0,0.0,5.0,0.0,0.0,1.0,0.0,1.0,0.0,5.0,0.0,5.0,0.0,10.0,0.0,10.0,0.0,0.0,1.0,0.0,1.0,,0,4,5.0,-1.0,WTA,2,NEUTRAL,ELITE,1,,,0.0,0.0,19.2,-7.300000000000001,0.58,0.5793,0.0,0.0,-0.003000000000000003,0.0,?,0.95,0.174,OVER,distance,distance,C,,3626,7.300000000000001,UNDER,OVER,FORCED_OVER_ONLY_GOB_DEM,OVER,ml_prob_unified,10,2.8848
14571317,Aryna Sabalenka,ARYNA SABALENKA,Total Games,31.5,2026-09-08T11:30:00.000-04:00,Tennis,WTA / HARD,Standard,31.5,,,14571317,205044,185538,Aryna Sabalenka,31.5,Player,LINDA NOSKOVA,,,https://static.prizepicks.com/images/manual/Aryna Head.png,,2026-09-08T13:10:10.089-04:00,2026-09-08T13:10:29-04:00,match_total_games,0,,0,3038,WTA,pp_or_step1,0,Elite,Elite,6,OK,,,0.6473107209972235,,,,,19.0,19.0,14.0,18.0,23.0,16.0,21.0,33.0,19.0,18.0,18.6,20.0,20.0,,hard,0,4.168674698795181,1.819277108433735,0.7090951558367546,0.8690476190476191,84.0,1.0,0.0,,,OK,5.0,0.0,5.0,0.0,0.0,1.0,0.0,1.0,0.0,5.0,0.0,5.0,0.0,10.0,1.0,9.0,0.0,0.1,0.9,0.1,0.9,,0,1,6.0,-5.0,WTA,2,NEUTRAL,ELITE,1,,,0.05,0.1,18.6,-12.899999999999999,0.3415,-0.6585,0.3579756635514019,0.05,-0.003000000000000003,0.3400768803738318,?,0.95,0.1374,UNDER,ml_prob,ml_prob,C,,3038,12.899999999999999,UNDER,UNDER,STANDARD_L5AVG_UNDER,UNDER,ml_prob_unified,10,5.1854
14582633,Carlos Alcaraz,CARLOS ALCARAZ,Total Tie Breaks,1.5,2026-09-08T20:10:00.000-04:00,Tennis,ATP / HARD,Demon,,,,14582633,201284,185581,Carlos Alcaraz,1.5,Player,BEN SHELTON,,,https://static.prizepicks.com/images/manual/Carlos Alcaraz3.png,,2026-09-08T07:41:39.843-04:00,2026-09-08T13:10:29-04:00,total_tie_breaks,0,,0,3782,ATP,,1,Elite,Elite,9,OK,,,0.652953811679599,,,,,0.0,0.0,0.0,0.0,,,,,,,0.0,0.0,0.0,,hard,0,5.626506024096385,2.060240963855421,0.7694979195459459,0.8433734939759037,83.0,1.0,0.0,,,OK,4.0,0.0,4.0,0.0,0.0,1.0,0.0,1.0,0.0,4.0,0.0,4.0,0.0,4.0,0.0,4.0,0.0,0.0,1.0,0.0,1.0,,0,3,9.0,-6.0,ATP,2,NEUTRAL,ELITE,1,,,0.0,0.0,0.0,-1.5,0.15,-0.0324,0.0,0.0,-0.003000000000000003,0.0,?,0.95,0.045,OVER,ml_prob_fallback,ml_prob_fallback,C,,3782,1.5,UNDER,OVER,FORCED_OVER_ONLY_GOB_DEM,OVER,ml_prob_unified,4,0.0
14616650,Coco Gauff,COCO GAUFF,Total Sets,2.5,2026-09-09T11:30:00.000-04:00,Tennis,WTA / HARD,Demon,,,,14616650,201229,185779,Coco Gauff,2.5,Player,MIRRA ANDREEVA,,,https://www.flashscore.com/res/image/data/UDnGEpDr-fa4Gaz3a.png,,2026-09-08T09:48:12.325-04:00,2026-09-08T13:10:29-04:00,total_sets,0,,0,3626,WTA,,1,Elite,Elite,5,OK,,,0.6279834861859119,,,,,2.0,2.0,2.0,2.0,2.0,2.0,2.0,2.0,2.0,3.0,2.0,2.1,2.1,,hard,0,3.26027397260274,7.205479452054795,0.6993628090812983,0.759493670886076,79.0,1.0,0.0,,,OK,5.0,0.0,5.0,0.0,0.0,1.0,0.0,1.0,0.0,5.0,0.0,5.0,0.0,10.0,1.0,9.0,0.0,0.1,0.9,0.1,0.9,,0,4,5.0,-1.0,WTA,2,NEUTRAL,ELITE,1,,,0.05,0.1,2.0,-0.5,0.108,-0.2696,0.3579756635514019,0.05,-0.003000000000000003,0.3400768803738318,?,0.95,0.0674,OVER,ml_prob_fallback,ml_prob_fallback,C,,3626,0.5,UNDER,OVER,FORCED_OVER_ONLY_GOB_DEM,OVER,ml_prob_unified,10,0.3162
14577239,Alex Michelsen,ALEX MICHELSEN,Total Games Won,19.5,2026-09-08T13:45:00.000-04:00,Tennis,ATP / HARD,Standard,19.5,,,14577239,202916,185558,Alex Michelsen,19.5,Player,FRANCES TIAFOE,,,https://static.flashscore.com/res/image/data/Yi8Wfkg5-QJ66gxcd.png,,2026-09-08T13:10:19.092-04:00,2026-09-08T13:10:29-04:00,games_won,0,,0,11400,ATP,pp_or_step1,0,Above Avg,Above Avg,12,OK,,,0.6678652941099754,,,,,19.0,19.0,18.0,18.0,7.0,12.0,12.0,12.0,15.0,13.0,16.2,14.5,14.5,,hard,0,5.914285714285715,2.371428571428571,0.7094886495003496,0.5633802816901409,71.0,0.0,0.0,,,OK,5.0,0.0,5.0,0.0,0.0,1.0,0.0,1.0,0.0,5.0,0.0,5.0,0.0,10.0,0.0,10.0,0.0,0.0,1.0,0.0,1.0,,0,46,12.0,34.0,ATP,2,NEUTRAL,FIELD,1,,,0.0,0.0,16.2,-3.3000000000000007,0.361,-0.6034,0.0,0.0,-0.003000000000000003,0.0,?,0.95,0.1083,UNDER,ml_prob,ml_prob,C,,11400,3.3000000000000007,UNDER,UNDER,STANDARD_L5AVG_UNDER,UNDER,ml_prob_unified,10,3.9791
14618690,Alexander Blockx,ALEXANDER BLOCKX,Total Games Won,19.5,2026-09-09T11:30:00.000-04:00,Tennis,ATP / HARD,Standard,19.5,,,14618690,218482,185783,Alexander Blockx,19.5,Player,KAREN KHACHANOV,,,https://static.prizepicks.com/images/manual/AlexanderBlockx.webp,,2026-09-08T09:48:12.325-04:00,2026-09-08T13:10:29-04:00,games_won,0,,0,11757,ATP,pp_or_step1,0,Avg,Avg,50,OK,,,0.6652403038167991,,,,,18.0,16.0,12.0,7.0,15.0,19.0,17.0,16.0,8.0,,13.6,14.22222222222222,14.22222222222222,,hard,0,8.071428571428571,1.714285714285714,0.7321477208550975,0.4,15.0,0.0,0.0,,,OK,5.0,0.0,5.0,0.0,0.0,1.0,0.0,1.0,0.0,5.0,0.0,5.0,0.0,9.0,0.0,9.0,0.0,0.0,1.0,0.0,1.0,,0,34,50.0,-16.0,ATP,2,NEUTRAL,FIELD,1,,,0.0,0.0,13.6,-5.9,0.3224,-0.6748,0.0,0.0,-0.003000000000000003,0.0,?,0.95,0.0967,UNDER,ml_prob,ml_prob,C,,11757,5.9,UNDER,UNDER,STANDARD_L5AVG_UNDER,UNDER,ml_prob_unified,9,4.2947
14619545,Alexander Zverev,ALEXANDER ZVEREV,Total Games Won,19.5,2026-09-09T11:30:00.000-04:00,Tennis,ATP / HARD,Standard,19.5,,,14619545,201395,185810,Alexander Zverev,19.5,Player,BOTIC VAN DE ZANDSCHULP,,,https://static.prizepicks.com/images/manual/Alexander Zverev.png,,2026-09-08T09:48:12.325-04:00,2026-09-08T13:10:29-04:00,games_won,0,,0,2375,ATP,pp_or_step1,0,Below Avg,Below Avg,70,OK,,,0.7261248892215003,,,,,19.0,19.0,16.0,14.0,15.0,13.0,19.0,18.0,19.0,19.0,16.6,17.1,17.1,,hard,0,8.821428571428571,1.571428571428571,0.7661283351954835,0.7209302325581395,86.0,1.0,0.0,,,OK,5.0,0.0,5.0,0.0,0.0,1.0,0.0,1.0,0.0,5.0,0.0,5.0,0.0,10.0,0.0,10.0,0.0,0.0,1.0,0.0,1.0,,0,2,70.0,-68.0,ATP,2,NEUTRAL,ELITE,1,,,0.0,-0.05,16.6,-2.8999999999999986,0.4314,-0.5164,0.0,0.0,-0.003000000000000003,0.0,?,0.95,0.1294,UNDER,ml_prob,ml_prob,C,,2375,2.8999999999999986,UNDER,UNDER,STANDARD_L5AVG_UNDER,UNDER,ml_prob_unified,10,2.3781
14580435,Ben Shelton,BEN SHELTON,Total Games Won,18.5,2026-09-08T20:10:00.000-04:00,Tennis,ATP / HARD,Standard,18.5,,,14580435,201258,185581,Ben Shelton,18.5,Player,CARLOS ALCARAZ,,,https://static.prizepicks.com/images/manual/Ben Shelton.png,,2026-09-08T11:42:54.990-04:00,2026-09-08T13:10:29-04:00,games_won,0,,0,9250,ATP,pp_or_step1,0,Elite,Elite,3,OK,,,0.6753995623116001,,,,,18.0,8.0,13.0,12.0,12.0,13.0,12.0,13.0,15.0,18.0,12.6,13.4,13.4,,hard,0,10.06849315068493,2.547945205479452,0.7700546496212411,0.6575342465753424,73.0,1.0,0.0,,,OK,5.0,0.0,5.0,0.0,0.0,1.0,0.0,1.0,0.0,5.0,0.0,5.0,0.0,10.0,0.0,10.0,0.0,0.0,1.0,0.0,1.0,,0,9,3.0,6.0,ATP,2,NEUTRAL,ELITE,1,,,0.0,0.0,12.6,-5.9,0.3431,-0.6541,0.0,0.0,-0.003000000000000003,0.0,?,0.95,0.1029,UNDER,ml_prob,ml_prob,C,,9250,5.9,UNDER,UNDER,STANDARD_L5AVG_UNDER,UNDER,ml_prob_unified,10,2.9889
14580318,Carlos Alcaraz,CARLOS ALCARAZ,Total Games,38.5,2026-09-08T20:10:00.000-04:00,Tennis,ATP / HARD,Standard,38.5,,,14580318,201284,185581,Carlos Alcaraz,38.5,Player,BEN SHELTON,,,https://static.prizepicks.com/images/manual/Carlos Alcaraz3.png,,2026-09-08T07:41:39.843-04:00,2026-09-08T13:10:29-04:00,match_total_games,0,,0,3782,ATP,pp_or_step1,0,Elite,Elite,9,OK,,,0.652953811679599,,,,,33.0,,,,,,,,,,33.0,33.0,33.0,,hard,0,5.626506024096385,2.060240963855421,0.7694979195459459,0.8433734939759037,83.0,1.0,0.0,,,OK,1.0,0.0,1.0,0.0,0.0,1.0,0.0,1.0,0.0,1.0,0.0,1.0,0.0,1.0,0.0,1.0,0.0,0.0,1.0,0.0,1.0,,0,3,9.0,-6.0,ATP,2,NEUTRAL,ELITE,1,,,0.0,0.0,33.0,-5.5,0.3717,-0.6242,0.0,0.0,-0.003000000000000003,0.0,?,0.95,0.1115,UNDER,ml_prob,ml_prob,C,,3782,5.5,UNDER,UNDER,STANDARD_L5AVG_UNDER,UNDER,ml_prob_unified,1,
14625091,Elena Rybakina,ELENA RYBAKINA,Total Tie Breaks,1.5,2026-09-09T11:30:00.000-04:00,Tennis,WTA / HARD,Demon,,,,14625091,201375,185723,Elena Rybakina,1.5,Player,QINWEN ZHENG,,,https://static.prizepicks.com/images/manual/rybakina.webp,,2026-09-08T09:48:12.325-04:00,2026-09-08T13:10:29-04:00,total_tie_breaks,0,,0,3126,WTA,,1,Weak,Weak,121,OK,,,0.5809079606016793,,,,,0.0,1.0,0.0,0.0,0.0,1.0,0.0,0.0,0.0,1.0,0.2,0.3,0.3,,hard,0,7.047619047619048,2.761904761904762,0.7537278614823415,0.7558139534883721,86.0,1.0,0.0,,,OK,5.0,0.0,5.0,0.0,0.0,1.0,0.0,1.0,0.0,5.0,0.0,5.0,0.0,10.0,0.0,10.0,0.0,0.0,1.0,0.0,1.0,,0,2,121.0,-119.0,WTA,2,NEUTRAL,ELITE,1,,,0.0,-0.05,0.2,-1.3,0.1671,-0.0471,0.0,0.0,-0.003000000000000003,0.0,?,0.95,0.0501,OVER,ml_prob_fallback,ml_prob_fallback,C,,3126,1.3,UNDER,OVER,FORCED_OVER_ONLY_GOB_DEM,OVER,ml_prob_unified,10,0.483
14580952,Dominika Salkova,DOMINIKA SALKOVA,Total Sets,2.5,2026-09-08T16:50:00.000-04:00,Tennis,WTA / HARD,Demon,,,,14580952,220938,185542,Dominika Salkova,2.5,Player,JULIA RIERA,,,https://static.flashscore.com/res/image/data/2ZnF4rjl-dplGYmyP.png,,2026-09-08T11:00:00.047-04:00,2026-09-08T13:10:29-04:00,total_sets,0,,0,7436,WTA,,1,Weak,Weak,147,OK,,,0.6448329542431821,,,,,2.0,2.0,2.0,2.0,2.0,,,,,,2.0,2.0,2.0,,hard,0,1.25,5.125,0.6177478340818878,0.625,8.0,0.0,0.0,,,OK,5.0,0.0,5.0,0.0,0.0,1.0,0.0,1.0,0.0,5.0,0.0,5.0,0.0,5.0,0.0,5.0,0.0,0.0,1.0,0.0,1.0,,0,118,147.0,-29.0,WTA,2,NEUTRAL,FIELD,1,,,0.0,0.0,2.0,-0.5,0.1517,-0.2258,0.0,0.0,-0.003000000000000003,0.0,?,0.95,0.0455,OVER,ml_prob_fallback,ml_prob_fallback,C,,7436,0.5,UNDER,OVER,FORCED_OVER_ONLY_GOB_DEM,OVER,ml_prob_unified,5,0.0
14621270,Elsa Jacquemot,ELSA JACQUEMOT,Total Sets,2.5,2026-09-08T15:40:00.000-04:00,Tennis,WTA / HARD,Demon,,,,14621270,201930,185731,Elsa Jacquemot,2.5,Player,UNKNOWN_OPP,,,https://static.prizepicks.com/images/manual/ElsaJacquemot.webp,,2026-09-08T07:41:39.843-04:00,2026-09-08T13:10:29-04:00,total_sets,0,,0,6061,WTA,,1,N/A,N/A,N/A,OK,,,0.6141876807354784,,,,,2.0,2.0,2.0,2.0,2.0,2.0,2.0,2.0,,,2.0,2.0,2.0,,hard,0,4.272727272727272,7.136363636363637,0.6431654306506529,0.4090909090909091,22.0,0.0,0.0,,,OK,5.0,0.0,5.0,0.0,0.0,1.0,0.0,1.0,0.0,5.0,0.0,5.0,0.0,8.0,0.0,8.0,0.0,0.0,1.0,0.0,1.0,,0,114,,,WTA,2,NEUTRAL,FIELD,1,,,0.0,0.0,2.0,-0.5,0.1079,-0.2697,0.0,0.0,-0.003000000000000003,0.0,?,0.95,0.0324,OVER,ml_prob_fallback,ml_prob_fallback,C,,6061,0.5,UNDER,OVER,FORCED_OVER_ONLY_GOB_DEM,OVER,ml_prob_unified,8,0.0
