PLAYER_NAME,PLAYER_NORM,TEAM,season_avg,games,avg_toi,category,team_slate,team_def_key,rank_on_team,leader_side,PLAYER_NAME_split,n_games,n_elite,n_weak,avg_delta_all,avg_delta_vs_elite,avg_delta_vs_weak,avg_delta_vs_mid,def_rank_corr,weak_over_rate,elite_over_rate,def_boost,overperform_vs_weak,fades_vs_elite
Jorge Barrosa,jorge barrosa,ARI,0.2,20,,hits,ARI,ARI,1,bottom,Jorge Barrosa,17,7,3,-0.10409765142281988,-0.33241341991341994,-0.2082706766917293,0.16886369932588421,0.3326984012273983,0.0,0.0,0.12414274322169064,False,True
Alek Thomas,alek thomas,ARI,0.6071428571428571,28,,hits,ARI,ARI,2,bottom,Alek Thomas,25,10,5,0.011182148232208831,-0.4446400684661554,0.15106893106893102,0.39706097351221187,0.41682848565697145,0.6,0.2,0.5957089995350864,True,True
Tommy Troy,tommy troy,ARI,0.6333333333333333,30,,hits,ARI,ARI,3,bottom,Tommy Troy,27,7,9,-0.06934851078015306,-0.39283980355889675,0.03147996107766223,0.054013562195380366,0.19263148547988432,0.4444444444444444,0.2857142857142857,0.42431976463655896,False,True
Gabriel Moreno,gabriel moreno,ARI,1.0775862068965518,116,,hits,ARI,ARI,1,top,Gabriel Moreno,113,36,29,0.10582683934609574,-0.04763108254163736,0.23452303992772408,0.14316632624382852,0.12571922839816208,0.5517241379310345,0.3888888888888889,0.28215412246936145,True,False
Ketel Marte,ketel marte,ARI,0.9920634920634921,126,,hits,ARI,ARI,2,top,Ketel Marte,123,36,31,0.027851762555504204,-0.3281996052750446,0.07988848975994918,0.22793588217268215,0.21369390645232986,0.5161290322580645,0.2222222222222222,0.40808809503499377,False,True
Geraldo Perdomo,geraldo perdomo,ARI,0.9014084507042254,142,,hits,ARI,ARI,3,top,Geraldo Perdomo,139,40,37,0.07406577304408071,0.09867720088504253,-0.015130937690709324,0.11141772761744781,-0.02226178509985463,0.5675675675675675,0.575,-0.11380813857575185,False,False
Jorge Barrosa,jorge barrosa,ARI,0.0,20,,home_runs,ARI,ARI,1,bottom,Jorge Barrosa,17,7,3,0.0,0.0,0.0,0.0,,0.0,0.0,0.0,False,False
Ryan Waldschmidt,ryan waldschmidt,ARI,0.03896103896103896,77,,home_runs,ARI,ARI,2,bottom,Ryan Waldschmidt,74,19,20,0.023551922903317448,0.08826219243498064,0.030988199367320175,-0.015825809964729827,-0.09884677472339383,0.05,0.10526315789473684,-0.05727399306766046,False,False
Lourdes Gurriel Jr.,lourdes gurriel jr.,ARI,0.04,50,,home_runs,ARI,ARI,3,bottom,Lourdes Gurriel Jr.,47,17,6,0.01672575318088709,-0.018201159087381995,-0.03700232596687595,0.05489766915785179,0.09201509871151006,0.0,0.0,-0.018801166879493954,False,False
Ketel Marte,ketel marte,ARI,0.1746031746031746,126,,home_runs,ARI,ARI,1,top,Ketel Marte,123,36,31,0.0009492829233986058,-0.0007634696279975294,0.05773083154383514,-0.02938230485130266,0.07060989314111701,0.1935483870967742,0.16666666666666666,0.05849430117183267,False,False
Nolan Arenado,nolan arenado,ARI,0.1678832116788321,137,,home_runs,ARI,ARI,2,top,Nolan Arenado,134,40,37,0.04071071063557038,0.01709132947018352,0.0380187597778469,0.05903312165927639,0.008953339212464531,0.13513513513513514,0.125,0.020927430307663378,False,False
Corbin Carroll,corbin carroll,ARI,0.1347517730496454,141,,home_runs,ARI,ARI,3,top,Corbin Carroll,138,41,35,-0.012980772990675163,-0.05658656852953739,-0.009294869857198905,0.013774565838706803,0.043932810226554354,0.14285714285714285,0.0975609756097561,0.047291698672338484,False,True
Jorge Barrosa,jorge barrosa,ARI,0.1,20,,rbi,ARI,ARI,1,bottom,Jorge Barrosa,17,7,3,-0.1178013042017777,-0.19224386724386727,-0.12715121136173768,-0.039351638091133866,0.28489334596542965,0.0,0.0,0.06509265588212959,False,True
Jose Fernandez,jose fernandez,ARI,0.24615384615384617,65,,rbi,ARI,ARI,2,bottom,Jose Fernandez,62,20,8,-0.24063986697323475,-0.45754270416589027,-0.145335706285078,-0.13547447113947433,0.28800937303791263,0.375,0.0,0.3122069978808123,False,True
Tommy Troy,tommy troy,ARI,0.26666666666666666,30,,rbi,ARI,ARI,3,bottom,Tommy Troy,27,7,9,0.09646011168694787,-0.2959107295924403,0.5313416043301101,-0.00966148329784693,0.3691240063306504,0.4444444444444444,0.0,0.8272523339225504,False,True
Gabriel Moreno,gabriel moreno,ARI,0.603448275862069,116,,rbi,ARI,ARI,1,top,Gabriel Moreno,113,36,29,0.11184057055551379,-0.005340138114034383,0.13753514233175312,0.18420229827619694,0.09448705771049867,0.5172413793103449,0.3611111111111111,0.1428752804457875,False,False
Ketel Marte,ketel marte,ARI,0.5555555555555556,126,,rbi,ARI,ARI,2,top,Ketel Marte,123,36,31,0.039327381520262224,-0.15883004748193053,-0.023713823292528937,0.20161210997160975,0.04332237092841404,0.41935483870967744,0.25,0.13511622418940158,False,True
James Mccann,james mccann,ARI,0.5227272727272727,44,,rbi,ARI,ARI,3,top,James Mccann,41,11,10,0.13738323208477773,0.2622226962273539,0.4730533194955525,-0.09911351689902637,0.012908815427716085,0.6,0.2727272727272727,0.21083062326819862,True,False
Jorge Barrosa,jorge barrosa,ARI,0.2,20,,total_bases,ARI,ARI,1,bottom,Jorge Barrosa,17,7,3,-0.10409765142281988,-0.33241341991341994,-0.2082706766917293,0.16886369932588421,0.3326984012273983,0.0,0.0,0.12414274322169064,False,True
Max Kepler,max kepler,ARI,0.975609756097561,41,,total_bases,ARI,ARI,2,bottom,Max Kepler,38,12,11,0.04115708127086993,0.09975531940018441,-0.09962420190748368,0.09751809843154428,-0.06668707717048947,0.2727272727272727,0.3333333333333333,-0.1993795213076681,False,False
Tommy Troy,tommy troy,ARI,1.0333333333333334,30,,total_bases,ARI,ARI,3,bottom,Tommy Troy,27,7,9,0.048071396146674834,-0.8367058979475572,0.7606352247156846,0.028104723559269015,0.34467901134793416,0.4444444444444444,0.0,1.597341122663242,False,True
Ketel Marte,ketel marte,ARI,1.753968253968254,126,,total_bases,ARI,ARI,1,top,Ketel Marte,123,36,31,0.05872477971978221,-0.357984817413143,0.17340333531887478,0.2631267488843078,0.14770767030492085,0.4838709677419355,0.3333333333333333,0.5313881527320178,False,True
Corbin Carroll,corbin carroll,ARI,1.7375886524822695,141,,total_bases,ARI,ARI,2,top,Corbin Carroll,138,41,35,-0.15026059977038156,-0.3583083040402583,-0.104221167146673,-0.03867066858916961,0.05673152967359455,0.45714285714285713,0.36585365853658536,0.2540871368935853,False,True
Gabriel Moreno,gabriel moreno,ARI,1.6724137931034482,116,,total_bases,ARI,ARI,3,top,Gabriel Moreno,113,36,29,0.20924602380054344,-0.050358560346376494,0.49762875594778444,0.22971822790510865,0.14135806103798593,0.5862068965517241,0.4722222222222222,0.547987316294161,True,False
Denzel Clarke,denzel clarke,ATH,0.38461538461538464,26,,hits,ATH,ATH,1,bottom,Denzel Clarke,23,11,3,-0.03907010300791721,-0.0649847907782109,0.22380952380952376,-0.09502313800559412,0.18793050326451446,0.6666666666666666,0.36363636363636365,0.28879431458773464,True,False
Donovan Walton,donovan walton,ATH,0.4666666666666667,45,,hits,ATH,ATH,2,bottom,Donovan Walton,45,6,14,-0.2463818428440595,-0.33337152889039684,-0.32690537034759803,-0.18041114279095694,-0.00968626335511984,0.42857142857142855,0.3333333333333333,0.0064661585427988055,False,True
Brian Serven,brian serven,ATH,0.5454545454545454,22,,hits,ATH,ATH,3,bottom,Brian Serven,19,3,3,-0.0012255207179437137,0.16329966329966328,0.4705882352941176,-0.14807296841709797,0.13887141623060603,0.6666666666666666,0.6666666666666666,0.3072885719944543,True,False
Henry Bolte,henry bolte,ATH,0.9423076923076923,104,,hits,ATH,ATH,1,top,Henry Bolte,101,24,28,0.005654899920076991,0.26226330203609166,-0.12081191746638135,-0.04776409526285193,-0.07960703560236003,0.42857142857142855,0.6666666666666666,-0.38307521950247303,False,False
Tommy White,tommy white,ATH,0.9285714285714286,42,,hits,ATH,ATH,2,top,Tommy White,39,7,11,-0.2263857511048302,-0.2576799287668853,-0.14786575549760134,-0.2570838800593604,0.07245756383991706,0.2727272727272727,0.5714285714285714,0.10981417326928394,False,True
Zack Gelof,zack gelof,ATH,0.8854166666666666,96,,hits,ATH,ATH,3,top,Zack Gelof,93,25,25,0.15643793903412678,0.3288756673604699,0.17576677965787854,0.0449457477840716,-0.09972533150823457,0.72,0.76,-0.15310888770259137,False,False
Denzel Clarke,denzel clarke,ATH,0.0,26,,home_runs,ATH,ATH,1,bottom,Denzel Clarke,23,11,3,0.0,0.0,0.0,0.0,,0.0,0.0,0.0,False,False
Darell Hernaiz,darell hernaiz,ATH,0.018518518518518517,54,,home_runs,ATH,ATH,2,bottom,Darell Hernaiz,51,14,16,-0.008896101902256329,-0.023350699446294594,-0.03005633176815294,0.01686237635826183,0.03894939590532701,0.0,0.0,-0.006705632321858345,False,False
Tommy White,tommy white,ATH,0.047619047619047616,42,,home_runs,ATH,ATH,3,bottom,Tommy White,39,7,11,0.0272951622638698,0.12801233853865432,-0.03335461633570644,0.025491701819672034,-0.22539372284195894,0.0,0.14285714285714285,-0.16136695487436076,False,False
Brian Serven,brian serven,ATH,0.18181818181818182,22,,home_runs,ATH,ATH,1,top,Brian Serven,19,3,3,-0.05967393007477737,-0.20134680134680136,0.46918767507002795,-0.14902517635311158,0.49508363722107973,0.6666666666666666,0.0,0.6705344764168293,True,True
Zack Gelof,zack gelof,ATH,0.17708333333333334,96,,home_runs,ATH,ATH,2,top,Zack Gelof,93,25,25,0.040911459190470116,0.22045975318122515,0.007870300178778126,-0.04426710765782234,-0.20978734514508882,0.16,0.36,-0.21258945300244703,False,False
Jonah Heim,jonah heim,ATH,0.14634146341463414,82,,home_runs,ATH,ATH,3,top,Jonah Heim,82,17,26,-0.0003774862471666618,0.21494511697671262,-0.02682011607823861,-0.07660763699583528,-0.2179656010862797,0.11538461538461539,0.35294117647058826,-0.24176523305495123,False,False
Darell Hernaiz,darell hernaiz,ATH,0.16666666666666666,54,,rbi,ATH,ATH,1,bottom,Darell Hernaiz,51,14,16,0.03978752204711766,0.03381043961836259,0.028467187865243156,0.05239726018581118,0.053910424606190055,0.1875,0.14285714285714285,-0.005343251753119432,False,False
Tommy White,tommy white,ATH,0.19047619047619047,42,,rbi,ATH,ATH,2,bottom,Tommy White,39,7,11,0.12661261163340787,0.05230385121035661,0.08479031882813864,0.1732891137200422,0.08013933032370726,0.09090909090909091,0.14285714285714285,0.03248646761778203,False,False
Alika Williams,alika williams,ATH,0.2077922077922078,77,,rbi,ATH,ATH,3,bottom,Alika Williams,74,19,20,0.01815020879574576,0.182157171391441,-0.038984381252134284,-0.03823380515741447,-0.10802267696549167,0.15,0.2631578947368421,-0.22114155264357527,False,False
Brian Serven,brian serven,ATH,0.5454545454545454,22,,rbi,ATH,ATH,1,top,Brian Serven,19,3,3,-0.01092899121048048,-0.5404040404040403,1.1456582633053223,-0.1556471924386904,0.5834939913242553,0.6666666666666666,0.0,1.6860623037093627,True,True
Zack Gelof,zack gelof,ATH,0.4479166666666667,96,,rbi,ATH,ATH,2,top,Zack Gelof,93,25,25,0.04984570472034308,0.22931848307954714,0.07089429888475161,-0.06673648860733865,-0.0692445085545561,0.36,0.52,-0.15842418419479554,False,False
Jonah Heim,jonah heim,ATH,0.4146341463414634,82,,rbi,ATH,ATH,3,top,Jonah Heim,82,17,26,-0.09968302551147122,0.09530361860654196,-0.0979045851795733,-0.185862830604691,-0.1652318570583873,0.38461538461538464,0.4117647058823529,-0.19320820378611525,False,False
Denzel Clarke,denzel clarke,ATH,0.4230769230769231,26,,total_bases,ATH,ATH,1,bottom,Denzel Clarke,23,11,3,-0.017232241465504748,0.006810087791254991,0.22380952380952376,-0.12696456564877615,0.11373992438080287,0.6666666666666666,0.36363636363636365,0.21699943601826877,False,False
Darell Hernaiz,darell hernaiz,ATH,0.7037037037037037,54,,total_bases,ATH,ATH,2,bottom,Darell Hernaiz,51,14,16,0.12822173962971536,-0.107277182642926,-0.10730564884745253,0.4646704599845566,-0.03963665970350389,0.3125,0.42857142857142855,-2.8466204526525485e-05,False,False
Donovan Walton,donovan walton,ATH,0.8222222222222222,45,,total_bases,ATH,ATH,3,bottom,Donovan Walton,45,6,14,-0.3165244750080643,-0.7204700678654739,-0.3401280481855971,-0.2063595317428676,0.016942482440024192,0.21428571428571427,0.0,0.38034201967987674,False,True
Zack Gelof,zack gelof,ATH,1.6145833333333333,96,,total_bases,ATH,ATH,1,top,Zack Gelof,93,25,25,0.33150567620307664,1.0316242361546164,0.2464119544640961,-0.026066904153062478,-0.16368991428853066,0.36,0.52,-0.7852122816905203,False,False
Henry Bolte,henry bolte,ATH,1.3461538461538463,104,,total_bases,ATH,ATH,2,top,Henry Bolte,101,24,28,0.15677012072470253,0.7673057243227847,-0.2034494344991531,0.06357201990662081,-0.1496196914813959,0.25,0.4166666666666667,-0.9707551588219377,False,False
Jonah Heim,jonah heim,ATH,1.3048780487804879,82,,total_bases,ATH,ATH,3,top,Jonah Heim,82,17,26,-0.06540165210901837,0.8408938919162898,-0.32905736018131504,-0.2846830838667242,-0.23330966154543278,0.2692307692307692,0.5882352941176471,-1.1699512520976048,False,False
Ha-seong Kim,ha-seong kim,ATL,0.2682926829268293,41,,hits,ATL,ATL,1,bottom,Ha-seong Kim,38,8,11,0.002039959401741256,0.017769038972880236,0.17902127534613924,-0.10704567806970552,0.07491383879696553,0.2727272727272727,0.25,0.161252236373259,False,False
Lane Thomas,lane thomas,ATL,0.3333333333333333,21,,hits,ATL,ATL,2,bottom,Lane Thomas,21,8,3,-0.3176196915959814,-0.27470043082858364,-0.30236270753512134,-0.3565321954281575,-0.04405010223412357,0.3333333333333333,0.25,-0.027662276706537703,False,True
Eli White,eli white,ATL,0.4492753623188406,69,,hits,ATL,ATL,3,bottom,Eli White,66,9,25,0.01891802865660087,-0.023782913805953623,-0.03248733606273805,0.07108810991117787,-0.09336643342253882,0.36,0.4444444444444444,-0.008704422256784427,False,False
Drake Baldwin,drake baldwin,ATL,1.08,125,,hits,ATL,ATL,1,top,Drake Baldwin,122,27,43,-0.041322325167808635,0.05631240292551248,-0.0830508860924354,-0.05751097014397633,-0.0697272760834169,0.3023255813953488,0.2962962962962963,-0.13936328901794787,False,False
Michael Harris II,michael harris ii,ATL,1.0704225352112675,142,,hits,ATL,ATL,2,top,Michael Harris II,139,28,49,-0.006220122793480433,0.08172022140554581,-0.1738830497376555,0.08657268015316219,-0.07632096135098264,0.2653061224489796,0.2857142857142857,-0.2556032711432013,False,False
Mauricio Dubón,mauricio dubon,ATL,0.9785714285714285,140,,hits,ATL,ATL,3,top,Mauricio Dubón,137,29,43,-0.055713137666365764,0.11394011051623303,-0.24777284320197018,-0.004349704731971525,-0.16397750440632655,0.3023255813953488,0.5172413793103449,-0.3617129537182032,False,False
Brewer Hicklen,brewer hicklen,ATL,0.0,13,,home_runs,ATL,ATL,1,bottom,Brewer Hicklen,10,2,5,0.0,0.0,0.0,0.0,,0.0,0.0,0.0,False,False
Ha-seong Kim,ha-seong kim,ATL,0.0,41,,home_runs,ATL,ATL,2,bottom,Ha-seong Kim,38,8,11,0.0,0.0,0.0,0.0,,0.0,0.0,0.0,False,False
Jim Jarvis,jim jarvis,ATL,0.02631578947368421,38,,home_runs,ATL,ATL,3,bottom,Jim Jarvis,35,9,12,-0.021473892109190464,0.0661333523402489,-0.06469109882355271,-0.0407495149286624,-0.20994170139687895,0.0,0.1111111111111111,-0.13082445116380162,False,False
Matt Olson,matt olson,ATL,0.25675675675675674,148,,home_runs,ATL,ATL,1,top,Matt Olson,145,30,49,-7.018200731802535e-05,-0.0828046839975701,0.0334452840574344,0.012653715303813689,0.029090887604563343,0.2653061224489796,0.2,0.11624996805500451,False,True
Drake Baldwin,drake baldwin,ATL,0.184,125,,home_runs,ATL,ATL,2,top,Drake Baldwin,122,27,43,-0.07924184343956832,0.03939367953544171,-0.14185865950517518,-0.08906176708387943,-0.10544948418621271,0.13953488372093023,0.2222222222222222,-0.18125233904061688,False,False
Michael Harris II,michael harris ii,ATL,0.16901408450704225,142,,home_runs,ATL,ATL,3,top,Michael Harris II,139,28,49,-0.0218868858179844,-0.11171706915825409,-0.06472343269328121,0.052536274350033274,0.020727673293821466,0.10204081632653061,0.07142857142857142,0.046993636464972885,False,True
Lane Thomas,lane thomas,ATL,0.14285714285714285,21,,rbi,ATL,ATL,1,bottom,Lane Thomas,21,8,3,-0.22269100896364366,-0.36608779415268794,-0.3539026426957461,-0.06861009069277745,0.06580261373318806,0.0,0.0,0.012185151456941823,False,True
Ha-seong Kim,ha-seong kim,ATL,0.14634146341463414,41,,rbi,ATL,ATL,2,bottom,Ha-seong Kim,38,8,11,0.02369871617240051,-0.02196458468078799,0.1307869238450001,-0.019073066857761976,0.079507556397139,0.2727272727272727,0.125,0.1527515085257881,False,False
Jorge Mateo,jorge mateo,ATL,0.16923076923076924,65,,rbi,ATL,ATL,3,bottom,Jorge Mateo,62,8,19,-0.09959360687549472,-0.09386649362159896,-0.05489556657010026,-0.12516731178502788,0.11217340495431752,0.15789473684210525,0.125,0.038970927051498704,False,True
Jonah Heim,jonah heim,ATL,0.6666666666666666,12,,rbi,ATL,ATL,1,top,Jonah Heim,9,0,5,0.6428892095558763,,0.17619047619047618,1.2262626262626262,-0.026171358294532848,0.4,,,False,False
Drake Baldwin,drake baldwin,ATL,0.568,125,,rbi,ATL,ATL,2,top,Drake Baldwin,122,27,43,-0.17067457214675674,-0.002918776997029689,-0.2111645250004473,-0.22429646630702477,-0.05782001584757286,0.3023255813953488,0.4444444444444444,-0.2082457480034176,False,False
Michael Harris II,michael harris ii,ATL,0.5633802816901409,142,,rbi,ATL,ATL,3,top,Michael Harris II,139,28,49,-0.04039585135848309,-0.09660073084089618,-0.08060354198176445,0.016764043255200003,0.015549148323980994,0.2857142857142857,0.35714285714285715,0.015997188859131733,False,True
Ha-seong Kim,ha-seong kim,ATL,0.2926829268292683,41,,total_bases,ATL,ATL,1,bottom,Ha-seong Kim,38,8,11,0.025619331976958714,0.014644038972880247,0.26275001696961764,-0.10704567806970552,0.12473537742183319,0.2727272727272727,0.25,0.2481059779967374,False,False
Lane Thomas,lane thomas,ATL,0.6190476190476191,21,,total_bases,ATL,ATL,2,bottom,Lane Thomas,21,8,3,-0.4968925637794727,-0.6139615086080807,-0.42685921996266823,-0.42424741106162783,-0.049555270718467485,0.3333333333333333,0.25,0.1871022886454125,False,True
Jorge Mateo,jorge mateo,ATL,0.7538461538461538,65,,total_bases,ATL,ATL,3,bottom,Jorge Mateo,62,8,19,-0.23345088822568624,-0.03176633850611116,-0.23780118379912063,-0.27718862485029594,0.09012807204319363,0.3157894736842105,0.5,-0.20603484529300947,False,False
Matt Olson,matt olson,ATL,1.9527027027027026,148,,total_bases,ATL,ATL,1,top,Matt Olson,145,30,49,-0.1929069978343146,-0.6459419817605168,-0.11066262214301231,-0.04804222345685623,0.03523786888726188,0.3469387755102041,0.26666666666666666,0.5352793596175045,False,True
Michael Harris II,michael harris ii,ATL,1.8169014084507042,142,,total_bases,ATL,ATL,2,top,Michael Harris II,139,28,49,0.01093583901854516,-0.08775384226234571,-0.39076606293819727,0.3729794563047602,-0.047129365117521686,0.24489795918367346,0.5,-0.30301222067585154,False,False
Drake Baldwin,drake baldwin,ATL,1.76,125,,total_bases,ATL,ATL,3,top,Drake Baldwin,122,27,43,-0.255440761380773,0.21594778658517516,-0.49945626892058315,-0.2984181454359416,-0.10771236386088966,0.3023255813953488,0.4444444444444444,-0.7154040555057584,False,False
Carlos Narváez,carlos narvaez,BAL,0.2,25,,hits,BAL,BAL,1,bottom,Carlos Narváez,25,10,6,-0.27439564398016403,-0.2866379175505926,-0.3076409431350224,-0.2386295850208935,0.0865318773489632,0.16666666666666666,0.2,-0.02100302558442979,False,True
Christian Franklin,christian franklin,BAL,0.3125,16,,hits,BAL,BAL,2,bottom,Christian Franklin,13,7,3,0.14408582870121328,0.19725829725829724,0.0006105006105006083,0.16349206349206352,-0.0982931203765654,0.3333333333333333,0.2857142857142857,-0.19664779664779664,False,False
Jeremiah Jackson,jeremiah jackson,BAL,0.45,60,,hits,BAL,BAL,3,bottom,Jeremiah Jackson,57,20,15,-0.1401373906342639,-0.1883166245132058,-0.017735644639723346,-0.1797938230133216,0.12735782398303797,0.4666666666666667,0.35,0.17058097987348245,False,True
Pete Alonso,pete alonso,BAL,0.9932432432432432,148,,hits,BAL,BAL,1,top,Pete Alonso,145,41,36,0.08902076806053691,0.3194960185286669,-0.12578240890561465,0.06377707837800933,-0.19580857917171401,0.4444444444444444,0.6585365853658537,-0.44527842743428153,False,False
Adley Rutschman,adley rutschman,BAL,0.9253731343283582,67,,hits,BAL,BAL,2,top,Adley Rutschman,64,19,13,-0.0971031412712102,-0.19100774989067118,-0.05354758202654914,-0.05904172584654872,0.05560637126780666,0.6153846153846154,0.3157894736842105,0.13746016786412205,False,True
Taylor Ward,taylor ward,BAL,0.9099099099099099,111,,hits,BAL,BAL,3,top,Taylor Ward,108,27,27,-0.08697345062011098,0.15309655799009894,-0.35329682764684284,-0.07384676641184992,-0.1618191459535521,0.37037037037037035,0.6666666666666666,-0.5063933856369418,False,False
Carlos Narváez,carlos narvaez,BAL,0.0,25,,home_runs,BAL,BAL,1,bottom,Carlos Narváez,25,10,6,-0.04093221502432037,-0.04263708374209874,-0.041483900893353735,-0.03867012586965549,0.20281713813182714,0.0,0.0,0.0011531828487450074,False,False
Christian Franklin,christian franklin,BAL,0.0,16,,home_runs,BAL,BAL,2,bottom,Christian Franklin,13,7,3,0.0,0.0,0.0,0.0,,0.0,0.0,0.0,False,False
Jeremiah Jackson,jeremiah jackson,BAL,0.016666666666666666,60,,home_runs,BAL,BAL,3,bottom,Jeremiah Jackson,57,20,15,0.003354666139122352,-0.015491605139365396,-0.015863049457279833,0.03359062793529453,0.05331927476883523,0.0,0.0,-0.0003714443179144364,False,False
Pete Alonso,pete alonso,BAL,0.22972972972972974,148,,home_runs,BAL,BAL,1,top,Pete Alonso,145,41,36,0.048150795610292764,0.15571817303467245,-0.0017802384761477473,0.009728071385473533,-0.14158607773306764,0.19444444444444445,0.3170731707317073,-0.1574984115108202,False,False
Coby Mayo,coby mayo,BAL,0.18487394957983194,119,,home_runs,BAL,BAL,2,top,Coby Mayo,116,33,29,0.06297026636629494,-0.005803681675023113,0.06593366709901236,0.10340733422027067,0.03596185642411536,0.20689655172413793,0.12121212121212122,0.07173734877403547,False,False
Christian Encarnacion-strand,christian encarnacion-strand,BAL,0.17391304347826086,46,,home_runs,BAL,BAL,3,top,Christian Encarnacion-strand,43,15,12,-0.11655668572439423,-0.07961354024397505,-0.17205164488021665,-0.10956966524542044,-0.06651701550538056,0.08333333333333333,0.2,-0.09243810463624161,False,True
Carlos Narváez,carlos narvaez,BAL,0.0,25,,rbi,BAL,BAL,1,bottom,Carlos Narváez,25,10,6,-0.13644071674773456,-0.1421236124736625,-0.13827966964451244,-0.12890041956551831,0.20281713813182614,0.0,0.0,0.003843942829150071,False,True
Christian Franklin,christian franklin,BAL,0.0,16,,rbi,BAL,BAL,2,bottom,Christian Franklin,13,7,3,0.0,0.0,0.0,0.0,,0.0,0.0,0.0,False,False
Weston Wilson,weston wilson,BAL,0.15789473684210525,19,,rbi,BAL,BAL,3,bottom,Weston Wilson,16,8,4,-0.2065744049659491,-0.08745436548745374,-0.2680555555555556,-0.3833333333333333,-0.3130710152226831,0.0,0.125,-0.18060119006810188,False,True
Adley Rutschman,adley rutschman,BAL,0.7014925373134329,67,,rbi,BAL,BAL,1,top,Adley Rutschman,64,19,13,-0.0009531091173279743,-0.2946583663388663,-0.11297387841345409,0.2189428248845117,0.10121658008749138,0.3076923076923077,0.21052631578947367,0.1816844879254122,False,True
Christian Encarnacion-strand,christian encarnacion-strand,BAL,0.6956521739130435,46,,rbi,BAL,BAL,2,top,Christian Encarnacion-strand,43,15,12,-0.21706278917957197,0.04460061489771639,-0.26572739668469,-0.4258737748731914,-0.11877473508488001,0.3333333333333333,0.3333333333333333,-0.31032801158240636,False,False
Pete Alonso,pete alonso,BAL,0.6554054054054054,148,,rbi,BAL,BAL,3,top,Pete Alonso,145,41,36,0.09707492895571898,0.1554608808760518,0.10185572863564889,0.05934062282026133,-0.05730201446485324,0.4166666666666667,0.43902439024390244,-0.05360515224040292,False,False
Carlos Narváez,carlos narvaez,BAL,0.24,25,,total_bases,BAL,BAL,1,bottom,Carlos Narváez,25,10,6,-0.44345132346845084,-0.4998233362610863,-0.35472357104656,-0.439967588646783,0.1525973610497584,0.16666666666666666,0.2,0.14509976521452633,False,True
Christian Franklin,christian franklin,BAL,0.4375,16,,total_bases,BAL,BAL,2,bottom,Christian Franklin,13,7,3,0.17308652885575965,0.2314935064935065,0.21623931623931622,-0.006349206349206345,-0.06132857661978846,0.3333333333333333,0.2857142857142857,-0.01525419025419028,False,False
Jeremiah Jackson,jeremiah jackson,BAL,0.6166666666666667,60,,total_bases,BAL,BAL,3,bottom,Jeremiah Jackson,57,20,15,-0.1395592570552402,-0.23469599697579704,-0.035007100647600785,-0.12435687285994276,0.12912095638280566,0.4666666666666667,0.35,0.19968889632819625,False,True
Pete Alonso,pete alonso,BAL,1.8445945945945945,148,,total_bases,BAL,BAL,1,top,Pete Alonso,145,41,36,0.21343650287821128,0.763270437230247,-0.1322968063889065,0.06495426501325208,-0.1785311758528582,0.3333333333333333,0.5853658536585366,-0.8955672436191535,False,False
Adley Rutschman,adley rutschman,BAL,1.5970149253731343,67,,total_bases,BAL,BAL,2,top,Adley Rutschman,64,19,13,-0.2557074169466718,-0.5202184976956379,-0.06762751157095351,-0.1750614243108588,0.07724490688521443,0.38461538461538464,0.3684210526315789,0.4525909861246844,False,True
Christian Encarnacion-strand,christian encarnacion-strand,BAL,1.5869565217391304,46,,total_bases,BAL,BAL,3,top,Christian Encarnacion-strand,43,15,12,-0.4923868371259632,-0.4994999120578831,-0.2594820462661773,-0.6603969225221278,0.03792649636302223,0.3333333333333333,0.26666666666666666,0.24001786579170575,False,True
Nate Eaton,nate eaton,BOS,0.3333333333333333,15,,hits,BOS,BOS,1,bottom,Nate Eaton,12,3,3,0.07725700225700227,-0.5052910052910052,-0.016450216450216455,0.4153846153846154,0.2598562614108531,0.3333333333333333,0.0,0.4888407888407888,False,True
Carlos Narváez,carlos narvaez,BOS,0.5161290322580645,62,,hits,BOS,BOS,2,bottom,Carlos Narváez,59,19,16,-0.2074337866704418,-0.18944705607594278,-0.2040417798360264,-0.22393461961403052,-0.03958770894037337,0.375,0.3684210526315789,-0.014594723760083611,False,True
Eli White,eli white,BOS,0.5925925925925926,27,,hits,BOS,BOS,3,bottom,Eli White,27,6,10,0.14098298934703937,-0.11682383711326179,0.6466280265459794,-0.17807241185546896,0.4201579618372471,0.7,0.3333333333333333,0.7634518636592412,True,True
Ceddanne Rafaela,ceddanne rafaela,BOS,1.1185185185185185,135,,hits,BOS,BOS,1,top,Ceddanne Rafaela,132,40,37,0.11931319563469929,0.14673360667902174,0.1434580608123164,0.08312816921024967,0.02002607261165469,0.5135135135135135,0.525,-0.003275545866705337,False,False
Wilyer Abreu,wilyer abreu,BOS,0.9791666666666666,144,,hits,BOS,BOS,2,top,Wilyer Abreu,141,41,42,-0.14573647482477423,-0.1666549118490771,-0.2213986771144631,-0.07615943320126822,-0.00128216145522142,0.38095238095238093,0.3170731707317073,-0.05474376526538599,False,True
Willson Contreras,willson contreras,BOS,0.975,120,,hits,BOS,BOS,3,top,Willson Contreras,117,38,32,-0.07101929758470854,-0.19648396830412285,0.31434616751296307,-0.23195626345253298,0.24265604233962268,0.46875,0.2894736842105263,0.5108301358170859,False,True
Isiah Kiner-falefa,isiah kiner-falefa,BOS,0.03636363636363636,55,,home_runs,BOS,BOS,1,bottom,Isiah Kiner-falefa,52,16,15,0.02225544637980092,0.04541160963000367,-0.021745486038018146,0.036041892773326735,-0.13466172502083865,0.0,0.0625,-0.06715709566802182,False,False
Eli White,eli white,BOS,0.037037037037037035,27,,home_runs,BOS,BOS,2,bottom,Eli White,27,6,10,-0.025281687757771978,-0.061530663004265664,0.038110524530562476,-0.06313880333998856,0.27294174460768894,0.1,0.0,0.09964118753482815,False,True
Carlos Narváez,carlos narvaez,BOS,0.04838709677419355,62,,home_runs,BOS,BOS,3,bottom,Carlos Narváez,59,19,16,0.003828844480871801,0.05953676128545373,-0.054685474858511884,-0.0012637100964997493,-0.20536106397354434,0.0,0.10526315789473684,-0.11422223614396562,False,False
Willson Contreras,willson contreras,BOS,0.21666666666666667,120,,home_runs,BOS,BOS,1,top,Willson Contreras,117,38,32,-0.026384694859858244,-0.0031882796187393887,0.045510875253375715,-0.09408941874892213,0.024434968173213556,0.28125,0.21052631578947367,0.048699154872115104,False,False
Adley Rutschman,adley rutschman,BOS,0.2,20,,home_runs,BOS,BOS,2,top,Adley Rutschman,20,6,7,0.081365759429927,-0.1134064935588787,0.4507182660671729,-0.12103910178834254,0.449712294123586,0.42857142857142855,0.0,0.5641247596260516,False,True
Wilyer Abreu,wilyer abreu,BOS,0.16666666666666666,144,,home_runs,BOS,BOS,3,top,Wilyer Abreu,141,41,42,-0.006738446019446147,0.06959122090470078,-0.06006560308376688,-0.022079407177869513,-0.09569398423111072,0.11904761904761904,0.17073170731707318,-0.12965682398846767,False,False
Carlos Narváez,carlos narvaez,BOS,0.16129032258064516,62,,rbi,BOS,BOS,1,bottom,Carlos Narváez,59,19,16,0.07772191626986259,0.16892842444940628,-0.045196035043853534,0.08746206483686787,-0.17619157774805322,0.0625,0.15789473684210525,-0.2141244594932598,False,False
Roman Anthony,roman anthony,BOS,0.21428571428571427,42,,rbi,BOS,BOS,2,bottom,Roman Anthony,39,5,16,0.00854341038989771,-0.1922366522366522,0.11621683941246636,-0.03139406467834387,0.07125335521590376,0.25,0.0,0.30845349164911856,False,True
Anthony Seigler,anthony seigler,BOS,0.2708333333333333,48,,rbi,BOS,BOS,3,bottom,Anthony Seigler,45,13,13,0.06110964815269981,-0.005992913144938742,-0.2707870726202103,0.334109156937812,-0.13492829008513169,0.0,0.23076923076923078,-0.2647941594752716,False,False
Willson Contreras,willson contreras,BOS,0.6583333333333333,120,,rbi,BOS,BOS,1,top,Willson Contreras,117,38,32,-0.04774155318002311,-0.13036570050392257,0.2676292787495046,-0.19565961750846358,0.14848960421983623,0.4375,0.3157894736842105,0.3979949792534272,False,True
Ceddanne Rafaela,ceddanne rafaela,BOS,0.5185185185185185,135,,rbi,BOS,BOS,2,top,Ceddanne Rafaela,132,40,37,0.08865059553904821,0.1361954415806583,0.11878255652623601,0.03380193375376908,0.006250121225008031,0.40540540540540543,0.375,-0.01741288505442229,False,False
Jarren Duran,jarren duran,BOS,0.5,138,,rbi,BOS,BOS,3,top,Jarren Duran,135,38,40,-0.023483644672142718,-0.14095873474397896,0.016344780348852138,0.026883310097856963,0.03337459145696456,0.3,0.2894736842105263,0.1573035150928311,False,True
Nate Eaton,nate eaton,BOS,0.6666666666666666,15,,total_bases,BOS,BOS,1,bottom,Nate Eaton,12,3,3,0.04049492174492177,-1.1369047619047619,-0.4536796536796537,0.8762820512820513,0.1426824355659573,0.3333333333333333,0.0,0.6832251082251082,False,True
Carlos Narváez,carlos narvaez,BOS,0.7580645161290323,62,,total_bases,BOS,BOS,2,bottom,Carlos Narváez,59,19,16,-0.1977293779297326,-0.07545000957841204,-0.344425496523608,-0.19673646547861112,-0.10284784629933555,0.25,0.3157894736842105,-0.26897548694519596,False,False
Eli White,eli white,BOS,0.8148148148148148,27,,total_bases,BOS,BOS,3,bottom,Eli White,27,6,10,0.0705789875301669,-0.39986488693288397,0.746967791938157,-0.28771417586088727,0.40967531985753886,0.7,0.3333333333333333,1.146832678871041,True,True
Willson Contreras,willson contreras,BOS,1.85,120,,total_bases,BOS,BOS,1,top,Willson Contreras,117,38,32,-0.11304730948798303,-0.1902555003240069,0.5710250407091666,-0.5163750532015974,0.15798021490152525,0.5625,0.3157894736842105,0.7612805410331736,True,True
Wilyer Abreu,wilyer abreu,BOS,1.7777777777777777,144,,total_bases,BOS,BOS,2,top,Wilyer Abreu,141,41,42,-0.16076900252688947,0.08211632558941918,-0.5676242431309552,-0.03784449127512906,-0.09152640455108534,0.3333333333333333,0.36585365853658536,-0.6497405687203743,False,False
Ceddanne Rafaela,ceddanne rafaela,BOS,1.7555555555555555,135,,total_bases,BOS,BOS,3,top,Ceddanne Rafaela,132,40,37,0.24494090744146435,0.44228963837083013,0.3519732756017211,0.0294109645486619,0.011089427603918447,0.4594594594594595,0.525,-0.09031636276910904,False,False
Kevin Alcantara,kevin alcantara,CHC,0.25,24,,hits,CHC,CHC,1,bottom,Kevin Alcantara,21,3,7,0.13446137436267816,0.2631578947368421,0.1376700680272109,0.09732042738320348,-0.1251171428192562,0.2857142857142857,0.3333333333333333,-0.12548782670963118,False,False
Matt Shaw,matt shaw,CHC,0.5538461538461539,65,,hits,CHC,CHC,2,bottom,Matt Shaw,62,22,16,-0.09948613759384999,-0.2967998455414178,0.022112008634977337,0.0003193305388690439,0.22589626431459084,0.4375,0.3181818181818182,0.3189118541763951,False,True
Michael Conforto,michael conforto,CHC,0.5544554455445545,101,,hits,CHC,CHC,3,bottom,Michael Conforto,98,29,33,0.04660587942091984,0.01646333604634397,-0.018981403559887297,0.13100904876062353,-0.08735419317079096,0.3333333333333333,0.4827586206896552,-0.03544473960623126,False,False
Pete Crow-Armstrong,pete crow-armstrong,CHC,1.0608108108108107,148,,hits,CHC,CHC,1,top,Pete Crow-Armstrong,145,42,51,0.06776029402926212,-0.15566673873262998,0.09203397933206953,0.22441370605919075,0.10077300909188494,0.47058823529411764,0.35714285714285715,0.2477007180646995,False,True
Nico Hoerner,nico hoerner,CHC,1.0482758620689656,145,,hits,CHC,CHC,2,top,Nico Hoerner,142,42,49,0.014202054026778436,0.06814315078298148,-0.04684728534802833,0.028435221979817717,-0.06958637742744603,0.3469387755102041,0.42857142857142855,-0.11499043613100982,False,False
Alex Bregman,alex bregman,CHC,1.0344827586206897,145,,hits,CHC,CHC,3,top,Alex Bregman,142,40,51,0.05971096094262538,0.08851209609709662,0.11467098080162665,-0.017838184527725835,0.053014445204007644,0.39215686274509803,0.575,0.026158884704530025,False,False
Kevin Alcantara,kevin alcantara,CHC,0.041666666666666664,24,,home_runs,CHC,CHC,1,bottom,Kevin Alcantara,21,3,7,0.038735626002706754,0.3333333333333333,0.0,-0.016959259449378025,-0.44935900542976803,0.0,0.3333333333333333,-0.3333333333333333,False,False
Tyrone Taylor,tyrone taylor,CHC,0.043478260869565216,23,,home_runs,CHC,CHC,2,bottom,Tyrone Taylor,23,7,8,-0.08816569704815327,0.011246511287377085,-0.1302265679302671,-0.13309050845962853,-0.21095961510299305,0.0,0.14285714285714285,-0.14147307921764418,False,False
Nico Hoerner,nico hoerner,CHC,0.05517241379310345,145,,home_runs,CHC,CHC,3,bottom,Nico Hoerner,142,42,49,-0.010618590343501488,0.02623088121286867,-0.0077416127662845845,-0.04372936890528923,-0.08479114742585799,0.061224489795918366,0.09523809523809523,-0.03397249397915326,False,False
Pete Crow-Armstrong,pete crow-armstrong,CHC,0.2702702702702703,148,,home_runs,CHC,CHC,1,top,Pete Crow-Armstrong,145,42,51,0.11701146914727366,0.011886954137328168,0.12345238797544589,0.1956026762661377,0.10476894984314744,0.21568627450980393,0.14285714285714285,0.11156543383811772,False,False
Seiya Suzuki,seiya suzuki,CHC,0.18461538461538463,130,,home_runs,CHC,CHC,2,top,Seiya Suzuki,127,35,47,0.006346920983054811,-0.0047715743166319565,0.040398299901629,-0.020570133987699604,0.08278505233136871,0.2127659574468085,0.2,0.04516987421826096,False,False
Alex Bregman,alex bregman,CHC,0.1724137931034483,145,,home_runs,CHC,CHC,3,top,Alex Bregman,142,40,51,0.043592624889833134,0.056942576675141784,0.05126382310046705,0.025450876259349327,0.01970106965175918,0.13725490196078433,0.125,-0.005678753574674733,False,False
Kevin Alcantara,kevin alcantara,CHC,0.25,24,,rbi,CHC,CHC,1,bottom,Kevin Alcantara,21,3,7,0.20581596378930184,0.6140350877192983,0.2570578231292517,0.061875019501152956,-0.17558342323064824,0.14285714285714285,0.3333333333333333,-0.3569772645900466,False,False
Miguel Amaya,miguel amaya,CHC,0.3026315789473684,76,,rbi,CHC,CHC,2,bottom,Miguel Amaya,73,20,26,-0.03497369046196388,-0.17060695671947096,-0.14607650023605964,0.1724832865482817,0.03510318038958951,0.11538461538461539,0.15,0.024530456483411317,False,True
Matt Shaw,matt shaw,CHC,0.3384615384615385,65,,rbi,CHC,CHC,3,bottom,Matt Shaw,62,22,16,-0.036852169862555004,-0.1647170976975114,-0.11639952869869331,0.13338891987691393,0.08673235778388824,0.125,0.18181818181818182,0.048317568998818075,False,True
Pete Crow-Armstrong,pete crow-armstrong,CHC,0.6554054054054054,148,,rbi,CHC,CHC,1,top,Pete Crow-Armstrong,145,42,51,0.1677947507346295,-0.05118358420235837,0.18370102480905515,0.3290614832261253,0.09319996434307107,0.39215686274509803,0.2857142857142857,0.2348846090114135,False,False
Seiya Suzuki,seiya suzuki,CHC,0.6076923076923076,130,,rbi,CHC,CHC,2,top,Seiya Suzuki,127,35,47,0.08364898112368975,0.05826898166946466,0.11466679259691039,0.0709925998271677,0.08076109584890181,0.3617021276595745,0.4,0.056397810927445724,False,False
Alex Bregman,alex bregman,CHC,0.5793103448275863,145,,rbi,CHC,CHC,3,top,Alex Bregman,142,40,51,0.17593695762822775,0.08221710573591143,0.25369019045402713,0.17168949099248038,0.11233033857256318,0.35294117647058826,0.275,0.1714730847181157,False,False
Kevin Alcantara,kevin alcantara,CHC,0.375,24,,total_bases,CHC,CHC,1,bottom,Kevin Alcantara,21,3,7,0.25066825237079843,1.2631578947368423,0.1376700680272109,0.0464426490350694,-0.38324969529870706,0.2857142857142857,0.3333333333333333,-1.1254878267096313,False,False
Miguel Amaya,miguel amaya,CHC,0.9342105263157895,76,,total_bases,CHC,CHC,2,bottom,Miguel Amaya,73,20,26,-0.07868960368713429,-0.32131852039703823,-0.18744069257600626,0.2057587905835602,0.03821245660018466,0.4230769230769231,0.35,0.13387782782103197,False,True
Matt Shaw,matt shaw,CHC,1.0,65,,total_bases,CHC,CHC,3,bottom,Matt Shaw,62,22,16,-0.05619277246964836,-0.31381182425839943,-0.15010160577681694,0.24256391387481924,0.11423195584391278,0.25,0.2727272727272727,0.1637102184815825,False,True
Pete Crow-Armstrong,pete crow-armstrong,CHC,2.1554054054054053,148,,total_bases,CHC,CHC,1,top,Pete Crow-Armstrong,145,42,51,0.4846698669098587,-0.10601575909336017,0.5007227565130584,0.9460179231093201,0.11109717602124135,0.45098039215686275,0.23809523809523808,0.6067385156064186,False,False
Seiya Suzuki,seiya suzuki,CHC,1.8076923076923077,130,,total_bases,CHC,CHC,2,top,Seiya Suzuki,127,35,47,0.1404404463317791,-0.18533213655032052,0.3745282001107388,0.14932746795983207,0.14359257315875443,0.5319148936170213,0.37142857142857144,0.5598603366610593,False,True
Alex Bregman,alex bregman,CHC,1.7655172413793103,145,,total_bases,CHC,CHC,3,top,Alex Bregman,142,40,51,0.24505837374402267,0.2915126935582893,0.4790058995866763,-0.02532391273727154,0.06529626491308324,0.39215686274509803,0.4,0.18749320602838698,False,False
Ivan Johnson,ivan johnson,CIN,0.07142857142857142,14,,hits,CIN,CIN,1,bottom,Ivan Johnson,11,2,4,-0.008800038345492887,-0.07142857142857142,-0.1067550505050505,0.09461538461538463,-0.1714428355008082,0.0,0.0,-0.03532647907647908,False,False
Rece Hinds,rece hinds,CIN,0.3333333333333333,12,,hits,CIN,CIN,2,bottom,Rece Hinds,9,4,0,0.07926086259419592,-0.16590909090909092,,0.2753968253968254,0.22392661650643655,,0.25,,False,True
Ke'Bryan Hayes,ke'bryan hayes,CIN,0.38271604938271603,81,,hits,CIN,CIN,3,bottom,Ke'Bryan Hayes,78,21,26,0.07158931829638017,0.2395472547913144,-0.05966321274440355,0.06789412928563042,-0.20395074691283954,0.2692307692307692,0.47619047619047616,-0.29921046753571795,False,False
Elly De La Cruz,elly de la cruz,CIN,1.09375,128,,hits,CIN,CIN,1,top,Elly De La Cruz,125,45,37,0.029780110536232026,0.128796372081612,0.10452808400516746,-0.13815958220545888,0.04656234086207331,0.40540540540540543,0.4222222222222222,-0.02426828807644453,False,False
Sal Stewart,sal stewart,CIN,1.0136054421768708,147,,hits,CIN,CIN,2,top,Sal Stewart,144,49,43,-0.0329533889208685,-0.026844714745074685,0.024221081110812767,-0.08598852826656453,0.030643932135822984,0.6744186046511628,0.5918367346938775,0.051065795855887455,False,False
Nathaniel Lowe,nathaniel lowe,CIN,0.7951807228915663,83,,hits,CIN,CIN,3,top,Nathaniel Lowe,80,27,21,0.12935679395425054,0.17839638860766188,0.13237084434162702,0.0860016653987188,-0.0343479634700977,0.47619047619047616,0.6296296296296297,-0.04602554426603486,False,False
Edwin Arroyo,edwin arroyo,CIN,0.0,50,,home_runs,CIN,CIN,1,bottom,Edwin Arroyo,47,17,13,0.0,0.0,0.0,0.0,,0.0,0.0,0.0,False,False
Ivan Johnson,ivan johnson,CIN,0.0,14,,home_runs,CIN,CIN,2,bottom,Ivan Johnson,11,2,4,0.0,0.0,0.0,0.0,,0.0,0.0,0.0,False,False
Rece Hinds,rece hinds,CIN,0.0,12,,home_runs,CIN,CIN,3,bottom,Rece Hinds,9,4,0,0.0,0.0,,0.0,,,0.0,,False,False
Sal Stewart,sal stewart,CIN,0.20408163265306123,147,,home_runs,CIN,CIN,1,top,Sal Stewart,144,49,43,-0.02701423626717033,-0.02658287463422499,-0.07916152750804942,0.015701086874050408,-0.048771909322026755,0.11627906976744186,0.20408163265306123,-0.052578652873824426,False,False
Elly De La Cruz,elly de la cruz,CIN,0.203125,128,,home_runs,CIN,CIN,2,top,Elly De La Cruz,125,45,37,-0.03220818933812431,0.005896525068659999,0.0039210632195379545,-0.10317317754600337,-0.039831128154644804,0.21621621621621623,0.2222222222222222,-0.0019754618491220448,False,False
Eugenio Suarez,eugenio suarez,CIN,0.18584070796460178,113,,home_runs,CIN,CIN,3,top,Eugenio Suarez,110,38,33,0.018977743862749873,0.011540457767753561,-0.03612855773819802,0.07285273936124063,0.012346949083263215,0.12121212121212122,0.18421052631578946,-0.04766901550595158,False,False
Ivan Johnson,ivan johnson,CIN,0.0,14,,rbi,CIN,CIN,1,bottom,Ivan Johnson,11,2,4,0.0,0.0,0.0,0.0,,0.0,0.0,0.0,False,False
Ke'Bryan Hayes,ke'bryan hayes,CIN,0.09876543209876543,81,,rbi,CIN,CIN,2,bottom,Ke'Bryan Hayes,78,21,26,0.03003308023928734,0.1368596629876301,0.01783578819302996,-0.03210332764821284,-0.09293051260436118,0.07692307692307693,0.14285714285714285,-0.11902387479460015,False,False
Edwin Arroyo,edwin arroyo,CIN,0.1,50,,rbi,CIN,CIN,3,bottom,Edwin Arroyo,47,17,13,-0.009515261045194066,-0.013633151673812809,-0.021218219264411926,0.0035519505745912716,-0.020145301931942135,0.07692307692307693,0.11764705882352941,-0.007585067590599117,False,False
Sal Stewart,sal stewart,CIN,0.7210884353741497,147,,rbi,CIN,CIN,1,top,Sal Stewart,144,49,43,0.001374575925900111,-0.008110203185333946,-0.19275694780870292,0.17084399317663854,-0.12878019867685642,0.3488372093023256,0.40816326530612246,-0.18464674462336897,False,False
Eugenio Suarez,eugenio suarez,CIN,0.5486725663716814,113,,rbi,CIN,CIN,2,top,Eugenio Suarez,110,38,33,-0.005524476332369843,-0.13412008654525143,-0.044402314845178106,0.15267044312948075,0.06405197435467022,0.3333333333333333,0.23684210526315788,0.08971777170007332,False,True
Elly De La Cruz,elly de la cruz,CIN,0.546875,128,,rbi,CIN,CIN,3,top,Elly De La Cruz,125,45,37,-0.0343418475748518,0.1561024296983497,-0.07415419748588845,-0.19938685991405436,-0.09851962844126325,0.35135135135135137,0.4444444444444444,-0.23025662718423814,False,False
Ivan Johnson,ivan johnson,CIN,0.07142857142857142,14,,total_bases,CIN,CIN,1,bottom,Ivan Johnson,11,2,4,-0.008800038345492887,-0.07142857142857142,-0.1067550505050505,0.09461538461538463,-0.1714428355008082,0.0,0.0,-0.03532647907647908,False,False
Rece Hinds,rece hinds,CIN,0.5833333333333334,12,,total_bases,CIN,CIN,2,bottom,Rece Hinds,9,4,0,0.1792488375821709,-0.19242424242424244,,0.47658730158730156,0.1344557839929581,,0.25,,False,True
Ke'Bryan Hayes,ke'bryan hayes,CIN,0.6172839506172839,81,,total_bases,CIN,CIN,3,bottom,Ke'Bryan Hayes,78,21,26,0.13590821032300515,0.5206526750692975,-0.1358265888078,0.10318146895941797,-0.25287362896591664,0.2692307692307692,0.47619047619047616,-0.6564792638770974,False,False
Elly De La Cruz,elly de la cruz,CIN,1.984375,128,,total_bases,CIN,CIN,1,top,Elly De La Cruz,125,45,37,-0.011192536891745465,0.25786650058307586,0.16452916529823006,-0.44396834311025823,-0.009828938396276536,0.4594594594594595,0.4444444444444444,-0.09333733528484581,False,False
Sal Stewart,sal stewart,CIN,1.7959183673469388,147,,total_bases,CIN,CIN,2,top,Sal Stewart,144,49,43,-0.18006199296110761,-0.16941025015438146,-0.25218056870138345,-0.13046269758990997,-0.009327582908111262,0.32558139534883723,0.3877551020408163,-0.08277031854700198,False,True
JJ Bleday,jj bleday,CIN,1.4621848739495797,119,,total_bases,CIN,CIN,3,top,JJ Bleday,116,40,40,-0.40421856548394014,-0.42371349412516224,-0.34418965517885736,-0.44925632288822964,0.0232390022661704,0.2,0.225,0.07952383894630488,False,True
David Fry,david fry,CLE,0.3625,80,,hits,CLE,CLE,1,bottom,David Fry,77,21,18,-0.11452813056210429,-0.19345636385531456,0.026806339046359165,-0.13785780303039183,0.11157502702266024,0.3333333333333333,0.2857142857142857,0.2202627029016737,False,True
Bo Naylor,bo naylor,CLE,0.42857142857142855,28,,hits,CLE,CLE,2,bottom,Bo Naylor,25,9,9,0.014950956699980821,-0.09322590989257654,0.13879588371276352,-0.005193692411737473,0.05533371024565653,0.4444444444444444,0.2222222222222222,0.23202179360534006,False,False
Petey Halpin,petey halpin,CLE,0.4857142857142857,70,,hits,CLE,CLE,3,bottom,Petey Halpin,67,7,23,0.09894486233496014,-0.08764281408593803,0.22068234266662085,0.05857058361382748,0.16025790907937398,0.43478260869565216,0.2857142857142857,0.3083251567525589,False,False
Chase DeLauter,chase delauter,CLE,1.0901639344262295,122,,hits,CLE,CLE,1,top,Chase DeLauter,119,27,32,0.06209860090976604,0.03201645295629427,-0.0994457114519933,0.1617925340817666,-0.001206587701754588,0.40625,0.5185185185185185,-0.13146216440828756,False,False
Steven Kwan,steven kwan,CLE,0.9710144927536232,138,,hits,CLE,CLE,2,top,Steven Kwan,135,30,39,0.11354073726495711,0.09151073295206472,0.22423611901152923,0.05814346819329743,0.037051902531097795,0.5897435897435898,0.6,0.13272538605946452,False,False
Travis Bazzana,travis bazzana,CLE,0.8818181818181818,110,,hits,CLE,CLE,3,top,Travis Bazzana,107,20,27,0.016513260857081,-0.3586674103408893,0.5805341729886364,-0.11223592586946214,0.33035651426273227,0.7407407407407407,0.35,0.9392015833295257,True,True
Juan Brito,juan brito,CLE,0.0,15,,home_runs,CLE,CLE,1,bottom,Juan Brito,12,2,8,0.0,0.0,0.0,0.0,,0.0,0.0,0.0,False,False
Steven Kwan,steven kwan,CLE,0.014492753623188406,138,,home_runs,CLE,CLE,2,bottom,Steven Kwan,135,30,39,-0.006128525882563589,-0.017804209444219357,-0.02717316003498505,0.0116140686446199,0.002921040634949627,0.0,0.0,-0.009368950590765694,False,False
Petey Halpin,petey halpin,CLE,0.04285714285714286,70,,home_runs,CLE,CLE,3,bottom,Petey Halpin,67,7,23,0.01963515721415099,-0.022566812040496247,-0.02273815898767105,0.05395948309048714,0.0538404831881639,0.0,0.0,-0.00017134694717480317,False,False
Nathaniel Lowe,nathaniel lowe,CLE,0.16129032258064516,31,,home_runs,CLE,CLE,1,top,Nathaniel Lowe,31,0,6,0.01723799131803405,,0.19206063206063206,-0.02471944246018947,0.2878731033506393,0.3333333333333333,,,False,False
Angel Martínez,angel martinez,CLE,0.13592233009708737,103,,home_runs,CLE,CLE,2,top,Angel Martínez,100,24,32,0.0019717813217192456,-0.02947341341837557,0.04319934660025181,-0.010859978113525438,0.06366662157730563,0.1875,0.08333333333333333,0.07267276001862738,False,False
Gabriel Arias,gabriel arias,CLE,0.11904761904761904,42,,home_runs,CLE,CLE,3,top,Gabriel Arias,39,16,5,-0.012576005307620118,0.048412566683072866,-0.14105937921727393,-0.03109824321333225,-0.1308850828866019,0.0,0.1875,-0.1894719459003468,False,False
Petey Halpin,petey halpin,CLE,0.14285714285714285,70,,rbi,CLE,CLE,1,bottom,Petey Halpin,67,7,23,0.04013802907074496,-0.08094491567539105,0.01917249999830597,0.0760782393920706,0.12051566957673601,0.08695652173913043,0.0,0.10011741567369703,False,True
David Fry,david fry,CLE,0.1625,80,,rbi,CLE,CLE,2,bottom,David Fry,77,21,18,-0.0002929376399918708,0.05124882212912246,0.043897911307595495,-0.049709049119149064,-0.011685898486821293,0.16666666666666666,0.09523809523809523,-0.007350910821526967,False,False
Angel Genao,angel genao,CLE,0.1935483870967742,31,,rbi,CLE,CLE,3,bottom,Angel Genao,28,0,5,-0.07719930469916833,,-0.19703057084902925,-0.05114902944919855,-0.1097386461576564,0.0,,,False,False
Jo Adell,jo adell,CLE,0.7058823529411765,34,,rbi,CLE,CLE,1,top,Jo Adell,34,0,6,0.12387810051064123,,-0.10807699761495752,0.17358276439469805,0.019243309296122117,0.5,,,False,False
Nathaniel Lowe,nathaniel lowe,CLE,0.6774193548387096,31,,rbi,CLE,CLE,2,top,Nathaniel Lowe,31,0,6,0.19370408994499916,,0.6782061653490224,0.07742359184803355,0.20021820416138872,0.6666666666666666,,,False,False
Chase DeLauter,chase delauter,CLE,0.5081967213114754,122,,rbi,CLE,CLE,3,top,Chase DeLauter,119,27,32,-0.14772208127835076,-0.23924083871671367,-0.08659715774414696,-0.13913859964932943,0.10077568883328152,0.3125,0.2962962962962963,0.1526436809725667,False,True
David Fry,david fry,CLE,0.6375,80,,total_bases,CLE,CLE,1,bottom,David Fry,77,21,18,-0.14965580793216435,-0.13962361240453391,-0.05571468893226491,-0.19969834077633344,0.030170950932229813,0.3333333333333333,0.23809523809523808,0.083908923472269,False,False
Petey Halpin,petey halpin,CLE,0.7,70,,total_bases,CLE,CLE,2,bottom,Petey Halpin,67,7,23,0.16481000551554587,-0.11604047003028331,0.1815794316548508,0.20751964139708065,0.13274822756565458,0.43478260869565216,0.2857142857142857,0.2976199016851341,False,False
Bo Naylor,bo naylor,CLE,0.7142857142857143,28,,total_bases,CLE,CLE,3,bottom,Bo Naylor,25,9,9,0.2203471728089443,-0.15681417348084015,0.5518449048819893,0.279057533944752,0.17397858097407787,0.4444444444444444,0.2222222222222222,0.7086590783628295,False,True
Chase DeLauter,chase delauter,CLE,1.7131147540983607,122,,total_bases,CLE,CLE,1,top,Chase DeLauter,119,27,32,-0.21422496199563115,-0.5296524015740793,-0.2924317688346265,-0.030572317204531886,0.07547527230123179,0.40625,0.37037037037037035,0.23722063273945282,False,True
Jo Adell,jo adell,CLE,1.4411764705882353,34,,total_bases,CLE,CLE,2,top,Jo Adell,34,0,6,-0.074666405417641,,-0.5289643397940695,0.022683151948736546,0.033547421804389896,0.16666666666666666,,,False,False
Angel Martínez,angel martinez,CLE,1.4271844660194175,103,,total_bases,CLE,CLE,3,top,Angel Martínez,100,24,32,0.03200567892049863,-0.29071568052031255,0.12121880838011824,0.1431532353721269,0.04917542710812331,0.40625,0.3333333333333333,0.4119344889004308,False,True
Braxton Fulford,braxton fulford,COL,0.2,10,,hits,COL,COL,1,bottom,Braxton Fulford,7,3,3,-0.0807256235827664,0.1634920634920635,-0.26851851851851855,-0.25,-0.6059913088960708,0.0,0.3333333333333333,-0.43201058201058207,False,False
Ryan Ritter,ryan ritter,COL,0.21428571428571427,14,,hits,COL,COL,2,bottom,Ryan Ritter,11,2,5,0.07634158770522405,-0.2863636363636364,0.20583028083028082,0.09583333333333335,0.3184159057812039,0.4,0.0,0.4921939171939172,False,True
Zac Veen,zac veen,COL,0.45454545454545453,22,,hits,COL,COL,3,bottom,Zac Veen,19,7,9,-0.1383760272732898,-0.04495028780743066,-0.14539334695423445,-0.3353174603174603,-0.04037683242587958,0.3333333333333333,0.42857142857142855,-0.10044305914680379,False,False
Jake McCarthy,jake mccarthy,COL,1.0909090909090908,132,,hits,COL,COL,1,top,Jake McCarthy,129,40,46,0.25450710443798324,0.1580564085840877,0.28639789279491074,0.3101129548969869,0.05699755706645688,0.5,0.475,0.12834148421082303,False,False
TJ Rumfield,tj rumfield,COL,1.0352112676056338,142,,hits,COL,COL,2,top,TJ Rumfield,139,45,49,0.024892173221275526,-0.16895189042447661,0.1257489848681295,0.10891437529600885,0.12813435389258898,0.3673469387755102,0.35555555555555557,0.29470087529260613,False,True
Willi Castro,willi castro,COL,0.925,120,,hits,COL,COL,3,top,Willi Castro,117,39,41,0.05870589873366713,0.062126566047697694,0.15862282768456643,-0.055618428624010306,0.06098677864920659,0.6829268292682927,0.6410256410256411,0.09649626163686872,False,False
Braxton Fulford,braxton fulford,COL,0.0,10,,home_runs,COL,COL,1,bottom,Braxton Fulford,7,3,3,0.0,0.0,0.0,0.0,,0.0,0.0,0.0,False,False
Ryan Ritter,ryan ritter,COL,0.0,14,,home_runs,COL,COL,2,bottom,Ryan Ritter,11,2,5,0.0,0.0,0.0,0.0,,0.0,0.0,0.0,False,False
Jordan Beck,jordan beck,COL,0.018867924528301886,53,,home_runs,COL,COL,3,bottom,Jordan Beck,50,14,21,-0.010363332116402087,-0.03670620031152934,0.01987292417871171,-0.02810741394744264,0.21640089681528518,0.047619047619047616,0.0,0.05657912449024105,False,False
Hunter Goodman,hunter goodman,COL,0.29133858267716534,127,,home_runs,COL,COL,1,top,Hunter Goodman,124,40,47,0.029525073942535864,-0.1379203757087695,0.14230154930128364,0.06729057783959175,0.21886919897185458,0.2978723404255319,0.15,0.28022192501005316,False,True
Adael Amador,adael amador,COL,0.23076923076923078,13,,home_runs,COL,COL,2,top,Adael Amador,10,4,5,-0.059733044733044714,-0.014015151515151494,-0.058253968253968225,-0.25,0.022656892028117197,0.2,0.25,-0.04423881673881673,False,False
Mickey Moniak,mickey moniak,COL,0.21153846153846154,104,,home_runs,COL,COL,3,top,Mickey Moniak,101,25,36,-0.09948749036039407,0.04236295017755902,-0.22446823796847404,-0.07566134284934271,-0.23441321720162836,0.08333333333333333,0.28,-0.26683118814603307,False,False
Braxton Fulford,braxton fulford,COL,0.0,10,,rbi,COL,COL,1,bottom,Braxton Fulford,7,3,3,0.0,0.0,0.0,0.0,,0.0,0.0,0.0,False,False
Ryan Ritter,ryan ritter,COL,0.07142857142857142,14,,rbi,COL,COL,2,bottom,Ryan Ritter,11,2,5,0.024533294987840445,-0.09545454545454546,-0.10784493284493284,0.25,-0.2362630963528295,0.0,0.0,-0.012390387390387378,False,True
Brenton Doyle,brenton doyle,COL,0.1111111111111111,45,,rbi,COL,COL,3,bottom,Brenton Doyle,42,11,15,0.059512514698943045,0.10893720645081983,0.02183787308026659,0.06085301563703694,-0.08148176348644579,0.06666666666666667,0.18181818181818182,-0.08709933337055324,False,False
Adael Amador,adael amador,COL,0.7692307692307693,13,,rbi,COL,COL,1,top,Adael Amador,10,4,5,-0.43424242424242426,-0.2856060606060606,-0.47333333333333344,-0.8333333333333334,-0.13962420790491112,0.0,0.5,-0.18772727272727285,False,True
Mickey Moniak,mickey moniak,COL,0.6153846153846154,104,,rbi,COL,COL,2,top,Mickey Moniak,101,25,36,-0.055025661044146384,0.18323676791886825,-0.219577919687902,-0.05584264636665046,-0.1413120614804057,0.25,0.36,-0.40281468760677025,False,False
Hunter Goodman,hunter goodman,COL,0.6141732283464567,127,,rbi,COL,COL,3,top,Hunter Goodman,124,40,47,0.12507692824113292,-0.0801066590656849,0.22600604358584386,0.21868976799981657,0.14139921065089034,0.3829787234042553,0.3,0.3061127026515288,False,True
Ryan Ritter,ryan ritter,COL,0.21428571428571427,14,,total_bases,COL,COL,1,bottom,Ryan Ritter,11,2,5,0.07634158770522405,-0.2863636363636364,0.20583028083028082,0.09583333333333335,0.3184159057812039,0.4,0.0,0.4921939171939172,False,True
Braxton Fulford,braxton fulford,COL,0.3,10,,total_bases,COL,COL,2,bottom,Braxton Fulford,7,3,3,-0.270578231292517,-0.006349206349206364,-0.5,-0.375,-0.6294643702333905,0.0,0.3333333333333333,-0.4936507936507936,False,False
Brenton Doyle,brenton doyle,COL,0.7333333333333333,45,,total_bases,COL,COL,3,bottom,Brenton Doyle,42,11,15,0.06807795081254586,-0.2107092160544167,0.11433660716115075,0.21637663770676546,0.11852512925592548,0.4666666666666667,0.45454545454545453,0.32504582321556746,False,True
Hunter Goodman,hunter goodman,COL,1.937007874015748,127,,total_bases,COL,COL,1,top,Hunter Goodman,124,40,47,0.03438327804138428,-0.8552783765155352,0.5612532224230932,0.3269124346991264,0.2364800877523987,0.425531914893617,0.275,1.4165315989386285,False,True
Jake McCarthy,jake mccarthy,COL,1.7878787878787878,132,,total_bases,COL,COL,2,top,Jake McCarthy,129,40,46,0.42181794421336744,0.14376717137291195,0.3342205663212715,0.7741786487867309,0.021878167200990072,0.43478260869565216,0.425,0.19045339494835956,False,False
Adael Amador,adael amador,COL,1.7692307692307692,13,,total_bases,COL,COL,3,top,Adael Amador,10,4,5,-0.017619047619047666,0.07083333333333336,0.2914285714285715,-1.9166666666666667,0.19440683111749307,0.4,0.5,0.22059523809523812,False,False
Jake Rogers,jake rogers,CWS,0.2857142857142857,14,,hits,CWS,CWS,1,bottom,Jake Rogers,14,6,2,-0.16207844983694164,-0.11394396172332848,0.06431372549019607,-0.285676996392934,0.04021203488888705,0.5,0.3333333333333333,0.17825768721352453,False,True
Derek Hill,derek hill,CWS,0.34,50,,hits,CWS,CWS,2,bottom,Derek Hill,47,6,18,0.04274690419054907,0.1630551987694845,-0.05777439191093162,0.0900309721189421,-0.13849378569241566,0.2777777777777778,0.5,-0.2208295906804161,False,False
Brenton Doyle,brenton doyle,CWS,0.4074074074074074,27,,hits,CWS,CWS,3,bottom,Brenton Doyle,27,6,5,-0.14005973848556655,0.13153065529108854,0.043678583315701514,-0.29932436171470855,-0.11799351819966988,0.6,0.3333333333333333,-0.08785207197538702,False,False
Chase Meidroth,chase meidroth,CWS,0.9857142857142858,140,,hits,CWS,CWS,1,top,Chase Meidroth,137,33,36,-0.00237872979450862,-0.09185251759699276,0.2121024983404059,-0.07250651237355192,0.11396504861170563,0.5277777777777778,0.2727272727272727,0.30395501593739865,False,False
Miguel Vargas,miguel vargas,CWS,0.9166666666666666,144,,hits,CWS,CWS,2,top,Miguel Vargas,141,34,36,0.07496771238784349,0.015583953653207923,0.10988274012441675,0.08570161095771633,0.033764171551343085,0.6666666666666666,0.6470588235294118,0.09429878647120882,False,False
Sam Antonacci,sam antonacci,CWS,0.9126984126984127,126,,hits,CWS,CWS,3,top,Sam Antonacci,123,30,31,0.02566717731022214,-0.2126923808110961,0.16304873911581402,0.07231166646612852,0.1776337475699362,0.5806451612903226,0.6,0.3757411199269101,True,True
Luisangel Acuna,luisangel acuna,CWS,0.01098901098901099,91,,home_runs,CWS,CWS,1,bottom,Luisangel Acuna,88,17,23,0.005390241731559497,-0.006824098578629709,-0.004248941236428825,0.014334929096912573,-0.039816549547185213,0.0,0.0,0.0025751573422008837,False,False
Sam Antonacci,sam antonacci,CWS,0.06349206349206349,126,,home_runs,CWS,CWS,2,bottom,Sam Antonacci,123,30,31,0.0022793031534886414,0.036185751830275024,0.027014476862355672,-0.026494629834873776,-0.05294242207540526,0.0967741935483871,0.1,-0.009171274967919352,False,False
Edgar Quero,edgar quero,CWS,0.06666666666666667,30,,home_runs,CWS,CWS,3,bottom,Edgar Quero,27,13,5,-0.010148743855084274,-0.07555380018302224,0.1035995115995116,0.021131751143828443,0.1432654701080008,0.2,0.0,0.17915331178253385,False,True
Munetaka Murakami,munetaka murakami,CWS,0.27927927927927926,111,,home_runs,CWS,CWS,1,top,Munetaka Murakami,108,26,31,-0.08927004319803589,-0.04091260847187873,-0.02859971117797783,-0.15080089801179838,0.05987300726864308,0.2903225806451613,0.23076923076923078,0.012312897293900896,False,False
Colson Montgomery,colson montgomery,CWS,0.2246376811594203,138,,home_runs,CWS,CWS,2,top,Colson Montgomery,135,29,35,-0.017508749461406015,0.004890246168739534,-0.009223330447518961,-0.03074199648619851,-0.009091168101446861,0.22857142857142856,0.20689655172413793,-0.014113576616258495,False,False
Miguel Vargas,miguel vargas,CWS,0.20833333333333334,144,,home_runs,CWS,CWS,3,top,Miguel Vargas,141,34,36,0.007730520685447615,-0.03250026958782888,0.02914825953365226,0.016136270977786117,0.0011275651207616388,0.2222222222222222,0.17647058823529413,0.06164852912148114,False,False
Luisangel Acuna,luisangel acuna,CWS,0.13186813186813187,91,,rbi,CWS,CWS,1,bottom,Luisangel Acuna,88,17,23,0.009974239622176487,0.09161119809900482,0.005261136460265403,-0.01668048790661782,-0.03830557825685289,0.13043478260869565,0.17647058823529413,-0.08635006163873941,False,False
Derek Hill,derek hill,CWS,0.16,50,,rbi,CWS,CWS,2,bottom,Derek Hill,47,6,18,0.09272597225651023,0.09329906204906206,0.049460656746474346,0.12643628270978566,-0.023221092103599936,0.1111111111111111,0.16666666666666666,-0.043838405302587716,False,False
Jake Rogers,jake rogers,CWS,0.21428571428571427,14,,rbi,CWS,CWS,3,bottom,Jake Rogers,14,6,2,-0.049934529449361074,-0.26183261250825385,0.24254901960784314,0.0644690372571303,0.19525099593281411,0.5,0.0,0.504381632116097,False,True
Kyle Teel,kyle teel,CWS,0.75,24,,rbi,CWS,CWS,1,top,Kyle Teel,21,3,4,-0.1218877484210734,-0.4443712487190748,-0.12976190476190477,-0.05053438225983557,0.08274850187556854,0.25,0.3333333333333333,0.31460934395717,False,True
Colson Montgomery,colson montgomery,CWS,0.6014492753623188,138,,rbi,CWS,CWS,2,top,Colson Montgomery,135,29,35,-0.05362544710369811,-0.08656517380605216,0.037058965386647116,-0.08487477615713214,0.04624067488641992,0.4857142857142857,0.3103448275862069,0.12362413919269928,False,True
Austin Hays,austin hays,CWS,0.5833333333333334,12,,rbi,CWS,CWS,3,top,Austin Hays,9,0,3,0.17113997113997112,,-0.6722222222222222,0.5928210678210678,-0.5197106281546703,0.0,,,False,False
Jake Rogers,jake rogers,CWS,0.5,14,,total_bases,CWS,CWS,1,bottom,Jake Rogers,14,6,2,-0.3075372943629354,-0.468504871290044,-0.29215686274509806,-0.15169652797510602,-0.03283454863921719,0.5,0.3333333333333333,0.17634800854494592,False,True
Luisangel Acuna,luisangel acuna,CWS,0.5824175824175825,91,,total_bases,CWS,CWS,2,bottom,Luisangel Acuna,88,17,23,0.01810517589267099,0.02184490799482399,0.07432797248606125,-0.010159402594507733,0.005258783962541151,0.43478260869565216,0.4117647058823529,0.05248306449123726,False,False
Derek Hill,derek hill,CWS,0.6,50,,total_bases,CWS,CWS,3,bottom,Derek Hill,47,6,18,0.1677146591428912,0.02824407735122021,0.1374745689579093,0.22776444671157373,0.04301752810611918,0.2777777777777778,0.5,0.10923049160668909,False,False
Miguel Vargas,miguel vargas,CWS,1.7638888888888888,144,,total_bases,CWS,CWS,1,top,Miguel Vargas,141,34,36,0.10033088714981214,-0.050203470067444335,0.09046560206339402,0.17741987881879484,-0.015164526200816535,0.3888888888888889,0.4411764705882353,0.14066907213083835,False,False
Munetaka Murakami,munetaka murakami,CWS,1.7117117117117118,111,,total_bases,CWS,CWS,2,top,Munetaka Murakami,108,26,31,-0.2717830900406869,-0.12194274723080184,0.1346323910018986,-0.5952091454402391,0.06771002337435186,0.3870967741935484,0.38461538461538464,0.25657513823270045,False,False
Colson Montgomery,colson montgomery,CWS,1.6159420289855073,138,,total_bases,CWS,CWS,3,top,Colson Montgomery,135,29,35,-0.07569185692470502,-0.1687686898817982,0.19609341620115983,-0.1716532147225862,0.07250446176327054,0.45714285714285713,0.3103448275862069,0.364862106082958,False,True
Jahmai Jones,jahmai jones,DET,0.22807017543859648,57,,hits,DET,DET,1,bottom,Jahmai Jones,54,11,15,-0.043895809422920165,-0.1628602940386867,-0.15415526803360258,0.061907805217568015,0.024885533306061004,0.13333333333333333,0.18181818181818182,0.008705026005084132,False,True
Jake Rogers,jake rogers,DET,0.4411764705882353,34,,hits,DET,DET,2,bottom,Jake Rogers,31,8,11,0.02765941458119531,0.07143571329033287,0.09884295708822956,-0.06677636518967789,0.017394646353021407,0.45454545454545453,0.25,0.02740724379789669,False,False
Ben Malgeri,ben malgeri,DET,0.4791666666666667,48,,hits,DET,DET,3,bottom,Ben Malgeri,45,11,11,-0.04094713158103686,-0.11658399174534152,-0.013627113887457269,-0.017839076486342222,0.0228454733526496,0.45454545454545453,0.36363636363636365,0.10295687785788425,False,True
Kevin McGonigle,kevin mcgonigle,DET,1.0422535211267605,142,,hits,DET,DET,1,top,Kevin McGonigle,139,32,37,-0.07420779863167476,-0.015602690428603322,0.06406187050098751,-0.17408410178034311,-0.005032268527455108,0.2702702702702703,0.3125,0.07966456092959083,False,False
Riley Greene,riley greene,DET,1.0158730158730158,126,,hits,DET,DET,2,top,Riley Greene,123,23,36,0.014550845776117257,0.22764350071481804,-0.20463988650258436,0.06126545981429129,-0.17016448761141018,0.3055555555555556,0.4782608695652174,-0.4322833872174024,False,False
Gleyber Torres,gleyber torres,DET,1.0,87,,hits,DET,DET,3,top,Gleyber Torres,84,20,15,0.07485772376322405,0.09170415910124445,0.07394061345443408,0.06826237576060042,-0.01091374095132448,0.6,0.55,-0.017763545646810375,False,False
John Peck,john peck,DET,0.0,10,,home_runs,DET,DET,1,bottom,John Peck,7,0,0,0.0,,,0.0,,,,,False,False
Zach McKinstry,zach mckinstry,DET,0.03418803418803419,117,,home_runs,DET,DET,2,bottom,Zach McKinstry,114,22,29,-0.012708542137262767,-0.04204889482542417,0.06270818276009477,-0.03717833996081543,0.18996709742665302,0.10344827586206896,0.0,0.10475707758551894,False,False
Jahmai Jones,jahmai jones,DET,0.03508771929824561,57,,home_runs,DET,DET,3,bottom,Jahmai Jones,54,11,15,-0.022478457416008374,0.013053496432365547,-0.06297197086164821,-0.01474448565341965,-0.08249683186149616,0.0,0.09090909090909091,-0.07602546729401376,False,False
Eduardo Valencia,eduardo valencia,DET,0.20689655172413793,29,,home_runs,DET,DET,1,top,Eduardo Valencia,26,5,8,-0.18866325838186376,-0.27333180778032035,-0.22698412698412695,-0.1325163587041415,0.0806144349672255,0.125,0.0,0.04634768079619339,False,True
Dillon Dingler,dillon dingler,DET,0.2,135,,home_runs,DET,DET,2,top,Dillon Dingler,132,31,33,-0.02583577726876157,0.0013029735639710064,-0.11169463459644621,0.003458943554751399,-0.06563271766842119,0.12121212121212122,0.16129032258064516,-0.11299760816041722,False,False
Spencer Torkelson,spencer torkelson,DET,0.15492957746478872,142,,home_runs,DET,DET,3,top,Spencer Torkelson,139,32,36,0.025840075249842845,0.011007500910769224,0.171008886398105,-0.04108154196828509,0.12224149075539911,0.2777777777777778,0.15625,0.16000138548733578,False,False
Jahmai Jones,jahmai jones,DET,0.12280701754385964,57,,rbi,DET,DET,1,bottom,Jahmai Jones,54,11,15,-0.04424741730349931,-0.1307123917219817,-0.04759154660247615,-0.008487536657500785,0.06791753186374712,0.13333333333333333,0.09090909090909091,0.08312084511950556,False,True
Zach McKinstry,zach mckinstry,DET,0.2222222222222222,117,,rbi,DET,DET,2,bottom,Zach McKinstry,114,22,29,-0.03533173285834891,-0.012171261970257717,0.255457885581386,-0.17727505498994128,0.1552052027278745,0.27586206896551724,0.18181818181818182,0.2676291475516437,False,False
Colt Keith,colt keith,DET,0.26119402985074625,134,,rbi,DET,DET,3,bottom,Colt Keith,131,29,34,0.038371879624946335,-0.13542665163895812,0.2929129184776188,-0.014778677938842395,0.20952643657422723,0.2647058823529412,0.10344827586206896,0.4283395701165769,False,True
Dillon Dingler,dillon dingler,DET,0.6370370370370371,135,,rbi,DET,DET,1,top,Dillon Dingler,132,31,33,-0.1203451440018336,-0.017172489232347685,-0.38527571399478583,-0.03881048941487239,-0.0922464975557661,0.21212121212121213,0.3548387096774194,-0.3681032247624381,False,False
Eduardo Valencia,eduardo valencia,DET,0.6206896551724138,29,,rbi,DET,DET,2,top,Eduardo Valencia,26,5,8,-0.22337323479031654,-0.7744401220442411,0.22465277777777776,-0.2871327474268651,0.3139233573985491,0.25,0.0,0.9990928998220188,False,True
Riley Greene,riley greene,DET,0.5317460317460317,126,,rbi,DET,DET,3,top,Riley Greene,123,23,36,0.03849387804395495,0.4574439862985188,-0.2519741530313968,0.05132195036985637,-0.2459378247376221,0.2222222222222222,0.4782608695652174,-0.7094181393299156,False,False
Jahmai Jones,jahmai jones,DET,0.3684210526315789,57,,total_bases,DET,DET,1,bottom,Jahmai Jones,54,11,15,-0.1281338096258645,-0.09091806613516201,-0.39267013560717956,-0.0010383913643645024,-0.06306746173531338,0.13333333333333333,0.18181818181818182,-0.30175206947201755,False,False
John Peck,john peck,DET,0.6,10,,total_bases,DET,DET,2,bottom,John Peck,7,0,0,-0.3306122448979592,,,-0.3306122448979592,-0.06379283957294424,,,,False,False
Ben Malgeri,ben malgeri,DET,0.7291666666666666,48,,total_bases,DET,DET,3,bottom,Ben Malgeri,45,11,11,0.013578389804179084,-0.32743711203051046,0.33385395915652033,0.023497487947910872,0.1378030716223563,0.45454545454545453,0.36363636363636365,0.6612910711870308,False,True
Eduardo Valencia,eduardo valencia,DET,1.8275862068965518,29,,total_bases,DET,DET,1,top,Eduardo Valencia,26,5,8,-0.7029123504215788,-1.5073508771929824,-0.3913194444444445,-0.5852623976492755,0.2259721573819672,0.25,0.2,1.1160314327485379,False,True
Dillon Dingler,dillon dingler,DET,1.7407407407407407,135,,total_bases,DET,DET,2,top,Dillon Dingler,132,31,33,-0.08975434497240511,0.2731553587950036,-0.7016524459669548,0.041752074380984106,-0.12122955770441754,0.24242424242424243,0.3870967741935484,-0.9748078047619584,False,False
Riley Greene,riley greene,DET,1.7380952380952381,126,,total_bases,DET,DET,3,top,Riley Greene,123,23,36,0.20939144792285902,1.2309677379492492,-0.372120158644031,0.16936274738850055,-0.2601356865553339,0.3888888888888889,0.6521739130434783,-1.6030878965932802,False,False
Shay Whitcomb,shay whitcomb,HOU,0.17647058823529413,17,,hits,HOU,HOU,1,bottom,Shay Whitcomb,14,3,8,0.09583947798233512,-0.14017094017094014,0.27063041125541126,-0.13425925925925927,0.38664464997603754,0.375,0.0,0.41080135142635144,False,True
Nelson Velazquez,nelson velazquez,HOU,0.18181818181818182,11,,hits,HOU,HOU,2,bottom,Nelson Velazquez,11,2,1,-0.23957841496821367,-0.4267425320056899,-0.4090909090909091,-0.17159832394350763,0.41133458713930254,0.0,0.0,0.017651622914780785,False,True
Nick Allen,nick allen,HOU,0.43333333333333335,30,,hits,HOU,HOU,3,bottom,Nick Allen,27,5,8,0.03326576717796829,-0.029924812030075177,-0.0499702515105659,0.10339727043143195,-0.12818089690919304,0.25,0.4,-0.020045439480490725,False,False
Yordan Alvarez,yordan alvarez,HOU,1.1172413793103448,145,,hits,HOU,HOU,1,top,Yordan Alvarez,142,33,40,-0.040925804636218824,0.23906582765418366,-0.1933827735176243,-0.08645399464095875,-0.16586955864428743,0.25,0.45454545454545453,-0.43244860117180794,False,False
Jeremy Pena,jeremy pena,HOU,1.0816326530612246,98,,hits,HOU,HOU,2,top,Jeremy Pena,95,23,23,-0.037085515252480855,0.24918848474737879,-0.3019592766975774,-0.04713052518634921,-0.20250335971928507,0.17391304347826086,0.391304347826087,-0.5511477614449561,False,False
Jose Altuve,jose altuve,HOU,0.9504132231404959,121,,hits,HOU,HOU,3,top,Jose Altuve,118,18,39,-0.0009117835454973576,0.010606045738276282,-0.04766664966424484,0.025581968118817907,-0.031259761862191725,0.5897435897435898,0.6666666666666666,-0.05827269540252112,False,False
Dustin Harris,dustin harris,HOU,0.0,11,,home_runs,HOU,HOU,1,bottom,Dustin Harris,11,2,4,0.0,0.0,0.0,0.0,,0.0,0.0,0.0,False,False
Jake Meyers,jake meyers,HOU,0.0,10,,home_runs,HOU,HOU,2,bottom,Jake Meyers,7,1,1,0.0,0.0,0.0,0.0,,0.0,0.0,0.0,False,False
Nick Allen,nick allen,HOU,0.03333333333333333,30,,home_runs,HOU,HOU,3,bottom,Nick Allen,27,5,8,0.013206488727479093,-0.020526315789473684,-0.03551414579241658,0.05309428149490262,-0.1552902489210563,0.0,0.0,-0.014987830002942897,False,False
Yordan Alvarez,yordan alvarez,HOU,0.2620689655172414,145,,home_runs,HOU,HOU,1,top,Yordan Alvarez,142,33,40,-0.06348952317723794,0.038220297957474524,-0.09671317007268668,-0.09287326551966633,-0.128206829489035,0.225,0.2727272727272727,-0.1349334680301612,False,False
Christian Walker,christian walker,HOU,0.17482517482517482,143,,home_runs,HOU,HOU,2,top,Christian Walker,140,34,38,-0.02480601970340044,0.1286837166447031,-0.08402012616085879,-0.06846065191593136,-0.15560223579540486,0.10526315789473684,0.3235294117647059,-0.21270384280556187,False,False
Jeremy Pena,jeremy pena,HOU,0.17346938775510204,98,,home_runs,HOU,HOU,3,top,Jeremy Pena,95,23,23,0.052738955006233386,0.15365460152850813,-0.09659949646111309,0.07546802671514459,-0.27474439625293323,0.043478260869565216,0.2608695652173913,-0.2502540979896212,False,False
Jake Meyers,jake meyers,HOU,0.0,10,,rbi,HOU,HOU,1,bottom,Jake Meyers,7,1,1,0.0,0.0,0.0,0.0,,0.0,0.0,0.0,False,False
Nick Allen,nick allen,HOU,0.06666666666666667,30,,rbi,HOU,HOU,2,bottom,Nick Allen,27,5,8,0.021298339006986404,-0.04105263157894737,-0.07102829158483316,0.09632461741157394,-0.13633965091306516,0.0,0.0,-0.029975660005885793,False,False
Taylor Trammell,taylor trammell,HOU,0.23595505617977527,89,,rbi,HOU,HOU,3,bottom,Taylor Trammell,86,21,24,-0.10000561360106452,-0.11968147776280136,-0.17573184665942895,-0.04560018089869329,0.003910688949946708,0.125,0.14285714285714285,-0.056050368896627595,False,True
Yordan Alvarez,yordan alvarez,HOU,0.6620689655172414,145,,rbi,HOU,HOU,1,top,Yordan Alvarez,142,33,40,-0.07147907364802125,0.16353748980510274,-0.1149634470761477,-0.1586699672252391,-0.06704632062510275,0.45,0.3939393939393939,-0.27850093688125044,False,False
Isaac Paredes,isaac paredes,HOU,0.5815602836879432,141,,rbi,HOU,HOU,2,top,Isaac Paredes,138,34,37,0.051110513606851656,0.13209482119139476,0.11250964916863035,-0.023892986000018147,-0.059000222703743464,0.35135135135135137,0.38235294117647056,-0.019585172022764413,False,False
Christian Walker,christian walker,HOU,0.5594405594405595,143,,rbi,HOU,HOU,3,top,Christian Walker,140,34,38,-0.10996468261105204,0.1411593438022914,-0.2453517705724478,-0.15986920548635547,-0.10386150252472492,0.2631578947368421,0.4411764705882353,-0.3865111143747392,False,False
Nelson Velazquez,nelson velazquez,HOU,0.45454545454545453,11,,total_bases,HOU,HOU,1,bottom,Nelson Velazquez,11,2,1,-0.3988711888685451,-0.8534850640113798,-0.8409090909090909,-0.22996298232776827,0.33538254325296735,0.0,0.0,0.012575973102288862,False,True
Shay Whitcomb,shay whitcomb,HOU,0.5294117647058824,17,,total_bases,HOU,HOU,2,bottom,Shay Whitcomb,14,3,8,0.24639755086183662,-0.4837606837606838,0.7827448593073593,-0.4537037037037037,0.3115022709093437,0.375,0.0,1.266505543068043,False,True
Nick Allen,nick allen,HOU,0.6,30,,total_bases,HOU,HOU,3,bottom,Nick Allen,27,5,8,0.05971179814729664,-0.2139348370927318,-0.1116810948517338,0.25538153530389557,-0.1413639793028421,0.25,0.4,0.10225374224099801,False,True
Yordan Alvarez,yordan alvarez,HOU,2.1241379310344826,145,,total_bases,HOU,HOU,1,top,Yordan Alvarez,142,33,40,-0.2379441101463285,0.4424532652384633,-0.4936782231055748,-0.41509989086123106,-0.16519757672926727,0.3,0.42424242424242425,-0.9361314883440381,False,False
Jeremy Pena,jeremy pena,HOU,1.8061224489795917,98,,total_bases,HOU,HOU,2,top,Jeremy Pena,95,23,23,0.10625067521814441,0.7576882853368636,-0.4390829416335155,0.05644676001115743,-0.26752943723007805,0.391304347826087,0.4782608695652174,-1.1967712269703792,False,False
Isaac Paredes,isaac paredes,HOU,1.5460992907801419,141,,total_bases,HOU,HOU,3,top,Isaac Paredes,138,34,37,0.13198723026837683,0.22377961177721015,-0.023499238702108148,0.17127168371028156,-0.10291129481137395,0.43243243243243246,0.4117647058823529,-0.2472788504793183,False,False
Luke Maile,luke maile,KC,0.35714285714285715,14,,hits,KC,KC,1,bottom,Luke Maile,11,2,2,-0.33642443415170686,-0.3166666666666667,-0.6696428571428572,-0.24686424686424685,-0.02626940248445524,0.0,0.5,-0.3529761904761905,False,True
Elias Díaz,elias diaz,KC,0.5,10,,hits,KC,KC,2,bottom,Elias Díaz,7,0,2,-0.42607709750566897,,-0.25,-0.4965079365079365,0.4195849781862438,0.0,,,False,False
Tyler Tolbert,tyler tolbert,KC,0.5,70,,hits,KC,KC,3,bottom,Tyler Tolbert,67,16,13,0.12875856520900616,0.09766099150844082,0.49636798090905787,0.01609116455396334,0.14894392832945258,0.46153846153846156,0.3125,0.39870698940061705,False,False
Bobby Witt Jr.,bobby witt jr.,KC,1.0852713178294573,129,,hits,KC,KC,1,top,Bobby Witt Jr.,126,24,38,-0.030724871186564796,-0.12828135541428579,0.0867892784799323,-0.06391521596565206,0.08451614663968547,0.39473684210526316,0.3333333333333333,0.2150706338942181,False,True
Jac Caglianone,jac caglianone,KC,1.0229007633587786,131,,hits,KC,KC,2,top,Jac Caglianone,128,27,34,0.15026895949706742,0.40972495140467197,0.1980959591686984,0.02144164949198117,-0.046363435016439206,0.6764705882352942,0.7037037037037037,-0.21162899223597356,False,False
Vinnie Pasquantino,vinnie pasquantino,KC,0.8910891089108911,101,,hits,KC,KC,3,top,Vinnie Pasquantino,98,15,24,0.13899325895736228,0.21950627875820888,0.20070830799047137,0.09341942041825518,-0.02266745424460938,0.6666666666666666,0.6666666666666666,-0.01879797076773751,False,False
Tyler Tolbert,tyler tolbert,KC,0.04285714285714286,70,,home_runs,KC,KC,1,bottom,Tyler Tolbert,67,16,13,0.011342007658876004,-0.018765020431249422,0.05324060613955899,0.009684920006063575,0.12518810505669625,0.07692307692307693,0.0,0.07200562657080842,False,False
Isaac Collins,isaac collins,KC,0.045112781954887216,133,,home_runs,KC,KC,2,bottom,Isaac Collins,130,23,38,-0.017251226232861436,-0.022389306572615893,-0.0027760596501167634,-0.023510363657933114,0.02021684997661995,0.05263157894736842,0.043478260869565216,0.01961324692249913,False,False
Josh Rojas,josh rojas,KC,0.05555555555555555,36,,home_runs,KC,KC,3,bottom,Josh Rojas,33,5,5,-0.01312073664435967,0.10990028490028492,-0.07903540903540904,-0.025535160373402113,-0.24034232721191703,0.0,0.2,-0.18893569393569395,False,False
Elias Díaz,elias diaz,KC,0.2,10,,home_runs,KC,KC,1,top,Elias Díaz,7,0,2,0.14348072562358277,,0.4375,0.02587301587301586,0.5220579228434014,0.5,,,False,False
Jac Caglianone,jac caglianone,KC,0.17557251908396945,131,,home_runs,KC,KC,2,top,Jac Caglianone,128,27,34,0.05652734577523704,0.1381328520251306,0.17063840541341693,-0.03426556014185612,0.027944539126286444,0.2647058823529412,0.14814814814814814,0.03250555338828634,False,False
Carter Jensen,carter jensen,KC,0.1678832116788321,137,,home_runs,KC,KC,3,top,Carter Jensen,134,23,37,0.001707211556044642,0.11639470629254736,-0.05548386373587244,-0.005343364026909817,-0.1485163675745568,0.10810810810810811,0.2608695652173913,-0.1718785700284198,False,False
Tyler Tolbert,tyler tolbert,KC,0.11428571428571428,70,,rbi,KC,KC,1,bottom,Tyler Tolbert,67,16,13,0.03439678473982913,-0.04846837788779239,0.32161763406515614,-0.02897238471246843,0.23083657550513992,0.23076923076923078,0.0,0.37008601195294855,False,False
Kyle Isbel,kyle isbel,KC,0.2727272727272727,88,,rbi,KC,KC,2,bottom,Kyle Isbel,85,15,22,-0.06001828574671443,-0.12373011134367216,-0.09440298682348992,-0.024348685587476385,-0.003550998028890916,0.13636363636363635,0.13333333333333333,0.02932712452018224,False,True
John Rave,john rave,KC,0.275,40,,rbi,KC,KC,3,bottom,John Rave,37,9,10,0.09216879549721697,-0.14452088827733822,0.32552050056855547,0.08087380123375093,0.22872318108453418,0.2,0.0,0.4700413888458937,False,True
Jac Caglianone,jac caglianone,KC,0.5343511450381679,131,,rbi,KC,KC,1,top,Jac Caglianone,128,27,34,0.2546358447878454,0.2726711973680768,0.47014760420739177,0.13800369046051975,0.044649906269859,0.4117647058823529,0.2222222222222222,0.19747640683931494,False,False
Salvador Perez,salvador perez,KC,0.5217391304347826,138,,rbi,KC,KC,2,top,Salvador Perez,135,24,37,0.1288967927697902,-0.0633162072230683,0.14407138890180143,0.18364884605281975,-0.02323102194520235,0.3783783783783784,0.25,0.20738759612486973,False,False
Carter Jensen,carter jensen,KC,0.5036496350364964,137,,rbi,KC,KC,3,top,Carter Jensen,134,23,37,-0.014640718179159181,0.05535806249589295,-0.12365233126442544,0.018108710586092883,-0.09623205884026056,0.2972972972972973,0.34782608695652173,-0.1790103937603184,False,False
Luke Maile,luke maile,KC,0.6428571428571429,14,,total_bases,KC,KC,1,bottom,Luke Maile,11,2,2,-0.8261700420791331,-1.05,-1.2053571428571428,-0.6538794538794539,-0.058737772995235506,0.0,0.0,-0.15535714285714275,False,True
Tyler Tolbert,tyler tolbert,KC,0.7,70,,total_bases,KC,KC,2,bottom,Tyler Tolbert,67,16,13,0.20026958637537767,0.1414460632294369,0.6935420916116152,0.05628626538232412,0.14039415286523702,0.46153846153846156,0.3125,0.5520960283821783,False,False
Josh Rojas,josh rojas,KC,0.9166666666666666,36,,total_bases,KC,KC,3,bottom,Josh Rojas,33,5,5,-0.0037325809129441266,0.1254985754985755,0.01771672771672774,-0.03648920374798577,-0.11397935549583489,0.4,0.6,-0.10778184778184774,False,False
Jac Caglianone,jac caglianone,KC,1.786259541984733,131,,total_bases,KC,KC,1,top,Jac Caglianone,128,27,34,0.3268169281314332,0.7439927416645751,0.5710067412539437,0.034784083182773616,-0.014015633367526504,0.4411764705882353,0.37037037037037035,-0.1729860004106314,False,False
Bobby Witt Jr.,bobby witt jr.,KC,1.751937984496124,129,,total_bases,KC,KC,2,top,Bobby Witt Jr.,126,24,38,0.08293766409325902,-0.058097425211030486,0.3422870994112882,-0.01816290463771225,0.054585926339586865,0.5526315789473685,0.4166666666666667,0.4003845246223187,True,False
Carter Jensen,carter jensen,KC,1.5547445255474452,137,,total_bases,KC,KC,3,top,Carter Jensen,134,23,37,0.15670606767209172,0.39382467826127177,-0.030682393270627027,0.1767012705278952,-0.06424982556467453,0.2702702702702703,0.43478260869565216,-0.4245070715318988,False,False
Travis d'Arnaud,travis d'arnaud,LAA,0.41379310344827586,29,,hits,LAA,LAA,1,bottom,Travis d'Arnaud,26,8,4,0.004895188142506339,-0.2990810115810116,0.32047794117647055,0.08842937283195537,0.36760183762078064,0.75,0.125,0.6195589527574821,True,True
Jose Siri,jose siri,LAA,0.43956043956043955,91,,hits,LAA,LAA,2,bottom,Jose Siri,88,30,31,-0.05093609487150089,0.06432356742788742,-0.13869861464070984,-0.07823801176543314,-0.11651821546229141,0.2903225806451613,0.36666666666666664,-0.20302218206859726,False,False
Tyler Heineman,tyler heineman,LAA,0.4473684210526316,38,,hits,LAA,LAA,3,bottom,Tyler Heineman,38,11,14,0.020995787165999397,-0.24706020493560896,-0.06939350857084328,0.3451547143531909,0.05088695991191388,0.2857142857142857,0.18181818181818182,0.17766669636476567,False,True
Zach Neto,zach neto,LAA,0.9647887323943662,142,,hits,LAA,LAA,1,top,Zach Neto,139,43,39,0.06498963639889502,0.09716282247349035,0.070323323015015,0.0370692718508901,0.01543010416546438,0.6666666666666666,0.6744186046511628,-0.026839499458475358,False,False
Jo Adell,jo adell,LAA,0.9099099099099099,111,,hits,LAA,LAA,2,top,Jo Adell,108,31,29,-0.09686754788915643,0.1577743787841228,-0.020579413740564424,-0.30741453991375695,-0.10006306756766778,0.5172413793103449,0.5483870967741935,-0.17835379252468722,False,False
Donovan Walton,donovan walton,LAA,0.90625,32,,hits,LAA,LAA,3,top,Donovan Walton,29,6,13,0.13740213292458162,0.2696078431372549,-0.021879938501131953,0.26514539965040523,-0.16312356586415586,0.3076923076923077,0.5,-0.29148778163838684,False,False
Nick Madrigal,nick madrigal,LAA,0.0,15,,home_runs,LAA,LAA,1,bottom,Nick Madrigal,12,5,4,0.0,0.0,0.0,0.0,,0.0,0.0,0.0,False,False
Tyler Heineman,tyler heineman,LAA,0.0,38,,home_runs,LAA,LAA,2,bottom,Tyler Heineman,38,11,14,-0.021291346284441525,-0.01801104720547513,-0.023836099649892657,-0.02132648034231188,-0.442042819715267,0.0,0.0,-0.005825052444417528,False,False
Adam Frazier,adam frazier,LAA,0.016129032258064516,62,,home_runs,LAA,LAA,3,bottom,Adam Frazier,59,20,12,-0.013005010196719232,0.029827009146189944,-0.019924262789115313,-0.04165720855780925,-0.2013378876786807,0.0,0.05,-0.04975127193530526,False,False
Zach Neto,zach neto,LAA,0.176056338028169,142,,home_runs,LAA,LAA,1,top,Zach Neto,139,43,39,-0.027697659487515503,-0.07466948209124492,0.07864335049015832,-0.06502241417468942,0.1318324475368292,0.28205128205128205,0.11627906976744186,0.15331283258140324,False,True
Mike Trout,mike trout,LAA,0.1640625,128,,home_runs,LAA,LAA,2,top,Mike Trout,125,42,30,-0.08360499011716954,-0.01221098737663321,-0.049442177569358245,-0.15951881071220472,-0.0831891769392427,0.16666666666666666,0.19047619047619047,-0.037231190192725035,False,False
Jo Adell,jo adell,LAA,0.14414414414414414,111,,home_runs,LAA,LAA,3,top,Jo Adell,108,31,29,0.028382604727588343,0.11541248954893107,0.01288437890093737,-0.018460684449260575,-0.13628415574635927,0.13793103448275862,0.1935483870967742,-0.1025281106479937,False,False
Tyler Heineman,tyler heineman,LAA,0.07894736842105263,38,,rbi,LAA,LAA,1,bottom,Tyler Heineman,38,11,14,-0.08071376432727519,-0.15441239411411709,-0.09678396426753286,-0.0010470161104391674,0.04837876951802629,0.07142857142857142,0.0,0.05762842984658423,False,True
Travis d'Arnaud,travis d'arnaud,LAA,0.10344827586206896,29,,rbi,LAA,LAA,2,bottom,Travis d'Arnaud,26,8,4,0.029188005711621588,-0.13583361083361084,-0.15849264705882354,0.17710911595759585,0.10791619269591031,0.0,0.0,-0.022659036225212703,False,True
Nick Madrigal,nick madrigal,LAA,0.13333333333333333,15,,rbi,LAA,LAA,3,bottom,Nick Madrigal,12,5,4,0.06667383542383544,0.06158008658008658,-0.12695360195360195,0.3333333333333333,-0.05763960568434221,0.0,0.2,-0.18853368853368851,False,False
Vaughn Grissom,vaughn grissom,LAA,0.5769230769230769,104,,rbi,LAA,LAA,1,top,Vaughn Grissom,101,26,28,0.0495954868552153,0.011864432959358314,-0.0676746622936351,0.1403310523330897,-0.04382078566256071,0.32142857142857145,0.3076923076923077,-0.07953909525299341,False,False
Jo Adell,jo adell,LAA,0.5585585585585585,111,,rbi,LAA,LAA,2,top,Jo Adell,108,31,29,0.056906023145675784,0.2911309075589153,0.07698014023807528,-0.10649232711453271,-0.09129087123753017,0.3793103448275862,0.3870967741935484,-0.21415076732084,False,False
Zach Neto,zach neto,LAA,0.5070422535211268,142,,rbi,LAA,LAA,3,top,Zach Neto,139,43,39,0.041442250336275584,-0.15761596287289514,0.19852694006972227,0.08412997434311631,0.15196889435802052,0.3333333333333333,0.2558139534883721,0.3561429029426174,False,True
Tyler Heineman,tyler heineman,LAA,0.5526315789473685,38,,total_bases,LAA,LAA,1,bottom,Tyler Heineman,38,11,14,-0.007313769286760711,-0.28786791232022085,-0.135443646488073,0.3680642194968111,0.002704501460715484,0.2857142857142857,0.18181818181818182,0.15242426583214785,False,True
Travis d'Arnaud,travis d'arnaud,LAA,0.6206896551724138,29,,total_bases,LAA,LAA,2,bottom,Travis d'Arnaud,26,8,4,0.01765353850926765,-0.5218591593591593,0.10915441176470586,0.2998034020753864,0.2860367558942015,0.75,0.125,0.6310135711238651,True,True
Adam Frazier,adam frazier,LAA,0.6774193548387096,62,,total_bases,LAA,LAA,3,bottom,Adam Frazier,59,20,12,-0.06978456304293104,-0.14283342084878578,-0.14027161517664252,0.015653280724536842,0.005237187512880324,0.4166666666666667,0.3,0.002561805672143258,False,False
Zach Neto,zach neto,LAA,1.7535211267605635,142,,total_bases,LAA,LAA,1,top,Zach Neto,139,43,39,0.00029193183386659117,-0.1102297036644273,0.29299771992479906,-0.11660447885244439,0.07605984963101883,0.46153846153846156,0.32558139534883723,0.40322742358922636,False,False
Mike Trout,mike trout,LAA,1.5703125,128,,total_bases,LAA,LAA,2,top,Mike Trout,125,42,30,-0.19679899043329319,0.044421243409178815,-0.25546636930400396,-0.35474669713635915,-0.09992635966327548,0.3,0.4523809523809524,-0.29988761271318276,False,False
Jo Adell,jo adell,LAA,1.5045045045045045,111,,total_bases,LAA,LAA,3,top,Jo Adell,108,31,29,0.04024088486395015,0.49850050960500536,0.22829376703633433,-0.3693337390937968,-0.1000363328278983,0.4482758620689655,0.41935483870967744,-0.27020674256867105,False,False
Ben Rortvedt,ben rortvedt,LAD,0.26666666666666666,15,,hits,LAD,LAD,1,bottom,Ben Rortvedt,12,5,1,0.08688302438302438,0.1287878787878788,1.0,-0.10022385022385022,0.14596445105066047,1.0,0.4,0.8712121212121212,False,False
Eliezer Alfonzo,eliezer alfonzo,LAD,0.4166666666666667,12,,hits,LAD,LAD,2,bottom,Eliezer Alfonzo,9,2,4,0.3715007215007215,0.8181818181818181,0.17261904761904764,0.33888888888888885,-0.5319806301496838,0.25,1.0,-0.6455627705627704,False,False
Dalton Rushing,dalton rushing,LAD,0.45,20,,hits,LAD,LAD,3,bottom,Dalton Rushing,17,3,7,0.24683712274087433,0.0,-0.009370853604599725,0.608832437403866,-0.14047964609002023,0.14285714285714285,0.0,-0.009370853604599725,False,False
Freddie Freeman,freddie freeman,LAD,1.1142857142857143,140,,hits,LAD,LAD,1,top,Freddie Freeman,137,33,43,0.03338999501525522,-0.4076629126929709,-0.09206929915319907,0.36043090654992727,0.12827948577484083,0.3023255813953488,0.12121212121212122,0.31559361353977183,False,True
Shohei Ohtani,shohei ohtani,LAD,1.0692307692307692,130,,hits,LAD,LAD,2,top,Shohei Ohtani,127,34,37,0.03548266759032568,-0.07738168460870126,0.14831791421168575,0.029455593479193416,0.11223695664027375,0.43243243243243246,0.3235294117647059,0.225699598820387,False,False
Mookie Betts,mookie betts,LAD,0.963302752293578,109,,hits,LAD,LAD,3,top,Mookie Betts,106,25,35,0.12685347584740747,-0.13247170628897112,0.24491731060635985,0.17795989621362768,0.19906996317690023,0.6,0.52,0.377389016895331,True,True
Ben Rortvedt,ben rortvedt,LAD,0.0,15,,home_runs,LAD,LAD,1,bottom,Ben Rortvedt,12,5,1,0.0,0.0,0.0,0.0,,0.0,0.0,0.0,False,False
Eliezer Alfonzo,eliezer alfonzo,LAD,0.0,12,,home_runs,LAD,LAD,2,bottom,Eliezer Alfonzo,9,2,4,0.0,0.0,0.0,0.0,,0.0,0.0,0.0,False,False
Alex Call,alex call,LAD,0.01282051282051282,78,,home_runs,LAD,LAD,3,bottom,Alex Call,75,18,28,0.00680617737938511,-0.006895558688976792,-0.005430887473442196,0.02712580031420161,0.038904482270742925,0.0,0.0,0.001464671215534596,False,False
Shohei Ohtani,shohei ohtani,LAD,0.23076923076923078,130,,home_runs,LAD,LAD,1,top,Shohei Ohtani,127,34,37,0.02289686484016313,0.014497958717073284,0.015724050511170262,0.03273538159655224,0.089337731719933,0.21621621621621623,0.20588235294117646,0.0012260917940969777,False,False
Max Muncy,max muncy,LAD,0.2,135,,home_runs,LAD,LAD,2,top,Max Muncy,132,29,42,-0.024552414960235615,0.11466812283124048,-0.06367827104507184,-0.06380011398301734,-0.0529068579880577,0.16666666666666666,0.27586206896551724,-0.17834639387631232,False,False
Mookie Betts,mookie betts,LAD,0.1743119266055046,109,,home_runs,LAD,LAD,3,top,Mookie Betts,106,25,35,-0.027508950301618953,-0.18426090497665992,0.027656291382564233,0.015708775957720453,0.24716295308321676,0.2,0.0,0.21191719635922415,False,True
Ben Rortvedt,ben rortvedt,LAD,0.06666666666666667,15,,rbi,LAD,LAD,1,bottom,Ben Rortvedt,12,5,1,0.0026475838975839063,0.11181818181818182,0.0,-0.08788665038665038,-0.20057671900557517,0.0,0.2,-0.11181818181818182,False,False
Hunter Feduccia,hunter feduccia,LAD,0.2,25,,rbi,LAD,LAD,2,bottom,Hunter Feduccia,25,9,8,0.009745821955289096,0.14555082277673628,-0.07142220280992423,-0.061866779203625655,-0.2591344343514635,0.125,0.3333333333333333,-0.2169730255866605,False,False
Miguel Rojas,miguel rojas,LAD,0.21978021978021978,91,,rbi,LAD,LAD,3,bottom,Miguel Rojas,88,19,33,1.631732769720577e-05,0.09128110888631348,-0.08599819741435728,0.030695426963088586,-0.08069558492897157,0.12121212121212122,0.21052631578947367,-0.17727930630067076,False,False
Shohei Ohtani,shohei ohtani,LAD,0.6153846153846154,130,,rbi,LAD,LAD,1,top,Shohei Ohtani,127,34,37,0.05037265826334516,-0.0758375582208662,0.16793083660357677,0.04932792186824898,0.12850606046871463,0.3783783783783784,0.38235294117647056,0.24376839482444296,False,False
Mookie Betts,mookie betts,LAD,0.5504587155963303,109,,rbi,LAD,LAD,2,top,Mookie Betts,106,25,35,-0.02352140592661216,-0.333751237605472,0.1158786302782376,0.03901651852559993,0.2391563480687837,0.37142857142857144,0.12,0.44962986788370957,False,True
Max Muncy,max muncy,LAD,0.5185185185185185,135,,rbi,LAD,LAD,3,top,Max Muncy,132,29,42,0.11191004882570862,0.2936141843286854,0.02404064952415206,0.086026357695857,-0.001351971835699255,0.3333333333333333,0.3793103448275862,-0.26957353480453333,False,False
Ben Rortvedt,ben rortvedt,LAD,0.26666666666666666,15,,total_bases,LAD,LAD,1,bottom,Ben Rortvedt,12,5,1,0.08688302438302438,0.1287878787878788,1.0,-0.10022385022385022,0.14596445105066047,1.0,0.4,0.8712121212121212,False,False
Eliezer Alfonzo,eliezer alfonzo,LAD,0.5833333333333334,12,,total_bases,LAD,LAD,2,bottom,Eliezer Alfonzo,9,2,4,0.5127184543851211,0.7272727272727273,0.4226190476190476,0.48981481481481476,-0.21820513265110217,0.25,1.0,-0.3046536796536797,False,False
Alex Call,alex call,LAD,0.6153846153846154,78,,total_bases,LAD,LAD,3,bottom,Alex Call,75,18,28,-0.21114248707778244,-0.24427214801273228,-0.22378248654096589,-0.1783751118433607,0.04550789838922387,0.35714285714285715,0.2777777777777778,0.020489661471766396,False,True
Shohei Ohtani,shohei ohtani,LAD,2.0153846153846153,130,,total_bases,LAD,LAD,1,top,Shohei Ohtani,127,34,37,0.14386295798594648,-0.0019144332638069597,0.2667810274026765,0.15115693538010014,0.10141580133392443,0.4594594594594595,0.35294117647058826,0.2686954606664835,False,False
Freddie Freeman,freddie freeman,LAD,1.7,140,,total_bases,LAD,LAD,2,top,Freddie Freeman,137,33,43,-0.08453336955182697,-0.8166718522210779,-0.1868359301719248,0.3836564670834106,0.16064449694456914,0.3953488372093023,0.24242424242424243,0.6298359220491531,False,True
Mookie Betts,mookie betts,LAD,1.6605504587155964,109,,total_bases,LAD,LAD,3,top,Mookie Betts,106,25,35,0.08318372575911223,-0.705165442045597,0.3571967777220933,0.3031461687246209,0.2447131143498654,0.34285714285714286,0.16,1.0623622197676903,False,True
Brian Navarreto,brian navarreto,MIA,0.23076923076923078,26,,hits,MIA,MIA,1,bottom,Brian Navarreto,23,4,12,0.0387407300636596,-0.22366600790513835,0.19573300509833017,-0.0804421768707483,0.21501102473944653,0.25,0.0,0.4193990130034685,False,True
Esteury Ruiz,esteury ruiz,MIA,0.41237113402061853,97,,hits,MIA,MIA,2,bottom,Esteury Ruiz,94,25,41,0.03428605300750158,0.05755293822274295,0.12438070289286446,-0.11841226040967387,0.032103405014477705,0.3902439024390244,0.36,0.06682776467012151,False,False
Graham Pauley,graham pauley,MIA,0.46153846153846156,52,,hits,MIA,MIA,3,bottom,Graham Pauley,49,15,17,-0.0011985026113997884,-0.22909729309948973,-0.061444670810292375,0.26013483366521917,0.021321375480988093,0.4117647058823529,0.26666666666666666,0.16765262228919736,False,True
Otto Lopez,otto lopez,MIA,1.2152777777777777,144,,hits,MIA,MIA,1,top,Otto Lopez,141,40,52,-0.0659452812048839,0.07241212681387998,0.0077772848503280985,-0.2571262966257325,0.01678393687369198,0.40384615384615385,0.475,-0.06463484196355189,False,False
Liam Hicks,liam hicks,MIA,0.9900990099009901,101,,hits,MIA,MIA,2,top,Liam Hicks,98,27,34,0.02688982251012524,0.027688929865890485,0.1274458689732383,-0.0660961633912668,0.06257712300679051,0.5882352941176471,0.48148148148148145,0.09975693910734783,False,False
Xavier Edwards,xavier edwards,MIA,0.9833333333333333,120,,hits,MIA,MIA,3,top,Xavier Edwards,117,30,49,-0.05060688775491054,-0.10094203427030805,-0.08720366890315846,0.03632197202735454,-0.03034800107857153,0.3673469387755102,0.3333333333333333,0.013738365367149591,False,True
Christopher Morel,christopher morel,MIA,0.0,22,,home_runs,MIA,MIA,1,bottom,Christopher Morel,19,6,8,0.0,0.0,0.0,0.0,,0.0,0.0,0.0,False,False
Leo Jimenez,leo jimenez,MIA,0.030303030303030304,66,,home_runs,MIA,MIA,2,bottom,Leo Jimenez,63,15,30,0.014866321025036083,-0.01990002506367703,0.017695125108398903,0.03912360262669231,0.03365556207565045,0.03333333333333333,0.0,0.03759515017207593,False,False
Brian Navarreto,brian navarreto,MIA,0.038461538461538464,26,,home_runs,MIA,MIA,3,bottom,Brian Navarreto,23,4,12,0.012489239150311802,-0.022233201581027668,0.05288647397780525,-0.03692176870748299,0.16018967103848683,0.08333333333333333,0.0,0.07511967555883292,False,False
Heriberto Hernandez,heriberto hernandez,MIA,0.20689655172413793,116,,home_runs,MIA,MIA,1,top,Heriberto Hernandez,113,32,43,0.08449086927827146,0.04566836935451496,0.14228864323399876,0.05178075657995396,0.11176275430829805,0.23255813953488372,0.15625,0.0966202738794838,False,False
Griffin Conine,griffin conine,MIA,0.1875,80,,home_runs,MIA,MIA,2,top,Griffin Conine,77,18,30,0.012603081333594788,0.02687440146632504,0.00968700588692152,0.006761650333975941,-0.007924890540557783,0.16666666666666666,0.2222222222222222,-0.01718739557940352,False,False
Kyle Stowers,kyle stowers,MIA,0.16363636363636364,110,,home_runs,MIA,MIA,3,top,Kyle Stowers,107,27,36,0.05487378596500843,-0.03099366642640439,0.14812989965203296,0.0312647205521735,0.13908303990352253,0.19444444444444445,0.037037037037037035,0.17912356607843735,False,False
Christopher Morel,christopher morel,MIA,0.045454545454545456,22,,rbi,MIA,MIA,1,bottom,Christopher Morel,19,6,8,0.003815707268127019,-0.07529345654345655,0.11279761904761905,-0.07562435500515996,0.3454657693824106,0.125,0.0,0.1880910755910756,False,False
Brian Navarreto,brian navarreto,MIA,0.11538461538461539,26,,rbi,MIA,MIA,2,bottom,Brian Navarreto,23,4,12,0.08052275286663729,-0.044466403162055336,0.03480225198491453,0.23032312925170068,-0.08834336741019097,0.08333333333333333,0.0,0.07926865514696987,False,False
Esteury Ruiz,esteury ruiz,MIA,0.12371134020618557,97,,rbi,MIA,MIA,3,bottom,Esteury Ruiz,94,25,41,-0.05085931766859566,0.06933983364868068,-0.040126122100267385,-0.1738964534269302,-0.0669768678036702,0.0975609756097561,0.24,-0.10946595574894807,False,False
Liam Hicks,liam hicks,MIA,0.6138613861386139,101,,rbi,MIA,MIA,1,top,Liam Hicks,98,27,34,-0.32054555083938124,-0.31701442551328013,-0.36143391386710216,-0.28554922761944135,0.018095143278587238,0.29411764705882354,0.37037037037037035,-0.044419488353822034,False,True
Heriberto Hernandez,heriberto hernandez,MIA,0.5431034482758621,116,,rbi,MIA,MIA,2,top,Heriberto Hernandez,113,32,43,0.05649246269900903,-0.011655828268415755,0.22616506333118,-0.0781174456227214,0.12826427973356028,0.4186046511627907,0.375,0.23782089159959574,False,False
Kyle Stowers,kyle stowers,MIA,0.5363636363636364,110,,rbi,MIA,MIA,3,top,Kyle Stowers,107,27,36,0.1507984255410609,0.0009164075180911643,0.5364180474541569,-0.07273548132828628,0.20994598770303247,0.4444444444444444,0.2962962962962963,0.5355016399360657,False,False
Brian Navarreto,brian navarreto,MIA,0.4230769230769231,26,,total_bases,MIA,MIA,1,bottom,Brian Navarreto,23,4,12,0.0878334542789353,-0.36884881422924903,0.3577057889364392,-0.11384353741496597,0.17882053180450605,0.25,0.0,0.7265546031656882,False,True
Christopher Morel,christopher morel,MIA,0.6363636363636364,22,,total_bases,MIA,MIA,2,bottom,Christopher Morel,19,6,8,0.08666201111003131,-0.07010975135975135,0.007738095238095252,0.40106639146886824,0.01724300908798336,0.5,0.3333333333333333,0.0778478465978466,False,False
Leo Jimenez,leo jimenez,MIA,0.6515151515151515,66,,total_bases,MIA,MIA,3,bottom,Leo Jimenez,63,15,30,0.02212282313861914,-0.2688248445226669,-0.029863765667099963,0.3512235275325561,0.06907419360383676,0.4,0.4,0.23896107885556694,False,True
Otto Lopez,otto lopez,MIA,1.7638888888888888,144,,total_bases,MIA,MIA,1,top,Otto Lopez,141,40,52,-0.12641773998713218,-0.09829715667798308,-0.011335150848855332,-0.27150178014134363,0.07099519166442475,0.4230769230769231,0.525,0.08696200582912775,False,False
Kyle Stowers,kyle stowers,MIA,1.6818181818181819,110,,total_bases,MIA,MIA,2,top,Kyle Stowers,107,27,36,0.20537268152515092,-0.2852791235597684,0.7313082116571011,0.0761435827193012,0.1692808007209414,0.4722222222222222,0.2962962962962963,1.0165873352168695,False,True
Heriberto Hernandez,heriberto hernandez,MIA,1.5258620689655173,116,,total_bases,MIA,MIA,3,top,Heriberto Hernandez,113,32,43,0.4197420827754668,0.22296163688962328,0.6365611357191111,0.34010405624310597,0.12303899876568644,0.46511627906976744,0.375,0.4135994988294878,False,False
Gary Sanchez,gary sanchez,MIL,0.525,80,,hits,MIL,MIL,1,bottom,Gary Sanchez,77,22,20,-0.10205433281955564,-0.17529657606937626,-0.10407080512603058,-0.054864081458825535,0.0590154828689443,0.4,0.36363636363636365,0.07122577094334569,False,True
Luis Rengifo,luis rengifo,MIL,0.6666666666666666,57,,hits,MIL,MIL,2,bottom,Luis Rengifo,54,11,19,0.023977630602788052,-0.1779983082346675,-0.005061946094217419,0.13953960078841784,-0.041859667955496546,0.5263157894736842,0.36363636363636365,0.17293636214045008,False,True
David Hamilton,david hamilton,MIL,0.6972477064220184,109,,hits,MIL,MIL,3,bottom,David Hamilton,106,30,34,0.05237174986656249,-0.02370772460471509,-0.14682197487392504,0.26796629451691745,-0.05531793867062956,0.38235294117647056,0.4666666666666667,-0.12311425026920994,False,False
Jackson Chourio,jackson chourio,MIL,1.1946902654867257,113,,hits,MIL,MIL,1,top,Jackson Chourio,110,38,33,-0.072043779913911,-0.07362078383470352,-0.0502118798104503,-0.08898035823247728,0.043962328034351565,0.30303030303030304,0.2631578947368421,0.023408904024253226,False,False
William Contreras,william contreras,MIL,1.036764705882353,136,,hits,MIL,MIL,2,top,William Contreras,133,41,41,-0.050018243388625226,0.25692050396367566,-0.08230872828279029,-0.2708139053647736,-0.09484333928410162,0.24390243902439024,0.4878048780487805,-0.33922923224646595,False,False
Brice Turang,brice turang,MIL,1.0072992700729928,137,,hits,MIL,MIL,3,top,Brice Turang,134,41,42,-0.07506005502865402,-0.30548440660417625,0.12070622083286132,-0.05103623486369769,0.18870898900312993,0.30952380952380953,0.17073170731707318,0.42619062743703756,False,True
Luis Rengifo,luis rengifo,MIL,0.0,57,,home_runs,MIL,MIL,1,bottom,Luis Rengifo,54,11,19,0.0,0.0,0.0,0.0,,0.0,0.0,0.0,False,False
Luis Lara,luis lara,MIL,0.0196078431372549,51,,home_runs,MIL,MIL,2,bottom,Luis Lara,48,20,5,0.011000830356397812,-0.013420377213433716,-0.012603145235892694,0.03736796206761882,-0.012411239462571003,0.0,0.0,0.000817231977541022,False,False
David Hamilton,david hamilton,MIL,0.03669724770642202,109,,home_runs,MIL,MIL,3,bottom,David Hamilton,106,30,34,0.013376979213126241,-0.02624019612063809,0.002495198318139466,0.05048402231889959,0.06835210246447433,0.029411764705882353,0.0,0.028735394438777557,False,False
Jackson Chourio,jackson chourio,MIL,0.20353982300884957,113,,home_runs,MIL,MIL,1,top,Jackson Chourio,110,38,33,0.03860509285466886,0.01322575195367832,0.05457216453347471,0.04982308231202906,0.10313557643252759,0.21212121212121213,0.18421052631578946,0.04134641257979639,False,False
Jake Bauers,jake bauers,MIL,0.1893939393939394,132,,home_runs,MIL,MIL,2,top,Jake Bauers,129,39,43,-0.01687865373864659,-0.07350957232347247,0.13440347947432596,-0.10829409849076593,0.21480307616883096,0.32558139534883723,0.1282051282051282,0.20791305179779843,False,True
Brice Turang,brice turang,MIL,0.13138686131386862,137,,home_runs,MIL,MIL,3,top,Brice Turang,134,41,42,-0.011128465808941494,-0.038593411833863625,0.04810749858977504,-0.03783136223490791,0.0928816233825658,0.16666666666666666,0.0975609756097561,0.08670091042363867,False,False
David Hamilton,david hamilton,MIL,0.22935779816513763,109,,rbi,MIL,MIL,1,bottom,David Hamilton,106,30,34,0.009394360707722605,0.026626171762981096,-0.04441576177851012,0.04064649958567875,-0.10345926622891992,0.11764705882352941,0.23333333333333334,-0.07104193354149121,False,False
Luis Rengifo,luis rengifo,MIL,0.3333333333333333,57,,rbi,MIL,MIL,2,bottom,Luis Rengifo,54,11,19,-8.432559907464207e-05,-0.26055898496534563,-0.043267346322175174,0.1534864513495875,0.07440729961853773,0.15789473684210525,0.09090909090909091,0.21729163864317047,False,True
Joey Ortiz,joey ortiz,MIL,0.34146341463414637,123,,rbi,MIL,MIL,3,bottom,Joey Ortiz,120,39,37,0.028187754101393493,-0.06813463882083447,0.060965592174790736,0.0860012385389206,0.004501940659215189,0.24324324324324326,0.1794871794871795,0.1291002309956252,False,False
Brice Turang,brice turang,MIL,0.6423357664233577,137,,rbi,MIL,MIL,1,top,Brice Turang,134,41,42,-0.0009074010659018503,-0.24282038408608184,0.09584200414689527,0.11389568295154719,0.11157786354875925,0.40476190476190477,0.24390243902439024,0.3386623882329771,False,True
Jake Bauers,jake bauers,MIL,0.6060606060606061,132,,rbi,MIL,MIL,2,top,Jake Bauers,129,39,43,-0.06571245127906576,-0.23043614522015574,0.22021019572461395,-0.19061563760791064,0.2284810534884364,0.5348837209302325,0.28205128205128205,0.4506463409447697,False,True
Jackson Chourio,jackson chourio,MIL,0.5929203539823009,113,,rbi,MIL,MIL,3,top,Jackson Chourio,110,38,33,0.032220923281877895,-0.02859371001828612,0.061639957151815715,0.06658317835106467,0.06605839191287213,0.42424242424242425,0.42105263157894735,0.09023366717010184,False,False
Luis Rengifo,luis rengifo,MIL,0.8245614035087719,57,,total_bases,MIL,MIL,1,bottom,Luis Rengifo,54,11,19,-0.06718354229136124,-0.4001755094505265,-0.14898508048977638,0.1501973270636681,-0.021017534923883367,0.5263157894736842,0.36363636363636365,0.2511904289607501,False,True
David Hamilton,david hamilton,MIL,0.963302752293578,109,,total_bases,MIL,MIL,2,bottom,David Hamilton,106,30,34,0.1599885728515944,-0.007794904573564521,-0.09188377943793527,0.4837305800087078,-0.01762274519194945,0.38235294117647056,0.4666666666666667,-0.08408887486437075,False,False
Sal Frelick,sal frelick,MIL,1.02,100,,total_bases,MIL,MIL,3,bottom,Sal Frelick,97,29,36,-0.03979912924397569,-0.3437034631034373,-0.01654535077308691,0.20945367253641156,0.07833747242604722,0.3333333333333333,0.13793103448275862,0.3271581123303504,False,True
Jackson Chourio,jackson chourio,MIL,2.0353982300884956,113,,total_bases,MIL,MIL,1,top,Jackson Chourio,110,38,33,-0.04868175439527063,-0.1006746522685229,-4.144921850056424e-05,-0.03917918905295842,0.08765139919418825,0.42424242424242425,0.3684210526315789,0.10063320305002234,False,False
Brice Turang,brice turang,MIL,1.6788321167883211,137,,total_bases,MIL,MIL,2,top,Brice Turang,134,41,42,-0.17800394915638765,-0.6347776842527154,0.3116083527114136,-0.214003822479882,0.20768812596170255,0.47619047619047616,0.2682926829268293,0.946386036964129,False,True
Jake Bauers,jake bauers,MIL,1.628787878787879,132,,total_bases,MIL,MIL,3,top,Jake Bauers,129,39,43,-0.07109568086412651,-0.41279414245253765,0.4699584145264085,-0.2825655978821047,0.20887610667755918,0.46511627906976744,0.28205128205128205,0.8827525569789462,False,True
Walker Jenkins,walker jenkins,MIN,0.3076923076923077,13,,hits,MIN,MIN,1,bottom,Walker Jenkins,10,0,0,-0.27505411255411255,,,-0.27505411255411255,-0.2619057032714672,,,,False,False
Ryan Kreidler,ryan kreidler,MIN,0.5053763440860215,93,,hits,MIN,MIN,2,bottom,Ryan Kreidler,90,22,23,-0.12231709087245649,-0.09112703391292616,0.21456531107521518,-0.30974990193703683,0.09711052858185362,0.5217391304347826,0.4090909090909091,0.30569234498814135,False,False
Alan Roden,alan roden,MIN,0.5925925925925926,27,,hits,MIN,MIN,3,bottom,Alan Roden,24,7,6,0.060255210131833846,-0.24989795918367344,0.2608695652173913,0.14819939692230716,0.21316193607176812,0.5,0.2857142857142857,0.5107675244010648,False,True
Kaelen Culpepper,kaelen culpepper,MIN,1.0,29,,hits,MIN,MIN,1,top,Kaelen Culpepper,26,3,7,0.08333751096524582,0.792989417989418,0.7598639455782312,-0.34570253674496765,0.13457217784491318,0.7142857142857143,1.0,-0.033125472411186796,False,False
Josh Bell,josh bell,MIN,0.9361702127659575,141,,hits,MIN,MIN,2,top,Josh Bell,138,28,31,0.08135472743844735,0.24540642267950677,0.2211033949877464,-0.03162826193848857,-0.011074723810041582,0.7419354838709677,0.6785714285714286,-0.024303027691760376,False,False
Luke Keaschall,luke keaschall,MIN,0.9347826086956522,138,,hits,MIN,MIN,3,top,Luke Keaschall,135,28,32,0.0798296182149435,0.31506832672000357,-0.08849091943819838,0.06382392977172831,-0.17414485510880084,0.5625,0.7857142857142857,-0.40355924615820193,False,False
Alan Roden,alan roden,MIN,0.0,27,,home_runs,MIN,MIN,1,bottom,Alan Roden,24,7,6,0.0,0.0,0.0,0.0,,0.0,0.0,0.0,False,False
Austin Martin,austin martin,MIN,0.02702702702702703,111,,home_runs,MIN,MIN,2,bottom,Austin Martin,108,23,25,0.001408476068526302,-0.024978516664045526,0.009880269954835166,0.007993575830050144,0.10089587143588483,0.04,0.0,0.03485878661888069,False,False
Ryan Kreidler,ryan kreidler,MIN,0.06451612903225806,93,,home_runs,MIN,MIN,3,bottom,Ryan Kreidler,90,22,23,-0.082535525366724,-0.07194925261427564,-0.059926195456422485,-0.09926691622207509,0.06442596362122235,0.08695652173913043,0.045454545454545456,0.012023057157853151,False,True
Kody Clemens,kody clemens,MIN,0.2,130,,home_runs,MIN,MIN,1,top,Kody Clemens,127,27,29,0.04038128227420887,0.08903041338831012,-0.06538991273539622,0.06508322755868516,-0.08388724362643755,0.10344827586206896,0.2222222222222222,-0.15442032612370635,False,False
Byron Buxton,byron buxton,MIN,0.18,50,,home_runs,MIN,MIN,2,top,Byron Buxton,47,13,14,-0.05545456450412178,-0.1289511005520372,-0.05202071980528326,-0.010085507362163681,0.021016422464226255,0.21428571428571427,0.15384615384615385,0.07693038074675396,False,True
Ryan Jeffers,ryan jeffers,MIN,0.17073170731707318,82,,home_runs,MIN,MIN,3,top,Ryan Jeffers,79,17,19,0.026500213337927618,-0.025533322700967285,-0.11244540991590063,0.10846618902360088,-0.13022528358760385,0.05263157894736842,0.11764705882352941,-0.08691208721493335,False,False
Austin Martin,austin martin,MIN,0.2072072072072072,111,,rbi,MIN,MIN,1,bottom,Austin Martin,108,23,25,-0.02898342972307711,-0.17667225129958905,-0.03373197870643283,0.029609180624317336,0.04796344624820197,0.2,0.08695652173913043,0.14294027259315623,False,True
Ryan Kreidler,ryan kreidler,MIN,0.27956989247311825,93,,rbi,MIN,MIN,2,bottom,Ryan Kreidler,90,22,23,-0.2015794768488643,-0.2144591234241896,0.04291317492970919,-0.32024567165442064,0.158892447595761,0.2608695652173913,0.13636363636363635,0.2573722983538988,False,True
Luke Keaschall,luke keaschall,MIN,0.3188405797101449,138,,rbi,MIN,MIN,3,bottom,Luke Keaschall,135,28,32,-0.04014655295622419,-0.2372642506637646,0.031316498514988626,0.0029531522268734433,0.10200832456269503,0.28125,0.10714285714285714,0.26858074917875324,False,True
Ryan Jeffers,ryan jeffers,MIN,0.6585365853658537,82,,rbi,MIN,MIN,1,top,Ryan Jeffers,79,17,19,0.03301747666293612,-0.1774450272800221,-0.12415066810322668,0.18566997242078223,-0.06646454491303244,0.2631578947368421,0.23529411764705882,0.05329435917679541,False,True
Josh Bell,josh bell,MIN,0.6099290780141844,141,,rbi,MIN,MIN,2,top,Josh Bell,138,28,31,0.0011284886560439075,0.2169181805299421,0.1280517526527037,-0.12515926522200171,0.011726791442346717,0.45161290322580644,0.42857142857142855,-0.08886642787723842,False,False
Kody Clemens,kody clemens,MIN,0.5692307692307692,130,,rbi,MIN,MIN,3,top,Kody Clemens,127,27,29,0.13497245171916245,0.3401129674838019,0.09742517153754755,0.07229748269974785,-0.07678339030846419,0.3793103448275862,0.4074074074074074,-0.24268779594625434,False,False
Walker Jenkins,walker jenkins,MIN,0.6923076923076923,13,,total_bases,MIN,MIN,1,bottom,Walker Jenkins,10,0,0,-0.4437626262626263,,,-0.4437626262626263,-0.2843976415459424,,,,False,False
Alan Roden,alan roden,MIN,0.7407407407407407,27,,total_bases,MIN,MIN,2,bottom,Alan Roden,24,7,6,0.20413285724317662,-0.298843537414966,0.5793807641633728,0.31952806825097846,0.30203581830982634,0.5,0.2857142857142857,0.8782243015783389,False,True
Austin Martin,austin martin,MIN,0.8468468468468469,111,,total_bases,MIN,MIN,3,bottom,Austin Martin,108,23,25,-0.06764687763459512,-0.262548927645327,-0.14601891937727163,0.03972059226230066,0.01596438582408735,0.24,0.391304347826087,0.11653000826805537,False,True
Kody Clemens,kody clemens,MIN,1.7307692307692308,130,,total_bases,MIN,MIN,1,top,Kody Clemens,127,27,29,0.24990417028666895,0.5546437942905941,-0.3257825334638703,0.3691569105776501,-0.13406280257528191,0.3103448275862069,0.4074074074074074,-0.8804263277544644,False,False
Ryan Jeffers,ryan jeffers,MIN,1.6951219512195121,82,,total_bases,MIN,MIN,2,top,Ryan Jeffers,79,17,19,0.11651317811817763,-0.29583070251015586,0.10811416394922235,0.28324404416217336,0.007180740258589889,0.5263157894736842,0.29411764705882354,0.4039448664593782,False,True
Byron Buxton,byron buxton,MIN,1.64,50,,total_bases,MIN,MIN,3,top,Byron Buxton,47,13,14,-0.23087058375036487,-0.6931199756902641,0.21287741325084464,-0.24103207689027717,0.09261867024202163,0.42857142857142855,0.23076923076923078,0.9059973889411087,False,True
Eric Wagaman,eric wagaman,NYM,0.36,25,,hits,NYM,NYM,1,bottom,Eric Wagaman,22,7,9,0.06148154386943714,0.2913926409724729,-0.07605820105820106,-0.00043845202598062166,-0.33009385743246905,0.2222222222222222,0.5714285714285714,-0.36745084203067396,False,False
Nick Morabito,nick morabito,NYM,0.36363636363636365,11,,hits,NYM,NYM,2,bottom,Nick Morabito,8,2,1,0.3552579365079365,1.0,0.0,0.1684126984126984,-0.4015292517107926,0.0,0.5,-1.0,False,False
Tyrone Taylor,tyrone taylor,NYM,0.5223880597014925,67,,hits,NYM,NYM,3,bottom,Tyrone Taylor,64,15,21,0.11138818007294402,0.1970654703416031,0.18258135820516425,0.012094748115568602,0.04087528113938082,0.42857142857142855,0.4666666666666667,-0.014484112136438854,False,False
Bo Bichette,bo bichette,NYM,1.0413793103448277,145,,hits,NYM,NYM,1,top,Bo Bichette,142,41,46,0.09141794239547993,0.19955973833957355,0.12784452907963614,-0.019662723444138712,-0.012380605767630816,0.5,0.4634146341463415,-0.0717152092599374,False,False
Carson Benge,carson benge,NYM,1.0283687943262412,141,,hits,NYM,NYM,2,top,Carson Benge,138,38,45,0.19516010375790965,0.17021729398699192,0.12001959063116512,0.27387191943060735,0.03267303902093544,0.6,0.6052631578947368,-0.05019770335582681,False,False
Juan Soto,juan soto,NYM,0.9583333333333334,96,,hits,NYM,NYM,3,top,Juan Soto,93,19,35,-0.15376055799559665,0.028883376088064135,-0.0053384327433942435,-0.3759402793139719,-0.03545015320363441,0.37142857142857144,0.42105263157894735,-0.03422180883145838,False,False
Nick Morabito,nick morabito,NYM,0.0,11,,home_runs,NYM,NYM,1,bottom,Nick Morabito,8,2,1,0.0,0.0,0.0,0.0,,0.0,0.0,0.0,False,False
A.j. Ewing,a.j. ewing,NYM,0.0761904761904762,105,,home_runs,NYM,NYM,2,bottom,A.j. Ewing,102,35,28,-0.019600819957862656,-0.011981838259189397,-0.046119553478181814,-0.00739927690362232,-0.0018015892800329087,0.03571428571428571,0.08571428571428572,-0.03413771521899242,False,False
Brett Baty,brett baty,NYM,0.078125,128,,home_runs,NYM,NYM,3,bottom,Brett Baty,125,34,44,0.037245514095453854,0.013278889183492973,0.007076654469356806,0.08282626027747382,-0.020838152269512585,0.045454545454545456,0.058823529411764705,-0.006202234714136167,False,False
Juan Soto,juan soto,NYM,0.25,96,,home_runs,NYM,NYM,1,top,Juan Soto,93,19,35,0.030659957066494235,0.010805180961616721,0.1298969833179075,-0.04872607300547478,0.11533974281352505,0.2857142857142857,0.2631578947368421,0.11909180235629077,False,False
Francisco Lindor,francisco lindor,NYM,0.2,90,,home_runs,NYM,NYM,2,top,Francisco Lindor,87,33,20,0.09012316223403583,0.05221885053695859,0.07234349291665328,0.13737127024436524,-0.007759626441247431,0.15,0.15151515151515152,0.020124642379694684,False,False
Luis Robert Jr.,luis robert jr.,NYM,0.1724137931034483,58,,home_runs,NYM,NYM,3,top,Luis Robert Jr.,55,22,14,0.027124808113294523,0.1005017234022525,-0.09649474401179245,0.03325015513403888,-0.1322168875349214,0.07142857142857142,0.22727272727272727,-0.19699646741404495,False,False
Eric Wagaman,eric wagaman,NYM,0.2,25,,rbi,NYM,NYM,1,bottom,Eric Wagaman,22,7,9,-0.03147157838891093,0.08884266993510691,-0.11860670194003527,-0.04113551610691196,-0.07990090935927877,0.1111111111111111,0.14285714285714285,-0.20744937187514217,False,False
Francisco Alvarez,francisco alvarez,NYM,0.33980582524271846,103,,rbi,NYM,NYM,2,bottom,Francisco Alvarez,100,31,33,0.02911817294083692,0.09102438459007452,-0.04964556122873148,0.048010135898320046,-0.0632207319874238,0.18181818181818182,0.3548387096774194,-0.14066994581880599,False,False
A.j. Ewing,a.j. ewing,NYM,0.34285714285714286,105,,rbi,NYM,NYM,3,bottom,A.j. Ewing,102,35,28,-0.04069312636983441,-0.15792897678296472,0.005685942769009243,0.031220741029446115,0.0626104793599928,0.25,0.17142857142857143,0.16361491955197396,False,True
Juan Soto,juan soto,NYM,0.6041666666666666,96,,rbi,NYM,NYM,1,top,Juan Soto,93,19,35,0.001325591872234949,0.04226431155949657,0.034771261307204156,-0.048634256955505904,-0.014416701701661653,0.4,0.3684210526315789,-0.007493050252292417,False,False
Bo Bichette,bo bichette,NYM,0.503448275862069,145,,rbi,NYM,NYM,2,top,Bo Bichette,142,41,46,0.007254272132104533,-0.01564008093135409,-0.005010668664680041,0.03457892217308443,0.00961502261015128,0.2608695652173913,0.24390243902439024,0.01062941226667405,False,False
Mark Vientos,mark vientos,NYM,0.4936708860759494,79,,rbi,NYM,NYM,3,top,Mark Vientos,76,19,28,0.04973568302001226,0.004522011437778043,-0.01604430320678061,0.14287014420665542,-0.08016400940190112,0.25,0.3157894736842105,-0.02056631464455865,False,False
Nick Morabito,nick morabito,NYM,0.45454545454545453,11,,total_bases,NYM,NYM,1,bottom,Nick Morabito,8,2,1,0.42038690476190477,1.5,0.0,0.07261904761904762,-0.4324440291481063,0.0,0.5,-1.5,False,False
Eric Wagaman,eric wagaman,NYM,0.6,25,,total_bases,NYM,NYM,2,bottom,Eric Wagaman,22,7,9,-0.19376153799964363,0.37108521730370475,-0.5611111111111111,-0.3017250595196819,-0.3523797744810271,0.2222222222222222,0.5714285714285714,-0.9321963284148158,False,False
Christopher Morel,christopher morel,NYM,0.9090909090909091,11,,total_bases,NYM,NYM,3,bottom,Christopher Morel,11,5,1,0.29947795905964186,-0.22467032967032968,-0.5925925925925926,1.00204035812006,-0.14734568367094353,0.0,0.4,-0.3679222629222629,False,True
Juan Soto,juan soto,NYM,1.84375,96,,total_bases,NYM,NYM,1,top,Juan Soto,93,19,35,-0.10854363681079106,-0.045127544433108804,0.3986458275468481,-0.5946086882901074,0.09269467693746726,0.45714285714285713,0.3684210526315789,0.44377337197995687,False,False
Francisco Lindor,francisco lindor,NYM,1.6777777777777778,90,,total_bases,NYM,NYM,2,top,Francisco Lindor,87,33,20,0.23109363564736288,0.10978095041983421,0.44225645814996106,0.2246248757196126,0.034111406156946536,0.45,0.2727272727272727,0.33247550773012685,False,False
Bo Bichette,bo bichette,NYM,1.5655172413793104,145,,total_bases,NYM,NYM,3,top,Bo Bichette,142,41,46,0.22809063325316545,0.3467271709254567,0.30604827041666266,0.07445155408798704,0.032460321531459765,0.391304347826087,0.4146341463414634,-0.040678900508794025,False,False
Randal Grichuk,randal grichuk,NYY,0.375,16,,hits,NYY,NYY,1,bottom,Randal Grichuk,13,3,6,0.3572504418658265,0.0,0.2611111111111111,0.7693972693972695,0.15617219367242074,0.3333333333333333,0.0,0.2611111111111111,False,False
Ali Sanchez,ali sanchez,NYY,0.38095238095238093,42,,hits,NYY,NYY,2,bottom,Ali Sanchez,39,8,11,-0.014404390465190216,0.32041166133725124,-0.1987246707513718,-0.04695465702876693,-0.14638472159172233,0.18181818181818182,0.375,-0.5191363320886231,False,False
Heliot Ramos,heliot ramos,NYY,0.4166666666666667,24,,hits,NYY,NYY,3,bottom,Heliot Ramos,24,3,7,-0.5231719940087871,-0.6753816359079517,-0.5162521370472094,-0.4940155706540407,0.15781768196951163,0.2857142857142857,0.0,0.15912949886074235,False,True
Luis Garcia Jr.,luis garcia jr.,NYY,1.121212121212121,33,,hits,NYY,NYY,1,top,Luis Garcia Jr.,33,2,12,0.14095201831152854,-0.47209241952232606,0.35440925448343075,0.07066791523810138,0.2573042896496073,0.5833333333333334,0.5,0.8265016740057568,True,True
Cody Bellinger,cody bellinger,NYY,0.9833333333333333,120,,hits,NYY,NYY,2,top,Cody Bellinger,117,24,33,0.00979152699727338,0.10310291631268177,0.20197944166077744,-0.1332363817938172,0.055997989996845306,0.6363636363636364,0.625,0.09887652534809567,False,False
Ben Rice,ben rice,NYY,0.9716312056737588,141,,hits,NYY,NYY,3,top,Ben Rice,138,27,40,-0.06282068454424314,-0.10332525624059387,0.0678199885470154,-0.12101791676746668,0.07300041425000339,0.45,0.2962962962962963,0.17114524478760929,False,True
Randal Grichuk,randal grichuk,NYY,0.0,16,,home_runs,NYY,NYY,1,bottom,Randal Grichuk,13,3,6,0.0,0.0,0.0,0.0,,0.0,0.0,0.0,False,False
Anthony Volpe,anthony volpe,NYY,0.017241379310344827,58,,home_runs,NYY,NYY,2,bottom,Anthony Volpe,55,7,10,-0.014546272008438174,-0.021618361286351633,-0.04007751068299241,-0.006524771700781945,0.011391072800611938,0.0,0.0,-0.018459149396640777,False,False
Ali Sanchez,ali sanchez,NYY,0.023809523809523808,42,,home_runs,NYY,NYY,3,bottom,Ali Sanchez,39,8,11,0.012128843459351075,-0.01340426017150155,-0.012978129048152648,0.03615091979081917,0.06319041169636175,0.0,0.0,0.000426131123348902,False,False
Aaron Judge,aaron judge,NYY,0.27419354838709675,62,,home_runs,NYY,NYY,1,top,Aaron Judge,59,14,20,-0.1006781344700108,0.08560196671937735,0.006232980294504536,-0.29052388294768045,-0.03915581723274481,0.3,0.42857142857142855,-0.07936898642487282,False,False
Ben Rice,ben rice,NYY,0.2624113475177305,141,,home_runs,NYY,NYY,2,top,Ben Rice,138,27,40,-0.031212178313657513,-0.017864116282799266,-0.004903349169332982,-0.05111007747712448,-0.006124598819585752,0.3,0.25925925925925924,0.012960767113466283,False,False
Luis Garcia Jr.,luis garcia jr.,NYY,0.21212121212121213,33,,home_runs,NYY,NYY,3,top,Luis Garcia Jr.,33,2,12,-0.004910489168875318,-0.2232606438213915,0.1152527277089685,-0.05781882039145917,0.40843158258725154,0.3333333333333333,0.0,0.33851337153036,False,True
Randal Grichuk,randal grichuk,NYY,0.125,16,,rbi,NYY,NYY,1,bottom,Randal Grichuk,13,3,6,0.11435615666384898,0.0,-0.022222222222222223,0.4049908424908425,-0.04835368090240693,0.0,0.0,-0.022222222222222223,False,False
Ali Sanchez,ali sanchez,NYY,0.16666666666666666,42,,rbi,NYY,NYY,2,bottom,Ali Sanchez,39,8,11,-0.023387894002066763,-0.09673291226149665,-0.2160050513968674,0.11188954986884556,-0.03282872096979378,0.0,0.125,-0.11927213913537076,False,True
Heliot Ramos,heliot ramos,NYY,0.16666666666666666,24,,rbi,NYY,NYY,3,bottom,Heliot Ramos,24,3,7,-0.24204721428333587,-0.44160809950283636,-0.2696907309417333,-0.185462409121387,0.10670093370137933,0.14285714285714285,0.0,0.17191736856110307,False,True
Ben Rice,ben rice,NYY,0.6312056737588653,141,,rbi,NYY,NYY,1,top,Ben Rice,138,27,40,-0.11516700251395193,-0.12316102070707118,-0.018493141922141486,-0.16659117057674347,0.03653050773558856,0.475,0.25925925925925924,0.1046678787849297,False,True
Aaron Judge,aaron judge,NYY,0.6129032258064516,62,,rbi,NYY,NYY,2,top,Aaron Judge,59,14,20,-0.07966157398628891,-0.018684459476030185,0.17548562116701596,-0.31792651423467766,0.08459752989357891,0.5,0.5,0.19417008064304614,False,False
Cody Bellinger,cody bellinger,NYY,0.55,120,,rbi,NYY,NYY,3,top,Cody Bellinger,117,24,33,0.01474020397015765,-0.1543607068590369,0.09381150958331676,0.038891350214597976,0.10553050241897698,0.3939393939393939,0.2916666666666667,0.24817221644235365,False,True
Ali Sanchez,ali sanchez,NYY,0.5,42,,total_bases,NYY,NYY,1,bottom,Ali Sanchez,39,8,11,-0.016314397994215007,0.18527214828258384,-0.32619439002203443,0.07348497911036612,-0.09631303035804692,0.18181818181818182,0.375,-0.5114665383046183,False,False
Randal Grichuk,randal grichuk,NYY,0.625,16,,total_bases,NYY,NYY,2,bottom,Randal Grichuk,13,3,6,0.5878173108942341,0.0,0.5444444444444444,1.0937395937395937,0.22663253354009144,0.3333333333333333,0.0,0.5444444444444444,False,False
Heliot Ramos,heliot ramos,NYY,0.75,24,,total_bases,NYY,NYY,3,bottom,Heliot Ramos,24,3,7,-0.768751793314545,-0.9611090663722243,-0.8117361347675589,-0.7060402069328209,0.09262295055055489,0.2857142857142857,0.3333333333333333,0.14937293160466536,False,True
Ben Rice,ben rice,NYY,1.9574468085106382,141,,total_bases,NYY,NYY,1,top,Ben Rice,138,27,40,-0.22865977818150215,-0.2638381243871273,0.0820934258761117,-0.39035432486815974,0.05470110218739057,0.425,0.37037037037037035,0.34593155026323896,False,True
Luis Garcia Jr.,luis garcia jr.,NYY,1.9393939393939394,33,,total_bases,NYY,NYY,2,top,Luis Garcia Jr.,33,2,12,0.031153806649287515,-1.42095015576324,0.5882355058647555,-0.16783421786442607,0.3359890295731749,0.4166666666666667,0.0,2.0091856616279955,False,True
Aaron Judge,aaron judge,NYY,1.8709677419354838,62,,total_bases,NYY,NYY,3,top,Aaron Judge,59,14,20,-0.24654433198513695,0.42539145198271455,-0.0168992419739436,-0.8065444430160886,-0.09750618634323989,0.3,0.42857142857142855,-0.44229069395665815,False,False
Garrett Stubbs,garrett stubbs,PHI,0.25806451612903225,31,,hits,PHI,PHI,1,bottom,Garrett Stubbs,28,4,10,-0.12516257676450276,-0.4115440115440115,-0.21970490029710418,0.02419092141007224,-0.11078102485639688,0.1,0.0,0.1918391112469073,False,True
Rafael Marchan,rafael marchan,PHI,0.26666666666666666,30,,hits,PHI,PHI,2,bottom,Rafael Marchan,27,12,5,0.05266368011647765,0.21630485527544352,-0.07074350936419901,-0.08200213533394311,-0.18083886848844394,0.2,0.4166666666666667,-0.28704836463964256,False,False
Derek Hill,derek hill,PHI,0.5172413793103449,58,,hits,PHI,PHI,3,bottom,Derek Hill,58,14,23,0.09819137304862559,0.07408578476759918,0.10062627366975954,0.11159496931759168,0.006650179059782039,0.43478260869565216,0.42857142857142855,0.02654048890216036,False,False
Luis Arraez,luis arraez,PHI,1.1142857142857143,35,,hits,PHI,PHI,1,top,Luis Arraez,35,5,18,-0.1646003703951874,-0.2630099682305145,-0.2237854580463068,-0.03481873982045528,0.0371393766001793,0.3333333333333333,0.4,0.03922451018420767,False,True
Trea Turner,trea turner,PHI,0.986013986013986,143,,hits,PHI,PHI,2,top,Trea Turner,140,37,39,0.010962752902810374,-0.034271683749829765,0.12418853902223496,-0.03188305182390638,0.11593405965142181,0.5384615384615384,0.5675675675675675,0.15846022277206473,False,False
Bryce Harper,bryce harper,PHI,0.9391891891891891,148,,hits,PHI,PHI,3,top,Bryce Harper,145,37,41,0.03706969881210928,-0.20077602192026048,0.03871605522527158,0.16740986379954245,0.04018438985371432,0.5853658536585366,0.40540540540540543,0.23949207714553206,True,True
Garrett Stubbs,garrett stubbs,PHI,0.0,31,,home_runs,PHI,PHI,1,bottom,Garrett Stubbs,28,4,10,0.0,0.0,0.0,0.0,,0.0,0.0,0.0,False,False
Justin Crawford,justin crawford,PHI,0.014814814814814815,135,,home_runs,PHI,PHI,2,bottom,Justin Crawford,132,30,39,-0.0050543930667731884,-0.019233258721207548,-0.017611555482553908,0.009470929216535995,0.050063233970955266,0.0,0.0,0.0016217032386536406,False,False
Rafael Marchan,rafael marchan,PHI,0.03333333333333333,30,,home_runs,PHI,PHI,3,bottom,Rafael Marchan,27,12,5,0.021706883687282377,-0.010615079365079364,-0.023679768507354714,0.08318656544743501,0.13040711579100245,0.0,0.0,-0.01306468914227535,False,False
Kyle Schwarber,kyle schwarber,PHI,0.30985915492957744,142,,home_runs,PHI,PHI,1,top,Kyle Schwarber,139,37,37,-0.030896102819715845,-0.04815537364133476,-0.09919017627763063,0.01780349315478797,0.001394376796469646,0.21621621621621623,0.24324324324324326,-0.051034802636295874,False,False
Bryce Harper,bryce harper,PHI,0.18243243243243243,148,,home_runs,PHI,PHI,2,top,Bryce Harper,145,37,41,-0.020435392329614315,-0.020634613697203784,0.00259315006590494,-0.03441746766715879,0.040428351808626646,0.17073170731707318,0.1891891891891892,0.023227763763108724,False,False
Trea Turner,trea turner,PHI,0.13286713286713286,143,,home_runs,PHI,PHI,3,top,Trea Turner,140,37,39,0.030692146875112736,0.08144692658149504,0.02328586759213262,0.005862741295426483,-0.02812223737516278,0.1282051282051282,0.16216216216216217,-0.05816105898936241,False,False
Garrett Stubbs,garrett stubbs,PHI,0.0967741935483871,31,,rbi,PHI,PHI,1,bottom,Garrett Stubbs,28,4,10,-0.04390895329881816,-0.11121933621933622,-0.10051941748905766,0.01575863052864381,-0.04265810993644126,0.0,0.0,0.010699918730278563,False,True
Rafael Marchan,rafael marchan,PHI,0.13333333333333333,30,,rbi,PHI,PHI,2,bottom,Rafael Marchan,27,12,5,0.06488847322458467,0.11440242763772175,-0.12138574069608551,0.09860883488915526,-0.042506550439137744,0.0,0.08333333333333333,-0.23578816833380728,False,False
Justin Crawford,justin crawford,PHI,0.25925925925925924,135,,rbi,PHI,PHI,3,bottom,Justin Crawford,132,30,39,0.0468977612761668,0.04529378941105648,0.0800086951164137,0.02716431264416172,0.034815670302132666,0.2564102564102564,0.16666666666666666,0.03471490570535722,False,False
Kyle Schwarber,kyle schwarber,PHI,0.647887323943662,142,,rbi,PHI,PHI,1,top,Kyle Schwarber,139,37,37,0.012561231888121324,-0.08406428316870103,0.013650066370962687,0.06694365006100281,0.04266745346646713,0.40540540540540543,0.32432432432432434,0.09771434953966371,False,True
Alec Bohm,alec bohm,PHI,0.5673758865248227,141,,rbi,PHI,PHI,2,top,Alec Bohm,138,37,38,0.0012206988183725974,-0.06448347927843708,-0.30726375823127955,0.22587885687343198,-0.08813701137230143,0.23684210526315788,0.24324324324324326,-0.2427802789528425,False,False
Bryce Harper,bryce harper,PHI,0.5540540540540541,148,,rbi,PHI,PHI,3,top,Bryce Harper,145,37,41,-0.020500649227302957,0.06797349726362283,0.015943517551764076,-0.09166116054231788,-0.016837171031751773,0.3902439024390244,0.40540540540540543,-0.05202997971185875,False,False
Garrett Stubbs,garrett stubbs,PHI,0.25806451612903225,31,,total_bases,PHI,PHI,1,bottom,Garrett Stubbs,28,4,10,-0.12516257676450276,-0.4115440115440115,-0.21970490029710418,0.02419092141007224,-0.11078102485639688,0.1,0.0,0.1918391112469073,False,True
Rafael Marchan,rafael marchan,PHI,0.36666666666666664,30,,total_bases,PHI,PHI,2,bottom,Rafael Marchan,27,12,5,0.11778433117832476,0.18445961718020543,-0.14178281488626315,0.167557561008362,-0.014265584085356083,0.2,0.4166666666666667,-0.3262424320664686,False,False
Derek Hill,derek hill,PHI,0.9310344827586207,58,,total_bases,PHI,PHI,3,bottom,Derek Hill,58,14,23,0.1983432643763827,0.39861189374607353,0.306085773609138,-0.05317285579166737,0.009019929799817143,0.43478260869565216,0.42857142857142855,-0.09252612013693551,False,False
Kyle Schwarber,kyle schwarber,PHI,1.9577464788732395,142,,total_bases,PHI,PHI,1,top,Kyle Schwarber,139,37,37,-0.08242298016203951,-0.14191001489049043,-0.3992908452513628,0.13180980896500122,-0.013489908103114588,0.40540540540540543,0.32432432432432434,-0.2573808303608724,False,False
Bryce Harper,bryce harper,PHI,1.7162162162162162,148,,total_bases,PHI,PHI,2,top,Bryce Harper,145,37,41,-0.02051676306325507,-0.3529305409050912,0.04140845672183728,0.1251604872197174,0.03515803310126181,0.43902439024390244,0.40540540540540543,0.3943389976269285,False,True
Trea Turner,trea turner,PHI,1.5874125874125875,143,,total_bases,PHI,PHI,3,top,Trea Turner,140,37,39,0.12092151634650915,0.266287521949432,0.20676065381432118,-0.015426430037128541,0.042604758360696916,0.46153846153846156,0.32432432432432434,-0.05952686813511082,False,False
Billy Cook,billy cook,PIT,0.1232876712328767,73,,hits,PIT,PIT,1,bottom,Billy Cook,70,21,30,0.0054527315469447704,-0.030996058595843052,0.012545891470769071,0.034538510246092974,0.04168004291641819,0.13333333333333333,0.09523809523809523,0.04354195006661212,False,False
Henry Davis,henry davis,PIT,0.4444444444444444,90,,hits,PIT,PIT,2,bottom,Henry Davis,87,27,36,0.0014284442269789496,-0.10573828875717256,0.0349807939887645,0.07166249419147108,0.09858027648871867,0.4166666666666667,0.25925925925925924,0.14071908274593706,False,True
Jacob Gonzalez,jacob gonzalez,PIT,0.5348837209302325,43,,hits,PIT,PIT,3,bottom,Jacob Gonzalez,43,12,9,-0.10921280825840858,-0.4272736176227088,0.035113153213245075,0.005232467156442332,0.20934597442976516,0.5555555555555556,0.25,0.4623867708359539,True,True
Nick Gonzales,nick gonzales,PIT,1.1386861313868613,137,,hits,PIT,PIT,1,top,Nick Gonzales,134,41,50,-0.0007155634521785677,-0.15637619268674957,0.0737489314049048,0.0611184145888271,0.08170539933856794,0.44,0.36585365853658536,0.23012512409165436,False,True
Oneil Cruz,oneil cruz,PIT,1.0588235294117647,85,,hits,PIT,PIT,2,top,Oneil Cruz,82,22,34,-0.010858220889830003,-0.2652365795038783,0.07667394479153794,0.08991986589257588,0.1756165713833158,0.4411764705882353,0.13636363636363635,0.34191052429541624,False,True
Konnor Griffin,konnor griffin,PIT,1.0151515151515151,66,,hits,PIT,PIT,3,top,Konnor Griffin,63,16,31,0.20641259325667854,0.07648806522453552,0.3348096366780952,0.08756784965982709,0.1676861916896691,0.6451612903225806,0.5625,0.2583215714535597,True,False
Billy Cook,billy cook,PIT,0.0,73,,home_runs,PIT,PIT,1,bottom,Billy Cook,70,21,30,0.0,0.0,0.0,0.0,,0.0,0.0,0.0,False,False
Nick Yorke,nick yorke,PIT,0.02564102564102564,39,,home_runs,PIT,PIT,2,bottom,Nick Yorke,36,10,15,0.004245193887045635,0.0767397938235849,-0.019742476305943796,-0.0289485285193681,-0.21322168872752925,0.0,0.1,-0.09648227012952869,False,False
Jared Triolo,jared triolo,PIT,0.02702702702702703,111,,home_runs,PIT,PIT,3,bottom,Jared Triolo,108,28,39,0.01745578374853378,-0.01185670130210935,0.042726933163263,0.01343565580325495,0.07996278020814072,0.05128205128205128,0.0,0.05458363446537235,False,False
Esmerlyn Valdez,esmerlyn valdez,PIT,0.2361111111111111,72,,home_runs,PIT,PIT,1,top,Esmerlyn Valdez,69,21,23,-0.06491304039858263,0.003768072132641881,-0.08337818828662626,-0.10561723886781112,-0.016442518596863125,0.21739130434782608,0.2857142857142857,-0.08714626041926814,False,False
Rafael Flores Jr.,rafael flores jr.,PIT,0.2222222222222222,36,,home_runs,PIT,PIT,2,top,Rafael Flores Jr.,33,9,5,-0.011653490076835952,-0.23156038243757543,-0.01616698832827867,0.09370069531810449,0.06979677867902133,0.2,0.0,0.21539339410929675,False,True
Oneil Cruz,oneil cruz,PIT,0.21176470588235294,85,,home_runs,PIT,PIT,3,top,Oneil Cruz,82,22,34,-0.03598759236012712,-0.03001086040768973,-0.08543940024521941,0.023622921683700386,-0.056817114903348134,0.14705882352941177,0.22727272727272727,-0.05542853983752968,False,False
Billy Cook,billy cook,PIT,0.0273972602739726,73,,rbi,PIT,PIT,1,bottom,Billy Cook,70,21,30,0.021447405748971898,-0.01081647320955816,-0.004200777567713051,0.09760461404527083,-0.03320395398337023,0.0,0.0,0.00661569564184511,False,False
Jake Mangum,jake mangum,PIT,0.2459016393442623,122,,rbi,PIT,PIT,2,bottom,Jake Mangum,119,34,45,0.06015673254354077,0.0746345361011252,0.01008417666501838,0.10418222488293165,-0.07858822287079632,0.15555555555555556,0.20588235294117646,-0.06455035943610683,False,False
Jared Triolo,jared triolo,PIT,0.26126126126126126,111,,rbi,PIT,PIT,3,bottom,Jared Triolo,108,28,39,0.05875297728666514,-0.05067287469621583,0.060110700850526846,0.13219133427520324,0.061821711448544994,0.20512820512820512,0.10714285714285714,0.11078357554674267,False,False
Oneil Cruz,oneil cruz,PIT,0.7411764705882353,85,,rbi,PIT,PIT,1,top,Oneil Cruz,82,22,34,0.00014365091630551985,-0.16678114050527676,-0.050398770506367985,0.207481640902679,0.05667206612365098,0.35294117647058826,0.4090909090909091,0.11638236999890877,False,True
Esmerlyn Valdez,esmerlyn valdez,PIT,0.6527777777777778,72,,rbi,PIT,PIT,2,top,Esmerlyn Valdez,69,21,23,-0.12725385188888846,-0.05735113016927967,-0.09477619898059725,-0.21585157880898798,0.06326331608315763,0.43478260869565216,0.3333333333333333,-0.03742506881131758,False,False
Brandon Lowe,brandon lowe,PIT,0.6058394160583942,137,,rbi,PIT,PIT,3,top,Brandon Lowe,134,35,52,-0.11924580906617854,-0.17452866104487133,0.049661072555749156,-0.2649534266211997,0.10915940990227002,0.4423076923076923,0.2857142857142857,0.2241897336006205,False,True
Billy Cook,billy cook,PIT,0.1643835616438356,73,,total_bases,PIT,PIT,1,bottom,Billy Cook,70,21,30,0.03514518998393914,-0.05085053295374431,0.03753667523257817,0.12641706494352759,0.042597129989629744,0.13333333333333333,0.09523809523809523,0.08838720818632248,False,False
Nick Yorke,nick yorke,PIT,0.7435897435897436,39,,total_bases,PIT,PIT,2,bottom,Nick Yorke,36,10,15,-0.14168497954375944,-0.08389587980070354,-0.40460921259682864,0.16431252030764776,-0.10180141560946926,0.3333333333333333,0.3,-0.32071333279612513,False,False
Henry Davis,henry davis,PIT,0.8,90,,total_bases,PIT,PIT,3,bottom,Henry Davis,87,27,36,0.022706355942251764,-0.23573877660375034,0.284062295545974,-0.07857677934907925,0.14855270856487254,0.4166666666666667,0.25925925925925924,0.5198010721497244,False,True
Brandon Lowe,brandon lowe,PIT,1.8613138686131387,137,,total_bases,PIT,PIT,1,top,Brandon Lowe,134,35,52,-0.2804002137024491,-0.32994446654318554,0.03593036020907411,-0.5934883199572033,0.06623299274223743,0.40384615384615385,0.34285714285714286,0.36587482675225963,False,True
Oneil Cruz,oneil cruz,PIT,1.8588235294117648,85,,total_bases,PIT,PIT,2,top,Oneil Cruz,82,22,34,-0.11011701006261218,-0.3606708309721283,-0.21067434686746547,0.23338812499024814,0.05195625824593463,0.38235294117647056,0.4090909090909091,0.14999648410466285,False,True
Esmerlyn Valdez,esmerlyn valdez,PIT,1.6944444444444444,72,,total_bases,PIT,PIT,3,top,Esmerlyn Valdez,69,21,23,-0.1977632510616385,-0.3130957083372054,-0.08361350723461432,-0.2059017512710242,0.1190619549109221,0.30434782608695654,0.3333333333333333,0.2294822011025911,False,True
Jase Bowen,jase bowen,SD,0.2,30,,hits,SD,SD,1,bottom,Jase Bowen,27,11,9,-0.15598789955472295,-0.24651235365194174,-0.15182448458310527,-0.01908814807974471,0.021080042497303518,0.2222222222222222,0.0,0.09468786906883647,False,True
Sung-Mun Song,sung-mun song,SD,0.3484848484848485,66,,hits,SD,SD,2,bottom,Sung-Mun Song,63,23,23,-0.0490831721813225,-0.0867524985616063,-0.1162953205197985,0.09281529361464656,0.002635796199675284,0.2608695652173913,0.2608695652173913,-0.029542821958192203,False,False
Freddy Fermin,freddy fermin,SD,0.45454545454545453,88,,hits,SD,SD,3,bottom,Freddy Fermin,85,25,25,0.08174612433655862,0.0872676941273044,0.07021222981290842,0.08604064200291893,-0.03253960238819798,0.28,0.4,-0.017055464314395974,False,False
Fernando Tatis Jr.,fernando tatis jr.,SD,1.1180555555555556,144,,hits,SD,SD,1,top,Fernando Tatis Jr.,141,44,47,0.11535038995812463,-0.10698076130775705,0.3181094194664102,0.12040831533431208,0.25258304928841185,0.5319148936170213,0.36363636363636365,0.42509018077416727,False,True
Samad Taylor,samad taylor,SD,1.0303030303030303,33,,hits,SD,SD,2,top,Samad Taylor,30,17,13,-0.09130173750592482,-0.2813660371817757,0.15724388514711093,,0.29194564266426515,0.3076923076923077,0.23529411764705882,0.4386099223288866,False,True
Luis Rengifo,luis rengifo,SD,0.9736842105263158,38,,hits,SD,SD,3,top,Luis Rengifo,38,12,7,0.20272010833052884,0.0622738128230129,0.22868461721536196,0.2818571601145477,-0.022615669265894443,0.5714285714285714,0.5833333333333334,0.16641080439234907,False,False
Dustin Harris,dustin harris,SD,0.0,12,,home_runs,SD,SD,1,bottom,Dustin Harris,12,7,5,0.0,0.0,0.0,,,0.0,0.0,0.0,False,False
Sung-Mun Song,sung-mun song,SD,0.015151515151515152,66,,home_runs,SD,SD,2,bottom,Sung-Mun Song,63,23,23,0.004749518672160886,0.03308126615548221,-0.009263420271823407,-0.01462298699870687,-0.07742909456288499,0.0,0.043478260869565216,-0.042344686427305614,False,False
Samad Taylor,samad taylor,SD,0.030303030303030304,33,,home_runs,SD,SD,3,bottom,Samad Taylor,30,17,13,-0.020283173181217338,-0.05950593456083221,0.03100813016135597,,0.2785770446138531,0.07692307692307693,0.0,0.09051406472218818,False,True
Manny Machado,manny machado,SD,0.18309859154929578,142,,home_runs,SD,SD,1,top,Manny Machado,139,42,45,0.02259530024165144,0.10873277360032255,0.03087542293086076,-0.05414276518293714,-0.09040277994599934,0.17777777777777778,0.2619047619047619,-0.07785735066946178,False,False
Jackson Merrill,jackson merrill,SD,0.16783216783216784,143,,home_runs,SD,SD,2,top,Jackson Merrill,140,43,46,0.04433628408009059,0.009945166472385128,0.056961373306950724,0.06194538119177234,0.09267927798462672,0.15217391304347827,0.13953488372093023,0.047016206834565595,False,False
Ty France,ty france,SD,0.16666666666666666,120,,home_runs,SD,SD,3,top,Ty France,117,40,39,0.01352447350390936,0.03594944005949879,0.003548744582099368,0.00015749365462019627,0.002341624507535111,0.1282051282051282,0.175,-0.03240069547739942,False,False
Jase Bowen,jase bowen,SD,0.06666666666666667,30,,rbi,SD,SD,1,bottom,Jase Bowen,27,11,9,-0.07796587414611565,-0.0894187673655117,-0.13548470473757832,0.013984311673387305,-0.10558671550239561,0.0,0.0,-0.046065937372066615,False,True
Dustin Harris,dustin harris,SD,0.08333333333333333,12,,rbi,SD,SD,2,bottom,Dustin Harris,12,7,5,-0.16404733478633057,-0.25627396977684463,-0.03493004579961103,,0.3453330880438685,0.2,0.0,0.2213439239772336,False,True
Freddy Fermin,freddy fermin,SD,0.19318181818181818,88,,rbi,SD,SD,3,bottom,Freddy Fermin,85,25,25,0.05406195939322775,-0.12797639842763028,0.09491513795400153,0.1549085160075737,0.06776430199233638,0.2,0.04,0.2228915363816318,False,True
Manny Machado,manny machado,SD,0.5633802816901409,142,,rbi,SD,SD,1,top,Manny Machado,139,42,45,0.056072359690461794,0.052322790070803545,0.15412350899202668,-0.02575109789693773,0.041159520797744174,0.4222222222222222,0.3333333333333333,0.10180071892122314,False,False
Jackson Merrill,jackson merrill,SD,0.5524475524475524,143,,rbi,SD,SD,2,top,Jackson Merrill,140,43,46,0.07974959072782768,-0.11920384183673828,0.21955228282263473,0.12139809590263574,0.2027199926948232,0.391304347826087,0.3023255813953488,0.338756124659373,False,True
Ty France,ty france,SD,0.525,120,,rbi,SD,SD,3,top,Ty France,117,40,39,0.08728531055537582,0.12566640830873357,-0.11007509518158483,0.249438255650301,-0.07666025134118697,0.28205128205128205,0.3,-0.23574150349031842,False,False
Sung-Mun Song,sung-mun song,SD,0.45454545454545453,66,,total_bases,SD,SD,1,bottom,Sung-Mun Song,63,23,23,-0.07154334763419992,0.017835753850598806,-0.23510152670315904,0.028816580862017025,-0.04799980630658052,0.2608695652173913,0.2608695652173913,-0.25293728055375786,False,False
Jase Bowen,jase bowen,SD,0.4666666666666667,30,,total_bases,SD,SD,2,bottom,Jase Bowen,27,11,9,-0.3295666790177773,-0.5357683967482177,-0.3516557197591681,0.02286478694041723,0.025105829276325736,0.1111111111111111,0.0,0.18411267698904965,False,True
Austin Hays,austin hays,SD,0.7058823529411765,17,,total_bases,SD,SD,3,bottom,Austin Hays,17,7,5,-0.422067127143616,-0.5736311307739879,0.1966931216931216,-0.8286377708978329,0.3224184313455106,0.4,0.2857142857142857,0.7703242524671094,False,True
Fernando Tatis Jr.,fernando tatis jr.,SD,1.7638888888888888,144,,total_bases,SD,SD,1,top,Fernando Tatis Jr.,141,44,47,0.43927678089382527,0.17365195919546803,0.6669474164710009,0.45901622654583457,0.17023739359976753,0.5319148936170213,0.3409090909090909,0.4932954572755328,False,False
Jackson Merrill,jackson merrill,SD,1.6643356643356644,143,,total_bases,SD,SD,2,top,Jackson Merrill,140,43,46,0.24921452671028851,-0.14493400394086403,0.46930203312960095,0.3830255369595275,0.15066743126250257,0.5,0.32558139534883723,0.6142360370704649,False,False
Ty France,ty france,SD,1.65,120,,total_bases,SD,SD,3,top,Ty France,117,40,39,0.22514081667396355,0.3248980738369839,-0.06547830736136473,0.41840017327546336,-0.03796184745260446,0.3076923076923077,0.425,-0.3903763811983486,False,False
Patrick Wisdom,patrick wisdom,SEA,0.2777777777777778,18,,hits,SEA,SEA,1,bottom,Patrick Wisdom,15,1,7,-0.0877055787349905,-0.3333333333333333,-0.06922303886589602,-0.07109843937575028,-0.04528885547790599,0.2857142857142857,0.0,0.2641102944674373,False,False
Taylor Ward,taylor ward,SEA,0.36,25,,hits,SEA,SEA,2,bottom,Taylor Ward,25,11,6,-0.5058673281929018,-0.4231814906094259,-0.84436490693896,-0.36568717081063756,-0.3674524957428613,0.0,0.45454545454545453,-0.42118341632953415,False,True
Leo Rivas,leo rivas,SEA,0.3617021276595745,47,,hits,SEA,SEA,3,bottom,Leo Rivas,44,16,12,-0.06525846774916498,-0.06832385769987065,0.045647857760860854,-0.14537282193097872,0.017742172671425943,0.5,0.25,0.11397171546073151,False,False
Josh Naylor,josh naylor,SEA,1.0364963503649636,137,,hits,SEA,SEA,1,top,Josh Naylor,134,37,45,0.1619909581854158,0.2089649414554755,0.34437683974070427,-0.029266773564203187,0.05891934567581637,0.5333333333333333,0.4594594594594595,0.13541189828522876,False,False
Randy Arozarena,randy arozarena,SEA,1.0071942446043165,139,,hits,SEA,SEA,2,top,Randy Arozarena,136,40,44,-0.0077221938261646805,-0.212409083966085,0.1590278230739352,0.008633091981381855,0.17220196775266108,0.36363636363636365,0.175,0.3714369070400202,False,True
Julio Rodríguez,julio rodriguez,SEA,0.9485294117647058,136,,hits,SEA,SEA,3,top,Julio Rodríguez,133,37,48,0.02600762012101917,-0.23760095472117754,0.19361357608177454,0.06159994060112375,0.19503901036076002,0.4583333333333333,0.35135135135135137,0.4312145308029521,False,True
Brock Rodden,brock rodden,SEA,0.0,21,,home_runs,SEA,SEA,1,bottom,Brock Rodden,18,7,6,0.0,0.0,0.0,0.0,,0.0,0.0,0.0,False,False
Leo Rivas,leo rivas,SEA,0.0,47,,home_runs,SEA,SEA,2,bottom,Leo Rivas,44,16,12,0.0,0.0,0.0,0.0,,0.0,0.0,0.0,False,False
Taylor Ward,taylor ward,SEA,0.0,25,,home_runs,SEA,SEA,3,bottom,Taylor Ward,25,11,6,-0.05710739337829919,-0.05802225497452196,-0.05474319641506752,-0.057622606405916627,0.45670503111438276,0.0,0.0,0.0032790585594544355,False,True
Cal Raleigh,cal raleigh,SEA,0.1875,112,,home_runs,SEA,SEA,1,top,Cal Raleigh,109,38,35,0.05043855967992317,-0.023941785756364322,0.2025061783902165,-0.018892371661225194,0.2092137204718276,0.2857142857142857,0.10526315789473684,0.22644796414658083,False,False
Dominic Canzone,dominic canzone,SEA,0.16030534351145037,131,,home_runs,SEA,SEA,2,top,Dominic Canzone,128,34,43,-0.013818426126766467,-0.06618302713659667,0.05408423668563512,-0.036159956844394735,0.08719260237667022,0.20930232558139536,0.08823529411764706,0.1202672638222318,False,True
Randy Arozarena,randy arozarena,SEA,0.15827338129496402,139,,home_runs,SEA,SEA,3,top,Randy Arozarena,136,40,44,0.06179504903793956,0.12437755269673816,0.015248963387287517,0.053039811004800055,-0.06401613423594629,0.11363636363636363,0.2,-0.10912858930945064,False,False
Jhonny Pereda,jhonny pereda,SEA,0.14285714285714285,28,,rbi,SEA,SEA,1,bottom,Jhonny Pereda,25,4,11,-0.008914465801718447,-0.18059947299077733,-0.17743414537532184,0.24513118460486888,-0.15796509670780987,0.0,0.0,0.0031653276154554877,False,True
Brock Rodden,brock rodden,SEA,0.19047619047619047,21,,rbi,SEA,SEA,2,bottom,Brock Rodden,18,7,6,-0.3095960908525408,-0.5270139634801289,-0.28597494553376906,-0.033556443556443556,0.27283655320988076,0.0,0.0,0.2410390179463598,False,True
Leo Rivas,leo rivas,SEA,0.19148936170212766,47,,rbi,SEA,SEA,3,bottom,Leo Rivas,44,16,12,-0.01006232814385159,-0.019636338042708368,0.19298313557214486,-0.1527724160319921,0.05280894392391797,0.25,0.1875,0.21261947361485323,False,False
Cal Raleigh,cal raleigh,SEA,0.5267857142857143,112,,rbi,SEA,SEA,1,top,Cal Raleigh,109,38,35,0.058835062328489465,-0.18672377538171558,0.3329683700925798,0.05151756402972933,0.23452225985752717,0.4857142857142857,0.21052631578947367,0.5196921454742953,False,True
Dominic Canzone,dominic canzone,SEA,0.5038167938931297,131,,rbi,SEA,SEA,2,top,Dominic Canzone,128,34,43,0.041766962330886795,0.1241141691389096,0.15153932419014476,-0.10568434338324788,0.03637001595431782,0.3953488372093023,0.35294117647058826,0.02742515505123516,False,False
Randy Arozarena,randy arozarena,SEA,0.48201438848920863,139,,rbi,SEA,SEA,3,top,Randy Arozarena,136,40,44,0.07356051069433064,-0.0006696569101208083,0.03554511427465149,0.16282751351440644,0.04045776838115706,0.2727272727272727,0.275,0.0362147711847723,False,False
Taylor Ward,taylor ward,SEA,0.44,25,,total_bases,SEA,SEA,1,bottom,Taylor Ward,25,11,6,-0.7724398547476716,-0.5930424100873197,-1.1806445420600893,-0.7129578256713422,-0.36354658327658645,0.0,0.09090909090909091,-0.5876021319727696,False,True
Leo Rivas,leo rivas,SEA,0.46808510638297873,47,,total_bases,SEA,SEA,2,bottom,Leo Rivas,44,16,12,-0.16120597675602688,-0.11264024754786833,-0.04536350159415172,-0.2966535623355918,0.010172504903200989,0.5,0.25,0.0672767459537166,False,False
Patrick Wisdom,patrick wisdom,SEA,0.5,18,,total_bases,SEA,SEA,3,bottom,Patrick Wisdom,15,1,7,-0.21491958477252596,-0.6,-0.38213393749108043,0.007306255835667638,-0.21046079128545261,0.2857142857142857,0.0,0.21786606250891954,False,False
Randy Arozarena,randy arozarena,SEA,1.7050359712230216,139,,total_bases,SEA,SEA,1,top,Randy Arozarena,136,40,44,0.13423616940765196,0.0032710657600796946,0.19069246665473577,0.18720784377363678,0.07572353230707893,0.4318181818181818,0.275,0.1874214008946561,False,False
Julio Rodríguez,julio rodriguez,SEA,1.5661764705882353,136,,total_bases,SEA,SEA,2,top,Julio Rodríguez,133,37,48,0.10035169707744307,-0.3105551401721422,0.35511936529091,0.16232471591053133,0.139329893072031,0.5416666666666666,0.24324324324324326,0.6656745054630522,False,True
Dominic Canzone,dominic canzone,SEA,1.5038167938931297,131,,total_bases,SEA,SEA,3,top,Dominic Canzone,128,34,43,0.09871687815999568,-0.053743073796880286,0.42945509149751965,-0.07850086315333268,0.08672473662284182,0.3488372093023256,0.29411764705882354,0.48319816529439996,False,False
Nate Furman,nate furman,SF,0.25,16,,hits,SF,SF,1,bottom,Nate Furman,13,5,6,0.17846533808072268,0.41313686313686315,0.08683862433862433,-0.13333333333333333,-0.24384406326777397,0.16666666666666666,0.4,-0.3262982387982388,False,False
Grant Mccray,grant mccray,SF,0.2647058823529412,34,,hits,SF,SF,2,bottom,Grant Mccray,31,8,11,0.13485992168966074,0.08605129551820727,0.2280584369517176,0.08196703348041091,0.09290432001483147,0.36363636363636365,0.25,0.14200714143351034,False,False
Buddy Kennedy,buddy kennedy,SF,0.26666666666666666,15,,hits,SF,SF,3,bottom,Buddy Kennedy,12,2,2,0.19164893736294664,-0.11805555555555555,-0.1732456140350877,0.3602986984420808,0.12328249343623579,0.0,0.0,-0.05519005847953215,False,True
Luis Arraez,luis arraez,SF,1.2952380952380953,105,,hits,SF,SF,1,top,Luis Arraez,102,31,33,0.059952347023368824,0.07138155966909872,0.2758907181548371,-0.13689691190705436,0.07802204026906526,0.5151515151515151,0.3225806451612903,0.20450915848573842,False,False
Casey Schmitt,casey schmitt,SF,1.0666666666666667,60,,hits,SF,SF,2,top,Casey Schmitt,57,16,16,-0.13458502873585496,-0.19876716678109982,-0.47557125787169857,0.12472272626004162,-0.06246580492750793,0.1875,0.3125,-0.2768040910905988,False,True
Jung Hoo Lee,jung hoo lee,SF,1.0522388059701493,134,,hits,SF,SF,3,top,Jung Hoo Lee,131,37,42,0.02318355575866373,-0.08638255611113789,0.12664266005324182,0.01758093573578641,0.09009088547117601,0.4523809523809524,0.32432432432432434,0.2130252161643797,False,False
Buddy Kennedy,buddy kennedy,SF,0.0,15,,home_runs,SF,SF,1,bottom,Buddy Kennedy,12,2,2,0.0,0.0,0.0,0.0,,0.0,0.0,0.0,False,False
Drew Cavanaugh,drew cavanaugh,SF,0.0,48,,home_runs,SF,SF,2,bottom,Drew Cavanaugh,45,6,17,0.0,0.0,0.0,0.0,,0.0,0.0,0.0,False,False
Nate Furman,nate furman,SF,0.0,16,,home_runs,SF,SF,3,bottom,Nate Furman,13,5,6,0.0,0.0,0.0,0.0,,0.0,0.0,0.0,False,False
Rafael Devers,rafael devers,SF,0.23972602739726026,146,,home_runs,SF,SF,1,top,Rafael Devers,143,38,48,0.09572461260086984,0.0991535693349378,0.06023705372289307,0.12332290155259444,-0.05614781664871198,0.20833333333333334,0.21052631578947367,-0.038916515612044726,False,False
Casey Schmitt,casey schmitt,SF,0.21666666666666667,60,,home_runs,SF,SF,2,top,Casey Schmitt,57,16,16,-0.029970671257485385,-0.09202700758673503,-0.08114902131106172,0.04249952802752321,0.053491819393295295,0.1875,0.125,0.01087798627567331,False,True
Willy Adames,willy adames,SF,0.21428571428571427,70,,home_runs,SF,SF,3,top,Willy Adames,67,21,12,-0.048104948921542136,-0.042875408201740184,-0.1875039416303805,-0.0021353148806533264,-0.10828054419263389,0.08333333333333333,0.19047619047619047,-0.14462853342864032,False,False
Andrew Knizner,andrew knizner,SF,0.058823529411764705,17,,rbi,SF,SF,1,bottom,Andrew Knizner,14,3,6,-0.021242547135404282,-0.09141414141414143,-0.1124669312169312,0.1303296703296703,-0.05368859025448029,0.0,0.0,-0.021052789802789768,False,True
Buddy Kennedy,buddy kennedy,SF,0.06666666666666667,15,,rbi,SF,SF,2,bottom,Buddy Kennedy,12,2,2,0.06420744467377594,0.0,-0.02631578947368421,0.10289011437908496,0.17786211095144377,0.0,0.0,-0.02631578947368421,False,False
Grant Mccray,grant mccray,SF,0.08823529411764706,34,,rbi,SF,SF,3,bottom,Grant Mccray,31,8,11,0.005300217400516964,0.13203684251478365,-0.06345629173198343,-0.01616406597086885,-0.18718271416493948,0.0,0.125,-0.19549313424676706,False,False
Rafael Devers,rafael devers,SF,0.6301369863013698,146,,rbi,SF,SF,1,top,Rafael Devers,143,38,48,0.1855397903788589,0.025251342129650124,0.21433759412930578,0.2681479737726919,0.04821135316165239,0.3958333333333333,0.34210526315789475,0.18908625199965565,False,False
Turner Hill,turner hill,SF,0.5714285714285714,21,,rbi,SF,SF,2,top,Turner Hill,18,4,9,0.013024313004963206,0.6271062271062271,-0.034882028303080896,-0.3920098039215686,-0.23675455988946656,0.3333333333333333,0.75,-0.661988255409308,False,False
Casey Schmitt,casey schmitt,SF,0.5666666666666667,60,,rbi,SF,SF,3,top,Casey Schmitt,57,16,16,-0.06650652926613851,-0.42382010054521624,-0.19173364863749556,0.24231951275013977,0.1186910864065305,0.3125,0.125,0.23208645190772068,False,True
Nate Furman,nate furman,SF,0.25,16,,total_bases,SF,SF,1,bottom,Nate Furman,13,5,6,0.17846533808072268,0.41313686313686315,0.08683862433862433,-0.13333333333333333,-0.24384406326777397,0.16666666666666666,0.4,-0.3262982387982388,False,False
Buddy Kennedy,buddy kennedy,SF,0.26666666666666666,15,,total_bases,SF,SF,2,bottom,Buddy Kennedy,12,2,2,0.11207539450573506,-0.2361111111111111,-0.24122807017543857,0.28744788708024005,0.15039617506922087,0.0,0.0,-0.005116959064327464,False,True
Patrick Bailey,patrick bailey,SF,0.5,30,,total_bases,SF,SF,3,bottom,Patrick Bailey,27,6,11,0.10425593865774317,0.29987065277659913,0.07682286422404999,0.017063492063492038,-0.07200683582412994,0.5454545454545454,0.3333333333333333,-0.22304778855254914,False,False
Rafael Devers,rafael devers,SF,1.9452054794520548,146,,total_bases,SF,SF,1,top,Rafael Devers,143,38,48,0.3627685094468023,0.4235108686203299,0.21688663712919323,0.4451214958091038,-0.041723492428390276,0.4375,0.5,-0.20662423149113665,False,False
Casey Schmitt,casey schmitt,SF,1.8666666666666667,60,,total_bases,SF,SF,2,top,Casey Schmitt,57,16,16,-0.25113291396638754,-0.6254142941436046,-0.8359383050829778,0.362682619661649,0.020315329701803074,0.1875,0.1875,-0.21052401093937323,False,True
Luis Arraez,luis arraez,SF,1.7619047619047619,105,,total_bases,SF,SF,3,top,Luis Arraez,102,31,33,0.15208223862102688,0.14387656035295024,0.5680080652804298,-0.20242239962765488,0.08866705372891592,0.6060606060606061,0.41935483870967744,0.42413150492747953,True,False
Cesar Prieto,cesar prieto,STL,0.16666666666666666,12,,hits,STL,STL,1,bottom,Cesar Prieto,9,4,3,0.16467452300785634,-0.045454545454545456,0.262962962962963,0.4375,0.3962827687765856,0.3333333333333333,0.0,0.3084175084175085,False,False
Ramon Urias,ramon urias,STL,0.34210526315789475,38,,hits,STL,STL,2,bottom,Ramon Urias,35,10,9,-0.07436411332985803,-0.17651099467670486,0.12860387554831995,-0.12469180623205392,0.11123201298532837,0.3333333333333333,0.2,0.3051148702250248,False,True
Jimmy Crooks,jimmy crooks,STL,0.46153846153846156,52,,hits,STL,STL,3,bottom,Jimmy Crooks,49,14,21,-0.055540944466183885,0.21319047885301276,-0.20918419518165102,-0.0938074917121799,-0.30766981216295625,0.2857142857142857,0.5,-0.4223746740346638,False,False
Jordan Walker,jordan walker,STL,1.1048951048951048,143,,hits,STL,STL,1,top,Jordan Walker,140,49,41,-0.02708192375656028,-0.040595075520359146,0.11726670849967186,-0.13220491347814778,0.0326028724137333,0.34146341463414637,0.2857142857142857,0.157861784020031,False,False
Alec Burleson,alec burleson,STL,1.0753424657534247,146,,hits,STL,STL,2,top,Alec Burleson,143,51,41,-0.011715282203856767,-0.14012237971428065,0.33845280404296657,-0.16481586187225156,0.2408488626439024,0.43902439024390244,0.27450980392156865,0.4785751837572472,False,True
Ivan Herrera,ivan herrera,STL,0.952054794520548,146,,hits,STL,STL,3,top,Ivan Herrera,143,51,40,0.0730938391235383,-0.037828427483678574,-0.04904903252104617,0.2758390403302967,0.06308217993775797,0.575,0.6078431372549019,-0.011220605037367597,False,False
Cesar Prieto,cesar prieto,STL,0.0,12,,home_runs,STL,STL,1,bottom,Cesar Prieto,9,4,3,0.0,0.0,0.0,0.0,,0.0,0.0,0.0,False,False
Victor Scott II,victor scott ii,STL,0.0,10,,home_runs,STL,STL,2,bottom,Victor Scott II,7,4,3,0.0,0.0,0.0,,,0.0,0.0,0.0,False,False
Blaze Jordan,blaze jordan,STL,0.03508771929824561,57,,home_runs,STL,STL,3,bottom,Blaze Jordan,54,19,23,-0.04311093692620628,0.009665722224214548,-0.04480526915847369,-0.1234265104691934,-0.11427671924657155,0.0,0.05263157894736842,-0.05447099138268824,False,False
Joshua Baez,joshua baez,STL,0.28,25,,home_runs,STL,STL,1,top,Joshua Baez,22,6,10,-0.23221905111283653,0.012414260576025274,-0.43199855699855705,-0.14388651965883087,-0.33091260284593266,0.1,0.3333333333333333,-0.44441281757458234,False,False
Jordan Walker,jordan walker,STL,0.1958041958041958,143,,home_runs,STL,STL,2,top,Jordan Walker,140,49,41,-0.06422437792338252,-0.08460867580436389,-0.0032411283955434337,-0.09425403061284884,0.09846093288570873,0.24390243902439024,0.16326530612244897,0.08136754740882046,False,True
Alec Burleson,alec burleson,STL,0.1506849315068493,146,,home_runs,STL,STL,3,top,Alec Burleson,143,51,41,-0.003683604406499367,0.048455627556776605,-0.1005722637925801,0.022068046666093483,-0.1374405843604441,0.04878048780487805,0.1568627450980392,-0.1490278913493567,False,False
Cesar Prieto,cesar prieto,STL,0.0,12,,rbi,STL,STL,1,bottom,Cesar Prieto,9,4,3,0.0,0.0,0.0,0.0,,0.0,0.0,0.0,False,False
Pedro Pagés,pedro pages,STL,0.14473684210526316,76,,rbi,STL,STL,2,bottom,Pedro Pagés,73,27,23,-0.14837545845750166,-0.23284314080928853,-0.22508753161794134,0.027494328768079307,0.0024028977932062045,0.0,0.037037037037037035,0.007755609191347185,False,True
Victor Scott II,victor scott ii,STL,0.2,10,,rbi,STL,STL,3,bottom,Victor Scott II,7,4,3,0.19784580498866214,-0.05555555555555555,0.5357142857142857,,0.629141578355332,0.6666666666666666,0.0,0.5912698412698413,True,False
Alec Burleson,alec burleson,STL,0.7123287671232876,146,,rbi,STL,STL,1,top,Alec Burleson,143,51,41,-0.03117431469888987,0.14868883767575944,-0.03223230942346823,-0.21018692229495664,-0.0430761380410959,0.43902439024390244,0.43137254901960786,-0.18092114709922769,False,False
Jordan Walker,jordan walker,STL,0.6993006993006993,143,,rbi,STL,STL,2,top,Jordan Walker,140,49,41,-0.07159116303803935,0.0009599741698787625,-0.01563729267968162,-0.1885734511956524,-0.0013088449598376022,0.43902439024390244,0.3673469387755102,-0.016597266849560383,False,False
Joshua Baez,joshua baez,STL,0.64,25,,rbi,STL,STL,3,top,Joshua Baez,22,6,10,-0.36121274635604234,0.1673145754028107,-0.6709848484848485,-0.3734532312335516,-0.4492775393115805,0.1,0.6666666666666666,-0.8382994238876592,False,False
Cesar Prieto,cesar prieto,STL,0.16666666666666666,12,,total_bases,STL,STL,1,bottom,Cesar Prieto,9,4,3,0.16467452300785634,-0.045454545454545456,0.262962962962963,0.4375,0.3962827687765856,0.3333333333333333,0.0,0.3084175084175085,False,False
Victor Scott II,victor scott ii,STL,0.6,10,,total_bases,STL,STL,2,bottom,Victor Scott II,7,4,3,0.3782879818594104,0.586111111111111,0.1011904761904762,,-0.2864870849829371,0.6666666666666666,0.75,-0.4849206349206348,False,False
Pedro Pagés,pedro pages,STL,0.7368421052631579,76,,total_bases,STL,STL,3,bottom,Pedro Pagés,73,27,23,-0.34237642903125365,-0.341713414006587,-0.5482514306080262,-0.13727974943995927,-0.057769020298922585,0.21739130434782608,0.3333333333333333,-0.20653801660143917,False,True
Jordan Walker,jordan walker,STL,1.916083916083916,143,,total_bases,STL,STL,1,top,Jordan Walker,140,49,41,-0.21909354644616758,-0.2915139719367818,0.26446280767420965,-0.544637739844075,0.10289291386548884,0.4878048780487805,0.30612244897959184,0.5559767796109915,False,True
Joshua Baez,joshua baez,STL,1.84,25,,total_bases,STL,STL,2,top,Joshua Baez,22,6,10,-0.440513124782083,0.8130302975891212,-1.4274062049062048,-0.049234746946417385,-0.4082589504016907,0.2,0.6666666666666666,-2.240436502495326,False,False
Alec Burleson,alec burleson,STL,1.773972602739726,146,,total_bases,STL,STL,3,top,Alec Burleson,143,51,41,-0.019532658839920895,-0.03553895731401866,0.09887801447251117,-0.09871925459738616,0.04579908784497002,0.5121951219512195,0.43137254901960786,0.13441697178652984,False,False
Jorge Mateo,jorge mateo,TB,0.3333333333333333,21,,hits,TB,TB,1,bottom,Jorge Mateo,21,7,6,-0.12900625686874367,-0.16412394052421808,-0.13306370733938777,-0.09523519581722037,0.034519074355400886,0.3333333333333333,0.2857142857142857,0.03106023318483031,False,True
Hunter Feduccia,hunter feduccia,TB,0.55,60,,hits,TB,TB,2,bottom,Hunter Feduccia,57,9,16,0.061398421506397044,-0.04523000789529178,0.0526486172381537,0.09576256940974372,0.05928547959475748,0.375,0.4444444444444444,0.09787862513344547,False,False
Richie Palacios,richie palacios,TB,0.6428571428571429,112,,hits,TB,TB,3,bottom,Richie Palacios,109,20,30,0.05706828675956086,0.08935663888665661,0.04671290990813341,0.051388528505339,0.021092934659378088,0.5333333333333333,0.55,-0.0426437289785232,False,False
Yandy Díaz,yandy diaz,TB,1.204225352112676,142,,hits,TB,TB,1,top,Yandy Díaz,139,31,33,-0.11691825633874182,-0.2368112839186851,0.08042067414192286,-0.15419160101719107,0.054178634597351324,0.42424242424242425,0.3548387096774194,0.317231958060608,False,True
Chandler Simpson,chandler simpson,TB,1.158273381294964,139,,hits,TB,TB,2,top,Chandler Simpson,136,30,31,-0.017943274394597156,-0.1770680144010482,0.06936817797856171,0.009617887960410918,0.0959759843670299,0.45161290322580644,0.36666666666666664,0.2464361923796099,False,True
Junior Caminero,junior caminero,TB,1.054421768707483,147,,hits,TB,TB,3,top,Junior Caminero,144,31,35,0.03183169606930223,-0.1670043901516785,0.15801051066580818,0.05423759558177267,0.14038753365168144,0.34285714285714286,0.3548387096774194,0.3250149008174867,False,True
Chandler Simpson,chandler simpson,TB,0.0,139,,home_runs,TB,TB,1,bottom,Chandler Simpson,136,30,31,0.0,0.0,0.0,0.0,,0.0,0.0,0.0,False,False
Taylor Walls,taylor walls,TB,0.017094017094017096,117,,home_runs,TB,TB,2,bottom,Taylor Walls,114,19,30,0.014239528766633558,-0.0018227728241142589,0.06139409889423109,-0.002828984673423633,0.10713104494679533,0.03333333333333333,0.0,0.06321687171834535,False,False
Hunter Feduccia,hunter feduccia,TB,0.03333333333333333,60,,home_runs,TB,TB,3,bottom,Hunter Feduccia,57,9,16,0.018320256123006404,0.09818950770467494,0.041917044475684784,-0.015941365060677056,-0.04392582445226148,0.0625,0.1111111111111111,-0.056272463228990155,False,False
Junior Caminero,junior caminero,TB,0.2653061224489796,147,,home_runs,TB,TB,1,top,Junior Caminero,144,31,35,0.024673417417613124,-0.052890568582150285,0.028485496066151614,0.0537895816906108,0.1365523069878716,0.2857142857142857,0.16129032258064516,0.0813760646483019,False,True
Victor Mesa Jr.,victor mesa jr.,TB,0.19696969696969696,66,,home_runs,TB,TB,2,top,Victor Mesa Jr.,63,13,17,0.03206158504718621,0.0670455954316302,0.02100041668462378,0.02397818284008894,-0.057441386787161985,0.17647058823529413,0.23076923076923078,-0.04604517874700642,False,False
Yandy Díaz,yandy diaz,TB,0.15492957746478872,142,,home_runs,TB,TB,3,top,Yandy Díaz,139,31,33,-0.0023671149047542438,0.027801609666294507,0.051857073881824416,-0.03869549746021567,-0.018067405240146262,0.18181818181818182,0.1935483870967742,0.02405546421552991,False,False
Hunter Feduccia,hunter feduccia,TB,0.2,60,,rbi,TB,TB,1,bottom,Hunter Feduccia,57,9,16,0.01551326129600941,0.25815012727120584,-0.07223293296231637,-0.008855260130351698,-0.1598858089520914,0.125,0.2222222222222222,-0.3303830602335222,False,False
Chandler Simpson,chandler simpson,TB,0.22302158273381295,139,,rbi,TB,TB,2,bottom,Chandler Simpson,136,30,31,0.007180007531542948,-0.1055718962246032,0.04076154403882124,0.03840040061099303,0.0776329449546356,0.22580645161290322,0.06666666666666667,0.14633344026342443,False,True
Taylor Walls,taylor walls,TB,0.28205128205128205,117,,rbi,TB,TB,3,bottom,Taylor Walls,114,19,30,0.008863804815944528,-0.05924262788772781,-0.11319923714710302,0.08510862758919376,-0.07110519901339565,0.1,0.21052631578947367,-0.05395660925937521,False,False
Junior Caminero,junior caminero,TB,0.6326530612244898,147,,rbi,TB,TB,1,top,Junior Caminero,144,31,35,0.1249627203182248,-0.035097685658796784,0.2413697591557647,0.13634254372814503,0.15217028350041756,0.4857142857142857,0.3870967741935484,0.2764674448145615,False,False
Jonathan Aranda,jonathan aranda,TB,0.6013986013986014,143,,rbi,TB,TB,2,top,Jonathan Aranda,140,31,35,-0.13860782578065514,-0.14986979068409867,-0.01557406161268181,-0.1920816208329838,0.0770101724032322,0.4,0.3548387096774194,0.13429572907141685,False,True
Liam Hicks,liam hicks,TB,0.5666666666666667,30,,rbi,TB,TB,3,top,Liam Hicks,30,6,10,-0.054742257590756085,0.06196389825373164,-0.23117036989230652,0.021260898691285248,-0.08459990989720054,0.2,0.5,-0.29313426814603816,False,False
Jorge Mateo,jorge mateo,TB,0.5238095238095238,21,,total_bases,TB,TB,1,bottom,Jorge Mateo,21,7,6,-0.2202966325691486,-0.4358946432065841,0.09329687968845114,-0.2668435074545925,0.2095106844152619,0.3333333333333333,0.2857142857142857,0.5291915228950352,False,True
Hunter Feduccia,hunter feduccia,TB,0.8,60,,total_bases,TB,TB,2,bottom,Hunter Feduccia,57,9,16,0.21029323539320777,0.4211871296392945,0.16730957384418593,0.1724711584110068,-0.04067658574263049,0.375,0.4444444444444444,-0.25387755579510857,False,False
Taylor Walls,taylor walls,TB,0.8717948717948718,117,,total_bases,TB,TB,3,bottom,Taylor Walls,114,19,30,0.028209590628083224,-0.5096871770315367,0.20238895119638067,0.1050504793739887,0.16997706791229444,0.6333333333333333,0.2631578947368421,0.7120761282279173,True,True
Junior Caminero,junior caminero,TB,2.006802721088435,147,,total_bases,TB,TB,1,top,Junior Caminero,144,31,35,0.12910112758342865,-0.22517518936039702,0.2420746090951541,0.21921002466481582,0.13224209937272768,0.5428571428571428,0.3870967741935484,0.46724979845555115,False,True
Yandy Díaz,yandy diaz,TB,1.8591549295774648,142,,total_bases,TB,TB,2,top,Yandy Díaz,139,31,33,-0.1389973747009974,-0.21274431475423758,0.24444090071149335,-0.2772281473271541,0.03775408297403835,0.48484848484848486,0.41935483870967744,0.45718521546573093,False,True
Jonathan Aranda,jonathan aranda,TB,1.5944055944055944,143,,total_bases,TB,TB,3,top,Jonathan Aranda,140,31,35,-0.12583481791690374,-0.2736489399721534,0.0615424480031898,-0.15253706823434338,0.061180352132309594,0.42857142857142855,0.45161290322580644,0.3351913879753432,False,True
Cam Cauley,cam cauley,TEX,0.42857142857142855,28,,hits,TEX,TEX,1,bottom,Cam Cauley,25,4,11,-0.05259024778485002,-0.03260546642899584,-0.019372031477294663,-0.0971241982655026,0.13954262748697305,0.36363636363636365,0.5,0.013233434951701175,False,False
Danny Jansen,danny jansen,TEX,0.5,54,,hits,TEX,TEX,2,bottom,Danny Jansen,51,15,22,-0.20784123212648672,-0.2596550435513212,-0.3039663413811481,-0.0012726910568390895,-0.035826347083247,0.2727272727272727,0.4,-0.0443112978298269,False,True
Evan Carter,evan carter,TEX,0.5511811023622047,127,,hits,TEX,TEX,3,bottom,Evan Carter,124,28,56,-7.669534722387896e-05,0.04384661990146548,-0.04231843413217213,0.028315418277621095,-0.0365427027904068,0.39285714285714285,0.5,-0.08616505403363761,False,False
Brandon Nimmo,brandon nimmo,TEX,1.0,141,,hits,TEX,TEX,1,top,Brandon Nimmo,138,27,57,-0.10298534699082365,-0.22801933815818037,-0.18148895711785962,0.04239657039361489,0.005114470716808153,0.2982456140350877,0.25925925925925924,0.046530381040320756,False,True
Ezequiel Duran,ezequiel duran,TEX,0.9492753623188406,138,,hits,TEX,TEX,2,top,Ezequiel Duran,135,27,52,0.09090518487795807,0.022153807468754172,-0.07795310538742199,0.28085015423239146,-0.052879242692783615,0.5384615384615384,0.6296296296296297,-0.10010691285617616,False,False
Wyatt Langford,wyatt langford,TEX,0.9157894736842105,95,,hits,TEX,TEX,3,top,Wyatt Langford,92,15,35,-0.03490292383086799,-0.4153061567577357,-0.1928654838389936,0.23259084031645139,-0.003206183200535254,0.3142857142857143,0.26666666666666666,0.2224406729187421,False,True
Nicky Lopez,nicky lopez,TEX,0.012195121951219513,82,,home_runs,TEX,TEX,1,bottom,Nicky Lopez,82,8,31,-0.019216313908137574,-0.018539296386898385,-0.02419086159153178,-0.015755968838014157,0.012770561948966823,0.0,0.0,-0.005651565204633394,False,False
Josh Smith,josh smith,TEX,0.022222222222222223,45,,home_runs,TEX,TEX,2,bottom,Josh Smith,42,10,13,0.018429893468756224,-0.00459830866807611,-0.003996678085746911,0.04589449618332802,-0.03196417129590848,0.0,0.0,0.0006016305823291985,False,False
Cody Freeman,cody freeman,TEX,0.03225806451612903,31,,home_runs,TEX,TEX,3,bottom,Cody Freeman,28,7,11,0.01974116165083182,0.11326210826210827,-0.01241380490392348,-0.01035303776683087,-0.17936006736718557,0.0,0.14285714285714285,-0.12567591316603174,False,False
Corey Seager,corey seager,TEX,0.19540229885057472,87,,home_runs,TEX,TEX,1,top,Corey Seager,84,22,36,-0.024394876258789597,0.023158598444072375,-0.05939166897025467,-0.016175334176105775,-0.0653531935779755,0.16666666666666666,0.22727272727272727,-0.08255026741432704,False,False
Joc Pederson,joc pederson,TEX,0.19402985074626866,134,,home_runs,TEX,TEX,2,top,Joc Pederson,131,26,53,0.06786143005848301,0.032126058765701744,0.043622597912661376,0.11043407923811488,0.0185496565075505,0.1509433962264151,0.15384615384615385,0.011496539146959632,False,False
Jake Burger,jake burger,TEX,0.18571428571428572,140,,home_runs,TEX,TEX,3,top,Jake Burger,137,26,55,-0.013295542602218099,-0.10034315159993237,-0.040424538141756235,0.05376396790876705,0.027343883830412353,0.14545454545454545,0.038461538461538464,0.05991861345817614,False,True
Cam Cauley,cam cauley,TEX,0.03571428571428571,28,,rbi,TEX,TEX,1,bottom,Cam Cauley,25,4,11,0.014404222932409767,-0.028594771241830064,-0.023617892828419144,0.0734281479390175,0.05009583915299032,0.0,0.0,0.004976878413410921,False,False
Josh Smith,josh smith,TEX,0.17777777777777778,45,,rbi,TEX,TEX,2,bottom,Josh Smith,42,10,13,-0.03381130173659954,0.0156286276357055,0.008205416081100788,-0.0885805978078182,0.01656478722701758,0.15384615384615385,0.2,-0.007423211554604714,False,False
Cody Freeman,cody freeman,TEX,0.1935483870967742,31,,rbi,TEX,TEX,3,bottom,Cody Freeman,28,7,11,0.09095730424360918,0.09866203971467129,0.2593938999077339,-0.0997162658166715,0.19644962724313064,0.2727272727272727,0.2857142857142857,0.16073186019306263,False,False
Jake Burger,jake burger,TEX,0.5928571428571429,140,,rbi,TEX,TEX,1,top,Jake Burger,137,26,55,-0.07457624773369166,-0.27566745711468943,-0.010316408539796934,-0.044324814015089316,0.09974065812375564,0.2909090909090909,0.23076923076923078,0.2653510485748925,False,True
Ezequiel Duran,ezequiel duran,TEX,0.5652173913043478,138,,rbi,TEX,TEX,2,top,Ezequiel Duran,135,27,52,0.042027054460570375,0.0429405928616989,-0.14461930255904618,0.21490107282109885,-0.0571631225751511,0.28846153846153844,0.37037037037037035,-0.18755989542074508,False,False
Corey Seager,corey seager,TEX,0.45977011494252873,87,,rbi,TEX,TEX,3,top,Corey Seager,84,22,36,-0.07566456660721796,0.005993718857116173,-0.14038693094536042,-0.05514445753191888,-0.03157407574723346,0.2777777777777778,0.2727272727272727,-0.1463806498024766,False,False
Cam Cauley,cam cauley,TEX,0.7142857142857143,28,,total_bases,TEX,TEX,1,bottom,Cam Cauley,25,4,11,-0.16879967144524963,0.13516042780748663,-0.34388515967463334,-0.09778967409402198,0.006459456400153463,0.36363636363636365,0.5,-0.47904558748212,False,False
Josh Smith,josh smith,TEX,0.8222222222222222,45,,total_bases,TEX,TEX,2,bottom,Josh Smith,42,10,13,0.18166029504667874,-0.14294721961557152,0.05340375608356081,0.440260829422628,0.030682959194960044,0.5384615384615384,0.3,0.19635097569913235,False,False
Nicky Lopez,nicky lopez,TEX,0.8292682926829268,82,,total_bases,TEX,TEX,3,bottom,Nicky Lopez,82,8,31,-0.042723887306339026,-0.16201386394268472,-0.476608972387439,0.2922704720100532,-0.19106979594588208,0.1935483870967742,0.375,-0.31459510844475425,False,True
Wyatt Langford,wyatt langford,TEX,1.6526315789473685,95,,total_bases,TEX,TEX,1,top,Wyatt Langford,92,15,35,-0.01441026558083286,-0.5338918066352308,-0.4497570198359893,0.5339078181036063,-0.0521915221265246,0.3142857142857143,0.26666666666666666,0.08413478679924152,False,True
Corey Seager,corey seager,TEX,1.5862068965517242,87,,total_bases,TEX,TEX,2,top,Corey Seager,84,22,36,0.0037944491091688923,-0.17680510666470653,0.0196160066648499,0.13470268584073597,0.046250612311080734,0.4444444444444444,0.3181818181818182,0.19642111332955642,False,True
Brandon Nimmo,brandon nimmo,TEX,1.574468085106383,141,,total_bases,TEX,TEX,3,top,Brandon Nimmo,138,27,57,-0.17769300270347144,-0.3679611358753445,-0.38280681143965456,0.1339500842151028,-0.025932085832750244,0.3157894736842105,0.2962962962962963,-0.014845675564310046,False,True
Tyler Heineman,tyler heineman,TOR,0.3870967741935484,31,,hits,TOR,TOR,1,bottom,Tyler Heineman,28,10,8,-0.21286746874064863,-0.0656571494472544,-0.36912046287046285,-0.23507539273019148,-0.20888889263883478,0.125,0.4,-0.3034633134232084,False,False
Myles Straw,myles straw,TOR,0.46616541353383456,133,,hits,TOR,TOR,2,bottom,Myles Straw,130,41,35,0.00500530201413548,-0.15303184653813878,0.11816363109908917,0.05165310891542933,0.17226677853137684,0.4,0.24390243902439024,0.27119547763722796,False,True
Josh Smith,josh smith,TOR,0.5,22,,hits,TOR,TOR,3,bottom,Josh Smith,22,5,9,-0.11387119510619459,0.0022594729670838863,-0.06560854920326968,-0.2407483392927841,-0.033492724161733343,0.2222222222222222,0.4,-0.06786802217035356,False,False
Brett Bateman,brett bateman,TOR,1.3448275862068966,29,,hits,TOR,TOR,1,top,Brett Bateman,26,8,4,0.08805442969063706,0.09382874070374067,-0.3502289377289377,0.20997864266017072,-0.051027650730105546,0.25,0.625,-0.4440576784326784,False,False
Ernie Clement,ernie clement,TOR,1.0208333333333333,144,,hits,TOR,TOR,2,top,Ernie Clement,141,43,37,-0.13429117735878535,0.06238886218231455,-0.08665498860526882,-0.301828565623497,-0.0645018466991569,0.2702702702702703,0.32558139534883723,-0.14904385078758337,False,False
Vlad Guerrero Jr.,vlad guerrero jr.,TOR,0.9624060150375939,133,,hits,TOR,TOR,3,top,Vlad Guerrero Jr.,130,36,35,-0.09129600619184154,-0.23381893920692917,-0.1422408810238824,0.025888675293998888,0.030782372888817914,0.37142857142857144,0.2777777777777778,0.09157805818304676,False,True
Brett Bateman,brett bateman,TOR,0.0,29,,home_runs,TOR,TOR,1,bottom,Brett Bateman,26,8,4,0.0,0.0,0.0,0.0,,0.0,0.0,0.0,False,False
Myles Straw,myles straw,TOR,0.022556390977443608,133,,home_runs,TOR,TOR,2,bottom,Myles Straw,130,41,35,-0.011594521698284642,-0.035882387041189616,-0.009255186540501623,0.005330029200543092,0.06730740229444584,0.02857142857142857,0.0,0.026627200500687995,False,False
Tyler Heineman,tyler heineman,TOR,0.03225806451612903,31,,home_runs,TOR,TOR,3,bottom,Tyler Heineman,28,10,8,0.030694020903380508,0.09655172413793103,-0.008630952380952382,-0.0037037037037037034,-0.18227031842910202,0.0,0.1,-0.10518267651888341,False,False
Josh Smith,josh smith,TOR,0.22727272727272727,22,,home_runs,TOR,TOR,1,top,Josh Smith,22,5,9,0.1787937097817167,0.1639667249896234,0.1681869027663541,0.19999323316905804,-0.024936864253082593,0.2222222222222222,0.2,0.004220177776730699,False,False
Kazuma Okamoto,kazuma okamoto,TOR,0.2112676056338028,142,,home_runs,TOR,TOR,2,top,Kazuma Okamoto,139,45,38,-0.006352163106797793,-0.013568746721122198,-0.04577121414186608,0.02619551907136635,-0.015679693383552306,0.15789473684210525,0.2,-0.03220246742074388,False,False
Alejandro Kirk,alejandro kirk,TOR,0.13043478260869565,69,,home_runs,TOR,TOR,3,top,Alejandro Kirk,66,21,16,0.01060184580986705,0.12950868648221014,0.025036863108684276,-0.08346725525565986,-0.1560091369813888,0.125,0.23809523809523808,-0.10447182337352587,False,False
Myles Straw,myles straw,TOR,0.18045112781954886,133,,rbi,TOR,TOR,1,bottom,Myles Straw,130,41,35,0.02546618741633407,0.015366168615614323,-0.05465712345715221,0.08506649577562159,-0.02246533546909246,0.11428571428571428,0.07317073170731707,-0.07002329207276653,False,False
Tyler Heineman,tyler heineman,TOR,0.1935483870967742,31,,rbi,TOR,TOR,2,bottom,Tyler Heineman,28,10,8,0.12365232999041262,0.339624956752393,0.13429695304695305,-0.10083599521680017,-0.20481208516511792,0.25,0.3,-0.20532800370543997,False,False
Brett Bateman,brett bateman,TOR,0.2413793103448276,29,,rbi,TOR,TOR,3,bottom,Brett Bateman,26,8,4,-0.11076030754457036,-0.13019584582084584,-0.2646225071225071,-0.055693657221573885,-0.09231935234510495,0.0,0.25,-0.13442666130166128,False,True
Kazuma Okamoto,kazuma okamoto,TOR,0.5845070422535211,142,,rbi,TOR,TOR,1,top,Kazuma Okamoto,139,45,38,0.03216878769917712,-0.14047422394592327,0.10163653422971522,0.12376095119683908,0.12526843567794846,0.47368421052631576,0.28888888888888886,0.24211075817563849,False,True
Alejandro Kirk,alejandro kirk,TOR,0.5072463768115942,69,,rbi,TOR,TOR,2,top,Alejandro Kirk,66,21,16,0.09160306016566172,0.41522396767257447,0.1400826481914876,-0.16949047314669627,-0.17727165520469593,0.4375,0.6190476190476191,-0.2751413194810869,False,False
Sean Keys,sean keys,TOR,0.4375,16,,rbi,TOR,TOR,3,top,Sean Keys,13,1,0,-0.23924558347635275,-0.45454545454545453,,-0.2213039275539276,0.16375060437781921,,0.0,,False,False
Tyler Heineman,tyler heineman,TOR,0.5161290322580645,31,,total_bases,TOR,TOR,1,bottom,Tyler Heineman,28,10,8,-0.08626159650669758,0.32399802296653873,-0.39917998667998666,-0.2461865038413026,-0.271610318547948,0.125,0.4,-0.7231780096465255,False,False
Myles Straw,myles straw,TOR,0.6842105263157895,133,,total_bases,TOR,TOR,2,bottom,Myles Straw,130,41,35,0.038301838242842626,-0.19667288525896232,0.23398617610596212,0.08987613154589488,0.1674841905322402,0.4,0.24390243902439024,0.43065906136492443,False,True
Brandon Valenzuela,brandon valenzuela,TOR,0.9642857142857143,84,,total_bases,TOR,TOR,3,bottom,Brandon Valenzuela,81,28,22,-0.0634935345854207,-0.408664827590973,0.294073382310251,-0.005483081925721122,0.1764800962311528,0.3181818181818182,0.17857142857142858,0.702738209901224,False,True
Kazuma Okamoto,kazuma okamoto,TOR,1.6619718309859155,142,,total_bases,TOR,TOR,1,top,Kazuma Okamoto,139,45,38,0.03465772675669555,-0.0021921623582840974,0.07011489136531505,0.040209025953955306,0.015614870593551086,0.42105263157894735,0.4222222222222222,0.07230705372359915,False,False
Brett Bateman,brett bateman,TOR,1.5862068965517242,29,,total_bases,TOR,TOR,2,top,Brett Bateman,26,8,4,0.031874926869451994,0.18453248140748146,-0.33597680097680094,0.04974253223236454,-0.09673657911384324,0.5,0.625,-0.5205092823842824,False,False
George Springer,george springer,TOR,1.4912280701754386,114,,total_bases,TOR,TOR,3,top,George Springer,111,38,28,0.014954086908612002,0.22185172874268863,-0.32882585987015683,0.05414804513329235,-0.1675465559738027,0.25,0.5,-0.5506775886128454,False,False
Andrew Pinckney,andrew pinckney,WSH,0.46153846153846156,13,,hits,WSH,WSH,1,bottom,Andrew Pinckney,10,5,0,0.1449458874458875,-0.1573809523809524,,0.44727272727272727,-0.023547863754904697,,0.2,,False,True
José Tena,jose tena,WSH,0.5,60,,hits,WSH,WSH,2,bottom,José Tena,57,16,19,0.024959504428701457,0.21372210414554124,-0.028617973580910627,-0.06605092799342616,-0.07195385128278084,0.42105263157894735,0.5,-0.24234007772645186,False,False
Harry Ford,harry ford,WSH,0.5333333333333333,30,,hits,WSH,WSH,3,bottom,Harry Ford,27,11,7,-0.11847093171722392,0.06168390433096315,-0.06438771956013335,-0.3807248963427453,0.0054560899500772095,0.42857142857142855,0.45454545454545453,-0.1260716238910965,False,False
James Wood,james wood,WSH,1.0081967213114753,122,,hits,WSH,WSH,1,top,James Wood,119,37,33,0.05351910807783224,-0.03267450699901994,-0.013545060487189498,0.16376974727149038,-0.03571804814250231,0.42424242424242425,0.35135135135135137,0.019129446511830444,False,False
CJ Abrams,cj abrams,WSH,0.9928571428571429,140,,hits,WSH,WSH,2,top,CJ Abrams,137,43,37,-0.07027602678678571,-0.10161166956403563,0.2127697328341978,-0.23036831567370927,0.12059373370204153,0.40540540540540543,0.20930232558139536,0.3143814023982334,False,True
Luis Garcia Jr.,luis garcia jr.,WSH,0.9711538461538461,104,,hits,WSH,WSH,3,top,Luis Garcia Jr.,101,31,29,0.09292265779013939,-0.058279400935503184,0.1924765419628591,0.1368300036312625,0.1278948920547365,0.5862068965517241,0.41935483870967744,0.2507559428983623,True,False
Nasim Nuñez,nasim nunez,WSH,0.007407407407407408,135,,home_runs,WSH,WSH,1,bottom,Nasim Nuñez,132,39,35,0.0037806272028047226,-0.004369481597960461,-0.004391463909220424,0.014192307067472352,0.013348752036972259,0.0,0.0,-2.19823112599625e-05,False,False
Jorbit Vivas,jorbit vivas,WSH,0.02727272727272727,110,,home_runs,WSH,WSH,2,bottom,Jorbit Vivas,107,35,26,0.006538266735446304,0.010678703265642096,0.05030076349510582,-0.021347389662553697,0.07713445348069821,0.07692307692307693,0.02857142857142857,0.039622060229463726,False,False
José Tena,jose tena,WSH,0.06666666666666667,60,,home_runs,WSH,WSH,3,bottom,José Tena,57,16,19,0.02634439485151232,0.13911831595152752,0.016305069145370922,-0.04700267556592206,-0.07716899768302322,0.05263157894736842,0.1875,-0.1228132468061566,False,False
James Wood,james wood,WSH,0.2459016393442623,122,,home_runs,WSH,WSH,1,top,James Wood,119,37,33,-0.028107450040508554,-0.028190105316750327,-0.023451905825121817,-0.03118040338513747,-0.06947048189073507,0.21212121212121213,0.24324324324324326,0.004738199491628511,False,False
Luis Garcia Jr.,luis garcia jr.,WSH,0.22115384615384615,104,,home_runs,WSH,WSH,2,top,Luis Garcia Jr.,101,31,29,0.11407964355856137,0.08765097952108106,0.24865988179692955,0.0388713917597617,0.14284017309737787,0.27586206896551724,0.16129032258064516,0.1610089022758485,False,False
CJ Abrams,cj abrams,WSH,0.21428571428571427,140,,home_runs,WSH,WSH,3,top,CJ Abrams,137,43,37,-0.01775988967178621,0.023377296039633528,0.04416051894505458,-0.08898715466150828,0.02915969057946324,0.24324324324324326,0.27906976744186046,0.02078322290542105,False,False
José Tena,jose tena,WSH,0.15,60,,rbi,WSH,WSH,1,bottom,José Tena,57,16,19,-0.01286102732245846,0.062153307372206985,0.03387869802455973,-0.10778303353645814,0.02658592323552202,0.15789473684210525,0.1875,-0.028274609347647257,False,False
Andrew Pinckney,andrew pinckney,WSH,0.15384615384615385,13,,rbi,WSH,WSH,2,bottom,Andrew Pinckney,10,5,0,-0.1423088023088023,-0.06380952380952379,,-0.22080808080808084,-0.052444965993533425,,0.2,,False,False
Jorbit Vivas,jorbit vivas,WSH,0.23636363636363636,110,,rbi,WSH,WSH,3,bottom,Jorbit Vivas,107,35,26,0.0492667159318319,0.0372455328517636,0.15987900051076978,-0.0041067186605592805,0.09162150842727536,0.19230769230769232,0.22857142857142856,0.12263346765900618,False,False
Luis Garcia Jr.,luis garcia jr.,WSH,0.7307692307692307,104,,rbi,WSH,WSH,1,top,Luis Garcia Jr.,101,31,29,0.14157371907385327,-0.028866555366452766,0.27076909243784075,0.17906110151516672,0.11127657314551238,0.41379310344827586,0.3548387096774194,0.2996356478042935,False,False
CJ Abrams,cj abrams,WSH,0.6785714285714286,140,,rbi,WSH,WSH,2,top,CJ Abrams,137,43,37,-0.15929827135960023,-0.2389948533203367,-0.06962944387889079,-0.15738236947318945,0.08849921252464878,0.3783783783783784,0.3488372093023256,0.1693654094414459,False,True
James Wood,james wood,WSH,0.6147540983606558,122,,rbi,WSH,WSH,3,top,James Wood,119,37,33,-0.04597979401737389,-0.20348710817647725,-0.06542317740024994,0.08604882385041661,0.037678917066179735,0.3333333333333333,0.40540540540540543,0.1380639307762273,False,True
Nasim Nuñez,nasim nunez,WSH,0.7407407407407407,135,,total_bases,WSH,WSH,1,bottom,Nasim Nuñez,132,39,35,-0.023859853406109945,-0.13552998018043858,-0.15680235344876745,0.13145260255409397,0.06604460060716695,0.42857142857142855,0.4358974358974359,-0.02127237326832887,False,False
José Tena,jose tena,WSH,0.8166666666666667,60,,total_bases,WSH,WSH,2,bottom,José Tena,57,16,19,0.0995614342585692,0.6186489550578401,0.09397822155923584,-0.2731348971732946,-0.05251893270777798,0.3684210526315789,0.5,-0.5246707334986043,False,False
Jorbit Vivas,jorbit vivas,WSH,0.8181818181818182,110,,total_bases,WSH,WSH,3,bottom,Jorbit Vivas,107,35,26,-0.005250540632110901,-0.08932807665444066,0.09379718111865944,0.002738002743139403,0.05689482764166665,0.34615384615384615,0.45714285714285713,0.1831252577731001,False,False
James Wood,james wood,WSH,2.0,122,,total_bases,WSH,WSH,1,top,James Wood,119,37,33,-0.027095568563844544,-0.10063364619702034,-0.18346578019337587,0.13374373462395217,-0.07354842480114625,0.3939393939393939,0.35135135135135137,-0.08283213399635553,False,False
Luis Garcia Jr.,luis garcia jr.,WSH,1.9230769230769231,104,,total_bases,WSH,WSH,2,top,Luis Garcia Jr.,101,31,29,0.45722865107826244,0.20886633806738727,0.9024264834949104,0.3301187623771487,0.12987700313469294,0.4827586206896552,0.2903225806451613,0.6935601454275231,False,False
CJ Abrams,cj abrams,WSH,1.8714285714285714,140,,total_bases,WSH,WSH,3,top,CJ Abrams,137,43,37,-0.0888778165760861,-0.0044278577722259875,0.46302962100964096,-0.5108413853346455,0.09113022491638607,0.4594594594594595,0.3953488372093023,0.46745747878186694,False,False
