PLAYER_NAME,PLAYER_NORM,team_pp,def_league,season_avg,games,category,prop_norm,team_slate,TEAM,rank_on_team,leader_side,PLAYER_NAME_split,league,def_bucket,n_games,n,n_elite,n_weak,over_rate,avg_delta_all,avg_delta_vs_elite,avg_delta_vs_weak,avg_delta_vs_mid,def_rank_corr,weak_over_rate,elite_over_rate,def_boost,def_boost_hist,overperform_vs_weak,fades_vs_elite,player,player_slate,team,opp_team,prop_norm_slate,line,slate_opp_def_rank,slate_opp_def_tier,line_hit_rate_over_ou_5,stat_last5_avg,player_norm,on_slate,slate_edge_signal
Abdulbasit Hindi,abdulbasit hindi,ABH,ksa.1,0.0,5,assists,assists,ABH,ABH,1,bottom,Abdulbasit Hindi,ksa.1,unknown,2,2,0,0,0.0,0.0,,,,,,,,,False,False,Abdulbasit Hindi,,,,,,,,,,,True,False
Abdullah Al Fahad,abdullah al fahad,ABH,ksa.1,0.0,5,assists,assists,ABH,ABH,2,bottom,Abdullah Al Fahad,ksa.1,unknown,2,2,0,0,0.0,0.0,,,,,,,,,False,False,Abdullah Al Fahad,,,,,,,,,,,True,False
Basil Yousef Al-Sayyali,basil yousef al-sayyali,ABH,ksa.1,0.0,5,assists,assists,ABH,ABH,3,bottom,Basil Yousef Al-Sayyali,ksa.1,unknown,2,2,0,0,0.0,0.0,,,,,,,,,False,False,Basil Yousef Al-Sayyali,,,,,,,,,,,True,False
Abdulbasit Hindi,abdulbasit hindi,ABH,ksa.1,0.0,5,assists,assists,ABH,ABH,1,top,Abdulbasit Hindi,ksa.1,unknown,2,2,0,0,0.0,0.0,,,,,,,,,False,False,Abdulbasit Hindi,,,,,,,,,,,True,False
Abdullah Al Fahad,abdullah al fahad,ABH,ksa.1,0.0,5,assists,assists,ABH,ABH,2,top,Abdullah Al Fahad,ksa.1,unknown,2,2,0,0,0.0,0.0,,,,,,,,,False,False,Abdullah Al Fahad,,,,,,,,,,,True,False
Basil Yousef Al-Sayyali,basil yousef al-sayyali,ABH,ksa.1,0.0,5,assists,assists,ABH,ABH,3,top,Basil Yousef Al-Sayyali,ksa.1,unknown,2,2,0,0,0.0,0.0,,,,,,,,,False,False,Basil Yousef Al-Sayyali,,,,,,,,,,,True,False
Abdulbasit Hindi,abdulbasit hindi,ABH,ksa.1,0.0,5,goals,goals,ABH,ABH,1,bottom,Abdulbasit Hindi,ksa.1,unknown,2,2,0,0,0.0,0.0,,,,,,,,,False,False,Abdulbasit Hindi,,,,,,,,,,,True,False
Abdullah Al Fahad,abdullah al fahad,ABH,ksa.1,0.0,5,goals,goals,ABH,ABH,2,bottom,Abdullah Al Fahad,ksa.1,unknown,2,2,0,0,0.0,0.0,,,,,,,,,False,False,Abdullah Al Fahad,,,,,,,,,,,True,False
Basil Yousef Al-Sayyali,basil yousef al-sayyali,ABH,ksa.1,0.0,5,goals,goals,ABH,ABH,3,bottom,Basil Yousef Al-Sayyali,ksa.1,unknown,2,2,0,0,0.0,0.0,,,,,,,,,False,False,Basil Yousef Al-Sayyali,,,,,,,,,,,True,False
Koshaim Al Karani,koshaim al karani,ABH,ksa.1,0.2,5,goals,goals,ABH,ABH,1,top,Koshaim Al Karani,ksa.1,unknown,2,2,0,0,0.0,-0.29166666666666663,,,,,,,,,False,False,Koshaim Al Karani,,,,,,,,,,,True,False
Michy Batshuayi,michy batshuayi,ABH,ksa.1,0.2,5,goals,goals,ABH,ABH,2,top,Michy Batshuayi,ksa.1,unknown,2,2,0,0,0.0,-0.45,,,,,,,,,False,False,Michy Batshuayi,,,,,,,,,,,True,False
Nabil Fekir,nabil fekir,ABH,ksa.1,0.2,5,goals,goals,ABH,ABH,3,top,Nabil Fekir,ksa.1,unknown,2,2,0,0,0.5,0.5,,,,,,,,,False,False,Nabil Fekir,,,,,,,,,,,True,False
Donovan Léon,donovan leon,ABH,ksa.1,2.0,5,saves,saves,ABH,ABH,1,bottom,Donovan Léon,ksa.1,unknown,2,2,0,0,0.5,0.25,,,,,,,,,False,False,Donovan Léon,,,,,,,,,,,True,False
Donovan Léon,donovan leon,ABH,ksa.1,2.0,5,saves,saves,ABH,ABH,1,top,Donovan Léon,ksa.1,unknown,2,2,0,0,0.5,0.25,,,,,,,,,False,False,Donovan Léon,,,,,,,,,,,True,False
Abdulbasit Hindi,abdulbasit hindi,ABH,ksa.1,0.0,5,shots,shots,ABH,ABH,1,bottom,Abdulbasit Hindi,ksa.1,unknown,2,2,0,0,0.0,0.0,,,,,,,,,False,False,Abdulbasit Hindi,,,,,,,,,,,True,False
Abdullah Al Fahad,abdullah al fahad,ABH,ksa.1,0.0,5,shots,shots,ABH,ABH,2,bottom,Abdullah Al Fahad,ksa.1,unknown,2,2,0,0,0.0,0.0,,,,,,,,,False,False,Abdullah Al Fahad,,,,,,,,,,,True,False
Basil Yousef Al-Sayyali,basil yousef al-sayyali,ABH,ksa.1,0.0,5,shots,shots,ABH,ABH,3,bottom,Basil Yousef Al-Sayyali,ksa.1,unknown,2,2,0,0,0.0,0.0,,,,,,,,,False,False,Basil Yousef Al-Sayyali,,,,,,,,,,,True,False
Michy Batshuayi,michy batshuayi,ABH,ksa.1,2.0,5,shots,shots,ABH,ABH,1,top,Michy Batshuayi,ksa.1,unknown,3,3,0,0,0.0,-1.5238095238095237,,,,,,,,,False,False,Michy Batshuayi,,,,,,,,,,,True,False
Koshaim Al Karani,koshaim al karani,ABH,ksa.1,1.0,5,shots,shots,ABH,ABH,2,top,Koshaim Al Karani,ksa.1,unknown,2,2,0,0,0.0,-1.4583333333333335,,,,,,,,,False,False,Koshaim Al Karani,,,,,,,,,,,True,False
Nabil Fekir,nabil fekir,ABH,ksa.1,0.8,5,shots,shots,ABH,ABH,3,top,Nabil Fekir,ksa.1,unknown,4,4,0,0,0.5,-0.055555555555555525,,,,,,,,,False,False,Nabil Fekir,,,,,,,,,,,True,False
Abdulbasit Hindi,abdulbasit hindi,ABH,ksa.1,0.0,5,shots_on_target,shots_on_target,ABH,ABH,1,bottom,Abdulbasit Hindi,ksa.1,unknown,2,2,0,0,0.0,0.0,,,,,,,,,False,False,Abdulbasit Hindi,,,,,,,,,,,True,False
Abdullah Al Fahad,abdullah al fahad,ABH,ksa.1,0.0,5,shots_on_target,shots_on_target,ABH,ABH,2,bottom,Abdullah Al Fahad,ksa.1,unknown,2,2,0,0,0.0,0.0,,,,,,,,,False,False,Abdullah Al Fahad,,,,,,,,,,,True,False
Basil Yousef Al-Sayyali,basil yousef al-sayyali,ABH,ksa.1,0.0,5,shots_on_target,shots_on_target,ABH,ABH,3,bottom,Basil Yousef Al-Sayyali,ksa.1,unknown,2,2,0,0,0.0,0.0,,,,,,,,,False,False,Basil Yousef Al-Sayyali,,,,,,,,,,,True,False
Michy Batshuayi,michy batshuayi,ABH,ksa.1,0.8,5,shots_on_target,shots_on_target,ABH,ABH,1,top,Michy Batshuayi,ksa.1,unknown,3,3,0,0,0.3333333333333333,-0.49206349206349204,,,,,,,,,False,False,Michy Batshuayi,,,,,,,,,,,True,False
Koshaim Al Karani,koshaim al karani,ABH,ksa.1,0.4,5,shots_on_target,shots_on_target,ABH,ABH,2,top,Koshaim Al Karani,ksa.1,unknown,2,2,0,0,0.0,-0.5833333333333333,,,,,,,,,False,False,Koshaim Al Karani,,,,,,,,,,,True,False
Nabil Fekir,nabil fekir,ABH,ksa.1,0.4,5,shots_on_target,shots_on_target,ABH,ABH,3,top,Nabil Fekir,ksa.1,unknown,4,4,0,0,0.25,0.3368055555555556,,,,,,,,,False,False,Nabil Fekir,,,,,,,,,,,True,False
Kamil Boumedmed,kamil boumedmed,ABHA,First Division League,0.0,5,assists,assists,ABHA,ABHA,1,bottom,Kamil Boumedmed,Saudi Pro League,unknown,5,5,0,0,0.0,0.0,,,,,,,,,False,False,Kamil Boumedmed,,,,,,,,,,,True,False
Kamil Boumedmed,kamil boumedmed,ABHA,First Division League,0.0,5,assists,assists,ABHA,ABHA,1,top,Kamil Boumedmed,Saudi Pro League,unknown,5,5,0,0,0.0,0.0,,,,,,,,,False,False,Kamil Boumedmed,,,,,,,,,,,True,False
Kamil Boumedmed,kamil boumedmed,ABHA,First Division League,6.571428571428571,7,passes,passes,ABHA,ABHA,1,bottom,Kamil Boumedmed,Saudi Pro League,unknown,7,7,0,0,0.7142857142857143,5.124716553287982,,,,,,,,,False,False,Kamil Boumedmed,,,,,,,,,,,True,False
Kamil Boumedmed,kamil boumedmed,ABHA,First Division League,6.571428571428571,7,passes,passes,ABHA,ABHA,1,top,Kamil Boumedmed,Saudi Pro League,unknown,7,7,0,0,0.7142857142857143,5.124716553287982,,,,,,,,,False,False,Kamil Boumedmed,,,,,,,,,,,True,False
Kamil Boumedmed,kamil boumedmed,ABHA,First Division League,0.0,7,saves,saves,ABHA,ABHA,1,bottom,Kamil Boumedmed,Saudi Pro League,unknown,7,7,0,0,0.0,0.0,,,,,,,,,False,False,Kamil Boumedmed,,,,,,,,,,,True,False
Kamil Boumedmed,kamil boumedmed,ABHA,First Division League,0.0,7,saves,saves,ABHA,ABHA,1,top,Kamil Boumedmed,Saudi Pro League,unknown,7,7,0,0,0.0,0.0,,,,,,,,,False,False,Kamil Boumedmed,,,,,,,,,,,True,False
Kamil Boumedmed,kamil boumedmed,ABHA,First Division League,0.5714285714285714,7,shots,shots,ABHA,ABHA,1,bottom,Kamil Boumedmed,Saudi Pro League,unknown,7,7,0,0,0.2857142857142857,0.7255102040816327,,,,,,,,,False,False,Kamil Boumedmed,,,,,,,,,,,True,False
Kamil Boumedmed,kamil boumedmed,ABHA,First Division League,0.5714285714285714,7,shots,shots,ABHA,ABHA,1,top,Kamil Boumedmed,Saudi Pro League,unknown,7,7,0,0,0.2857142857142857,0.7255102040816327,,,,,,,,,False,False,Kamil Boumedmed,,,,,,,,,,,True,False
Kamil Boumedmed,kamil boumedmed,ABHA,First Division League,0.2857142857142857,7,shots_on_target,shots_on_target,ABHA,ABHA,1,bottom,Kamil Boumedmed,Saudi Pro League,unknown,7,7,0,0,0.2857142857142857,0.28775510204081634,,,,,,,,,False,False,Kamil Boumedmed,,,,,,,,,,,True,False
Kamil Boumedmed,kamil boumedmed,ABHA,First Division League,0.2857142857142857,7,shots_on_target,shots_on_target,ABHA,ABHA,1,top,Kamil Boumedmed,Saudi Pro League,unknown,7,7,0,0,0.2857142857142857,0.28775510204081634,,,,,,,,,False,False,Kamil Boumedmed,,,,,,,,,,,True,False
Kamil Boumedmed,kamil boumedmed,ABHA,First Division League,0.0,7,tackles,tackles,ABHA,ABHA,1,bottom,Kamil Boumedmed,Saudi Pro League,unknown,7,7,0,0,0.0,0.0,,,,,,,,,False,False,Kamil Boumedmed,,,,,,,,,,,True,False
Kamil Boumedmed,kamil boumedmed,ABHA,First Division League,0.0,7,tackles,tackles,ABHA,ABHA,1,top,Kamil Boumedmed,Saudi Pro League,unknown,7,7,0,0,0.0,0.0,,,,,,,,,False,False,Kamil Boumedmed,,,,,,,,,,,True,False
Abdullah Radif,abdullah radif,AHL,ksa.1,0.0,5,assists,assists,AHL,AHL,1,bottom,Abdullah Radif,ksa.1,unknown,2,2,0,0,0.0,0.0,,,,,,,,,False,False,Abdullah Radif,,,,,,,,,,,True,False
Abdulrahman Al-Sanbi,abdulrahman al-sanbi,AHL,ksa.1,0.0,5,assists,assists,AHL,AHL,2,bottom,Abdulrahman Al-Sanbi,ksa.1,unknown,2,2,0,0,0.0,0.0,,,,,,,,,False,False,Abdulrahman Al-Sanbi,,,,,,,,,,,True,False
Ivan Toney,ivan toney,AHL,ksa.1,0.0,5,assists,assists,AHL,AHL,3,bottom,Ivan Toney,ksa.1,unknown,2,2,0,0,0.0,0.0,,,,,,,,,False,False,Ivan Toney,Ivan Toney,AHLI,HAZEM,assists,0.5,,,,,ivan toney,True,False
Eduard Spertsyan,eduard spertsyan,AHL,ksa.1,0.4,5,assists,assists,AHL,AHL,1,top,Eduard Spertsyan,ksa.1,unknown,2,2,0,0,0.0,-0.5833333333333333,,,,,,,,,False,False,Eduard Spertsyan,Eduard Spertsyan,AHLI,HAZEM,assists,0.5,,,,,eduard spertsyan,True,False
Francisco Trincão,francisco trincao,AHL,ksa.1,0.4,5,assists,assists,AHL,AHL,2,top,Francisco Trincão,ksa.1,unknown,2,2,0,0,0.5,0.20833333333333334,,,,,,,,,False,False,Francisco Trincão,,,,,,,,,,,True,False
Saad Balobaid,saad balobaid,AHL,ksa.1,0.4,5,assists,assists,AHL,AHL,3,top,Saad Balobaid,ksa.1,unknown,2,2,0,0,0.5,0.75,,,,,,,,,False,False,Saad Balobaid,,,,,,,,,,,True,False
Abdullah Radif,abdullah radif,AHL,ksa.1,0.0,5,goals,goals,AHL,AHL,1,bottom,Abdullah Radif,ksa.1,unknown,2,2,0,0,0.0,0.0,,,,,,,,,False,False,Abdullah Radif,,,,,,,,,,,True,False
Abdulrahman Al-Sanbi,abdulrahman al-sanbi,AHL,ksa.1,0.0,5,goals,goals,AHL,AHL,2,bottom,Abdulrahman Al-Sanbi,ksa.1,unknown,2,2,0,0,0.0,0.0,,,,,,,,,False,False,Abdulrahman Al-Sanbi,,,,,,,,,,,True,False
Feras Al-Brikan,feras al-brikan,AHL,ksa.1,0.0,5,goals,goals,AHL,AHL,3,bottom,Feras Al-Brikan,ksa.1,unknown,2,2,0,0,0.0,0.0,,,,,,,,,False,False,Feras Al-Brikan,,,,,,,,,,,True,False
Ivan Toney,ivan toney,AHL,ksa.1,1.6,5,goals,goals,AHL,AHL,1,top,Ivan Toney,ksa.1,unknown,2,2,0,0,1.0,0.5833333333333334,,,,,,,,,False,False,Ivan Toney,Ivan Toney,AHLI,HAZEM,goals,2.5,,,,,ivan toney,True,False
Ivan Toney,ivan toney,AHL,ksa.1,1.6,5,goals,goals,AHL,AHL,1,top,Ivan Toney,ksa.1,unknown,2,2,0,0,1.0,0.5833333333333334,,,,,,,,,False,False,Ivan Toney,Ivan Toney,AHLI,HAZEM,goals,1.5,,,,,ivan toney,True,False
Ivan Toney,ivan toney,AHL,ksa.1,1.6,5,goals,goals,AHL,AHL,1,top,Ivan Toney,ksa.1,unknown,2,2,0,0,1.0,0.5833333333333334,,,,,,,,,False,False,Ivan Toney,Ivan Toney,AHLI,HAZEM,goals,0.5,,,,,ivan toney,True,False
Francisco Trincão,francisco trincao,AHL,ksa.1,0.4,5,goals,goals,AHL,AHL,2,top,Francisco Trincão,ksa.1,unknown,2,2,0,0,0.5,0.08333333333333337,,,,,,,,,False,False,Francisco Trincão,,,,,,,,,,,True,False
Eduard Spertsyan,eduard spertsyan,AHL,ksa.1,0.2,5,goals,goals,AHL,AHL,3,top,Eduard Spertsyan,ksa.1,unknown,2,2,0,0,0.5,0.375,,,,,,,,,False,False,Eduard Spertsyan,Eduard Spertsyan,AHLI,HAZEM,goals,1.5,,,,,eduard spertsyan,True,False
Eduard Spertsyan,eduard spertsyan,AHL,ksa.1,0.2,5,goals,goals,AHL,AHL,3,top,Eduard Spertsyan,ksa.1,unknown,2,2,0,0,0.5,0.375,,,,,,,,,False,False,Eduard Spertsyan,Eduard Spertsyan,AHLI,HAZEM,goals,0.5,,,,,eduard spertsyan,True,False
Abdulrahman Al-Sanbi,abdulrahman al-sanbi,AHL,ksa.1,0.0,5,saves,saves,AHL,AHL,1,bottom,Abdulrahman Al-Sanbi,ksa.1,unknown,2,2,0,0,0.0,0.0,,,,,,,,,False,False,Abdulrahman Al-Sanbi,,,,,,,,,,,True,False
Édouard Mendy,edouard mendy,AHL,ksa.1,2.0,5,saves,saves,AHL,AHL,2,bottom,Édouard Mendy,ksa.1,unknown,2,2,0,0,0.5,0.25,,,,,,,,,False,False,Édouard Mendy,Édouard Mendy,AHLI,HAZEM,saves,2.0,,,0.8,2.4,edouard mendy,True,False
Édouard Mendy,edouard mendy,AHL,ksa.1,2.0,5,saves,saves,AHL,AHL,1,top,Édouard Mendy,ksa.1,unknown,2,2,0,0,0.5,0.25,,,,,,,,,False,False,Édouard Mendy,Édouard Mendy,AHLI,HAZEM,saves,2.0,,,0.8,2.4,edouard mendy,True,False
Abdulrahman Al-Sanbi,abdulrahman al-sanbi,AHL,ksa.1,0.0,5,saves,saves,AHL,AHL,2,top,Abdulrahman Al-Sanbi,ksa.1,unknown,2,2,0,0,0.0,0.0,,,,,,,,,False,False,Abdulrahman Al-Sanbi,,,,,,,,,,,True,False
Abdulrahman Al-Sanbi,abdulrahman al-sanbi,AHL,ksa.1,0.0,5,shots,shots,AHL,AHL,1,bottom,Abdulrahman Al-Sanbi,ksa.1,unknown,2,2,0,0,0.0,0.0,,,,,,,,,False,False,Abdulrahman Al-Sanbi,,,,,,,,,,,True,False
Feras Al-Brikan,feras al-brikan,AHL,ksa.1,0.0,5,shots,shots,AHL,AHL,2,bottom,Feras Al-Brikan,ksa.1,unknown,2,2,0,0,0.0,0.0,,,,,,,,,False,False,Feras Al-Brikan,,,,,,,,,,,True,False
Naif Masoud,naif masoud,AHL,ksa.1,0.0,5,shots,shots,AHL,AHL,3,bottom,Naif Masoud,ksa.1,unknown,2,2,0,0,0.0,0.0,,,,,,,,,False,False,Naif Masoud,,,,,,,,,,,True,False
Ivan Toney,ivan toney,AHL,ksa.1,2.6,5,shots,shots,AHL,AHL,1,top,Ivan Toney,ksa.1,unknown,2,2,0,0,0.5,-1.4166666666666667,,,,,,,,,False,False,Ivan Toney,Ivan Toney,AHLI,HAZEM,shots,3.0,,,,,ivan toney,True,False
Ivan Toney,ivan toney,AHL,ksa.1,2.6,5,shots,shots,AHL,AHL,1,top,Ivan Toney,ksa.1,unknown,2,2,0,0,0.5,-1.4166666666666667,,,,,,,,,False,False,Ivan Toney,Ivan Toney,AHLI,HAZEM,shots,3.5,,,,,ivan toney,True,False
Ivan Toney,ivan toney,AHL,ksa.1,2.6,5,shots,shots,AHL,AHL,1,top,Ivan Toney,ksa.1,unknown,2,2,0,0,0.5,-1.4166666666666667,,,,,,,,,False,False,Ivan Toney,Ivan Toney,AHLI,HAZEM,shots,9.5,,,,,ivan toney,True,False
Ivan Toney,ivan toney,AHL,ksa.1,2.6,5,shots,shots,AHL,AHL,1,top,Ivan Toney,ksa.1,unknown,2,2,0,0,0.5,-1.4166666666666667,,,,,,,,,False,False,Ivan Toney,Ivan Toney,AHLI,HAZEM,shots,5.5,,,,,ivan toney,True,False
Francisco Trincão,francisco trincao,AHL,ksa.1,1.4,5,shots,shots,AHL,AHL,2,top,Francisco Trincão,ksa.1,unknown,2,2,0,0,0.0,-2.041666666666667,,,,,,,,,False,False,Francisco Trincão,,,,,,,,,,,True,False
Eduard Spertsyan,eduard spertsyan,AHL,ksa.1,1.2,5,shots,shots,AHL,AHL,3,top,Eduard Spertsyan,ksa.1,unknown,2,2,0,0,0.5,-0.16666666666666663,,,,,,,,,False,False,Eduard Spertsyan,Eduard Spertsyan,AHLI,HAZEM,shots,5.5,,,,,eduard spertsyan,True,False
Eduard Spertsyan,eduard spertsyan,AHL,ksa.1,1.2,5,shots,shots,AHL,AHL,3,top,Eduard Spertsyan,ksa.1,unknown,2,2,0,0,0.5,-0.16666666666666663,,,,,,,,,False,False,Eduard Spertsyan,Eduard Spertsyan,AHLI,HAZEM,shots,2.5,,,,,eduard spertsyan,True,False
Eduard Spertsyan,eduard spertsyan,AHL,ksa.1,1.2,5,shots,shots,AHL,AHL,3,top,Eduard Spertsyan,ksa.1,unknown,2,2,0,0,0.5,-0.16666666666666663,,,,,,,,,False,False,Eduard Spertsyan,Eduard Spertsyan,AHLI,HAZEM,shots,1.5,,,,,eduard spertsyan,True,False
Abdulrahman Al-Sanbi,abdulrahman al-sanbi,AHL,ksa.1,0.0,5,shots_on_target,shots_on_target,AHL,AHL,1,bottom,Abdulrahman Al-Sanbi,ksa.1,unknown,2,2,0,0,0.0,0.0,,,,,,,,,False,False,Abdulrahman Al-Sanbi,,,,,,,,,,,True,False
Eduard Spertsyan,eduard spertsyan,AHL,ksa.1,0.0,5,shots_on_target,shots_on_target,AHL,AHL,2,bottom,Eduard Spertsyan,ksa.1,unknown,2,2,0,0,0.0,0.0,,,,,,,,,False,False,Eduard Spertsyan,Eduard Spertsyan,AHLI,HAZEM,shots_on_target,2.5,,,,,eduard spertsyan,True,False
Eduard Spertsyan,eduard spertsyan,AHL,ksa.1,0.0,5,shots_on_target,shots_on_target,AHL,AHL,2,bottom,Eduard Spertsyan,ksa.1,unknown,2,2,0,0,0.0,0.0,,,,,,,,,False,False,Eduard Spertsyan,Eduard Spertsyan,AHLI,HAZEM,shots_on_target,1.5,,,,,eduard spertsyan,True,False
Eduard Spertsyan,eduard spertsyan,AHL,ksa.1,0.0,5,shots_on_target,shots_on_target,AHL,AHL,2,bottom,Eduard Spertsyan,ksa.1,unknown,2,2,0,0,0.0,0.0,,,,,,,,,False,False,Eduard Spertsyan,Eduard Spertsyan,AHLI,HAZEM,shots_on_target,0.5,,,,,eduard spertsyan,True,False
Feras Al-Brikan,feras al-brikan,AHL,ksa.1,0.0,5,shots_on_target,shots_on_target,AHL,AHL,3,bottom,Feras Al-Brikan,ksa.1,unknown,2,2,0,0,0.0,0.0,,,,,,,,,False,False,Feras Al-Brikan,,,,,,,,,,,True,False
Ivan Toney,ivan toney,AHL,ksa.1,1.6,5,shots_on_target,shots_on_target,AHL,AHL,1,top,Ivan Toney,ksa.1,unknown,2,2,0,0,0.5,0.04166666666666663,,,,,,,,,False,False,Ivan Toney,Ivan Toney,AHLI,HAZEM,shots_on_target,5.5,,,,,ivan toney,True,False
Ivan Toney,ivan toney,AHL,ksa.1,1.6,5,shots_on_target,shots_on_target,AHL,AHL,1,top,Ivan Toney,ksa.1,unknown,2,2,0,0,0.5,0.04166666666666663,,,,,,,,,False,False,Ivan Toney,Ivan Toney,AHLI,HAZEM,shots_on_target,3.5,,,,,ivan toney,True,False
Ivan Toney,ivan toney,AHL,ksa.1,1.6,5,shots_on_target,shots_on_target,AHL,AHL,1,top,Ivan Toney,ksa.1,unknown,2,2,0,0,0.5,0.04166666666666663,,,,,,,,,False,False,Ivan Toney,Ivan Toney,AHLI,HAZEM,shots_on_target,1.5,,,,,ivan toney,True,False
Abdullah Radif,abdullah radif,AHL,ksa.1,0.2,5,shots_on_target,shots_on_target,AHL,AHL,2,top,Abdullah Radif,ksa.1,unknown,2,2,0,0,0.0,-0.29166666666666663,,,,,,,,,False,False,Abdullah Radif,,,,,,,,,,,True,False
Francisco Trincão,francisco trincao,AHL,ksa.1,0.2,5,shots_on_target,shots_on_target,AHL,AHL,3,top,Francisco Trincão,ksa.1,unknown,2,2,0,0,0.0,-0.29166666666666663,,,,,,,,,False,False,Francisco Trincão,,,,,,,,,,,True,False
Abdoulaye Seck,abdoulaye seck,ALF,ksa.1,0.0,5,assists,assists,ALF,ALF,1,bottom,Abdoulaye Seck,ksa.1,unknown,2,2,0,0,0.0,0.0,,,,,,,,,False,False,Abdoulaye Seck,Abdoulaye Seck,FAISALY,ITTIHAD,assists,0.5,,,0.0,0.0,abdoulaye seck,True,False
Abdullah Subayt,abdullah subayt,ALF,ksa.1,0.0,5,assists,assists,ALF,ALF,2,bottom,Abdullah Subayt,ksa.1,unknown,2,2,0,0,0.0,0.0,,,,,,,,,False,False,Abdullah Subayt,,,,,,,,,,,True,False
Abdulrahman Al Sharif,abdulrahman al sharif,ALF,ksa.1,0.0,5,assists,assists,ALF,ALF,3,bottom,Abdulrahman Al Sharif,ksa.1,unknown,2,2,0,0,0.0,0.0,,,,,,,,,False,False,Abdulrahman Al Sharif,Abdulrahman Al Sharif,FAISALY,ITTIHAD,assists,0.5,,,,,abdulrahman al sharif,True,False
Alexandre Mendy,alexandre mendy,ALF,ksa.1,0.2,5,assists,assists,ALF,ALF,1,top,Alexandre Mendy,ksa.1,unknown,2,2,0,0,0.0,-0.29166666666666663,,,,,,,,,False,False,Alexandre Mendy,Alexandre Mendy,FAISALY,ITTIHAD,assists,0.5,,,0.0,0.0,alexandre mendy,True,False
Andrei Girotto,andrei girotto,ALF,ksa.1,0.2,5,assists,assists,ALF,ALF,2,top,Andrei Girotto,ksa.1,unknown,2,2,0,0,0.0,-0.29166666666666663,,,,,,,,,False,False,Andrei Girotto,Andrei Girotto,FAISALY,ITTIHAD,assists,0.5,,,,,andrei girotto,True,False
Abdoulaye Seck,abdoulaye seck,ALF,ksa.1,0.0,5,assists,assists,ALF,ALF,3,top,Abdoulaye Seck,ksa.1,unknown,2,2,0,0,0.0,0.0,,,,,,,,,False,False,Abdoulaye Seck,Abdoulaye Seck,FAISALY,ITTIHAD,assists,0.5,,,0.0,0.0,abdoulaye seck,True,False
Abdullah Subayt,abdullah subayt,ALF,ksa.1,0.0,5,goals,goals,ALF,ALF,1,bottom,Abdullah Subayt,ksa.1,unknown,2,2,0,0,0.0,0.0,,,,,,,,,False,False,Abdullah Subayt,,,,,,,,,,,True,False
Abdulrahman Al Sharif,abdulrahman al sharif,ALF,ksa.1,0.0,5,goals,goals,ALF,ALF,2,bottom,Abdulrahman Al Sharif,ksa.1,unknown,2,2,0,0,0.0,0.0,,,,,,,,,False,False,Abdulrahman Al Sharif,Abdulrahman Al Sharif,FAISALY,ITTIHAD,goals,0.5,,,,,abdulrahman al sharif,True,False
Alexandre Mendy,alexandre mendy,ALF,ksa.1,0.0,5,goals,goals,ALF,ALF,3,bottom,Alexandre Mendy,ksa.1,unknown,2,2,0,0,0.0,0.0,,,,,,,,,False,False,Alexandre Mendy,Alexandre Mendy,FAISALY,ITTIHAD,goals,1.5,,,0.0,0.0,alexandre mendy,True,False
Alexandre Mendy,alexandre mendy,ALF,ksa.1,0.0,5,goals,goals,ALF,ALF,3,bottom,Alexandre Mendy,ksa.1,unknown,2,2,0,0,0.0,0.0,,,,,,,,,False,False,Alexandre Mendy,Alexandre Mendy,FAISALY,ITTIHAD,goals,0.5,,,0.0,0.0,alexandre mendy,True,False
Abdoulaye Seck,abdoulaye seck,ALF,ksa.1,0.2,5,goals,goals,ALF,ALF,1,top,Abdoulaye Seck,ksa.1,unknown,2,2,0,0,0.0,-0.29166666666666663,,,,,,,,,False,False,Abdoulaye Seck,Abdoulaye Seck,FAISALY,ITTIHAD,goals,0.5,,,0.2,0.2,abdoulaye seck,True,False
Christian Bassogog,christian bassogog,ALF,ksa.1,0.2,5,goals,goals,ALF,ALF,2,top,Christian Bassogog,ksa.1,unknown,2,2,0,0,0.0,-0.29166666666666663,,,,,,,,,False,False,Christian Bassogog,Christian Bassogog,FAISALY,ITTIHAD,goals,0.5,,,,,christian bassogog,True,False
Abdullah Subayt,abdullah subayt,ALF,ksa.1,0.0,5,goals,goals,ALF,ALF,3,top,Abdullah Subayt,ksa.1,unknown,2,2,0,0,0.0,0.0,,,,,,,,,False,False,Abdullah Subayt,,,,,,,,,,,True,False
Mohammed Al-Hasawi,mohammed al-hasawi,ALF,ksa.1,0.0,5,saves,saves,ALF,ALF,1,bottom,Mohammed Al-Hasawi,ksa.1,unknown,2,2,0,0,0.0,0.0,,,,,,,,,False,False,Mohammed Al-Hasawi,,,,,,,,,,,True,False
Fernando Pacheco,fernando pacheco,ALF,ksa.1,4.4,5,saves,saves,ALF,ALF,2,bottom,Fernando Pacheco,ksa.1,unknown,2,2,0,0,0.5,-0.4583333333333335,,,,,,,,,False,False,Fernando Pacheco,Fernando Pacheco,FAISALY,ITTIHAD,saves,3.5,,,,,fernando pacheco,True,False
Fernando Pacheco,fernando pacheco,ALF,ksa.1,4.4,5,saves,saves,ALF,ALF,1,top,Fernando Pacheco,ksa.1,unknown,2,2,0,0,0.5,-0.4583333333333335,,,,,,,,,False,False,Fernando Pacheco,Fernando Pacheco,FAISALY,ITTIHAD,saves,3.5,,,,,fernando pacheco,True,False
Mohammed Al-Hasawi,mohammed al-hasawi,ALF,ksa.1,0.0,5,saves,saves,ALF,ALF,2,top,Mohammed Al-Hasawi,ksa.1,unknown,2,2,0,0,0.0,0.0,,,,,,,,,False,False,Mohammed Al-Hasawi,,,,,,,,,,,True,False
Abdullah Subayt,abdullah subayt,ALF,ksa.1,0.0,5,shots,shots,ALF,ALF,1,bottom,Abdullah Subayt,ksa.1,unknown,2,2,0,0,0.0,0.0,,,,,,,,,False,False,Abdullah Subayt,,,,,,,,,,,True,False
Abdulrahman Al Sharif,abdulrahman al sharif,ALF,ksa.1,0.0,5,shots,shots,ALF,ALF,2,bottom,Abdulrahman Al Sharif,ksa.1,unknown,2,2,0,0,0.0,0.0,,,,,,,,,False,False,Abdulrahman Al Sharif,Abdulrahman Al Sharif,FAISALY,ITTIHAD,shots,4.5,,,,,abdulrahman al sharif,True,False
Abdulrahman Al Sharif,abdulrahman al sharif,ALF,ksa.1,0.0,5,shots,shots,ALF,ALF,2,bottom,Abdulrahman Al Sharif,ksa.1,unknown,2,2,0,0,0.0,0.0,,,,,,,,,False,False,Abdulrahman Al Sharif,Abdulrahman Al Sharif,FAISALY,ITTIHAD,shots,2.5,,,,,abdulrahman al sharif,True,False
Abdulrahman Al Sharif,abdulrahman al sharif,ALF,ksa.1,0.0,5,shots,shots,ALF,ALF,2,bottom,Abdulrahman Al Sharif,ksa.1,unknown,2,2,0,0,0.0,0.0,,,,,,,,,False,False,Abdulrahman Al Sharif,Abdulrahman Al Sharif,FAISALY,ITTIHAD,shots,0.5,,,,,abdulrahman al sharif,True,False
Fernando Pacheco,fernando pacheco,ALF,ksa.1,0.0,5,shots,shots,ALF,ALF,3,bottom,Fernando Pacheco,ksa.1,unknown,2,2,0,0,0.0,0.0,,,,,,,,,False,False,Fernando Pacheco,,,,,,,,,,,True,False
Alexandre Mendy,alexandre mendy,ALF,ksa.1,1.6,5,shots,shots,ALF,ALF,1,top,Alexandre Mendy,ksa.1,unknown,2,2,0,0,0.0,-0.875,,,,,,,,,False,False,Alexandre Mendy,Alexandre Mendy,FAISALY,ITTIHAD,shots,7.5,,,0.0,1.2,alexandre mendy,True,False
Alexandre Mendy,alexandre mendy,ALF,ksa.1,1.6,5,shots,shots,ALF,ALF,1,top,Alexandre Mendy,ksa.1,unknown,2,2,0,0,0.0,-0.875,,,,,,,,,False,False,Alexandre Mendy,Alexandre Mendy,FAISALY,ITTIHAD,shots,3.5,,,0.0,1.2,alexandre mendy,True,False
Alexandre Mendy,alexandre mendy,ALF,ksa.1,1.6,5,shots,shots,ALF,ALF,1,top,Alexandre Mendy,ksa.1,unknown,2,2,0,0,0.0,-0.875,,,,,,,,,False,False,Alexandre Mendy,Alexandre Mendy,FAISALY,ITTIHAD,shots,2.5,,,0.0,1.2,alexandre mendy,True,False
Christian Bassogog,christian bassogog,ALF,ksa.1,1.2,5,shots,shots,ALF,ALF,2,top,Christian Bassogog,ksa.1,unknown,2,2,0,0,0.5,0.5,,,,,,,,,False,False,Christian Bassogog,Christian Bassogog,FAISALY,ITTIHAD,shots,4.5,,,,,christian bassogog,True,False
Christian Bassogog,christian bassogog,ALF,ksa.1,1.2,5,shots,shots,ALF,ALF,2,top,Christian Bassogog,ksa.1,unknown,2,2,0,0,0.5,0.5,,,,,,,,,False,False,Christian Bassogog,Christian Bassogog,FAISALY,ITTIHAD,shots,2.5,,,,,christian bassogog,True,False
Christian Bassogog,christian bassogog,ALF,ksa.1,1.2,5,shots,shots,ALF,ALF,2,top,Christian Bassogog,ksa.1,unknown,2,2,0,0,0.5,0.5,,,,,,,,,False,False,Christian Bassogog,Christian Bassogog,FAISALY,ITTIHAD,shots,0.5,,,,,christian bassogog,True,False
Andrei Girotto,andrei girotto,ALF,ksa.1,0.8,5,shots,shots,ALF,ALF,3,top,Andrei Girotto,ksa.1,unknown,2,2,0,0,0.0,-0.5,,,,,,,,,False,False,Andrei Girotto,Andrei Girotto,FAISALY,ITTIHAD,shots,3.5,,,,,andrei girotto,True,False
Andrei Girotto,andrei girotto,ALF,ksa.1,0.8,5,shots,shots,ALF,ALF,3,top,Andrei Girotto,ksa.1,unknown,2,2,0,0,0.0,-0.5,,,,,,,,,False,False,Andrei Girotto,Andrei Girotto,FAISALY,ITTIHAD,shots,1.5,,,,,andrei girotto,True,False
Andrei Girotto,andrei girotto,ALF,ksa.1,0.8,5,shots,shots,ALF,ALF,3,top,Andrei Girotto,ksa.1,unknown,2,2,0,0,0.0,-0.5,,,,,,,,,False,False,Andrei Girotto,Andrei Girotto,FAISALY,ITTIHAD,shots,0.5,,,,,andrei girotto,True,False
Abdullah Subayt,abdullah subayt,ALF,ksa.1,0.0,5,shots_on_target,shots_on_target,ALF,ALF,1,bottom,Abdullah Subayt,ksa.1,unknown,2,2,0,0,0.0,0.0,,,,,,,,,False,False,Abdullah Subayt,,,,,,,,,,,True,False
Abdulrahman Al Sharif,abdulrahman al sharif,ALF,ksa.1,0.0,5,shots_on_target,shots_on_target,ALF,ALF,2,bottom,Abdulrahman Al Sharif,ksa.1,unknown,2,2,0,0,0.0,0.0,,,,,,,,,False,False,Abdulrahman Al Sharif,Abdulrahman Al Sharif,FAISALY,ITTIHAD,shots_on_target,2.5,,,,,abdulrahman al sharif,True,False
Abdulrahman Al Sharif,abdulrahman al sharif,ALF,ksa.1,0.0,5,shots_on_target,shots_on_target,ALF,ALF,2,bottom,Abdulrahman Al Sharif,ksa.1,unknown,2,2,0,0,0.0,0.0,,,,,,,,,False,False,Abdulrahman Al Sharif,Abdulrahman Al Sharif,FAISALY,ITTIHAD,shots_on_target,0.5,,,,,abdulrahman al sharif,True,False
Ayman Fallatah,ayman fallatah,ALF,ksa.1,0.0,5,shots_on_target,shots_on_target,ALF,ALF,3,bottom,Ayman Fallatah,ksa.1,unknown,2,2,0,0,0.0,0.0,,,,,,,,,False,False,Ayman Fallatah,,,,,,,,,,,True,False
Alexandre Mendy,alexandre mendy,ALF,ksa.1,0.6,5,shots_on_target,shots_on_target,ALF,ALF,1,top,Alexandre Mendy,ksa.1,unknown,2,2,0,0,0.5,-0.20833333333333331,,,,,,,,,False,False,Alexandre Mendy,Alexandre Mendy,FAISALY,ITTIHAD,shots_on_target,3.5,,,0.0,0.0,alexandre mendy,True,False
Alexandre Mendy,alexandre mendy,ALF,ksa.1,0.6,5,shots_on_target,shots_on_target,ALF,ALF,1,top,Alexandre Mendy,ksa.1,unknown,2,2,0,0,0.5,-0.20833333333333331,,,,,,,,,False,False,Alexandre Mendy,Alexandre Mendy,FAISALY,ITTIHAD,shots_on_target,1.5,,,0.0,0.0,alexandre mendy,True,False
Alexandre Mendy,alexandre mendy,ALF,ksa.1,0.6,5,shots_on_target,shots_on_target,ALF,ALF,1,top,Alexandre Mendy,ksa.1,unknown,2,2,0,0,0.5,-0.20833333333333331,,,,,,,,,False,False,Alexandre Mendy,Alexandre Mendy,FAISALY,ITTIHAD,shots_on_target,0.5,,,0.0,0.0,alexandre mendy,True,False
Abdoulaye Seck,abdoulaye seck,ALF,ksa.1,0.4,5,shots_on_target,shots_on_target,ALF,ALF,2,top,Abdoulaye Seck,ksa.1,unknown,2,2,0,0,0.0,-0.5833333333333333,,,,,,,,,False,False,Abdoulaye Seck,Abdoulaye Seck,FAISALY,ITTIHAD,shots_on_target,1.5,,,0.0,0.4,abdoulaye seck,True,False
Abdoulaye Seck,abdoulaye seck,ALF,ksa.1,0.4,5,shots_on_target,shots_on_target,ALF,ALF,2,top,Abdoulaye Seck,ksa.1,unknown,2,2,0,0,0.0,-0.5833333333333333,,,,,,,,,False,False,Abdoulaye Seck,Abdoulaye Seck,FAISALY,ITTIHAD,shots_on_target,0.5,,,0.4,0.4,abdoulaye seck,True,False
Christian Bassogog,christian bassogog,ALF,ksa.1,0.4,5,shots_on_target,shots_on_target,ALF,ALF,3,top,Christian Bassogog,ksa.1,unknown,2,2,0,0,0.5,0.20833333333333334,,,,,,,,,False,False,Christian Bassogog,Christian Bassogog,FAISALY,ITTIHAD,shots_on_target,2.5,,,,,christian bassogog,True,False
Christian Bassogog,christian bassogog,ALF,ksa.1,0.4,5,shots_on_target,shots_on_target,ALF,ALF,3,top,Christian Bassogog,ksa.1,unknown,2,2,0,0,0.5,0.20833333333333334,,,,,,,,,False,False,Christian Bassogog,Christian Bassogog,FAISALY,ITTIHAD,shots_on_target,0.5,,,,,christian bassogog,True,False
Marco Carnesecchi,marco carnesecchi,ATALANTA,Serie A,0.0,5,assists,assists,ATALANTA,ATALANTA,1,bottom,Marco Carnesecchi,Serie A,mid,5,5,0,0,0.0,0.0,,,0.0,,,,,,False,False,Marco Carnesecchi,,,,,,,,,,,True,False
Nikola Krstovic,nikola krstovic,ATALANTA,Serie A,0.0,5,assists,assists,ATALANTA,ATALANTA,2,bottom,Nikola Krstovic,Serie A,mid,5,5,0,0,0.0,0.0,,,0.0,,,,,,False,False,Nikola Krstovic,Nikola Krstovic,ATALANTA,CAGLIARI,assists,0.5,1.0,Elite,0.0,0.0,nikola krstovic,True,False
Marco Carnesecchi,marco carnesecchi,ATALANTA,Serie A,0.0,5,assists,assists,ATALANTA,ATALANTA,1,top,Marco Carnesecchi,Serie A,mid,5,5,0,0,0.0,0.0,,,0.0,,,,,,False,False,Marco Carnesecchi,,,,,,,,,,,True,False
Nikola Krstovic,nikola krstovic,ATALANTA,Serie A,0.0,5,assists,assists,ATALANTA,ATALANTA,2,top,Nikola Krstovic,Serie A,mid,5,5,0,0,0.0,0.0,,,0.0,,,,,,False,False,Nikola Krstovic,Nikola Krstovic,ATALANTA,CAGLIARI,assists,0.5,1.0,Elite,0.0,0.0,nikola krstovic,True,False
Marco Carnesecchi,marco carnesecchi,ATALANTA,Serie A,4.833333333333333,6,saves,saves,ATALANTA,ATALANTA,1,bottom,Marco Carnesecchi,Serie A,mid,6,6,0,0,0.5,2.335515873015873,,,2.922619047619048,0.5910730587984075,,,,,False,False,Marco Carnesecchi,,,,,,,,,,,True,False
Marco Carnesecchi,marco carnesecchi,ATALANTA,Serie A,4.833333333333333,6,saves,saves,ATALANTA,ATALANTA,1,top,Marco Carnesecchi,Serie A,mid,6,6,0,0,0.5,2.335515873015873,,,2.922619047619048,0.5910730587984075,,,,,False,False,Marco Carnesecchi,,,,,,,,,,,True,False
Marco Carnesecchi,marco carnesecchi,ATALANTA,Serie A,0.0,6,shots,shots,ATALANTA,ATALANTA,1,bottom,Marco Carnesecchi,Serie A,mid,6,6,0,0,0.0,0.0,,,0.0,,,,,,False,False,Marco Carnesecchi,,,,,,,,,,,True,False
Nikola Krstovic,nikola krstovic,ATALANTA,Serie A,1.1666666666666667,6,shots,shots,ATALANTA,ATALANTA,2,bottom,Nikola Krstovic,Serie A,mid,6,6,0,0,0.3333333333333333,-0.4192460317460318,,,-0.4630952380952381,0.9298722641811591,,,,,False,False,Nikola Krstovic,Nikola Krstovic,ATALANTA,CAGLIARI,shots,10.5,1.0,Elite,0.0,1.2,nikola krstovic,True,False
Nikola Krstovic,nikola krstovic,ATALANTA,Serie A,1.1666666666666667,6,shots,shots,ATALANTA,ATALANTA,2,bottom,Nikola Krstovic,Serie A,mid,6,6,0,0,0.3333333333333333,-0.4192460317460318,,,-0.4630952380952381,0.9298722641811591,,,,,False,False,Nikola Krstovic,Nikola Krstovic,ATALANTA,CAGLIARI,shots,4.5,1.0,Elite,0.0,1.2,nikola krstovic,True,False
Nikola Krstovic,nikola krstovic,ATALANTA,Serie A,1.1666666666666667,6,shots,shots,ATALANTA,ATALANTA,2,bottom,Nikola Krstovic,Serie A,mid,6,6,0,0,0.3333333333333333,-0.4192460317460318,,,-0.4630952380952381,0.9298722641811591,,,,,False,False,Nikola Krstovic,Nikola Krstovic,ATALANTA,CAGLIARI,shots,3.5,1.0,Elite,0.0,1.2,nikola krstovic,True,False
Nikola Krstovic,nikola krstovic,ATALANTA,Serie A,1.1666666666666667,6,shots,shots,ATALANTA,ATALANTA,2,bottom,Nikola Krstovic,Serie A,mid,6,6,0,0,0.3333333333333333,-0.4192460317460318,,,-0.4630952380952381,0.9298722641811591,,,,,False,False,Nikola Krstovic,Nikola Krstovic,ATALANTA,CAGLIARI,shots,2.5,1.0,Elite,0.2,1.2,nikola krstovic,True,False
Nikola Krstovic,nikola krstovic,ATALANTA,Serie A,1.1666666666666667,6,shots,shots,ATALANTA,ATALANTA,1,top,Nikola Krstovic,Serie A,mid,6,6,0,0,0.3333333333333333,-0.4192460317460318,,,-0.4630952380952381,0.9298722641811591,,,,,False,False,Nikola Krstovic,Nikola Krstovic,ATALANTA,CAGLIARI,shots,10.5,1.0,Elite,0.0,1.2,nikola krstovic,True,False
Nikola Krstovic,nikola krstovic,ATALANTA,Serie A,1.1666666666666667,6,shots,shots,ATALANTA,ATALANTA,1,top,Nikola Krstovic,Serie A,mid,6,6,0,0,0.3333333333333333,-0.4192460317460318,,,-0.4630952380952381,0.9298722641811591,,,,,False,False,Nikola Krstovic,Nikola Krstovic,ATALANTA,CAGLIARI,shots,4.5,1.0,Elite,0.0,1.2,nikola krstovic,True,False
Nikola Krstovic,nikola krstovic,ATALANTA,Serie A,1.1666666666666667,6,shots,shots,ATALANTA,ATALANTA,1,top,Nikola Krstovic,Serie A,mid,6,6,0,0,0.3333333333333333,-0.4192460317460318,,,-0.4630952380952381,0.9298722641811591,,,,,False,False,Nikola Krstovic,Nikola Krstovic,ATALANTA,CAGLIARI,shots,3.5,1.0,Elite,0.0,1.2,nikola krstovic,True,False
Nikola Krstovic,nikola krstovic,ATALANTA,Serie A,1.1666666666666667,6,shots,shots,ATALANTA,ATALANTA,1,top,Nikola Krstovic,Serie A,mid,6,6,0,0,0.3333333333333333,-0.4192460317460318,,,-0.4630952380952381,0.9298722641811591,,,,,False,False,Nikola Krstovic,Nikola Krstovic,ATALANTA,CAGLIARI,shots,2.5,1.0,Elite,0.2,1.2,nikola krstovic,True,False
Marco Carnesecchi,marco carnesecchi,ATALANTA,Serie A,0.0,6,shots,shots,ATALANTA,ATALANTA,2,top,Marco Carnesecchi,Serie A,mid,6,6,0,0,0.0,0.0,,,0.0,,,,,,False,False,Marco Carnesecchi,,,,,,,,,,,True,False
Marco Carnesecchi,marco carnesecchi,ATALANTA,Serie A,0.0,6,shots_on_target,shots_on_target,ATALANTA,ATALANTA,1,bottom,Marco Carnesecchi,Serie A,mid,6,6,0,0,0.0,0.0,,,0.0,,,,,,False,False,Marco Carnesecchi,,,,,,,,,,,True,False
Nikola Krstovic,nikola krstovic,ATALANTA,Serie A,0.6666666666666666,6,shots_on_target,shots_on_target,ATALANTA,ATALANTA,2,bottom,Nikola Krstovic,Serie A,mid,6,6,0,0,0.3333333333333333,-0.24563492063492065,,,-0.05476190476190472,0.9913640410798992,,,,,False,False,Nikola Krstovic,Nikola Krstovic,ATALANTA,CAGLIARI,shots_on_target,3.5,1.0,Elite,0.0,0.4,nikola krstovic,True,False
Nikola Krstovic,nikola krstovic,ATALANTA,Serie A,0.6666666666666666,6,shots_on_target,shots_on_target,ATALANTA,ATALANTA,2,bottom,Nikola Krstovic,Serie A,mid,6,6,0,0,0.3333333333333333,-0.24563492063492065,,,-0.05476190476190472,0.9913640410798992,,,,,False,False,Nikola Krstovic,Nikola Krstovic,ATALANTA,CAGLIARI,shots_on_target,2.5,1.0,Elite,0.0,0.4,nikola krstovic,True,False
Nikola Krstovic,nikola krstovic,ATALANTA,Serie A,0.6666666666666666,6,shots_on_target,shots_on_target,ATALANTA,ATALANTA,2,bottom,Nikola Krstovic,Serie A,mid,6,6,0,0,0.3333333333333333,-0.24563492063492065,,,-0.05476190476190472,0.9913640410798992,,,,,False,False,Nikola Krstovic,Nikola Krstovic,ATALANTA,CAGLIARI,shots_on_target,0.5,1.0,Elite,0.2,0.4,nikola krstovic,True,False
Nikola Krstovic,nikola krstovic,ATALANTA,Serie A,0.6666666666666666,6,shots_on_target,shots_on_target,ATALANTA,ATALANTA,1,top,Nikola Krstovic,Serie A,mid,6,6,0,0,0.3333333333333333,-0.24563492063492065,,,-0.05476190476190472,0.9913640410798992,,,,,False,False,Nikola Krstovic,Nikola Krstovic,ATALANTA,CAGLIARI,shots_on_target,3.5,1.0,Elite,0.0,0.4,nikola krstovic,True,False
Nikola Krstovic,nikola krstovic,ATALANTA,Serie A,0.6666666666666666,6,shots_on_target,shots_on_target,ATALANTA,ATALANTA,1,top,Nikola Krstovic,Serie A,mid,6,6,0,0,0.3333333333333333,-0.24563492063492065,,,-0.05476190476190472,0.9913640410798992,,,,,False,False,Nikola Krstovic,Nikola Krstovic,ATALANTA,CAGLIARI,shots_on_target,2.5,1.0,Elite,0.0,0.4,nikola krstovic,True,False
Nikola Krstovic,nikola krstovic,ATALANTA,Serie A,0.6666666666666666,6,shots_on_target,shots_on_target,ATALANTA,ATALANTA,1,top,Nikola Krstovic,Serie A,mid,6,6,0,0,0.3333333333333333,-0.24563492063492065,,,-0.05476190476190472,0.9913640410798992,,,,,False,False,Nikola Krstovic,Nikola Krstovic,ATALANTA,CAGLIARI,shots_on_target,0.5,1.0,Elite,0.2,0.4,nikola krstovic,True,False
Marco Carnesecchi,marco carnesecchi,ATALANTA,Serie A,0.0,6,shots_on_target,shots_on_target,ATALANTA,ATALANTA,2,top,Marco Carnesecchi,Serie A,mid,6,6,0,0,0.0,0.0,,,0.0,,,,,,False,False,Marco Carnesecchi,,,,,,,,,,,True,False
Adrian Gill,adrian gill,ATLANTA UNITED,MLS,0.0,5,assists,assists,ATLANTA UNITED,ATLANTA UNITED,1,bottom,Adrian Gill,MLS,weak,2,2,0,2,0.0,0.0,,0.0,,,0.0,,,,False,False,Adrian Gill,,,,,,,,,,,True,False
Enea Mihaj,enea mihaj,ATLANTA UNITED,MLS,0.0,5,assists,assists,ATLANTA UNITED,ATLANTA UNITED,2,bottom,Enea Mihaj,MLS,weak,2,2,0,2,0.0,0.0,,0.0,,,0.0,,,,False,False,Enea Mihaj,,,,,,,,,,,True,False
Fafà Picault,fafa picault,ATLANTA UNITED,MLS,0.0,5,assists,assists,ATLANTA UNITED,ATLANTA UNITED,3,bottom,Fafà Picault,MLS,weak,2,2,0,2,0.0,0.0,,0.0,,,0.0,,,,False,False,Fafà Picault,,,,,,,,,,,True,False
Alexey Miranchuk,alexey miranchuk,ATLANTA UNITED,MLS,0.2,5,assists,assists,ATLANTA UNITED,ATLANTA UNITED,1,top,Alexey Miranchuk,MLS,weak,2,2,0,2,0.0,-0.29166666666666663,,-0.29166666666666663,,,0.0,,,,False,False,Alexey Miranchuk,,,,,,,,,,,True,False
Miguel Almirón,miguel almiron,ATLANTA UNITED,MLS,0.2,5,assists,assists,ATLANTA UNITED,ATLANTA UNITED,2,top,Miguel Almirón,MLS,weak,2,2,0,2,0.0,-0.29166666666666663,,-0.29166666666666663,,,0.0,,,,False,False,Miguel Almirón,,,,,,,,,,,True,False
Adrian Gill,adrian gill,ATLANTA UNITED,MLS,0.0,5,assists,assists,ATLANTA UNITED,ATLANTA UNITED,3,top,Adrian Gill,MLS,weak,2,2,0,2,0.0,0.0,,0.0,,,0.0,,,,False,False,Adrian Gill,,,,,,,,,,,True,False
Adrian Gill,adrian gill,ATLANTA UNITED,MLS,0.0,5,goals,goals,ATLANTA UNITED,ATLANTA UNITED,1,bottom,Adrian Gill,MLS,weak,2,2,0,2,0.0,0.0,,0.0,,,0.0,,,,False,False,Adrian Gill,,,,,,,,,,,True,False
Alexey Miranchuk,alexey miranchuk,ATLANTA UNITED,MLS,0.0,5,goals,goals,ATLANTA UNITED,ATLANTA UNITED,2,bottom,Alexey Miranchuk,MLS,weak,2,2,0,2,0.0,0.0,,0.0,,,0.0,,,,False,False,Alexey Miranchuk,,,,,,,,,,,True,False
Enea Mihaj,enea mihaj,ATLANTA UNITED,MLS,0.0,5,goals,goals,ATLANTA UNITED,ATLANTA UNITED,3,bottom,Enea Mihaj,MLS,weak,2,2,0,2,0.0,0.0,,0.0,,,0.0,,,,False,False,Enea Mihaj,,,,,,,,,,,True,False
Tomás Jacob,tomas jacob,ATLANTA UNITED,MLS,0.4,5,goals,goals,ATLANTA UNITED,ATLANTA UNITED,1,top,Tomás Jacob,MLS,weak,2,2,0,2,0.0,-0.5833333333333333,,-0.5833333333333333,,,0.0,,,,False,False,Tomás Jacob,,,,,,,,,,,True,False
Fafà Picault,fafa picault,ATLANTA UNITED,MLS,0.2,5,goals,goals,ATLANTA UNITED,ATLANTA UNITED,2,top,Fafà Picault,MLS,weak,2,2,0,2,0.0,-0.29166666666666663,,-0.29166666666666663,,,0.0,,,,False,False,Fafà Picault,,,,,,,,,,,True,False
Miguel Almirón,miguel almiron,ATLANTA UNITED,MLS,0.2,5,goals,goals,ATLANTA UNITED,ATLANTA UNITED,3,top,Miguel Almirón,MLS,weak,2,2,0,2,0.5,0.375,,0.375,,,0.5,,,,False,False,Miguel Almirón,,,,,,,,,,,True,False
Jayden Hibbert,jayden hibbert,ATLANTA UNITED,MLS,0.0,5,saves,saves,ATLANTA UNITED,ATLANTA UNITED,1,bottom,Jayden Hibbert,MLS,weak,2,2,0,2,0.0,0.0,,0.0,,,0.0,,,,False,False,Jayden Hibbert,,,,,,,,,,,True,False
Lucas Hoyos,lucas hoyos,ATLANTA UNITED,MLS,2.2,5,saves,saves,ATLANTA UNITED,ATLANTA UNITED,2,bottom,Lucas Hoyos,MLS,weak,2,2,0,2,0.5,0.625,,0.625,,,0.5,,,,False,False,Lucas Hoyos,,,,,,,,,,,True,False
Lucas Hoyos,lucas hoyos,ATLANTA UNITED,MLS,2.2,5,saves,saves,ATLANTA UNITED,ATLANTA UNITED,1,top,Lucas Hoyos,MLS,weak,2,2,0,2,0.5,0.625,,0.625,,,0.5,,,,False,False,Lucas Hoyos,,,,,,,,,,,True,False
Jayden Hibbert,jayden hibbert,ATLANTA UNITED,MLS,0.0,5,saves,saves,ATLANTA UNITED,ATLANTA UNITED,2,top,Jayden Hibbert,MLS,weak,2,2,0,2,0.0,0.0,,0.0,,,0.0,,,,False,False,Jayden Hibbert,,,,,,,,,,,True,False
Jayden Hibbert,jayden hibbert,ATLANTA UNITED,MLS,0.0,5,shots,shots,ATLANTA UNITED,ATLANTA UNITED,1,bottom,Jayden Hibbert,MLS,weak,2,2,0,2,0.0,0.0,,0.0,,,0.0,,,,False,False,Jayden Hibbert,,,,,,,,,,,True,False
Lucas Hoyos,lucas hoyos,ATLANTA UNITED,MLS,0.0,5,shots,shots,ATLANTA UNITED,ATLANTA UNITED,2,bottom,Lucas Hoyos,MLS,weak,2,2,0,2,0.0,0.0,,0.0,,,0.0,,,,False,False,Lucas Hoyos,,,,,,,,,,,True,False
Adrian Gill,adrian gill,ATLANTA UNITED,MLS,0.2,5,shots,shots,ATLANTA UNITED,ATLANTA UNITED,3,bottom,Adrian Gill,MLS,weak,2,2,0,2,0.0,-0.29166666666666663,,-0.29166666666666663,,,0.0,,,,False,False,Adrian Gill,,,,,,,,,,,True,False
Miguel Almirón,miguel almiron,ATLANTA UNITED,MLS,1.8,5,shots,shots,ATLANTA UNITED,ATLANTA UNITED,1,top,Miguel Almirón,MLS,weak,2,2,0,2,0.5,0.16666666666666663,,0.16666666666666663,,,0.5,,,,False,False,Miguel Almirón,,,,,,,,,,,True,False
Tristan Muyumba,tristan muyumba,ATLANTA UNITED,MLS,1.8,5,shots,shots,ATLANTA UNITED,ATLANTA UNITED,2,top,Tristan Muyumba,MLS,weak,2,2,0,2,0.0,-0.5,,-0.5,,,0.0,,,,False,False,Tristan Muyumba,,,,,,,,,,,True,False
Alexey Miranchuk,alexey miranchuk,ATLANTA UNITED,MLS,1.6,5,shots,shots,ATLANTA UNITED,ATLANTA UNITED,3,top,Alexey Miranchuk,MLS,weak,2,2,0,2,0.5,-0.33333333333333337,,-0.33333333333333337,,,0.5,,,,False,False,Alexey Miranchuk,,,,,,,,,,,True,False
Alexey Miranchuk,alexey miranchuk,ATLANTA UNITED,MLS,0.0,5,shots_on_target,shots_on_target,ATLANTA UNITED,ATLANTA UNITED,1,bottom,Alexey Miranchuk,MLS,weak,2,2,0,2,0.0,0.0,,0.0,,,0.0,,,,False,False,Alexey Miranchuk,,,,,,,,,,,True,False
Enea Mihaj,enea mihaj,ATLANTA UNITED,MLS,0.0,5,shots_on_target,shots_on_target,ATLANTA UNITED,ATLANTA UNITED,2,bottom,Enea Mihaj,MLS,weak,2,2,0,2,0.0,0.0,,0.0,,,0.0,,,,False,False,Enea Mihaj,,,,,,,,,,,True,False
Jayden Hibbert,jayden hibbert,ATLANTA UNITED,MLS,0.0,5,shots_on_target,shots_on_target,ATLANTA UNITED,ATLANTA UNITED,3,bottom,Jayden Hibbert,MLS,weak,2,2,0,2,0.0,0.0,,0.0,,,0.0,,,,False,False,Jayden Hibbert,,,,,,,,,,,True,False
Miguel Almirón,miguel almiron,ATLANTA UNITED,MLS,0.8,5,shots_on_target,shots_on_target,ATLANTA UNITED,ATLANTA UNITED,1,top,Miguel Almirón,MLS,weak,2,2,0,2,0.5,0.16666666666666674,,0.16666666666666674,,,0.5,,,,False,False,Miguel Almirón,,,,,,,,,,,True,False
Tristan Muyumba,tristan muyumba,ATLANTA UNITED,MLS,0.6,5,shots_on_target,shots_on_target,ATLANTA UNITED,ATLANTA UNITED,2,top,Tristan Muyumba,MLS,weak,2,2,0,2,0.5,-0.20833333333333331,,-0.20833333333333331,,,0.5,,,,False,False,Tristan Muyumba,,,,,,,,,,,True,False
Tomás Jacob,tomas jacob,ATLANTA UNITED,MLS,0.4,5,shots_on_target,shots_on_target,ATLANTA UNITED,ATLANTA UNITED,3,top,Tomás Jacob,MLS,weak,2,2,0,2,0.0,-0.5833333333333333,,-0.5833333333333333,,,0.0,,,,False,False,Tomás Jacob,,,,,,,,,,,True,False
Besard Sabovic,besard sabovic,AUSTIN,MLS,0.0,5,assists,assists,AUSTIN,AUSTIN,1,bottom,Besard Sabovic,MLS,elite,2,2,1,0,0.0,0.0,0.0,,0.0,,,0.0,,,False,False,Besard Sabovic,,,,,,,,,,,True,False
Brad Stuver,brad stuver,AUSTIN,MLS,0.0,5,assists,assists,AUSTIN,AUSTIN,2,bottom,Brad Stuver,MLS,elite,2,2,1,0,0.0,0.0,0.0,,0.0,,,0.0,,,False,False,Brad Stuver,,,,,,,,,,,True,False
Brendan Hines-Ike,brendan hines-ike,AUSTIN,MLS,0.0,5,assists,assists,AUSTIN,AUSTIN,3,bottom,Brendan Hines-Ike,MLS,elite,2,2,1,0,0.0,0.0,0.0,,0.0,,,0.0,,,False,False,Brendan Hines-Ike,,,,,,,,,,,True,False
Zan Kolmanic,zan kolmanic,AUSTIN,MLS,0.4,5,assists,assists,AUSTIN,AUSTIN,1,top,Zan Kolmanic,MLS,elite,2,2,1,0,0.5,0.20833333333333334,0.75,,-0.3333333333333333,,,1.0,,,False,False,Zan Kolmanic,,,,,,,,,,,True,False
Brandon Vázquez,brandon vazquez,AUSTIN,MLS,0.2,5,assists,assists,AUSTIN,AUSTIN,2,top,Brandon Vázquez,MLS,elite,2,2,1,0,0.0,-0.29166666666666663,-0.25,,-0.3333333333333333,,,0.0,,,False,False,Brandon Vázquez,,,,,,,,,,,True,False
Besard Sabovic,besard sabovic,AUSTIN,MLS,0.0,5,assists,assists,AUSTIN,AUSTIN,3,top,Besard Sabovic,MLS,elite,2,2,1,0,0.0,0.0,0.0,,0.0,,,0.0,,,False,False,Besard Sabovic,,,,,,,,,,,True,False
Besard Sabovic,besard sabovic,AUSTIN,MLS,0.0,5,goals,goals,AUSTIN,AUSTIN,1,bottom,Besard Sabovic,MLS,elite,2,2,1,0,0.0,0.0,0.0,,0.0,,,0.0,,,False,False,Besard Sabovic,,,,,,,,,,,True,False
Brad Stuver,brad stuver,AUSTIN,MLS,0.0,5,goals,goals,AUSTIN,AUSTIN,2,bottom,Brad Stuver,MLS,elite,2,2,1,0,0.0,0.0,0.0,,0.0,,,0.0,,,False,False,Brad Stuver,,,,,,,,,,,True,False
Brandon Vázquez,brandon vazquez,AUSTIN,MLS,0.0,5,goals,goals,AUSTIN,AUSTIN,3,bottom,Brandon Vázquez,MLS,elite,2,2,1,0,0.0,0.0,0.0,,0.0,,,0.0,,,False,False,Brandon Vázquez,,,,,,,,,,,True,False
Facundo Torres,facundo torres,AUSTIN,MLS,0.6,5,goals,goals,AUSTIN,AUSTIN,1,top,Facundo Torres,MLS,elite,2,2,1,0,0.5,-0.08333333333333331,0.5,,-0.6666666666666666,,,1.0,,,False,False,Facundo Torres,,,,,,,,,,,True,False
Guilherme Biro,guilherme biro,AUSTIN,MLS,0.4,5,goals,goals,AUSTIN,AUSTIN,2,top,Guilherme Biro,MLS,elite,2,2,1,0,0.5,0.08333333333333337,-0.5,,0.6666666666666667,,,0.0,,,False,False,Guilherme Biro,,,,,,,,,,,True,False
Brendan Hines-Ike,brendan hines-ike,AUSTIN,MLS,0.2,5,goals,goals,AUSTIN,AUSTIN,3,top,Brendan Hines-Ike,MLS,elite,2,2,1,0,0.0,-0.29166666666666663,-0.25,,-0.3333333333333333,,,0.0,,,False,False,Brendan Hines-Ike,,,,,,,,,,,True,False
Damian Las,damian las,AUSTIN,MLS,1.2,5,saves,saves,AUSTIN,AUSTIN,1,bottom,Damian Las,MLS,elite,2,2,1,0,0.0,-1.75,-1.5,,-2.0,,,0.0,,,False,False,Damian Las,,,,,,,,,,,True,False
Brad Stuver,brad stuver,AUSTIN,MLS,2.2,5,saves,saves,AUSTIN,AUSTIN,2,bottom,Brad Stuver,MLS,elite,2,2,1,0,0.5,0.625,2.25,,-1.0,,,1.0,,,False,False,Brad Stuver,,,,,,,,,,,True,False
Brad Stuver,brad stuver,AUSTIN,MLS,2.2,5,saves,saves,AUSTIN,AUSTIN,1,top,Brad Stuver,MLS,elite,2,2,1,0,0.5,0.625,2.25,,-1.0,,,1.0,,,False,False,Brad Stuver,,,,,,,,,,,True,False
Damian Las,damian las,AUSTIN,MLS,1.2,5,saves,saves,AUSTIN,AUSTIN,2,top,Damian Las,MLS,elite,2,2,1,0,0.0,-1.75,-1.5,,-2.0,,,0.0,,,False,False,Damian Las,,,,,,,,,,,True,False
Brad Stuver,brad stuver,AUSTIN,MLS,0.0,5,shots,shots,AUSTIN,AUSTIN,1,bottom,Brad Stuver,MLS,elite,2,2,1,0,0.0,0.0,0.0,,0.0,,,0.0,,,False,False,Brad Stuver,,,,,,,,,,,True,False
Damian Las,damian las,AUSTIN,MLS,0.0,5,shots,shots,AUSTIN,AUSTIN,2,bottom,Damian Las,MLS,elite,2,2,1,0,0.0,0.0,0.0,,0.0,,,0.0,,,False,False,Damian Las,,,,,,,,,,,True,False
Ilie Sánchez,ilie sanchez,AUSTIN,MLS,0.0,5,shots,shots,AUSTIN,AUSTIN,3,bottom,Ilie Sánchez,MLS,elite,2,2,1,0,0.0,0.0,0.0,,0.0,,,0.0,,,False,False,Ilie Sánchez,,,,,,,,,,,True,False
Brandon Vázquez,brandon vazquez,AUSTIN,MLS,2.0,5,shots,shots,AUSTIN,AUSTIN,1,top,Brandon Vázquez,MLS,elite,2,2,1,0,0.5,2.0,0.0,,4.0,,,0.0,,,False,False,Brandon Vázquez,,,,,,,,,,,True,False
Facundo Torres,facundo torres,AUSTIN,MLS,1.8,5,shots,shots,AUSTIN,AUSTIN,2,top,Facundo Torres,MLS,elite,2,2,1,0,1.0,0.9583333333333334,0.25,,1.6666666666666667,,,1.0,,,False,False,Facundo Torres,,,,,,,,,,,True,False
Guilherme Biro,guilherme biro,AUSTIN,MLS,1.2,5,shots,shots,AUSTIN,AUSTIN,3,top,Guilherme Biro,MLS,elite,2,2,1,0,0.5,0.9166666666666667,-1.5,,3.3333333333333335,,,0.0,,,False,False,Guilherme Biro,,,,,,,,,,,True,False
Besard Sabovic,besard sabovic,AUSTIN,MLS,0.0,5,shots_on_target,shots_on_target,AUSTIN,AUSTIN,1,bottom,Besard Sabovic,MLS,elite,2,2,1,0,0.0,0.0,0.0,,0.0,,,0.0,,,False,False,Besard Sabovic,,,,,,,,,,,True,False
Brad Stuver,brad stuver,AUSTIN,MLS,0.0,5,shots_on_target,shots_on_target,AUSTIN,AUSTIN,2,bottom,Brad Stuver,MLS,elite,2,2,1,0,0.0,0.0,0.0,,0.0,,,0.0,,,False,False,Brad Stuver,,,,,,,,,,,True,False
Damian Las,damian las,AUSTIN,MLS,0.0,5,shots_on_target,shots_on_target,AUSTIN,AUSTIN,3,bottom,Damian Las,MLS,elite,2,2,1,0,0.0,0.0,0.0,,0.0,,,0.0,,,False,False,Damian Las,,,,,,,,,,,True,False
Facundo Torres,facundo torres,AUSTIN,MLS,1.2,5,shots_on_target,shots_on_target,AUSTIN,AUSTIN,1,top,Facundo Torres,MLS,elite,2,2,1,0,0.5,0.375,-0.25,,1.0,,,0.0,,,False,False,Facundo Torres,,,,,,,,,,,True,False
Brandon Vázquez,brandon vazquez,AUSTIN,MLS,0.4,5,shots_on_target,shots_on_target,AUSTIN,AUSTIN,2,top,Brandon Vázquez,MLS,elite,2,2,1,0,0.0,-0.5833333333333333,-0.5,,-0.6666666666666666,,,0.0,,,False,False,Brandon Vázquez,,,,,,,,,,,True,False
Ervin Torres,ervin torres,AUSTIN,MLS,0.4,5,shots_on_target,shots_on_target,AUSTIN,AUSTIN,3,top,Ervin Torres,MLS,elite,2,2,1,0,0.0,-0.5833333333333333,-0.5,,-0.6666666666666666,,,0.0,,,False,False,Ervin Torres,,,,,,,,,,,True,False
Danny Namaso,danny namaso,AUXERRE,Ligue 1,0.0,7,assists,assists,AUXERRE,AUXERRE,1,bottom,Danny Namaso,Ligue 1,elite,4,4,2,0,0.0,0.0,0.0,,0.0,,,0.0,,,False,False,Danny Namaso,,,,,,,,,,,True,False
Josué Casimir,josue casimir,AUXERRE,Ligue 1,0.0,5,assists,assists,AUXERRE,AUXERRE,2,bottom,Josué Casimir,Ligue 1,mid,2,2,0,0,0.0,0.0,,,0.0,,,,,,False,False,Josué Casimir,,,,,,,,,,,True,False
Kévin Danois,kevin danois,AUXERRE,Ligue 1,0.0,8,assists,assists,AUXERRE,AUXERRE,3,bottom,Kévin Danois,Ligue 1,mid,5,5,2,0,0.0,0.0,0.0,,0.0,,,0.0,,,False,False,Kévin Danois,,,,,,,,,,,True,False
Romain Faivre,romain faivre,AUXERRE,Ligue 1,0.3333333333333333,9,assists,assists,AUXERRE,AUXERRE,1,top,Romain Faivre,Ligue 1,mid,6,6,2,0,0.16666666666666666,-0.23465608465608465,-0.3666666666666667,,-0.05820105820105818,0.36007530022369766,,0.0,,,False,True,Romain Faivre,,,,,,,,,,,True,False
Naouirou Ahamada,naouirou ahamada,AUXERRE,Ligue 1,0.14285714285714285,7,assists,assists,AUXERRE,AUXERRE,2,top,Naouirou Ahamada,Ligue 1,elite,4,4,2,0,0.25,0.10178571428571428,0.375,,-0.17142857142857143,,,0.5,,,False,False,Naouirou Ahamada,,,,,,,,,,,True,False
Sinaly Diomandé,sinaly diomande,AUXERRE,Ligue 1,0.125,8,assists,assists,AUXERRE,AUXERRE,3,top,Sinaly Diomandé,Ligue 1,mid,5,5,2,0,0.0,-0.215,-0.225,,-0.20833333333333334,0.11347042117083511,,0.0,,,False,False,Sinaly Diomandé,,,,,,,,,,,True,False
Tidiane Devernois,tidiane devernois,AUXERRE,Ligue 1,1.25,8,passes,passes,AUXERRE,AUXERRE,1,bottom,Tidiane Devernois,Ligue 1,unknown,6,6,1,0,0.5,1.0494047619047617,-2.4285714285714284,,0.4375,,,0.0,,,False,False,Tidiane Devernois,,,,,,,,,,,True,False
Lasso Coulibaly,lasso coulibaly,AUXERRE,Ligue 1,4.25,8,passes,passes,AUXERRE,AUXERRE,2,bottom,Lasso Coulibaly,Ligue 1,elite,5,5,2,0,0.6,-0.7652380952380954,-4.708333333333334,,0.6285714285714286,,,0.0,,,False,True,Lasso Coulibaly,,,,,,,,,,,True,False
Josué Casimir,josue casimir,AUXERRE,Ligue 1,8.6,5,passes,passes,AUXERRE,AUXERRE,3,bottom,Josué Casimir,Ligue 1,mid,2,2,0,0,0.5,2.6666666666666665,,,2.6666666666666665,,,,,,False,False,Josué Casimir,,,,,,,,,,,True,False
Kévin Danois,kevin danois,AUXERRE,Ligue 1,52.125,8,passes,passes,AUXERRE,AUXERRE,1,top,Kévin Danois,Ligue 1,mid,5,5,2,0,0.6,6.222380952380952,0.9250000000000007,,9.753968253968253,0.2649809608146449,,0.5,,,False,False,Kévin Danois,,,,,,,,,,,True,False
Sinaly Diomandé,sinaly diomande,AUXERRE,Ligue 1,43.0,8,passes,passes,AUXERRE,AUXERRE,2,top,Sinaly Diomandé,Ligue 1,mid,5,5,2,0,0.6,5.2128571428571435,-3.0749999999999993,,10.738095238095239,0.3184070421732332,,0.5,,,False,True,Sinaly Diomandé,,,,,,,,,,,True,False
Naouirou Ahamada,naouirou ahamada,AUXERRE,Ligue 1,28.857142857142858,7,passes,passes,AUXERRE,AUXERRE,3,top,Naouirou Ahamada,Ligue 1,elite,4,4,2,0,0.75,11.3125,3.541666666666666,,19.083333333333336,,,0.5,,,False,False,Naouirou Ahamada,,,,,,,,,,,True,False
Danny Namaso,danny namaso,AUXERRE,Ligue 1,0.0,7,saves,saves,AUXERRE,AUXERRE,1,bottom,Danny Namaso,Ligue 1,elite,4,4,2,0,0.0,0.0,0.0,,0.0,,,0.0,,,False,False,Danny Namaso,,,,,,,,,,,True,False
Josué Casimir,josue casimir,AUXERRE,Ligue 1,0.0,5,saves,saves,AUXERRE,AUXERRE,2,bottom,Josué Casimir,Ligue 1,mid,2,2,0,0,0.0,0.0,,,0.0,,,,,,False,False,Josué Casimir,,,,,,,,,,,True,False
Kévin Danois,kevin danois,AUXERRE,Ligue 1,0.0,8,saves,saves,AUXERRE,AUXERRE,3,bottom,Kévin Danois,Ligue 1,mid,5,5,2,0,0.0,0.0,0.0,,0.0,,,0.0,,,False,False,Kévin Danois,,,,,,,,,,,True,False
Danny Namaso,danny namaso,AUXERRE,Ligue 1,0.0,7,saves,saves,AUXERRE,AUXERRE,1,top,Danny Namaso,Ligue 1,elite,4,4,2,0,0.0,0.0,0.0,,0.0,,,0.0,,,False,False,Danny Namaso,,,,,,,,,,,True,False
Josué Casimir,josue casimir,AUXERRE,Ligue 1,0.0,5,saves,saves,AUXERRE,AUXERRE,2,top,Josué Casimir,Ligue 1,mid,2,2,0,0,0.0,0.0,,,0.0,,,,,,False,False,Josué Casimir,,,,,,,,,,,True,False
Kévin Danois,kevin danois,AUXERRE,Ligue 1,0.0,8,saves,saves,AUXERRE,AUXERRE,3,top,Kévin Danois,Ligue 1,mid,5,5,2,0,0.0,0.0,0.0,,0.0,,,0.0,,,False,False,Kévin Danois,,,,,,,,,,,True,False
Tidiane Devernois,tidiane devernois,AUXERRE,Ligue 1,0.0,8,shots,shots,AUXERRE,AUXERRE,1,bottom,Tidiane Devernois,Ligue 1,unknown,6,6,1,0,0.0,0.0,0.0,,0.0,,,0.0,,,False,False,Tidiane Devernois,,,,,,,,,,,True,False
Lasso Coulibaly,lasso coulibaly,AUXERRE,Ligue 1,0.125,8,shots,shots,AUXERRE,AUXERRE,2,bottom,Lasso Coulibaly,Ligue 1,elite,5,5,2,0,0.0,-0.21857142857142856,-0.20833333333333331,,-0.17142857142857143,,,0.0,,,False,False,Lasso Coulibaly,,,,,,,,,,,True,False
Naouirou Ahamada,naouirou ahamada,AUXERRE,Ligue 1,0.42857142857142855,7,shots,shots,AUXERRE,AUXERRE,3,bottom,Naouirou Ahamada,Ligue 1,elite,4,4,2,0,0.5,0.11130952380952382,0.20833333333333334,,0.01428571428571429,,,0.5,,,False,False,Naouirou Ahamada,,,,,,,,,,,True,False
Romain Faivre,romain faivre,AUXERRE,Ligue 1,1.3333333333333333,9,shots,shots,AUXERRE,AUXERRE,1,top,Romain Faivre,Ligue 1,mid,6,6,2,0,0.3333333333333333,0.15145502645502648,1.0,,0.05291005291005287,-0.5051225250066677,,0.5,,,False,False,Romain Faivre,,,,,,,,,,,True,False
Danny Namaso,danny namaso,AUXERRE,Ligue 1,1.2857142857142858,7,shots,shots,AUXERRE,AUXERRE,2,top,Danny Namaso,Ligue 1,elite,4,4,2,0,0.5,-0.11547619047619045,-0.41666666666666663,,0.18571428571428572,,,0.5,,,False,True,Danny Namaso,,,,,,,,,,,True,False
Kévin Danois,kevin danois,AUXERRE,Ligue 1,1.25,8,shots,shots,AUXERRE,AUXERRE,3,top,Kévin Danois,Ligue 1,mid,5,5,2,0,0.8,0.9133333333333334,0.45,,1.2222222222222225,0.3096882279113464,,1.0,,,False,False,Kévin Danois,,,,,,,,,,,True,False
Lasso Coulibaly,lasso coulibaly,AUXERRE,Ligue 1,0.0,8,shots_on_target,shots_on_target,AUXERRE,AUXERRE,1,bottom,Lasso Coulibaly,Ligue 1,elite,5,5,2,0,0.0,0.0,0.0,,0.0,,,0.0,,,False,False,Lasso Coulibaly,,,,,,,,,,,True,False
Tidiane Devernois,tidiane devernois,AUXERRE,Ligue 1,0.0,8,shots_on_target,shots_on_target,AUXERRE,AUXERRE,2,bottom,Tidiane Devernois,Ligue 1,unknown,6,6,1,0,0.0,0.0,0.0,,0.0,,,0.0,,,False,False,Tidiane Devernois,,,,,,,,,,,True,False
Josué Casimir,josue casimir,AUXERRE,Ligue 1,0.2,5,shots_on_target,shots_on_target,AUXERRE,AUXERRE,3,bottom,Josué Casimir,Ligue 1,mid,2,2,0,0,0.0,-0.26666666666666666,,,-0.26666666666666666,,,,,,False,False,Josué Casimir,,,,,,,,,,,True,False
Romain Faivre,romain faivre,AUXERRE,Ligue 1,0.4444444444444444,9,shots_on_target,shots_on_target,AUXERRE,AUXERRE,1,top,Romain Faivre,Ligue 1,mid,6,6,2,0,0.3333333333333333,-0.2130952380952381,-0.55,,0.19047619047619055,0.6974469102367596,,0.0,,,False,True,Romain Faivre,,,,,,,,,,,True,False
Danny Namaso,danny namaso,AUXERRE,Ligue 1,0.42857142857142855,7,shots_on_target,shots_on_target,AUXERRE,AUXERRE,2,top,Danny Namaso,Ligue 1,elite,4,4,2,0,0.75,0.5303571428571429,0.375,,0.6857142857142857,,,0.5,,,False,False,Danny Namaso,,,,,,,,,,,True,False
Kévin Danois,kevin danois,AUXERRE,Ligue 1,0.375,8,shots_on_target,shots_on_target,AUXERRE,AUXERRE,3,top,Kévin Danois,Ligue 1,mid,5,5,2,0,0.4,0.03666666666666668,0.175,,-0.055555555555555525,-0.20476419771932894,,0.5,,,False,False,Kévin Danois,,,,,,,,,,,True,False
Tidiane Devernois,tidiane devernois,AUXERRE,Ligue 1,0.0,8,tackles,tackles,AUXERRE,AUXERRE,1,bottom,Tidiane Devernois,Ligue 1,unknown,6,6,1,0,0.0,0.0,0.0,,0.0,,,0.0,,,False,False,Tidiane Devernois,,,,,,,,,,,True,False
Lasso Coulibaly,lasso coulibaly,AUXERRE,Ligue 1,0.125,8,tackles,tackles,AUXERRE,AUXERRE,2,bottom,Lasso Coulibaly,Ligue 1,elite,5,5,2,0,0.2,0.2,0.0,,0.5,,,0.0,,,False,False,Lasso Coulibaly,,,,,,,,,,,True,False
Josué Casimir,josue casimir,AUXERRE,Ligue 1,0.4,5,tackles,tackles,AUXERRE,AUXERRE,3,bottom,Josué Casimir,Ligue 1,mid,2,2,0,0,1.0,0.875,,,0.875,,,,,,False,False,Josué Casimir,,,,,,,,,,,True,False
Kévin Danois,kevin danois,AUXERRE,Ligue 1,3.375,8,tackles,tackles,AUXERRE,AUXERRE,1,top,Kévin Danois,Ligue 1,mid,5,5,2,0,0.4,-0.10857142857142854,0.8,,-0.7142857142857143,-0.409130332738013,,0.5,,,False,False,Kévin Danois,,,,,,,,,,,True,False
Sinaly Diomandé,sinaly diomande,AUXERRE,Ligue 1,1.625,8,tackles,tackles,AUXERRE,AUXERRE,2,top,Sinaly Diomandé,Ligue 1,mid,5,5,2,0,0.4,-0.31761904761904763,-0.17500000000000004,,-0.41269841269841273,-0.19163574430538918,,0.5,,,False,False,Sinaly Diomandé,,,,,,,,,,,True,False
Danny Namaso,danny namaso,AUXERRE,Ligue 1,1.5714285714285714,7,tackles,tackles,AUXERRE,AUXERRE,3,top,Danny Namaso,Ligue 1,elite,4,4,2,0,0.5,0.4958333333333333,1.125,,-0.13333333333333341,,,0.5,,,False,False,Danny Namaso,,,,,,,,,,,True,False
Bright Osayi-Samuel,bright osayi-samuel,BIRMINGHAM,Championship,0.0,6,assists,assists,BIRMINGHAM,BIRMINGHAM,1,bottom,Bright Osayi-Samuel,Championship,elite,4,4,1,1,0.0,0.0,0.0,0.0,0.0,,0.0,0.0,0.0,0.0,False,False,Bright Osayi-Samuel,,,,,,,,,,,True,False
Carlos Vicente,carlos vicente,BIRMINGHAM,Championship,0.0,6,assists,assists,BIRMINGHAM,BIRMINGHAM,2,bottom,Carlos Vicente,Championship,elite,4,4,1,1,0.0,-0.18988095238095237,-0.25,-0.14285714285714285,-0.2,,0.0,0.0,0.10714285714285715,0.10714285714285715,False,False,Carlos Vicente,,,,,,,,,,,True,False
Christoph Klarer,christoph klarer,BIRMINGHAM,Championship,0.0,6,assists,assists,BIRMINGHAM,BIRMINGHAM,3,bottom,Christoph Klarer,Championship,elite,4,4,1,1,0.0,0.0,0.0,0.0,0.0,,0.0,0.0,0.0,0.0,False,False,Christoph Klarer,,,,,,,,,,,True,False
Patrick Roberts,patrick roberts,BIRMINGHAM,Championship,0.4,5,assists,assists,BIRMINGHAM,BIRMINGHAM,1,top,Patrick Roberts,Championship,elite,3,3,1,0,0.6666666666666666,0.6111111111111112,0.0,,1.0,,,0.0,,,False,False,Patrick Roberts,,,,,,,,,,,True,False
Alex Cochrane,alex cochrane,BIRMINGHAM,Championship,0.16666666666666666,6,assists,assists,BIRMINGHAM,BIRMINGHAM,2,top,Alex Cochrane,Championship,elite,4,4,1,1,0.25,0.12261904761904764,1.0,-0.14285714285714285,-0.2,,0.0,1.0,-1.1428571428571428,-1.1428571428571428,False,False,Alex Cochrane,,,,,,,,,,,True,False
August Priske,august priske,BIRMINGHAM,Championship,0.16666666666666666,6,assists,assists,BIRMINGHAM,BIRMINGHAM,3,top,August Priske,Championship,elite,4,4,1,1,0.25,0.12261904761904764,1.0,-0.14285714285714285,-0.2,,0.0,1.0,-1.1428571428571428,-1.1428571428571428,False,False,August Priske,,,,,,,,,,,True,False
Alex Cochrane,alex cochrane,BIRMINGHAM,Championship,0.0,6,goals,goals,BIRMINGHAM,BIRMINGHAM,1,bottom,Alex Cochrane,Championship,elite,4,4,1,1,0.0,0.0,0.0,0.0,0.0,,0.0,0.0,0.0,0.0,False,False,Alex Cochrane,,,,,,,,,,,True,False
Bright Osayi-Samuel,bright osayi-samuel,BIRMINGHAM,Championship,0.0,6,goals,goals,BIRMINGHAM,BIRMINGHAM,2,bottom,Bright Osayi-Samuel,Championship,elite,4,4,1,1,0.0,0.0,0.0,0.0,0.0,,0.0,0.0,0.0,0.0,False,False,Bright Osayi-Samuel,,,,,,,,,,,True,False
Christoph Klarer,christoph klarer,BIRMINGHAM,Championship,0.0,6,goals,goals,BIRMINGHAM,BIRMINGHAM,3,bottom,Christoph Klarer,Championship,elite,4,4,1,1,0.0,0.0,0.0,0.0,0.0,,0.0,0.0,0.0,0.0,False,False,Christoph Klarer,,,,,,,,,,,True,False
Phil Neumann,phil neumann,BIRMINGHAM,Championship,0.3333333333333333,6,goals,goals,BIRMINGHAM,BIRMINGHAM,1,top,Phil Neumann,Championship,elite,4,4,1,1,0.25,0.24523809523809528,2.0,-0.2857142857142857,-0.4,,0.0,1.0,-2.2857142857142856,-2.2857142857142856,False,False,Phil Neumann,,,,,,,,,,,True,False
Demarai Gray,demarai gray,BIRMINGHAM,Championship,0.2,5,goals,goals,BIRMINGHAM,BIRMINGHAM,2,top,Demarai Gray,Championship,elite,3,3,1,0,0.0,-0.41111111111111115,-0.5,,-0.4,,,0.0,,,False,False,Demarai Gray,,,,,,,,,,,True,False
August Priske,august priske,BIRMINGHAM,Championship,0.16666666666666666,6,goals,goals,BIRMINGHAM,BIRMINGHAM,3,top,August Priske,Championship,elite,4,4,1,1,0.25,-0.017261904761904742,-0.25,-0.2857142857142857,0.8,,0.0,0.0,-0.0357142857142857,-0.0357142857142857,False,False,August Priske,,,,,,,,,,,True,False
Ryan Allsop,ryan allsop,BIRMINGHAM,Championship,0.0,6,saves,saves,BIRMINGHAM,BIRMINGHAM,1,bottom,Ryan Allsop,Championship,elite,4,4,1,1,0.0,-0.37976190476190474,-0.5,-0.2857142857142857,-0.4,,0.0,0.0,0.2142857142857143,0.2142857142857143,False,False,Ryan Allsop,,,,,,,,,,,True,False
James Beadle,james beadle,BIRMINGHAM,Championship,2.8333333333333335,6,saves,saves,BIRMINGHAM,BIRMINGHAM,2,bottom,James Beadle,Championship,elite,4,4,1,1,0.75,0.9851190476190477,1.25,1.8571428571428572,1.0,,1.0,1.0,0.6071428571428572,0.6071428571428572,False,False,James Beadle,,,,,,,,,,,True,False
James Beadle,james beadle,BIRMINGHAM,Championship,2.8333333333333335,6,saves,saves,BIRMINGHAM,BIRMINGHAM,1,top,James Beadle,Championship,elite,4,4,1,1,0.75,0.9851190476190477,1.25,1.8571428571428572,1.0,,1.0,1.0,0.6071428571428572,0.6071428571428572,False,False,James Beadle,,,,,,,,,,,True,False
Ryan Allsop,ryan allsop,BIRMINGHAM,Championship,0.0,6,saves,saves,BIRMINGHAM,BIRMINGHAM,2,top,Ryan Allsop,Championship,elite,4,4,1,1,0.0,-0.37976190476190474,-0.5,-0.2857142857142857,-0.4,,0.0,0.0,0.2142857142857143,0.2142857142857143,False,False,Ryan Allsop,,,,,,,,,,,True,False
Dael Fry,dael fry,BIRMINGHAM,Championship,0.0,6,shots,shots,BIRMINGHAM,BIRMINGHAM,1,bottom,Dael Fry,Championship,elite,4,4,1,1,0.0,0.0,0.0,0.0,0.0,,0.0,0.0,0.0,0.0,False,False,Dael Fry,,,,,,,,,,,True,False
Ethan Laird,ethan laird,BIRMINGHAM,Championship,0.0,6,shots,shots,BIRMINGHAM,BIRMINGHAM,2,bottom,Ethan Laird,Championship,elite,4,4,1,1,0.0,0.0,0.0,0.0,0.0,,0.0,0.0,0.0,0.0,False,False,Ethan Laird,,,,,,,,,,,True,False
James Beadle,james beadle,BIRMINGHAM,Championship,0.0,6,shots,shots,BIRMINGHAM,BIRMINGHAM,3,bottom,James Beadle,Championship,elite,4,4,1,1,0.0,0.0,0.0,0.0,0.0,,0.0,0.0,0.0,0.0,False,False,James Beadle,,,,,,,,,,,True,False
August Priske,august priske,BIRMINGHAM,Championship,2.1666666666666665,6,shots,shots,BIRMINGHAM,BIRMINGHAM,1,top,August Priske,Championship,elite,4,4,1,1,0.75,1.8154761904761905,2.5,1.4285714285714286,4.0,,1.0,1.0,-1.0714285714285714,-1.0714285714285714,False,False,August Priske,,,,,,,,,,,True,False
Jay Stansfield,jay stansfield,BIRMINGHAM,Championship,2.0,6,shots,shots,BIRMINGHAM,BIRMINGHAM,2,top,Jay Stansfield,Championship,elite,4,4,1,1,1.0,1.1464285714285714,1.0,0.2857142857142858,1.8,,1.0,1.0,-0.7142857142857142,-0.7142857142857142,False,False,Jay Stansfield,,,,,,,,,,,True,False
Carlos Vicente,carlos vicente,BIRMINGHAM,Championship,1.3333333333333333,6,shots,shots,BIRMINGHAM,BIRMINGHAM,3,top,Carlos Vicente,Championship,elite,4,4,1,1,0.25,0.033333333333333326,-1.5,3.0,-0.19999999999999996,,1.0,0.0,4.5,4.5,False,False,Carlos Vicente,,,,,,,,,,,True,False
Alex Cochrane,alex cochrane,BIRMINGHAM,Championship,0.0,6,shots_on_target,shots_on_target,BIRMINGHAM,BIRMINGHAM,1,bottom,Alex Cochrane,Championship,elite,4,4,1,1,0.0,0.0,0.0,0.0,0.0,,0.0,0.0,0.0,0.0,False,False,Alex Cochrane,,,,,,,,,,,True,False
Bright Osayi-Samuel,bright osayi-samuel,BIRMINGHAM,Championship,0.0,6,shots_on_target,shots_on_target,BIRMINGHAM,BIRMINGHAM,2,bottom,Bright Osayi-Samuel,Championship,elite,4,4,1,1,0.0,0.0,0.0,0.0,0.0,,0.0,0.0,0.0,0.0,False,False,Bright Osayi-Samuel,,,,,,,,,,,True,False
Christoph Klarer,christoph klarer,BIRMINGHAM,Championship,0.0,6,shots_on_target,shots_on_target,BIRMINGHAM,BIRMINGHAM,3,bottom,Christoph Klarer,Championship,elite,4,4,1,1,0.0,0.0,0.0,0.0,0.0,,0.0,0.0,0.0,0.0,False,False,Christoph Klarer,,,,,,,,,,,True,False
Jay Stansfield,jay stansfield,BIRMINGHAM,Championship,1.0,6,shots_on_target,shots_on_target,BIRMINGHAM,BIRMINGHAM,1,top,Jay Stansfield,Championship,elite,4,4,1,1,0.75,0.4214285714285714,0.5,0.2857142857142857,-0.6,,1.0,1.0,-0.2142857142857143,-0.2142857142857143,False,False,Jay Stansfield,,,,,,,,,,,True,False
August Priske,august priske,BIRMINGHAM,Championship,0.6666666666666666,6,shots_on_target,shots_on_target,BIRMINGHAM,BIRMINGHAM,2,top,August Priske,Championship,elite,4,4,1,1,0.75,0.5279761904761906,0.75,0.4285714285714286,1.6,,1.0,1.0,-0.3214285714285714,-0.3214285714285714,False,False,August Priske,,,,,,,,,,,True,False
Phil Neumann,phil neumann,BIRMINGHAM,Championship,0.5,6,shots_on_target,shots_on_target,BIRMINGHAM,BIRMINGHAM,3,top,Phil Neumann,Championship,elite,4,4,1,1,0.5,0.41785714285714287,2.0,-0.42857142857142855,0.6,,0.0,1.0,-2.4285714285714284,-2.4285714285714284,False,False,Phil Neumann,,,,,,,,,,,True,False
Adam Forshaw,adam forshaw,BLACKBURN,Championship,0.0,5,assists,assists,BLACKBURN,BLACKBURN,1,bottom,Adam Forshaw,Championship,elite,3,3,1,1,0.0,0.0,0.0,0.0,,,0.0,0.0,0.0,0.0,False,False,Adam Forshaw,,,,,,,,,,,True,False
Aynsley Pears,aynsley pears,BLACKBURN,Championship,0.0,5,assists,assists,BLACKBURN,BLACKBURN,2,bottom,Aynsley Pears,Championship,elite,4,4,2,1,0.0,0.0,0.0,0.0,,,0.0,0.0,0.0,0.0,False,False,Aynsley Pears,,,,,,,,,,,True,False
Jake Garrett,jake garrett,BLACKBURN,Championship,0.0,5,assists,assists,BLACKBURN,BLACKBURN,3,bottom,Jake Garrett,Championship,elite,4,4,2,1,0.0,0.0,0.0,0.0,,,0.0,0.0,0.0,0.0,False,False,Jake Garrett,,,,,,,,,,,True,False
Adam Forshaw,adam forshaw,BLACKBURN,Championship,0.0,5,assists,assists,BLACKBURN,BLACKBURN,1,top,Adam Forshaw,Championship,elite,3,3,1,1,0.0,0.0,0.0,0.0,,,0.0,0.0,0.0,0.0,False,False,Adam Forshaw,,,,,,,,,,,True,False
Aynsley Pears,aynsley pears,BLACKBURN,Championship,0.0,5,assists,assists,BLACKBURN,BLACKBURN,2,top,Aynsley Pears,Championship,elite,4,4,2,1,0.0,0.0,0.0,0.0,,,0.0,0.0,0.0,0.0,False,False,Aynsley Pears,,,,,,,,,,,True,False
Jake Garrett,jake garrett,BLACKBURN,Championship,0.0,5,assists,assists,BLACKBURN,BLACKBURN,3,top,Jake Garrett,Championship,elite,4,4,2,1,0.0,0.0,0.0,0.0,,,0.0,0.0,0.0,0.0,False,False,Jake Garrett,,,,,,,,,,,True,False
Adam Forshaw,adam forshaw,BLACKBURN,Championship,0.0,5,goals,goals,BLACKBURN,BLACKBURN,1,bottom,Adam Forshaw,Championship,elite,3,3,1,1,0.0,0.0,0.0,0.0,,,0.0,0.0,0.0,0.0,False,False,Adam Forshaw,,,,,,,,,,,True,False
Aynsley Pears,aynsley pears,BLACKBURN,Championship,0.0,5,goals,goals,BLACKBURN,BLACKBURN,2,bottom,Aynsley Pears,Championship,elite,4,4,2,1,0.0,0.0,0.0,0.0,,,0.0,0.0,0.0,0.0,False,False,Aynsley Pears,,,,,,,,,,,True,False
Jake Garrett,jake garrett,BLACKBURN,Championship,0.0,5,goals,goals,BLACKBURN,BLACKBURN,3,bottom,Jake Garrett,Championship,elite,4,4,2,1,0.0,0.0,0.0,0.0,,,0.0,0.0,0.0,0.0,False,False,Jake Garrett,,,,,,,,,,,True,False
Kristi Montgomery,kristi montgomery,BLACKBURN,Championship,0.2,5,goals,goals,BLACKBURN,BLACKBURN,1,top,Kristi Montgomery,Championship,elite,4,4,2,1,0.25,0.25,0.5,0.0,,,0.0,0.5,-0.5,-0.5,False,False,Kristi Montgomery,,,,,,,,,,,True,False
Ryoya Morishita,ryoya morishita,BLACKBURN,Championship,0.2,5,goals,goals,BLACKBURN,BLACKBURN,2,top,Ryoya Morishita,Championship,elite,4,4,2,1,0.25,0.09583333333333335,0.4166666666666667,-0.2,,,0.0,0.5,-0.6166666666666667,-0.6166666666666667,False,False,Ryoya Morishita,,,,,,,,,,,True,False
Todd Cantwell,todd cantwell,BLACKBURN,Championship,0.2,5,goals,goals,BLACKBURN,BLACKBURN,3,top,Todd Cantwell,Championship,elite,4,4,2,1,0.0,-0.23749999999999996,-0.25,-0.2,,,0.0,0.0,0.04999999999999999,0.04999999999999999,False,False,Todd Cantwell,,,,,,,,,,,True,False
Aynsley Pears,aynsley pears,BLACKBURN,Championship,0.6,5,saves,saves,BLACKBURN,BLACKBURN,1,bottom,Aynsley Pears,Championship,elite,4,4,2,1,0.75,-0.09583333333333335,-0.4166666666666667,0.19999999999999996,,,1.0,0.5,0.6166666666666667,0.6166666666666667,False,True,Aynsley Pears,,,,,,,,,,,True,False
Aynsley Pears,aynsley pears,BLACKBURN,Championship,0.6,5,saves,saves,BLACKBURN,BLACKBURN,1,top,Aynsley Pears,Championship,elite,4,4,2,1,0.75,-0.09583333333333335,-0.4166666666666667,0.19999999999999996,,,1.0,0.5,0.6166666666666667,0.6166666666666667,False,True,Aynsley Pears,,,,,,,,,,,True,False
Adam Forshaw,adam forshaw,BLACKBURN,Championship,0.0,5,shots,shots,BLACKBURN,BLACKBURN,1,bottom,Adam Forshaw,Championship,elite,3,3,1,1,0.0,-0.26111111111111107,-0.2,-0.25,,,0.0,0.0,-0.04999999999999999,-0.04999999999999999,False,False,Adam Forshaw,,,,,,,,,,,True,False
Aynsley Pears,aynsley pears,BLACKBURN,Championship,0.0,5,shots,shots,BLACKBURN,BLACKBURN,2,bottom,Aynsley Pears,Championship,elite,4,4,2,1,0.0,0.0,0.0,0.0,,,0.0,0.0,0.0,0.0,False,False,Aynsley Pears,,,,,,,,,,,True,False
Jake Garrett,jake garrett,BLACKBURN,Championship,0.0,5,shots,shots,BLACKBURN,BLACKBURN,3,bottom,Jake Garrett,Championship,elite,4,4,2,1,0.0,-0.23749999999999996,-0.25,-0.2,,,0.0,0.0,0.04999999999999999,0.04999999999999999,False,False,Jake Garrett,,,,,,,,,,,True,False
Todd Cantwell,todd cantwell,BLACKBURN,Championship,2.4,5,shots,shots,BLACKBURN,BLACKBURN,1,top,Todd Cantwell,Championship,elite,4,4,2,1,0.5,-0.20833333333333326,1.8333333333333335,-2.0,,,0.0,1.0,-3.8333333333333335,-3.8333333333333335,False,False,Todd Cantwell,,,,,,,,,,,True,False
Jayden Fevrier,jayden fevrier,BLACKBURN,Championship,1.8,5,shots,shots,BLACKBURN,BLACKBURN,2,top,Jayden Fevrier,Championship,elite,4,4,2,1,0.5,1.4125,2.0,2.4,,,1.0,0.5,0.3999999999999999,0.3999999999999999,False,False,Jayden Fevrier,,,,,,,,,,,True,False
Oladapo Afolayan,oladapo afolayan,BLACKBURN,Championship,1.8,5,shots,shots,BLACKBURN,BLACKBURN,3,top,Oladapo Afolayan,Championship,elite,4,4,2,1,0.25,0.20833333333333337,0.9166666666666667,-1.0,,,0.0,0.5,-1.9166666666666667,-1.9166666666666667,False,False,Oladapo Afolayan,,,,,,,,,,,True,False
Adam Forshaw,adam forshaw,BLACKBURN,Championship,0.0,5,shots_on_target,shots_on_target,BLACKBURN,BLACKBURN,1,bottom,Adam Forshaw,Championship,elite,3,3,1,1,0.0,0.0,0.0,0.0,,,0.0,0.0,0.0,0.0,False,False,Adam Forshaw,,,,,,,,,,,True,False
Aynsley Pears,aynsley pears,BLACKBURN,Championship,0.0,5,shots_on_target,shots_on_target,BLACKBURN,BLACKBURN,2,bottom,Aynsley Pears,Championship,elite,4,4,2,1,0.0,0.0,0.0,0.0,,,0.0,0.0,0.0,0.0,False,False,Aynsley Pears,,,,,,,,,,,True,False
Jake Garrett,jake garrett,BLACKBURN,Championship,0.0,5,shots_on_target,shots_on_target,BLACKBURN,BLACKBURN,3,bottom,Jake Garrett,Championship,elite,4,4,2,1,0.0,0.0,0.0,0.0,,,0.0,0.0,0.0,0.0,False,False,Jake Garrett,,,,,,,,,,,True,False
Todd Cantwell,todd cantwell,BLACKBURN,Championship,1.0,5,shots_on_target,shots_on_target,BLACKBURN,BLACKBURN,1,top,Todd Cantwell,Championship,elite,4,4,2,1,0.0,-0.2375,-0.25,-0.19999999999999996,,,0.0,0.0,0.050000000000000044,0.050000000000000044,False,False,Todd Cantwell,,,,,,,,,,,True,False
Oladapo Afolayan,oladapo afolayan,BLACKBURN,Championship,0.6,5,shots_on_target,shots_on_target,BLACKBURN,BLACKBURN,2,top,Oladapo Afolayan,Championship,elite,4,4,2,1,0.5,0.23333333333333336,0.4166666666666667,0.6,,,1.0,0.5,0.1833333333333333,0.1833333333333333,False,False,Oladapo Afolayan,,,,,,,,,,,True,False
Ryoya Morishita,ryoya morishita,BLACKBURN,Championship,0.6,5,shots_on_target,shots_on_target,BLACKBURN,BLACKBURN,3,top,Ryoya Morishita,Championship,elite,4,4,2,1,0.5,-0.22083333333333333,-0.16666666666666663,-0.8,,,0.0,0.5,-0.6333333333333334,-0.6333333333333334,False,False,Ryoya Morishita,,,,,,,,,,,True,False
Akin Famewo,akin famewo,BOL,Championship,0.0,5,assists,assists,BOL,BOL,1,bottom,Akin Famewo,Championship,elite,3,3,2,0,0.0,0.0,0.0,,,,,0.0,,,False,False,Akin Famewo,,,,,,,,,,,True,False
Ben Davies,ben davies,BOL,Championship,0.0,6,assists,assists,BOL,BOL,2,bottom,Ben Davies,Championship,elite,5,5,3,0,0.0,0.0,0.0,,,,,0.0,,,False,False,Ben Davies,,,,,,,,,,,True,False
Christian Forino Joseph,christian forino joseph,BOL,Championship,0.0,6,assists,assists,BOL,BOL,3,bottom,Christian Forino Joseph,Championship,elite,4,4,2,0,0.0,0.0,0.0,,,,,0.0,,,False,False,Christian Forino Joseph,,,,,,,,,,,True,False
John Mcatee,john mcatee,BOL,Championship,0.16666666666666666,6,assists,assists,BOL,BOL,1,top,John Mcatee,Championship,elite,4,4,2,0,0.0,-0.23749999999999996,-0.225,,,,,0.0,,,False,False,John Mcatee,,,,,,,,,,,True,False
Thierry Gale,thierry gale,BOL,Championship,0.16666666666666666,6,assists,assists,BOL,BOL,2,top,Thierry Gale,Championship,elite,4,4,2,0,0.25,0.15833333333333335,0.4,,,,,0.5,,,False,False,Thierry Gale,,,,,,,,,,,True,False
Akin Famewo,akin famewo,BOL,Championship,0.0,5,assists,assists,BOL,BOL,3,top,Akin Famewo,Championship,elite,3,3,2,0,0.0,0.0,0.0,,,,,0.0,,,False,False,Akin Famewo,,,,,,,,,,,True,False
Akin Famewo,akin famewo,BOL,Championship,0.0,5,goals,goals,BOL,BOL,1,bottom,Akin Famewo,Championship,elite,3,3,2,0,0.0,0.0,0.0,,,,,0.0,,,False,False,Akin Famewo,,,,,,,,,,,True,False
Ben Davies,ben davies,BOL,Championship,0.0,6,goals,goals,BOL,BOL,2,bottom,Ben Davies,Championship,elite,5,5,3,0,0.0,-0.10912698412698414,-0.08928571428571429,,,,,0.0,,,False,False,Ben Davies,,,,,,,,,,,True,False
Christian Forino Joseph,christian forino joseph,BOL,Championship,0.0,6,goals,goals,BOL,BOL,3,bottom,Christian Forino Joseph,Championship,elite,4,4,2,0,0.0,0.0,0.0,,,,,0.0,,,False,False,Christian Forino Joseph,,,,,,,,,,,True,False
Sam Dalby,sam dalby,BOL,Championship,0.3333333333333333,6,goals,goals,BOL,BOL,1,top,Sam Dalby,Championship,elite,4,4,2,0,0.25,-0.07916666666666666,0.175,,,,,0.5,,,False,False,Sam Dalby,,,,,,,,,,,True,False
Ethan Erhahon,ethan erhahon,BOL,Championship,0.16666666666666666,6,goals,goals,BOL,BOL,2,top,Ethan Erhahon,Championship,elite,3,3,2,0,0.3333333333333333,0.3333333333333333,0.0,,,,,0.0,,,False,False,Ethan Erhahon,,,,,,,,,,,True,False
Thierry Gale,thierry gale,BOL,Championship,0.16666666666666666,6,goals,goals,BOL,BOL,3,top,Thierry Gale,Championship,elite,4,4,2,0,0.0,-0.23749999999999996,-0.225,,,,,0.0,,,False,False,Thierry Gale,,,,,,,,,,,True,False
Jack Bonham,jack bonham,BOL,Championship,2.3333333333333335,6,saves,saves,BOL,BOL,1,bottom,Jack Bonham,Championship,elite,4,4,2,0,0.0,-2.625,-2.25,,,,,0.0,,,False,True,Jack Bonham,,,,,,,,,,,True,False
Jack Bonham,jack bonham,BOL,Championship,2.3333333333333335,6,saves,saves,BOL,BOL,1,top,Jack Bonham,Championship,elite,4,4,2,0,0.0,-2.625,-2.25,,,,,0.0,,,False,True,Jack Bonham,,,,,,,,,,,True,False
Ben Davies,ben davies,BOL,Championship,0.0,6,shots,shots,BOL,BOL,1,bottom,Ben Davies,Championship,elite,5,5,3,0,0.0,-0.10912698412698414,-0.08928571428571429,,,,,0.0,,,False,False,Ben Davies,,,,,,,,,,,True,False
Jack Bonham,jack bonham,BOL,Championship,0.0,6,shots,shots,BOL,BOL,2,bottom,Jack Bonham,Championship,elite,4,4,2,0,0.0,0.0,0.0,,,,,0.0,,,False,False,Jack Bonham,,,,,,,,,,,True,False
Max Conway,max conway,BOL,Championship,0.16666666666666666,6,shots,shots,BOL,BOL,3,bottom,Max Conway,Championship,elite,4,4,2,0,0.25,0.15833333333333335,0.4,,,,,0.5,,,False,False,Max Conway,,,,,,,,,,,True,False
Josh Sheehan,josh sheehan,BOL,Championship,2.5,6,shots,shots,BOL,BOL,1,top,Josh Sheehan,Championship,elite,4,4,2,0,0.75,0.7833333333333333,0.8999999999999999,,,,,1.0,,,False,False,Josh Sheehan,,,,,,,,,,,True,False
Sam Dalby,sam dalby,BOL,Championship,1.5,6,shots,shots,BOL,BOL,2,top,Sam Dalby,Championship,elite,4,4,2,0,0.25,0.050000000000000044,-0.9,,,,,0.0,,,False,True,Sam Dalby,,,,,,,,,,,True,False
John Mcatee,john mcatee,BOL,Championship,1.3333333333333333,6,shots,shots,BOL,BOL,3,top,John Mcatee,Championship,elite,4,4,2,0,0.25,0.016666666666666663,0.7,,,,,0.5,,,False,False,John Mcatee,,,,,,,,,,,True,False
Ben Davies,ben davies,BOL,Championship,0.0,6,shots_on_target,shots_on_target,BOL,BOL,1,bottom,Ben Davies,Championship,elite,5,5,3,0,0.0,-0.10912698412698414,-0.08928571428571429,,,,,0.0,,,False,False,Ben Davies,,,,,,,,,,,True,False
Gaizka Larrazabal,gaizka larrazabal,BOL,Championship,0.0,5,shots_on_target,shots_on_target,BOL,BOL,2,bottom,Gaizka Larrazabal,Championship,unknown,3,3,1,0,0.0,0.0,0.0,,,,,0.0,,,False,False,Gaizka Larrazabal,,,,,,,,,,,True,False
Jack Bonham,jack bonham,BOL,Championship,0.0,6,shots_on_target,shots_on_target,BOL,BOL,3,bottom,Jack Bonham,Championship,elite,4,4,2,0,0.0,0.0,0.0,,,,,0.0,,,False,False,Jack Bonham,,,,,,,,,,,True,False
Josh Sheehan,josh sheehan,BOL,Championship,0.6666666666666666,6,shots_on_target,shots_on_target,BOL,BOL,1,top,Josh Sheehan,Championship,elite,4,4,2,0,0.75,0.22500000000000006,0.45,,,,,1.0,,,False,False,Josh Sheehan,,,,,,,,,,,True,False
Sam Dalby,sam dalby,BOL,Championship,0.6666666666666666,6,shots_on_target,shots_on_target,BOL,BOL,2,top,Sam Dalby,Championship,elite,4,4,2,0,0.5,-0.06666666666666665,-0.04999999999999999,,,,,0.5,,,False,False,Sam Dalby,,,,,,,,,,,True,False
John Mcatee,john mcatee,BOL,Championship,0.5,6,shots_on_target,shots_on_target,BOL,BOL,3,top,John Mcatee,Championship,elite,4,4,2,0,0.5,0.01666666666666669,-0.04999999999999999,,,,,0.5,,,False,False,John Mcatee,,,,,,,,,,,True,False
Bradley Collins,bradley collins,BRISTOL CITY,Championship,0.0,5,assists,assists,BRISTOL CITY,BRISTOL CITY,1,bottom,Bradley Collins,Championship,unknown,2,2,0,1,0.0,0.0,,0.0,,,0.0,,,,False,False,Bradley Collins,,,,,,,,,,,True,False
Dominic Ballard,dominic ballard,BRISTOL CITY,Championship,0.0,5,assists,assists,BRISTOL CITY,BRISTOL CITY,2,bottom,Dominic Ballard,Championship,unknown,2,2,0,1,0.0,0.0,,0.0,,,0.0,,,,False,False,Dominic Ballard,,,,,,,,,,,True,False
Gibson Yah,gibson yah,BRISTOL CITY,Championship,0.0,5,assists,assists,BRISTOL CITY,BRISTOL CITY,3,bottom,Gibson Yah,Championship,unknown,2,2,0,1,0.0,0.0,,0.0,,,0.0,,,,False,False,Gibson Yah,,,,,,,,,,,True,False
Rio Cardines,rio cardines,BRISTOL CITY,Championship,0.8,5,assists,assists,BRISTOL CITY,BRISTOL CITY,1,top,Rio Cardines,Championship,unknown,2,2,0,1,1.0,0.2916666666666667,,0.33333333333333337,,,1.0,,,,False,False,Rio Cardines,,,,,,,,,,,True,False
Jed Wallace,jed wallace,BRISTOL CITY,Championship,0.2,5,assists,assists,BRISTOL CITY,BRISTOL CITY,2,top,Jed Wallace,Championship,unknown,2,2,0,1,0.0,-0.29166666666666663,,-0.3333333333333333,,,0.0,,,,False,False,Jed Wallace,,,,,,,,,,,True,False
Lorent Tolaj,lorent tolaj,BRISTOL CITY,Championship,0.2,5,assists,assists,BRISTOL CITY,BRISTOL CITY,3,top,Lorent Tolaj,Championship,unknown,2,2,0,1,0.5,0.375,,1.0,,,1.0,,,,False,False,Lorent Tolaj,,,,,,,,,,,True,False
Bradley Collins,bradley collins,BRISTOL CITY,Championship,0.0,5,goals,goals,BRISTOL CITY,BRISTOL CITY,1,bottom,Bradley Collins,Championship,unknown,2,2,0,1,0.0,0.0,,0.0,,,0.0,,,,False,False,Bradley Collins,,,,,,,,,,,True,False
Gibson Yah,gibson yah,BRISTOL CITY,Championship,0.0,5,goals,goals,BRISTOL CITY,BRISTOL CITY,2,bottom,Gibson Yah,Championship,unknown,2,2,0,1,0.0,0.0,,0.0,,,0.0,,,,False,False,Gibson Yah,,,,,,,,,,,True,False
Jed Wallace,jed wallace,BRISTOL CITY,Championship,0.0,5,goals,goals,BRISTOL CITY,BRISTOL CITY,3,bottom,Jed Wallace,Championship,unknown,2,2,0,1,0.0,0.0,,0.0,,,0.0,,,,False,False,Jed Wallace,,,,,,,,,,,True,False
Dominic Ballard,dominic ballard,BRISTOL CITY,Championship,0.4,5,goals,goals,BRISTOL CITY,BRISTOL CITY,1,top,Dominic Ballard,Championship,unknown,2,2,0,1,0.5,0.08333333333333337,,0.6666666666666667,,,1.0,,,,False,False,Dominic Ballard,,,,,,,,,,,True,False
Scott Twine,scott twine,BRISTOL CITY,Championship,0.4,5,goals,goals,BRISTOL CITY,BRISTOL CITY,2,top,Scott Twine,Championship,unknown,2,2,0,1,0.5,0.08333333333333337,,0.6666666666666667,,,1.0,,,,False,False,Scott Twine,,,,,,,,,,,True,False
Jason Knight,jason knight,BRISTOL CITY,Championship,0.2,5,goals,goals,BRISTOL CITY,BRISTOL CITY,3,top,Jason Knight,Championship,unknown,2,2,0,1,0.0,-0.29166666666666663,,-0.3333333333333333,,,0.0,,,,False,False,Jason Knight,,,,,,,,,,,True,False
Bradley Collins,bradley collins,BRISTOL CITY,Championship,0.0,5,saves,saves,BRISTOL CITY,BRISTOL CITY,1,bottom,Bradley Collins,Championship,unknown,2,2,0,1,0.0,0.0,,0.0,,,0.0,,,,False,False,Bradley Collins,,,,,,,,,,,True,False
Sam Tickle,sam tickle,BRISTOL CITY,Championship,1.4,5,saves,saves,BRISTOL CITY,BRISTOL CITY,2,bottom,Sam Tickle,Championship,unknown,2,2,0,1,0.5,0.75,,2.0,,,1.0,,,,False,False,Sam Tickle,,,,,,,,,,,True,False
Sam Tickle,sam tickle,BRISTOL CITY,Championship,1.4,5,saves,saves,BRISTOL CITY,BRISTOL CITY,1,top,Sam Tickle,Championship,unknown,2,2,0,1,0.5,0.75,,2.0,,,1.0,,,,False,False,Sam Tickle,,,,,,,,,,,True,False
Bradley Collins,bradley collins,BRISTOL CITY,Championship,0.0,5,saves,saves,BRISTOL CITY,BRISTOL CITY,2,top,Bradley Collins,Championship,unknown,2,2,0,1,0.0,0.0,,0.0,,,0.0,,,,False,False,Bradley Collins,,,,,,,,,,,True,False
Bradley Collins,bradley collins,BRISTOL CITY,Championship,0.0,5,shots,shots,BRISTOL CITY,BRISTOL CITY,1,bottom,Bradley Collins,Championship,unknown,2,2,0,1,0.0,0.0,,0.0,,,0.0,,,,False,False,Bradley Collins,,,,,,,,,,,True,False
Noah Eile,noah eile,BRISTOL CITY,Championship,0.0,5,shots,shots,BRISTOL CITY,BRISTOL CITY,2,bottom,Noah Eile,Championship,unknown,2,2,0,1,0.0,0.0,,0.0,,,0.0,,,,False,False,Noah Eile,,,,,,,,,,,True,False
Sam Tickle,sam tickle,BRISTOL CITY,Championship,0.0,5,shots,shots,BRISTOL CITY,BRISTOL CITY,3,bottom,Sam Tickle,Championship,unknown,2,2,0,1,0.0,0.0,,0.0,,,0.0,,,,False,False,Sam Tickle,,,,,,,,,,,True,False
Lorent Tolaj,lorent tolaj,BRISTOL CITY,Championship,2.6,5,shots,shots,BRISTOL CITY,BRISTOL CITY,1,top,Lorent Tolaj,Championship,unknown,2,2,0,1,1.0,1.25,,2.0,,,1.0,,,,False,False,Lorent Tolaj,,,,,,,,,,,True,False
Scott Twine,scott twine,BRISTOL CITY,Championship,1.8,5,shots,shots,BRISTOL CITY,BRISTOL CITY,2,top,Scott Twine,Championship,unknown,2,2,0,1,0.5,0.41666666666666663,,-0.6666666666666667,,,0.0,,,,False,False,Scott Twine,,,,,,,,,,,True,False
Dominic Ballard,dominic ballard,BRISTOL CITY,Championship,1.0,5,shots,shots,BRISTOL CITY,BRISTOL CITY,3,top,Dominic Ballard,Championship,unknown,2,2,0,1,1.0,0.7916666666666667,,0.33333333333333337,,,1.0,,,,False,False,Dominic Ballard,,,,,,,,,,,True,False
Bradley Collins,bradley collins,BRISTOL CITY,Championship,0.0,5,shots_on_target,shots_on_target,BRISTOL CITY,BRISTOL CITY,1,bottom,Bradley Collins,Championship,unknown,2,2,0,1,0.0,0.0,,0.0,,,0.0,,,,False,False,Bradley Collins,,,,,,,,,,,True,False
Gibson Yah,gibson yah,BRISTOL CITY,Championship,0.0,5,shots_on_target,shots_on_target,BRISTOL CITY,BRISTOL CITY,2,bottom,Gibson Yah,Championship,unknown,2,2,0,1,0.0,0.0,,0.0,,,0.0,,,,False,False,Gibson Yah,,,,,,,,,,,True,False
Joe Williams,joe williams,BRISTOL CITY,Championship,0.0,5,shots_on_target,shots_on_target,BRISTOL CITY,BRISTOL CITY,3,bottom,Joe Williams,Championship,unknown,2,2,0,1,0.0,0.0,,0.0,,,0.0,,,,False,False,Joe Williams,,,,,,,,,,,True,False
Lorent Tolaj,lorent tolaj,BRISTOL CITY,Championship,0.6,5,shots_on_target,shots_on_target,BRISTOL CITY,BRISTOL CITY,1,top,Lorent Tolaj,Championship,unknown,2,2,0,1,0.5,0.45833333333333337,,1.6666666666666667,,,1.0,,,,False,False,Lorent Tolaj,,,,,,,,,,,True,False
Sam Greenwood,sam greenwood,BRISTOL CITY,Championship,0.6,5,shots_on_target,shots_on_target,BRISTOL CITY,BRISTOL CITY,2,top,Sam Greenwood,Championship,unknown,2,2,0,1,0.5,0.45833333333333337,,1.6666666666666667,,,1.0,,,,False,False,Sam Greenwood,,,,,,,,,,,True,False
Scott Twine,scott twine,BRISTOL CITY,Championship,0.6,5,shots_on_target,shots_on_target,BRISTOL CITY,BRISTOL CITY,3,top,Scott Twine,Championship,unknown,2,2,0,1,0.5,-0.20833333333333331,,0.33333333333333337,,,1.0,,,,False,False,Scott Twine,,,,,,,,,,,True,False
Aaron Ramsey,aaron ramsey,BUR,Championship,0.0,5,assists,assists,BUR,BUR,1,bottom,Aaron Ramsey,Championship,elite,6,6,2,2,0.0,0.0,0.0,0.0,0.0,,0.0,0.0,0.0,0.0,False,False,Aaron Ramsey,,,,,,,,,,,True,False
Anel Ahmedhodzic,anel ahmedhodzic,BUR,Championship,0.0,5,assists,assists,BUR,BUR,2,bottom,Anel Ahmedhodzic,Championship,weak,4,4,1,2,0.0,0.0,0.0,0.0,0.0,,0.0,0.0,0.0,0.0,False,False,Anel Ahmedhodzic,,,,,,,,,,,True,False
Connor Roberts,connor roberts,BUR,Championship,0.0,5,assists,assists,BUR,BUR,3,bottom,Connor Roberts,Championship,elite,6,6,2,2,0.0,0.0,0.0,0.0,0.0,,0.0,0.0,0.0,0.0,False,False,Connor Roberts,,,,,,,,,,,True,False
Zeki Amdouni,zeki amdouni,BUR,Championship,0.2,5,assists,assists,BUR,BUR,1,top,Zeki Amdouni,Championship,elite,6,6,2,2,0.16666666666666666,0.13484848484848486,-0.045454545454545456,-0.05,1.0,-0.05949162921942961,0.0,0.0,-0.004545454545454547,-0.004545454545454547,False,False,Zeki Amdouni,,,,,,,,,,,True,False
Aaron Ramsey,aaron ramsey,BUR,Championship,0.0,5,assists,assists,BUR,BUR,2,top,Aaron Ramsey,Championship,elite,6,6,2,2,0.0,0.0,0.0,0.0,0.0,,0.0,0.0,0.0,0.0,False,False,Aaron Ramsey,,,,,,,,,,,True,False
Anel Ahmedhodzic,anel ahmedhodzic,BUR,Championship,0.0,5,assists,assists,BUR,BUR,3,top,Anel Ahmedhodzic,Championship,weak,4,4,1,2,0.0,0.0,0.0,0.0,0.0,,0.0,0.0,0.0,0.0,False,False,Anel Ahmedhodzic,,,,,,,,,,,True,False
Anel Ahmedhodzic,anel ahmedhodzic,BUR,Championship,0.0,5,goals,goals,BUR,BUR,1,bottom,Anel Ahmedhodzic,Championship,elite,3,3,1,1,0.0,0.0,0.0,0.0,0.0,,0.0,0.0,0.0,0.0,False,False,Anel Ahmedhodzic,,,,,,,,,,,True,False
Connor Roberts,connor roberts,BUR,Championship,0.0,5,goals,goals,BUR,BUR,2,bottom,Connor Roberts,Championship,weak,4,4,1,2,0.0,0.0,0.0,0.0,0.0,,0.0,0.0,0.0,0.0,False,False,Connor Roberts,,,,,,,,,,,True,False
Grégoire Coudert,gregoire coudert,BUR,Championship,0.0,5,goals,goals,BUR,BUR,3,bottom,Grégoire Coudert,Championship,elite,3,3,1,1,0.0,0.0,0.0,0.0,0.0,,0.0,0.0,0.0,0.0,False,False,Grégoire Coudert,,,,,,,,,,,True,False
Aaron Ramsey,aaron ramsey,BUR,Championship,0.2,5,goals,goals,BUR,BUR,1,top,Aaron Ramsey,Championship,weak,4,4,1,2,0.25,0.20833333333333334,-0.16666666666666666,0.5,0.0,,0.5,0.0,0.6666666666666666,0.6666666666666666,False,False,Aaron Ramsey,,,,,,,,,,,True,False
Ugo Raghouber,ugo raghouber,BUR,Championship,0.2,5,goals,goals,BUR,BUR,2,top,Ugo Raghouber,Championship,weak,4,4,1,2,0.25,0.15833333333333335,-0.16666666666666666,-0.1,1.0,,0.0,0.0,0.06666666666666665,0.06666666666666665,False,False,Ugo Raghouber,,,,,,,,,,,True,False
Zeki Amdouni,zeki amdouni,BUR,Championship,0.2,5,goals,goals,BUR,BUR,3,top,Zeki Amdouni,Championship,weak,4,4,1,2,0.25,0.25,1.0,0.0,0.0,,0.0,1.0,-1.0,-1.0,False,False,Zeki Amdouni,,,,,,,,,,,True,False
Grégoire Coudert,gregoire coudert,BUR,Championship,0.0,5,saves,saves,BUR,BUR,1,bottom,Grégoire Coudert,Championship,weak,5,5,1,2,0.2,-0.4819047619047618,-1.0,-1.3714285714285714,-1.3333333333333333,,0.0,0.0,-0.37142857142857144,-0.37142857142857144,False,False,Grégoire Coudert,,,,,,,,,,,True,False
Max Weiß,max weiß,BUR,Championship,2.6,5,saves,saves,BUR,BUR,2,bottom,Max Weiß,Championship,weak,4,4,1,2,0.75,0.5791666666666666,2.333333333333333,0.3666666666666666,-0.75,,1.0,1.0,-1.9666666666666663,-1.9666666666666663,False,False,Max Weiß,,,,,,,,,,,True,False
Max Weiß,max weiß,BUR,Championship,2.6,5,saves,saves,BUR,BUR,1,top,Max Weiß,Championship,weak,4,4,1,2,0.75,0.5791666666666666,2.333333333333333,0.3666666666666666,-0.75,,1.0,1.0,-1.9666666666666663,-1.9666666666666663,False,False,Max Weiß,,,,,,,,,,,True,False
Grégoire Coudert,gregoire coudert,BUR,Championship,0.0,5,saves,saves,BUR,BUR,2,top,Grégoire Coudert,Championship,weak,5,5,1,2,0.2,-0.4819047619047618,-1.0,-1.3714285714285714,-1.3333333333333333,,0.0,0.0,-0.37142857142857144,-0.37142857142857144,False,False,Grégoire Coudert,,,,,,,,,,,True,False
Grégoire Coudert,gregoire coudert,BUR,Championship,0.0,5,shots,shots,BUR,BUR,1,bottom,Grégoire Coudert,Championship,weak,5,5,1,2,0.0,0.0,0.0,0.0,0.0,,0.0,0.0,0.0,0.0,False,False,Grégoire Coudert,,,,,,,,,,,True,False
Kyle Walker,kyle walker,BUR,Championship,0.0,5,shots,shots,BUR,BUR,2,bottom,Kyle Walker,Championship,elite,6,6,2,2,0.0,0.0,0.0,0.0,0.0,,0.0,0.0,0.0,0.0,False,False,Kyle Walker,,,,,,,,,,,True,False
Max Alleyne,max alleyne,BUR,Championship,0.0,5,shots,shots,BUR,BUR,3,bottom,Max Alleyne,Championship,weak,5,5,1,2,0.0,0.0,0.0,0.0,0.0,,0.0,0.0,0.0,0.0,False,False,Max Alleyne,,,,,,,,,,,True,False
Aaron Ramsey,aaron ramsey,BUR,Championship,2.8,5,shots,shots,BUR,BUR,1,top,Aaron Ramsey,Championship,elite,6,6,2,2,0.6666666666666666,0.7057840307840308,1.825,1.4494949494949494,-0.6000000000000001,-0.20857586590833954,1.0,1.0,-0.37550505050505056,-0.37550505050505056,False,False,Aaron Ramsey,,,,,,,,,,,True,False
Zeki Amdouni,zeki amdouni,BUR,Championship,2.4,5,shots,shots,BUR,BUR,2,top,Zeki Amdouni,Championship,elite,6,6,2,2,0.5,1.2293350168350168,3.2727272727272725,-1.6125,1.5555555555555556,-0.7090092839355839,0.0,0.5,-4.885227272727272,-4.885227272727272,False,False,Zeki Amdouni,,,,,,,,,,,True,False
Ugo Raghouber,ugo raghouber,BUR,Championship,1.0,5,shots,shots,BUR,BUR,3,top,Ugo Raghouber,Championship,elite,6,6,2,2,0.5,-0.14162457912457913,0.19318181818181823,-1.5625,0.5555555555555556,-0.8119790400126815,0.0,0.5,-1.7556818181818183,-1.7556818181818183,False,False,Ugo Raghouber,,,,,,,,,,,True,False
Anel Ahmedhodzic,anel ahmedhodzic,BUR,Championship,0.0,5,shots_on_target,shots_on_target,BUR,BUR,1,bottom,Anel Ahmedhodzic,Championship,weak,5,5,1,2,0.0,0.0,0.0,0.0,0.0,,0.0,0.0,0.0,0.0,False,False,Anel Ahmedhodzic,,,,,,,,,,,True,False
Connor Roberts,connor roberts,BUR,Championship,0.0,5,shots_on_target,shots_on_target,BUR,BUR,2,bottom,Connor Roberts,Championship,elite,6,6,2,2,0.16666666666666666,-0.006902356902356892,-0.18181818181818182,-0.45,-0.4444444444444444,-0.6785037253581724,0.0,0.0,-0.2681818181818182,-0.2681818181818182,False,False,Connor Roberts,,,,,,,,,,,True,False
Grégoire Coudert,gregoire coudert,BUR,Championship,0.0,5,shots_on_target,shots_on_target,BUR,BUR,3,bottom,Grégoire Coudert,Championship,weak,5,5,1,2,0.0,0.0,0.0,0.0,0.0,,0.0,0.0,0.0,0.0,False,False,Grégoire Coudert,,,,,,,,,,,True,False
Zeki Amdouni,zeki amdouni,BUR,Championship,0.8,5,shots_on_target,shots_on_target,BUR,BUR,1,top,Zeki Amdouni,Championship,elite,6,6,2,2,0.3333333333333333,0.42710437710437715,1.7840909090909092,-0.225,-0.2222222222222222,-0.7167923199880334,0.0,1.0,-2.0090909090909093,-2.0090909090909093,False,False,Zeki Amdouni,,,,,,,,,,,True,False
Ugo Raghouber,ugo raghouber,BUR,Championship,0.4,5,shots_on_target,shots_on_target,BUR,BUR,2,top,Ugo Raghouber,Championship,elite,6,6,2,2,0.3333333333333333,0.06195286195286198,0.23863636363636365,-0.275,0.7777777777777778,-0.4763446967153939,0.0,0.5,-0.5136363636363637,-0.5136363636363637,False,False,Ugo Raghouber,,,,,,,,,,,True,False
Aaron Ramsey,aaron ramsey,BUR,Championship,0.2,5,shots_on_target,shots_on_target,BUR,BUR,3,top,Aaron Ramsey,Championship,elite,6,6,2,2,0.16666666666666666,0.0314093314093314,-0.18333333333333335,0.398989898989899,-0.1,0.437379474076378,0.5,0.0,0.5823232323232324,0.5823232323232324,False,False,Aaron Ramsey,,,,,,,,,,,True,False
Alex Robertson,alex robertson,CAR,Championship,0.0,5,assists,assists,CAR,CAR,1,bottom,Alex Robertson,Championship,elite,4,4,2,2,0.0,0.0,0.0,0.0,,,0.0,0.0,0.0,0.0,False,False,Alex Robertson,,,,,,,,,,,True,False
Callum Robinson,callum robinson,CAR,Championship,0.0,5,assists,assists,CAR,CAR,2,bottom,Callum Robinson,Championship,elite,4,4,2,2,0.0,0.0,0.0,0.0,,,0.0,0.0,0.0,0.0,False,False,Callum Robinson,,,,,,,,,,,True,False
Calum Scanlon,calum scanlon,CAR,Championship,0.0,5,assists,assists,CAR,CAR,3,bottom,Calum Scanlon,Championship,weak,3,3,1,2,0.0,0.0,0.0,0.0,,,0.0,0.0,0.0,0.0,False,False,Calum Scanlon,,,,,,,,,,,True,False
Chris Willock,chris willock,CAR,Championship,0.2,5,assists,assists,CAR,CAR,1,top,Chris Willock,Championship,elite,4,4,2,2,0.25,0.25,0.0,0.5,,,0.5,0.0,0.5,0.5,False,False,Chris Willock,,,,,,,,,,,True,False
Cian Ashford,cian ashford,CAR,Championship,0.2,5,assists,assists,CAR,CAR,2,top,Cian Ashford,Championship,elite,4,4,2,2,0.25,-0.14166666666666666,0.08333333333333337,-0.3666666666666667,,,0.0,0.5,-0.45000000000000007,-0.45000000000000007,False,False,Cian Ashford,,,,,,,,,,,True,False
Ollie Tanner,ollie tanner,CAR,Championship,0.2,5,assists,assists,CAR,CAR,3,top,Ollie Tanner,Championship,weak,3,3,1,2,0.3333333333333333,0.18333333333333335,1.0,-0.225,,,0.0,1.0,-1.225,-1.225,False,False,Ollie Tanner,,,,,,,,,,,True,False
Alex Robertson,alex robertson,CAR,Championship,0.0,5,goals,goals,CAR,CAR,1,bottom,Alex Robertson,Championship,elite,4,4,2,2,0.0,0.0,0.0,0.0,,,0.0,0.0,0.0,0.0,False,False,Alex Robertson,,,,,,,,,,,True,False
Callum Robinson,callum robinson,CAR,Championship,0.0,5,goals,goals,CAR,CAR,2,bottom,Callum Robinson,Championship,elite,4,4,2,2,0.0,0.0,0.0,0.0,,,0.0,0.0,0.0,0.0,False,False,Callum Robinson,,,,,,,,,,,True,False
Calum Scanlon,calum scanlon,CAR,Championship,0.0,5,goals,goals,CAR,CAR,3,bottom,Calum Scanlon,Championship,weak,3,3,1,2,0.0,0.0,0.0,0.0,,,0.0,0.0,0.0,0.0,False,False,Calum Scanlon,,,,,,,,,,,True,False
Cian Ashford,cian ashford,CAR,Championship,0.4,5,goals,goals,CAR,CAR,1,top,Cian Ashford,Championship,elite,4,4,2,2,0.25,-0.14166666666666666,0.08333333333333337,-0.3666666666666667,,,0.0,0.5,-0.45000000000000007,-0.45000000000000007,False,False,Cian Ashford,,,,,,,,,,,True,False
Jack Moylan,jack moylan,CAR,Championship,0.2,5,goals,goals,CAR,CAR,2,top,Jack Moylan,Championship,elite,4,4,2,2,0.25,-0.14166666666666666,0.08333333333333337,-0.3666666666666667,,,0.0,0.5,-0.45000000000000007,-0.45000000000000007,False,False,Jack Moylan,,,,,,,,,,,True,False
Joel Colwill,joel colwill,CAR,Championship,0.2,5,goals,goals,CAR,CAR,3,top,Joel Colwill,Championship,elite,4,4,2,2,0.25,0.25,0.0,0.5,,,0.5,0.0,0.5,0.5,False,False,Joel Colwill,,,,,,,,,,,True,False
Harry Tyrer,harry tyrer,CAR,Championship,0.0,5,saves,saves,CAR,CAR,1,bottom,Harry Tyrer,Championship,elite,4,4,2,2,0.0,0.0,0.0,0.0,,,0.0,0.0,0.0,0.0,False,False,Harry Tyrer,,,,,,,,,,,True,False
Nathan Trott,nathan trott,CAR,Championship,2.8,5,saves,saves,CAR,CAR,2,bottom,Nathan Trott,Championship,elite,4,4,2,2,1.0,0.6958333333333333,0.29166666666666663,1.1,,,1.0,1.0,0.8083333333333335,0.8083333333333335,True,False,Nathan Trott,,,,,,,,,,,True,False
Nathan Trott,nathan trott,CAR,Championship,2.8,5,saves,saves,CAR,CAR,1,top,Nathan Trott,Championship,elite,4,4,2,2,1.0,0.6958333333333333,0.29166666666666663,1.1,,,1.0,1.0,0.8083333333333335,0.8083333333333335,True,False,Nathan Trott,,,,,,,,,,,True,False
Harry Tyrer,harry tyrer,CAR,Championship,0.0,5,saves,saves,CAR,CAR,2,top,Harry Tyrer,Championship,elite,4,4,2,2,0.0,0.0,0.0,0.0,,,0.0,0.0,0.0,0.0,False,False,Harry Tyrer,,,,,,,,,,,True,False
Callum Robinson,callum robinson,CAR,Championship,0.0,5,shots,shots,CAR,CAR,1,bottom,Callum Robinson,Championship,elite,4,4,2,2,0.0,-0.23749999999999996,-0.29166666666666663,-0.18333333333333335,,,0.0,0.0,0.10833333333333328,0.10833333333333328,False,False,Callum Robinson,,,,,,,,,,,True,False
Calum Scanlon,calum scanlon,CAR,Championship,0.0,5,shots,shots,CAR,CAR,2,bottom,Calum Scanlon,Championship,weak,3,3,1,2,0.0,0.0,0.0,0.0,,,0.0,0.0,0.0,0.0,False,False,Calum Scanlon,,,,,,,,,,,True,False
Harry Tyrer,harry tyrer,CAR,Championship,0.0,5,shots,shots,CAR,CAR,3,bottom,Harry Tyrer,Championship,elite,4,4,2,2,0.0,0.0,0.0,0.0,,,0.0,0.0,0.0,0.0,False,False,Harry Tyrer,,,,,,,,,,,True,False
Jack Moylan,jack moylan,CAR,Championship,3.8,5,shots,shots,CAR,CAR,1,top,Jack Moylan,Championship,elite,4,4,2,2,0.75,1.8,1.5,2.1,,,1.0,0.5,0.6000000000000001,0.6000000000000001,True,False,Jack Moylan,,,,,,,,,,,True,False
Yousef Salech,yousef salech,CAR,Championship,3.4,5,shots,shots,CAR,CAR,2,top,Yousef Salech,Championship,elite,4,4,2,2,0.5,-0.08750000000000002,0.20833333333333326,-0.3833333333333333,,,0.5,0.5,-0.5916666666666666,-0.5916666666666666,False,False,Yousef Salech,,,,,,,,,,,True,False
Ollie Tanner,ollie tanner,CAR,Championship,2.6,5,shots,shots,CAR,CAR,3,top,Ollie Tanner,Championship,weak,3,3,1,2,0.6666666666666666,1.8222222222222222,-1.3333333333333333,3.4,,,1.0,0.0,4.733333333333333,4.733333333333333,True,False,Ollie Tanner,,,,,,,,,,,True,False
Callum Robinson,callum robinson,CAR,Championship,0.0,5,shots_on_target,shots_on_target,CAR,CAR,1,bottom,Callum Robinson,Championship,elite,4,4,2,2,0.0,-0.23749999999999996,-0.29166666666666663,-0.18333333333333335,,,0.0,0.0,0.10833333333333328,0.10833333333333328,False,False,Callum Robinson,,,,,,,,,,,True,False
Calum Scanlon,calum scanlon,CAR,Championship,0.0,5,shots_on_target,shots_on_target,CAR,CAR,2,bottom,Calum Scanlon,Championship,weak,3,3,1,2,0.0,0.0,0.0,0.0,,,0.0,0.0,0.0,0.0,False,False,Calum Scanlon,,,,,,,,,,,True,False
Chris Willock,chris willock,CAR,Championship,0.0,5,shots_on_target,shots_on_target,CAR,CAR,3,bottom,Chris Willock,Championship,elite,4,4,2,2,0.0,0.0,0.0,0.0,,,0.0,0.0,0.0,0.0,False,False,Chris Willock,,,,,,,,,,,True,False
Yousef Salech,yousef salech,CAR,Championship,1.6,5,shots_on_target,shots_on_target,CAR,CAR,1,top,Yousef Salech,Championship,elite,4,4,2,2,0.25,-0.5458333333333334,-1.5416666666666667,0.44999999999999996,,,0.5,0.0,1.9916666666666667,1.9916666666666667,False,True,Yousef Salech,,,,,,,,,,,True,False
Ollie Tanner,ollie tanner,CAR,Championship,1.0,5,shots_on_target,shots_on_target,CAR,CAR,2,top,Ollie Tanner,Championship,weak,3,3,1,2,0.0,-0.7777777777777777,-1.3333333333333333,-0.5,,,0.0,0.0,0.8333333333333333,0.8333333333333333,False,False,Ollie Tanner,,,,,,,,,,,True,False
Cian Ashford,cian ashford,CAR,Championship,0.8,5,shots_on_target,shots_on_target,CAR,CAR,3,top,Cian Ashford,Championship,elite,4,4,2,2,0.5,0.16250000000000006,0.45833333333333337,-0.1333333333333333,,,0.5,0.5,-0.5916666666666667,-0.5916666666666667,False,False,Cian Ashford,,,,,,,,,,,True,False
Altay Bayindir,altay bayindir,CELTA,La Liga,0.0,5,assists,assists,CELTA,CELTA,1,bottom,Altay Bayindir,La Liga,elite,2,2,1,0,0.0,0.0,0.0,,0.0,,,0.0,,,False,False,Altay Bayindir,,,,,,,,,,,True,False
Andrei Radu,andrei radu,CELTA,La Liga,0.0,5,assists,assists,CELTA,CELTA,2,bottom,Andrei Radu,La Liga,elite,2,2,1,0,0.0,0.0,0.0,,0.0,,,0.0,,,False,False,Andrei Radu,,,,,,,,,,,True,False
Carl Starfelt,carl starfelt,CELTA,La Liga,0.0,5,assists,assists,CELTA,CELTA,3,bottom,Carl Starfelt,La Liga,elite,2,2,1,0,0.0,0.0,0.0,,0.0,,,0.0,,,False,False,Carl Starfelt,,,,,,,,,,,True,False
Hugo Gonzalez,hugo gonzalez,CELTA,La Liga,0.2,5,assists,assists,CELTA,CELTA,1,top,Hugo Gonzalez,La Liga,elite,3,3,1,1,0.3333333333333333,0.3333333333333333,0.0,0.0,1.0,,0.0,0.0,0.0,0.0,False,False,Hugo Gonzalez,,,,,,,,,,,True,False
Miguel Román,miguel roman,CELTA,La Liga,0.2,5,assists,assists,CELTA,CELTA,2,top,Miguel Román,La Liga,elite,2,2,1,0,0.0,-0.29166666666666663,-0.3333333333333333,,-0.25,,,0.0,,,False,False,Miguel Román,,,,,,,,,,,True,False
Altay Bayindir,altay bayindir,CELTA,La Liga,0.0,5,assists,assists,CELTA,CELTA,3,top,Altay Bayindir,La Liga,elite,2,2,1,0,0.0,0.0,0.0,,0.0,,,0.0,,,False,False,Altay Bayindir,,,,,,,,,,,True,False
Altay Bayindir,altay bayindir,CELTA,La Liga,0.0,5,goals,goals,CELTA,CELTA,1,bottom,Altay Bayindir,La Liga,elite,2,2,1,0,0.0,0.0,0.0,,0.0,,,0.0,,,False,False,Altay Bayindir,,,,,,,,,,,True,False
Andrei Radu,andrei radu,CELTA,La Liga,0.0,5,goals,goals,CELTA,CELTA,2,bottom,Andrei Radu,La Liga,elite,2,2,1,0,0.0,0.0,0.0,,0.0,,,0.0,,,False,False,Andrei Radu,,,,,,,,,,,True,False
Ferran Jutglà,ferran jutgla,CELTA,La Liga,0.0,5,goals,goals,CELTA,CELTA,3,bottom,Ferran Jutglà,La Liga,elite,2,2,1,0,0.0,0.0,0.0,,0.0,,,0.0,,,False,False,Ferran Jutglà,,,,,,,,,,,True,False
Carl Starfelt,carl starfelt,CELTA,La Liga,0.2,5,goals,goals,CELTA,CELTA,1,top,Carl Starfelt,La Liga,elite,2,2,1,0,0.5,0.5,0.0,,1.0,,,0.0,,,False,False,Carl Starfelt,,,,,,,,,,,True,False
Iago Aspas,iago aspas,CELTA,La Liga,0.2,5,goals,goals,CELTA,CELTA,2,top,Iago Aspas,La Liga,elite,2,2,1,0,0.0,-0.29166666666666663,-0.3333333333333333,,-0.25,,,0.0,,,False,False,Iago Aspas,,,,,,,,,,,True,False
Altay Bayindir,altay bayindir,CELTA,La Liga,0.0,5,goals,goals,CELTA,CELTA,3,top,Altay Bayindir,La Liga,elite,2,2,1,0,0.0,0.0,0.0,,0.0,,,0.0,,,False,False,Altay Bayindir,,,,,,,,,,,True,False
Altay Bayindir,altay bayindir,CELTA,La Liga,0.0,5,saves,saves,CELTA,CELTA,1,bottom,Altay Bayindir,La Liga,elite,2,2,1,0,0.0,0.0,0.0,,0.0,,,0.0,,,False,False,Altay Bayindir,,,,,,,,,,,True,False
Andrei Radu,andrei radu,CELTA,La Liga,3.0,5,saves,saves,CELTA,CELTA,2,bottom,Andrei Radu,La Liga,elite,2,2,1,0,0.5,-0.25,2.0,,-2.5,,,1.0,,,False,False,Andrei Radu,,,,,,,,,,,True,False
Andrei Radu,andrei radu,CELTA,La Liga,3.0,5,saves,saves,CELTA,CELTA,1,top,Andrei Radu,La Liga,elite,2,2,1,0,0.5,-0.25,2.0,,-2.5,,,1.0,,,False,False,Andrei Radu,,,,,,,,,,,True,False
Altay Bayindir,altay bayindir,CELTA,La Liga,0.0,5,saves,saves,CELTA,CELTA,2,top,Altay Bayindir,La Liga,elite,2,2,1,0,0.0,0.0,0.0,,0.0,,,0.0,,,False,False,Altay Bayindir,,,,,,,,,,,True,False
Altay Bayindir,altay bayindir,CELTA,La Liga,0.0,5,shots,shots,CELTA,CELTA,1,bottom,Altay Bayindir,La Liga,elite,2,2,1,0,0.0,0.0,0.0,,0.0,,,0.0,,,False,False,Altay Bayindir,,,,,,,,,,,True,False
Andrei Radu,andrei radu,CELTA,La Liga,0.0,5,shots,shots,CELTA,CELTA,2,bottom,Andrei Radu,La Liga,elite,2,2,1,0,0.0,0.0,0.0,,0.0,,,0.0,,,False,False,Andrei Radu,,,,,,,,,,,True,False
Hugo Burcio,hugo burcio,CELTA,La Liga,0.0,5,shots,shots,CELTA,CELTA,3,bottom,Hugo Burcio,La Liga,elite,2,2,1,0,0.0,0.0,0.0,,0.0,,,0.0,,,False,False,Hugo Burcio,,,,,,,,,,,True,False
Iago Aspas,iago aspas,CELTA,La Liga,1.0,5,shots,shots,CELTA,CELTA,1,top,Iago Aspas,La Liga,elite,2,2,1,0,0.5,0.6666666666666667,1.3333333333333335,,0.0,,,1.0,,,False,False,Iago Aspas,,,,,,,,,,,True,False
Carl Starfelt,carl starfelt,CELTA,La Liga,0.8,5,shots,shots,CELTA,CELTA,2,top,Carl Starfelt,La Liga,elite,2,2,1,0,0.5,0.4166666666666667,-0.6666666666666666,,1.5,,,0.0,,,False,False,Carl Starfelt,,,,,,,,,,,True,False
Hugo Gonzalez,hugo gonzalez,CELTA,La Liga,0.8,5,shots,shots,CELTA,CELTA,3,top,Hugo Gonzalez,La Liga,elite,3,3,1,1,0.3333333333333333,1.3333333333333333,0.0,0.0,4.0,,0.0,0.0,0.0,0.0,False,False,Hugo Gonzalez,,,,,,,,,,,True,False
Altay Bayindir,altay bayindir,CELTA,La Liga,0.0,5,shots_on_target,shots_on_target,CELTA,CELTA,1,bottom,Altay Bayindir,La Liga,elite,2,2,1,0,0.0,0.0,0.0,,0.0,,,0.0,,,False,False,Altay Bayindir,,,,,,,,,,,True,False
Andrei Radu,andrei radu,CELTA,La Liga,0.0,5,shots_on_target,shots_on_target,CELTA,CELTA,2,bottom,Andrei Radu,La Liga,elite,2,2,1,0,0.0,0.0,0.0,,0.0,,,0.0,,,False,False,Andrei Radu,,,,,,,,,,,True,False
Ferran Jutglà,ferran jutgla,CELTA,La Liga,0.0,5,shots_on_target,shots_on_target,CELTA,CELTA,3,bottom,Ferran Jutglà,La Liga,elite,2,2,1,0,0.0,0.0,0.0,,0.0,,,0.0,,,False,False,Ferran Jutglà,,,,,,,,,,,True,False
Hugo Gonzalez,hugo gonzalez,CELTA,La Liga,0.4,5,shots_on_target,shots_on_target,CELTA,CELTA,1,top,Hugo Gonzalez,La Liga,elite,3,3,1,1,0.3333333333333333,0.6666666666666666,0.0,0.0,2.0,,0.0,0.0,0.0,0.0,False,False,Hugo Gonzalez,,,,,,,,,,,True,False
Iago Aspas,iago aspas,CELTA,La Liga,0.4,5,shots_on_target,shots_on_target,CELTA,CELTA,2,top,Iago Aspas,La Liga,elite,2,2,1,0,0.5,0.08333333333333337,0.6666666666666667,,-0.5,,,1.0,,,False,False,Iago Aspas,,,,,,,,,,,True,False
Williot Swedberg,williot swedberg,CELTA,La Liga,0.4,5,shots_on_target,shots_on_target,CELTA,CELTA,3,top,Williot Swedberg,La Liga,elite,2,2,1,0,0.0,-0.5833333333333333,-0.6666666666666666,,-0.5,,,0.0,,,False,False,Williot Swedberg,,,,,,,,,,,True,False
Andrew Privett,andrew privett,CHARLOTTE,MLS,0.0,5,assists,assists,CHARLOTTE,CHARLOTTE,1,bottom,Andrew Privett,MLS,elite,2,2,1,1,0.0,0.0,0.0,0.0,,,0.0,0.0,0.0,0.0,False,False,Andrew Privett,Andrew Privett,CHARLOTTE,CINCINNATI,assists,0.5,28.0,Weak,0.0,0.0,andrew privett,True,False
Archie Goodwin,archie goodwin,CHARLOTTE,MLS,0.0,5,assists,assists,CHARLOTTE,CHARLOTTE,2,bottom,Archie Goodwin,MLS,elite,2,2,1,1,0.0,0.0,0.0,0.0,,,0.0,0.0,0.0,0.0,False,False,Archie Goodwin,Archie Goodwin,CHARLOTTE,CINCINNATI,assists,0.5,28.0,Weak,0.0,0.0,archie goodwin,True,False
Brandt Bronico,brandt bronico,CHARLOTTE,MLS,0.0,5,assists,assists,CHARLOTTE,CHARLOTTE,3,bottom,Brandt Bronico,MLS,elite,2,2,1,1,0.0,0.0,0.0,0.0,,,0.0,0.0,0.0,0.0,False,False,Brandt Bronico,Brandt Bronico,CHARLOTTE,CINCINNATI,assists,0.5,28.0,Weak,0.0,0.0,brandt bronico,True,False
Allan Saint-Maximin,allan saint-maximin,CHARLOTTE,MLS,0.4,5,assists,assists,CHARLOTTE,CHARLOTTE,1,top,Allan Saint-Maximin,MLS,elite,2,2,1,1,0.5,0.20833333333333334,-0.3333333333333333,0.75,,,1.0,0.0,1.0833333333333333,1.0833333333333333,False,False,Allan Saint-Maximin,Allan Saint-Maximin,CHARLOTTE,CINCINNATI,assists,0.5,28.0,Weak,0.4,0.4,allan saint-maximin,True,False
Liel Abada,liel abada,CHARLOTTE,MLS,0.4,5,assists,assists,CHARLOTTE,CHARLOTTE,2,top,Liel Abada,MLS,elite,2,2,1,1,0.0,-0.5833333333333333,-0.6666666666666666,-0.5,,,0.0,0.0,0.16666666666666663,0.16666666666666663,False,False,Liel Abada,Liel Abada,CHARLOTTE,CINCINNATI,assists,0.5,28.0,Weak,0.4,0.4,liel abada,True,False
Pep Biel,pep biel,CHARLOTTE,MLS,0.4,5,assists,assists,CHARLOTTE,CHARLOTTE,3,top,Pep Biel,MLS,elite,2,2,1,1,0.0,-0.5833333333333333,-0.6666666666666666,-0.5,,,0.0,0.0,0.16666666666666663,0.16666666666666663,False,False,Pep Biel,Pep Biel,CHARLOTTE,CINCINNATI,assists,0.5,28.0,Weak,0.4,0.4,pep biel,True,False
Allan Saint-Maximin,allan saint-maximin,CHARLOTTE,MLS,0.0,5,goals,goals,CHARLOTTE,CHARLOTTE,1,bottom,Allan Saint-Maximin,MLS,elite,2,2,1,1,0.0,0.0,0.0,0.0,,,0.0,0.0,0.0,0.0,False,False,Allan Saint-Maximin,Allan Saint-Maximin,CHARLOTTE,CINCINNATI,goals,0.5,28.0,Weak,0.0,0.0,allan saint-maximin,True,False
Andrew Privett,andrew privett,CHARLOTTE,MLS,0.0,5,goals,goals,CHARLOTTE,CHARLOTTE,2,bottom,Andrew Privett,MLS,elite,2,2,1,1,0.0,0.0,0.0,0.0,,,0.0,0.0,0.0,0.0,False,False,Andrew Privett,Andrew Privett,CHARLOTTE,CINCINNATI,goals,0.5,28.0,Weak,0.0,0.0,andrew privett,True,False
Archie Goodwin,archie goodwin,CHARLOTTE,MLS,0.0,5,goals,goals,CHARLOTTE,CHARLOTTE,3,bottom,Archie Goodwin,MLS,elite,2,2,1,1,0.0,0.0,0.0,0.0,,,0.0,0.0,0.0,0.0,False,False,Archie Goodwin,Archie Goodwin,CHARLOTTE,CINCINNATI,goals,1.5,28.0,Weak,0.0,0.0,archie goodwin,True,False
Archie Goodwin,archie goodwin,CHARLOTTE,MLS,0.0,5,goals,goals,CHARLOTTE,CHARLOTTE,3,bottom,Archie Goodwin,MLS,elite,2,2,1,1,0.0,0.0,0.0,0.0,,,0.0,0.0,0.0,0.0,False,False,Archie Goodwin,Archie Goodwin,CHARLOTTE,CINCINNATI,goals,0.5,28.0,Weak,0.0,0.0,archie goodwin,True,False
Idan Toklomati,idan toklomati,CHARLOTTE,MLS,0.6,5,goals,goals,CHARLOTTE,CHARLOTTE,1,top,Idan Toklomati,MLS,elite,2,2,1,1,0.5,-0.08333333333333331,-0.6666666666666666,0.5,,,1.0,0.0,1.1666666666666665,1.1666666666666665,False,False,Idan Toklomati,Idan Toklomati,CHARLOTTE,CINCINNATI,goals,1.5,28.0,Weak,0.0,0.6,idan toklomati,True,False
Idan Toklomati,idan toklomati,CHARLOTTE,MLS,0.6,5,goals,goals,CHARLOTTE,CHARLOTTE,1,top,Idan Toklomati,MLS,elite,2,2,1,1,0.5,-0.08333333333333331,-0.6666666666666666,0.5,,,1.0,0.0,1.1666666666666665,1.1666666666666665,False,False,Idan Toklomati,Idan Toklomati,CHARLOTTE,CINCINNATI,goals,0.5,28.0,Weak,0.6,0.6,idan toklomati,True,False
Liel Abada,liel abada,CHARLOTTE,MLS,0.4,5,goals,goals,CHARLOTTE,CHARLOTTE,2,top,Liel Abada,MLS,elite,2,2,1,1,0.5,0.20833333333333334,-0.3333333333333333,0.75,,,1.0,0.0,1.0833333333333333,1.0833333333333333,False,False,Liel Abada,Liel Abada,CHARLOTTE,CINCINNATI,goals,1.5,28.0,Weak,0.0,0.4,liel abada,True,False
Liel Abada,liel abada,CHARLOTTE,MLS,0.4,5,goals,goals,CHARLOTTE,CHARLOTTE,2,top,Liel Abada,MLS,elite,2,2,1,1,0.5,0.20833333333333334,-0.3333333333333333,0.75,,,1.0,0.0,1.0833333333333333,1.0833333333333333,False,False,Liel Abada,Liel Abada,CHARLOTTE,CINCINNATI,goals,0.5,28.0,Weak,0.4,0.4,liel abada,True,False
David Schnegg,david schnegg,CHARLOTTE,MLS,0.2,5,goals,goals,CHARLOTTE,CHARLOTTE,3,top,David Schnegg,MLS,elite,2,2,1,1,0.0,-0.29166666666666663,-0.3333333333333333,-0.25,,,0.0,0.0,0.08333333333333331,0.08333333333333331,False,False,David Schnegg,David Schnegg,CHARLOTTE,CINCINNATI,goals,0.5,28.0,Weak,0.2,0.2,david schnegg,True,False
Tyler Miller,tyler miller,CHARLOTTE,MLS,0.0,5,saves,saves,CHARLOTTE,CHARLOTTE,1,bottom,Tyler Miller,MLS,elite,2,2,1,1,0.0,0.0,0.0,0.0,,,0.0,0.0,0.0,0.0,False,False,Tyler Miller,,,,,,,,,,,True,False
Kristijan Kahlina,kristijan kahlina,CHARLOTTE,MLS,3.8,5,saves,saves,CHARLOTTE,CHARLOTTE,2,bottom,Kristijan Kahlina,MLS,elite,2,2,1,1,1.0,0.9583333333333333,1.6666666666666665,0.25,,,1.0,1.0,-1.4166666666666665,-1.4166666666666665,False,False,Kristijan Kahlina,Kristijan Kahlina,CHARLOTTE,CINCINNATI,saves,4.0,28.0,Weak,0.3333333333333333,3.8,kristijan kahlina,True,False
Kristijan Kahlina,kristijan kahlina,CHARLOTTE,MLS,3.8,5,saves,saves,CHARLOTTE,CHARLOTTE,2,bottom,Kristijan Kahlina,MLS,elite,2,2,1,1,1.0,0.9583333333333333,1.6666666666666665,0.25,,,1.0,1.0,-1.4166666666666665,-1.4166666666666665,False,False,Kristijan Kahlina,Kristijan Kahlina,CHARLOTTE,CINCINNATI,saves,4.5,28.0,Weak,0.2,3.8,kristijan kahlina,True,False
Kristijan Kahlina,kristijan kahlina,CHARLOTTE,MLS,3.8,5,saves,saves,CHARLOTTE,CHARLOTTE,2,bottom,Kristijan Kahlina,MLS,elite,2,2,1,1,1.0,0.9583333333333333,1.6666666666666665,0.25,,,1.0,1.0,-1.4166666666666665,-1.4166666666666665,False,False,Kristijan Kahlina,Kristijan Kahlina,CHARLOTTE,CINCINNATI,saves,3.5,28.0,Weak,0.6,3.8,kristijan kahlina,True,False
Kristijan Kahlina,kristijan kahlina,CHARLOTTE,MLS,3.8,5,saves,saves,CHARLOTTE,CHARLOTTE,2,bottom,Kristijan Kahlina,MLS,elite,2,2,1,1,1.0,0.9583333333333333,1.6666666666666665,0.25,,,1.0,1.0,-1.4166666666666665,-1.4166666666666665,False,False,Kristijan Kahlina,Kristijan Kahlina,CHARLOTTE,CINCINNATI,saves,2.5,28.0,Weak,1.0,3.8,kristijan kahlina,True,False
Kristijan Kahlina,kristijan kahlina,CHARLOTTE,MLS,3.8,5,saves,saves,CHARLOTTE,CHARLOTTE,1,top,Kristijan Kahlina,MLS,elite,2,2,1,1,1.0,0.9583333333333333,1.6666666666666665,0.25,,,1.0,1.0,-1.4166666666666665,-1.4166666666666665,False,False,Kristijan Kahlina,Kristijan Kahlina,CHARLOTTE,CINCINNATI,saves,4.0,28.0,Weak,0.3333333333333333,3.8,kristijan kahlina,True,False
Kristijan Kahlina,kristijan kahlina,CHARLOTTE,MLS,3.8,5,saves,saves,CHARLOTTE,CHARLOTTE,1,top,Kristijan Kahlina,MLS,elite,2,2,1,1,1.0,0.9583333333333333,1.6666666666666665,0.25,,,1.0,1.0,-1.4166666666666665,-1.4166666666666665,False,False,Kristijan Kahlina,Kristijan Kahlina,CHARLOTTE,CINCINNATI,saves,4.5,28.0,Weak,0.2,3.8,kristijan kahlina,True,False
Kristijan Kahlina,kristijan kahlina,CHARLOTTE,MLS,3.8,5,saves,saves,CHARLOTTE,CHARLOTTE,1,top,Kristijan Kahlina,MLS,elite,2,2,1,1,1.0,0.9583333333333333,1.6666666666666665,0.25,,,1.0,1.0,-1.4166666666666665,-1.4166666666666665,False,False,Kristijan Kahlina,Kristijan Kahlina,CHARLOTTE,CINCINNATI,saves,3.5,28.0,Weak,0.6,3.8,kristijan kahlina,True,False
Kristijan Kahlina,kristijan kahlina,CHARLOTTE,MLS,3.8,5,saves,saves,CHARLOTTE,CHARLOTTE,1,top,Kristijan Kahlina,MLS,elite,2,2,1,1,1.0,0.9583333333333333,1.6666666666666665,0.25,,,1.0,1.0,-1.4166666666666665,-1.4166666666666665,False,False,Kristijan Kahlina,Kristijan Kahlina,CHARLOTTE,CINCINNATI,saves,2.5,28.0,Weak,1.0,3.8,kristijan kahlina,True,False
Tyler Miller,tyler miller,CHARLOTTE,MLS,0.0,5,saves,saves,CHARLOTTE,CHARLOTTE,2,top,Tyler Miller,MLS,elite,2,2,1,1,0.0,0.0,0.0,0.0,,,0.0,0.0,0.0,0.0,False,False,Tyler Miller,,,,,,,,,,,True,False
Andrew Privett,andrew privett,CHARLOTTE,MLS,0.0,5,shots,shots,CHARLOTTE,CHARLOTTE,1,bottom,Andrew Privett,MLS,elite,2,2,1,1,0.0,0.0,0.0,0.0,,,0.0,0.0,0.0,0.0,False,False,Andrew Privett,Andrew Privett,CHARLOTTE,CINCINNATI,shots,1.5,28.0,Weak,0.0,0.0,andrew privett,True,False
Andrew Privett,andrew privett,CHARLOTTE,MLS,0.0,5,shots,shots,CHARLOTTE,CHARLOTTE,1,bottom,Andrew Privett,MLS,elite,2,2,1,1,0.0,0.0,0.0,0.0,,,0.0,0.0,0.0,0.0,False,False,Andrew Privett,Andrew Privett,CHARLOTTE,CINCINNATI,shots,2.5,28.0,Weak,0.0,0.0,andrew privett,True,False
Andrew Privett,andrew privett,CHARLOTTE,MLS,0.0,5,shots,shots,CHARLOTTE,CHARLOTTE,1,bottom,Andrew Privett,MLS,elite,2,2,1,1,0.0,0.0,0.0,0.0,,,0.0,0.0,0.0,0.0,False,False,Andrew Privett,Andrew Privett,CHARLOTTE,CINCINNATI,shots,0.5,28.0,Weak,0.0,0.0,andrew privett,True,False
Archie Goodwin,archie goodwin,CHARLOTTE,MLS,0.0,5,shots,shots,CHARLOTTE,CHARLOTTE,2,bottom,Archie Goodwin,MLS,elite,2,2,1,1,0.0,0.0,0.0,0.0,,,0.0,0.0,0.0,0.0,False,False,Archie Goodwin,Archie Goodwin,CHARLOTTE,CINCINNATI,shots,4.5,28.0,Weak,0.0,0.0,archie goodwin,True,False
Archie Goodwin,archie goodwin,CHARLOTTE,MLS,0.0,5,shots,shots,CHARLOTTE,CHARLOTTE,2,bottom,Archie Goodwin,MLS,elite,2,2,1,1,0.0,0.0,0.0,0.0,,,0.0,0.0,0.0,0.0,False,False,Archie Goodwin,Archie Goodwin,CHARLOTTE,CINCINNATI,shots,6.5,28.0,Weak,0.0,0.0,archie goodwin,True,False
Archie Goodwin,archie goodwin,CHARLOTTE,MLS,0.0,5,shots,shots,CHARLOTTE,CHARLOTTE,2,bottom,Archie Goodwin,MLS,elite,2,2,1,1,0.0,0.0,0.0,0.0,,,0.0,0.0,0.0,0.0,False,False,Archie Goodwin,Archie Goodwin,CHARLOTTE,CINCINNATI,shots,2.5,28.0,Weak,0.0,0.0,archie goodwin,True,False
Archie Goodwin,archie goodwin,CHARLOTTE,MLS,0.0,5,shots,shots,CHARLOTTE,CHARLOTTE,2,bottom,Archie Goodwin,MLS,elite,2,2,1,1,0.0,0.0,0.0,0.0,,,0.0,0.0,0.0,0.0,False,False,Archie Goodwin,Archie Goodwin,CHARLOTTE,CINCINNATI,shots,1.5,28.0,Weak,0.0,0.0,archie goodwin,True,False
Brandt Bronico,brandt bronico,CHARLOTTE,MLS,0.0,5,shots,shots,CHARLOTTE,CHARLOTTE,3,bottom,Brandt Bronico,MLS,elite,2,2,1,1,0.0,0.0,0.0,0.0,,,0.0,0.0,0.0,0.0,False,False,Brandt Bronico,Brandt Bronico,CHARLOTTE,CINCINNATI,shots,3.5,28.0,Weak,0.0,0.0,brandt bronico,True,False
Brandt Bronico,brandt bronico,CHARLOTTE,MLS,0.0,5,shots,shots,CHARLOTTE,CHARLOTTE,3,bottom,Brandt Bronico,MLS,elite,2,2,1,1,0.0,0.0,0.0,0.0,,,0.0,0.0,0.0,0.0,False,False,Brandt Bronico,Brandt Bronico,CHARLOTTE,CINCINNATI,shots,1.5,28.0,Weak,0.0,0.0,brandt bronico,True,False
Brandt Bronico,brandt bronico,CHARLOTTE,MLS,0.0,5,shots,shots,CHARLOTTE,CHARLOTTE,3,bottom,Brandt Bronico,MLS,elite,2,2,1,1,0.0,0.0,0.0,0.0,,,0.0,0.0,0.0,0.0,False,False,Brandt Bronico,Brandt Bronico,CHARLOTTE,CINCINNATI,shots,0.5,28.0,Weak,0.0,0.0,brandt bronico,True,False
Liel Abada,liel abada,CHARLOTTE,MLS,2.4,5,shots,shots,CHARLOTTE,CHARLOTTE,1,top,Liel Abada,MLS,elite,2,2,1,1,0.5,0.75,2.0,-0.5,,,0.0,1.0,-2.5,-2.5,False,False,Liel Abada,Liel Abada,CHARLOTTE,CINCINNATI,shots,5.5,28.0,Weak,0.0,2.4,liel abada,True,False
Liel Abada,liel abada,CHARLOTTE,MLS,2.4,5,shots,shots,CHARLOTTE,CHARLOTTE,1,top,Liel Abada,MLS,elite,2,2,1,1,0.5,0.75,2.0,-0.5,,,0.0,1.0,-2.5,-2.5,False,False,Liel Abada,Liel Abada,CHARLOTTE,CINCINNATI,shots,3.5,28.0,Weak,0.4,2.4,liel abada,True,False
Liel Abada,liel abada,CHARLOTTE,MLS,2.4,5,shots,shots,CHARLOTTE,CHARLOTTE,1,top,Liel Abada,MLS,elite,2,2,1,1,0.5,0.75,2.0,-0.5,,,0.0,1.0,-2.5,-2.5,False,False,Liel Abada,Liel Abada,CHARLOTTE,CINCINNATI,shots,2.5,28.0,Weak,0.4,2.4,liel abada,True,False
Liel Abada,liel abada,CHARLOTTE,MLS,2.4,5,shots,shots,CHARLOTTE,CHARLOTTE,1,top,Liel Abada,MLS,elite,2,2,1,1,0.5,0.75,2.0,-0.5,,,0.0,1.0,-2.5,-2.5,False,False,Liel Abada,Liel Abada,CHARLOTTE,CINCINNATI,shots,1.5,28.0,Weak,0.8,2.4,liel abada,True,False
Allan Saint-Maximin,allan saint-maximin,CHARLOTTE,MLS,2.2,5,shots,shots,CHARLOTTE,CHARLOTTE,2,top,Allan Saint-Maximin,MLS,elite,2,2,1,1,0.5,0.625,-1.0,2.25,,,1.0,0.0,3.25,3.25,False,False,Allan Saint-Maximin,Allan Saint-Maximin,CHARLOTTE,CINCINNATI,shots,4.5,28.0,Weak,0.0,2.2,allan saint-maximin,True,False
Allan Saint-Maximin,allan saint-maximin,CHARLOTTE,MLS,2.2,5,shots,shots,CHARLOTTE,CHARLOTTE,2,top,Allan Saint-Maximin,MLS,elite,2,2,1,1,0.5,0.625,-1.0,2.25,,,1.0,0.0,3.25,3.25,False,False,Allan Saint-Maximin,Allan Saint-Maximin,CHARLOTTE,CINCINNATI,shots,3.5,28.0,Weak,0.4,2.2,allan saint-maximin,True,False
Allan Saint-Maximin,allan saint-maximin,CHARLOTTE,MLS,2.2,5,shots,shots,CHARLOTTE,CHARLOTTE,2,top,Allan Saint-Maximin,MLS,elite,2,2,1,1,0.5,0.625,-1.0,2.25,,,1.0,0.0,3.25,3.25,False,False,Allan Saint-Maximin,Allan Saint-Maximin,CHARLOTTE,CINCINNATI,shots,7.5,28.0,Weak,0.0,2.2,allan saint-maximin,True,False
Allan Saint-Maximin,allan saint-maximin,CHARLOTTE,MLS,2.2,5,shots,shots,CHARLOTTE,CHARLOTTE,2,top,Allan Saint-Maximin,MLS,elite,2,2,1,1,0.5,0.625,-1.0,2.25,,,1.0,0.0,3.25,3.25,False,False,Allan Saint-Maximin,Allan Saint-Maximin,CHARLOTTE,CINCINNATI,shots,2.5,28.0,Weak,0.4,2.2,allan saint-maximin,True,False
Allan Saint-Maximin,allan saint-maximin,CHARLOTTE,MLS,2.2,5,shots,shots,CHARLOTTE,CHARLOTTE,2,top,Allan Saint-Maximin,MLS,elite,2,2,1,1,0.5,0.625,-1.0,2.25,,,1.0,0.0,3.25,3.25,False,False,Allan Saint-Maximin,Allan Saint-Maximin,CHARLOTTE,CINCINNATI,shots,1.5,28.0,Weak,0.4,2.2,allan saint-maximin,True,False
Idan Toklomati,idan toklomati,CHARLOTTE,MLS,2.2,5,shots,shots,CHARLOTTE,CHARLOTTE,3,top,Idan Toklomati,MLS,elite,2,2,1,1,0.0,-0.9583333333333333,-1.6666666666666665,-0.25,,,0.0,0.0,1.4166666666666665,1.4166666666666665,False,False,Idan Toklomati,Idan Toklomati,CHARLOTTE,CINCINNATI,shots,4.5,28.0,Weak,0.2,2.2,idan toklomati,True,False
Idan Toklomati,idan toklomati,CHARLOTTE,MLS,2.2,5,shots,shots,CHARLOTTE,CHARLOTTE,3,top,Idan Toklomati,MLS,elite,2,2,1,1,0.0,-0.9583333333333333,-1.6666666666666665,-0.25,,,0.0,0.0,1.4166666666666665,1.4166666666666665,False,False,Idan Toklomati,Idan Toklomati,CHARLOTTE,CINCINNATI,shots,6.5,28.0,Weak,0.0,2.2,idan toklomati,True,False
Idan Toklomati,idan toklomati,CHARLOTTE,MLS,2.2,5,shots,shots,CHARLOTTE,CHARLOTTE,3,top,Idan Toklomati,MLS,elite,2,2,1,1,0.0,-0.9583333333333333,-1.6666666666666665,-0.25,,,0.0,0.0,1.4166666666666665,1.4166666666666665,False,False,Idan Toklomati,Idan Toklomati,CHARLOTTE,CINCINNATI,shots,2.5,28.0,Weak,0.2,2.2,idan toklomati,True,False
Idan Toklomati,idan toklomati,CHARLOTTE,MLS,2.2,5,shots,shots,CHARLOTTE,CHARLOTTE,3,top,Idan Toklomati,MLS,elite,2,2,1,1,0.0,-0.9583333333333333,-1.6666666666666665,-0.25,,,0.0,0.0,1.4166666666666665,1.4166666666666665,False,False,Idan Toklomati,Idan Toklomati,CHARLOTTE,CINCINNATI,shots,1.5,28.0,Weak,0.6,2.2,idan toklomati,True,False
Andrew Privett,andrew privett,CHARLOTTE,MLS,0.0,5,shots_on_target,shots_on_target,CHARLOTTE,CHARLOTTE,1,bottom,Andrew Privett,MLS,elite,2,2,1,1,0.0,0.0,0.0,0.0,,,0.0,0.0,0.0,0.0,False,False,Andrew Privett,Andrew Privett,CHARLOTTE,CINCINNATI,shots_on_target,0.5,28.0,Weak,0.0,0.0,andrew privett,True,False
Archie Goodwin,archie goodwin,CHARLOTTE,MLS,0.0,5,shots_on_target,shots_on_target,CHARLOTTE,CHARLOTTE,2,bottom,Archie Goodwin,MLS,elite,2,2,1,1,0.0,0.0,0.0,0.0,,,0.0,0.0,0.0,0.0,False,False,Archie Goodwin,Archie Goodwin,CHARLOTTE,CINCINNATI,shots_on_target,2.5,28.0,Weak,0.0,0.0,archie goodwin,True,False
Archie Goodwin,archie goodwin,CHARLOTTE,MLS,0.0,5,shots_on_target,shots_on_target,CHARLOTTE,CHARLOTTE,2,bottom,Archie Goodwin,MLS,elite,2,2,1,1,0.0,0.0,0.0,0.0,,,0.0,0.0,0.0,0.0,False,False,Archie Goodwin,Archie Goodwin,CHARLOTTE,CINCINNATI,shots_on_target,1.5,28.0,Weak,0.0,0.0,archie goodwin,True,False
Archie Goodwin,archie goodwin,CHARLOTTE,MLS,0.0,5,shots_on_target,shots_on_target,CHARLOTTE,CHARLOTTE,2,bottom,Archie Goodwin,MLS,elite,2,2,1,1,0.0,0.0,0.0,0.0,,,0.0,0.0,0.0,0.0,False,False,Archie Goodwin,Archie Goodwin,CHARLOTTE,CINCINNATI,shots_on_target,0.5,28.0,Weak,0.0,0.0,archie goodwin,True,False
Brandt Bronico,brandt bronico,CHARLOTTE,MLS,0.0,5,shots_on_target,shots_on_target,CHARLOTTE,CHARLOTTE,3,bottom,Brandt Bronico,MLS,elite,2,2,1,1,0.0,0.0,0.0,0.0,,,0.0,0.0,0.0,0.0,False,False,Brandt Bronico,Brandt Bronico,CHARLOTTE,CINCINNATI,shots_on_target,1.5,28.0,Weak,0.0,0.0,brandt bronico,True,False
Brandt Bronico,brandt bronico,CHARLOTTE,MLS,0.0,5,shots_on_target,shots_on_target,CHARLOTTE,CHARLOTTE,3,bottom,Brandt Bronico,MLS,elite,2,2,1,1,0.0,0.0,0.0,0.0,,,0.0,0.0,0.0,0.0,False,False,Brandt Bronico,Brandt Bronico,CHARLOTTE,CINCINNATI,shots_on_target,0.5,28.0,Weak,0.0,0.0,brandt bronico,True,False
Liel Abada,liel abada,CHARLOTTE,MLS,1.4,5,shots_on_target,shots_on_target,CHARLOTTE,CHARLOTTE,1,top,Liel Abada,MLS,elite,2,2,1,1,1.0,0.875,1.0,0.75,,,1.0,1.0,-0.25,-0.25,False,False,Liel Abada,Liel Abada,CHARLOTTE,CINCINNATI,shots_on_target,3.5,28.0,Weak,0.0,1.4,liel abada,True,False
Liel Abada,liel abada,CHARLOTTE,MLS,1.4,5,shots_on_target,shots_on_target,CHARLOTTE,CHARLOTTE,1,top,Liel Abada,MLS,elite,2,2,1,1,1.0,0.875,1.0,0.75,,,1.0,1.0,-0.25,-0.25,False,False,Liel Abada,Liel Abada,CHARLOTTE,CINCINNATI,shots_on_target,4.5,28.0,Weak,0.0,1.4,liel abada,True,False
Liel Abada,liel abada,CHARLOTTE,MLS,1.4,5,shots_on_target,shots_on_target,CHARLOTTE,CHARLOTTE,1,top,Liel Abada,MLS,elite,2,2,1,1,1.0,0.875,1.0,0.75,,,1.0,1.0,-0.25,-0.25,False,False,Liel Abada,Liel Abada,CHARLOTTE,CINCINNATI,shots_on_target,1.5,28.0,Weak,0.6,1.4,liel abada,True,False
Liel Abada,liel abada,CHARLOTTE,MLS,1.4,5,shots_on_target,shots_on_target,CHARLOTTE,CHARLOTTE,1,top,Liel Abada,MLS,elite,2,2,1,1,1.0,0.875,1.0,0.75,,,1.0,1.0,-0.25,-0.25,False,False,Liel Abada,Liel Abada,CHARLOTTE,CINCINNATI,shots_on_target,0.5,28.0,Weak,0.8,1.4,liel abada,True,False
Idan Toklomati,idan toklomati,CHARLOTTE,MLS,1.0,5,shots_on_target,shots_on_target,CHARLOTTE,CHARLOTTE,2,top,Idan Toklomati,MLS,elite,2,2,1,1,0.0,-0.6666666666666666,-1.3333333333333333,0.0,,,0.0,0.0,1.3333333333333333,1.3333333333333333,False,False,Idan Toklomati,Idan Toklomati,CHARLOTTE,CINCINNATI,shots_on_target,2.5,28.0,Weak,0.0,1.0,idan toklomati,True,False
Idan Toklomati,idan toklomati,CHARLOTTE,MLS,1.0,5,shots_on_target,shots_on_target,CHARLOTTE,CHARLOTTE,2,top,Idan Toklomati,MLS,elite,2,2,1,1,0.0,-0.6666666666666666,-1.3333333333333333,0.0,,,0.0,0.0,1.3333333333333333,1.3333333333333333,False,False,Idan Toklomati,Idan Toklomati,CHARLOTTE,CINCINNATI,shots_on_target,1.5,28.0,Weak,0.4,1.0,idan toklomati,True,False
Idan Toklomati,idan toklomati,CHARLOTTE,MLS,1.0,5,shots_on_target,shots_on_target,CHARLOTTE,CHARLOTTE,2,top,Idan Toklomati,MLS,elite,2,2,1,1,0.0,-0.6666666666666666,-1.3333333333333333,0.0,,,0.0,0.0,1.3333333333333333,1.3333333333333333,False,False,Idan Toklomati,Idan Toklomati,CHARLOTTE,CINCINNATI,shots_on_target,0.5,28.0,Weak,0.6,1.0,idan toklomati,True,False
Allan Saint-Maximin,allan saint-maximin,CHARLOTTE,MLS,0.6,5,shots_on_target,shots_on_target,CHARLOTTE,CHARLOTTE,3,top,Allan Saint-Maximin,MLS,elite,2,2,1,1,0.5,-0.08333333333333331,-0.6666666666666666,0.5,,,1.0,0.0,1.1666666666666665,1.1666666666666665,False,False,Allan Saint-Maximin,Allan Saint-Maximin,CHARLOTTE,CINCINNATI,shots_on_target,2.5,28.0,Weak,0.0,0.6,allan saint-maximin,True,False
Allan Saint-Maximin,allan saint-maximin,CHARLOTTE,MLS,0.6,5,shots_on_target,shots_on_target,CHARLOTTE,CHARLOTTE,3,top,Allan Saint-Maximin,MLS,elite,2,2,1,1,0.5,-0.08333333333333331,-0.6666666666666666,0.5,,,1.0,0.0,1.1666666666666665,1.1666666666666665,False,False,Allan Saint-Maximin,Allan Saint-Maximin,CHARLOTTE,CINCINNATI,shots_on_target,1.5,28.0,Weak,0.2,0.6,allan saint-maximin,True,False
Allan Saint-Maximin,allan saint-maximin,CHARLOTTE,MLS,0.6,5,shots_on_target,shots_on_target,CHARLOTTE,CHARLOTTE,3,top,Allan Saint-Maximin,MLS,elite,2,2,1,1,0.5,-0.08333333333333331,-0.6666666666666666,0.5,,,1.0,0.0,1.1666666666666665,1.1666666666666665,False,False,Allan Saint-Maximin,Allan Saint-Maximin,CHARLOTTE,CINCINNATI,shots_on_target,0.5,28.0,Weak,0.4,0.6,allan saint-maximin,True,False
Alan Nwamba,alan nwamba,CHARLTON ATHLETIC,Championship,0.0,6,assists,assists,CHARLTON ATHLETIC,CHARLTON ATHLETIC,1,bottom,Alan Nwamba,Championship,elite,4,4,2,2,0.0,0.0,0.0,0.0,,,0.0,0.0,0.0,0.0,False,False,Alan Nwamba,,,,,,,,,,,True,False
Amari'i Bell,amari'i bell,CHARLTON ATHLETIC,Championship,0.0,6,assists,assists,CHARLTON ATHLETIC,CHARLTON ATHLETIC,2,bottom,Amari'i Bell,Championship,elite,4,4,2,2,0.0,0.0,0.0,0.0,,,0.0,0.0,0.0,0.0,False,False,Amari'i Bell,,,,,,,,,,,True,False
Arthur Okonkwo,arthur okonkwo,CHARLTON ATHLETIC,Championship,0.0,5,assists,assists,CHARLTON ATHLETIC,CHARLTON ATHLETIC,3,bottom,Arthur Okonkwo,Championship,elite,3,3,2,1,0.0,0.0,0.0,0.0,,,0.0,0.0,0.0,0.0,False,False,Arthur Okonkwo,,,,,,,,,,,True,False
Karlan Grant,karlan grant,CHARLTON ATHLETIC,Championship,0.16666666666666666,6,assists,assists,CHARLTON ATHLETIC,CHARLTON ATHLETIC,1,top,Karlan Grant,Championship,elite,4,4,2,2,0.0,-0.23749999999999996,-0.20833333333333331,-0.26666666666666666,,,0.0,0.0,-0.05833333333333335,-0.05833333333333335,False,False,Karlan Grant,,,,,,,,,,,True,False
Millenic Alli,millenic alli,CHARLTON ATHLETIC,Championship,0.16666666666666666,6,assists,assists,CHARLTON ATHLETIC,CHARLTON ATHLETIC,2,top,Millenic Alli,Championship,elite,4,4,2,2,0.25,0.12261904761904764,-0.17142857142857143,0.4166666666666667,,,0.5,0.0,0.5880952380952381,0.5880952380952381,False,False,Millenic Alli,,,,,,,,,,,True,False
Sonny Carey,sonny carey,CHARLTON ATHLETIC,Championship,0.16666666666666666,6,assists,assists,CHARLTON ATHLETIC,CHARLTON ATHLETIC,3,top,Sonny Carey,Championship,elite,4,4,2,2,0.0,-0.37976190476190474,-0.34285714285714286,-0.41666666666666663,,,0.0,0.0,-0.07380952380952377,-0.07380952380952377,False,True,Sonny Carey,,,,,,,,,,,True,False
Alan Nwamba,alan nwamba,CHARLTON ATHLETIC,Championship,0.0,6,goals,goals,CHARLTON ATHLETIC,CHARLTON ATHLETIC,1,bottom,Alan Nwamba,Championship,elite,4,4,2,2,0.0,0.0,0.0,0.0,,,0.0,0.0,0.0,0.0,False,False,Alan Nwamba,,,,,,,,,,,True,False
Amari'i Bell,amari'i bell,CHARLTON ATHLETIC,Championship,0.0,6,goals,goals,CHARLTON ATHLETIC,CHARLTON ATHLETIC,2,bottom,Amari'i Bell,Championship,elite,4,4,2,2,0.0,0.0,0.0,0.0,,,0.0,0.0,0.0,0.0,False,False,Amari'i Bell,,,,,,,,,,,True,False
Arthur Okonkwo,arthur okonkwo,CHARLTON ATHLETIC,Championship,0.0,5,goals,goals,CHARLTON ATHLETIC,CHARLTON ATHLETIC,3,bottom,Arthur Okonkwo,Championship,elite,3,3,2,1,0.0,0.0,0.0,0.0,,,0.0,0.0,0.0,0.0,False,False,Arthur Okonkwo,,,,,,,,,,,True,False
Tyreece Campbell,tyreece campbell,CHARLTON ATHLETIC,Championship,0.5,6,goals,goals,CHARLTON ATHLETIC,CHARLTON ATHLETIC,1,top,Tyreece Campbell,Championship,elite,4,4,2,2,0.25,-0.5541666666666667,-0.20833333333333331,-0.9,,,0.0,0.5,-0.6916666666666667,-0.6916666666666667,False,False,Tyreece Campbell,,,,,,,,,,,True,False
Lloyd Jones,lloyd jones,CHARLTON ATHLETIC,Championship,0.3333333333333333,6,goals,goals,CHARLTON ATHLETIC,CHARLTON ATHLETIC,2,top,Lloyd Jones,Championship,elite,4,4,2,2,0.0,-0.5696428571428571,-0.5142857142857142,-0.625,,,0.0,0.0,-0.11071428571428577,-0.11071428571428577,False,True,Lloyd Jones,,,,,,,,,,,True,False
Karlan Grant,karlan grant,CHARLTON ATHLETIC,Championship,0.16666666666666666,6,goals,goals,CHARLTON ATHLETIC,CHARLTON ATHLETIC,3,top,Karlan Grant,Championship,elite,4,4,2,2,0.25,0.09583333333333335,-0.20833333333333331,0.4,,,0.5,0.0,0.6083333333333334,0.6083333333333334,False,False,Karlan Grant,,,,,,,,,,,True,False
Tiernan Brooks,tiernan brooks,CHARLTON ATHLETIC,Championship,0.0,6,saves,saves,CHARLTON ATHLETIC,CHARLTON ATHLETIC,1,bottom,Tiernan Brooks,Championship,elite,4,4,2,2,0.0,-1.1392857142857142,-1.0285714285714285,-1.25,,,0.0,0.0,-0.22142857142857153,-0.22142857142857153,False,True,Tiernan Brooks,,,,,,,,,,,True,False
Arthur Okonkwo,arthur okonkwo,CHARLTON ATHLETIC,Championship,3.4,5,saves,saves,CHARLTON ATHLETIC,CHARLTON ATHLETIC,2,bottom,Arthur Okonkwo,Championship,elite,3,3,2,1,0.3333333333333333,-0.25,-1.0,1.25,,,1.0,0.0,2.25,2.25,False,True,Arthur Okonkwo,,,,,,,,,,,True,False
Arthur Okonkwo,arthur okonkwo,CHARLTON ATHLETIC,Championship,3.4,5,saves,saves,CHARLTON ATHLETIC,CHARLTON ATHLETIC,1,top,Arthur Okonkwo,Championship,elite,3,3,2,1,0.3333333333333333,-0.25,-1.0,1.25,,,1.0,0.0,2.25,2.25,False,True,Arthur Okonkwo,,,,,,,,,,,True,False
Tiernan Brooks,tiernan brooks,CHARLTON ATHLETIC,Championship,0.0,6,saves,saves,CHARLTON ATHLETIC,CHARLTON ATHLETIC,2,top,Tiernan Brooks,Championship,elite,4,4,2,2,0.0,-1.1392857142857142,-1.0285714285714285,-1.25,,,0.0,0.0,-0.22142857142857153,-0.22142857142857153,False,True,Tiernan Brooks,,,,,,,,,,,True,False
Amari'i Bell,amari'i bell,CHARLTON ATHLETIC,Championship,0.0,6,shots,shots,CHARLTON ATHLETIC,CHARLTON ATHLETIC,1,bottom,Amari'i Bell,Championship,elite,4,4,2,2,0.0,0.0,0.0,0.0,,,0.0,0.0,0.0,0.0,False,False,Amari'i Bell,,,,,,,,,,,True,False
Arthur Okonkwo,arthur okonkwo,CHARLTON ATHLETIC,Championship,0.0,5,shots,shots,CHARLTON ATHLETIC,CHARLTON ATHLETIC,2,bottom,Arthur Okonkwo,Championship,elite,3,3,2,1,0.0,0.0,0.0,0.0,,,0.0,0.0,0.0,0.0,False,False,Arthur Okonkwo,,,,,,,,,,,True,False
Harvey Knibbs,harvey knibbs,CHARLTON ATHLETIC,Championship,0.0,6,shots,shots,CHARLTON ATHLETIC,CHARLTON ATHLETIC,3,bottom,Harvey Knibbs,Championship,elite,4,4,2,2,0.0,0.0,0.0,0.0,,,0.0,0.0,0.0,0.0,False,False,Harvey Knibbs,,,,,,,,,,,True,False
Karlan Grant,karlan grant,CHARLTON ATHLETIC,Championship,1.6666666666666667,6,shots,shots,CHARLTON ATHLETIC,CHARLTON ATHLETIC,1,top,Karlan Grant,Championship,elite,4,4,2,2,0.25,-0.25000000000000006,-1.6666666666666665,1.1666666666666665,,,0.5,0.0,2.833333333333333,2.833333333333333,False,True,Karlan Grant,,,,,,,,,,,True,False
Tyreece Campbell,tyreece campbell,CHARLTON ATHLETIC,Championship,1.6666666666666667,6,shots,shots,CHARLTON ATHLETIC,CHARLTON ATHLETIC,2,top,Tyreece Campbell,Championship,elite,4,4,2,2,0.25,-0.8375,-1.0416666666666667,-0.6333333333333333,,,0.5,0.0,0.40833333333333344,0.40833333333333344,False,True,Tyreece Campbell,,,,,,,,,,,True,False
Miles Leaburn,miles leaburn,CHARLTON ATHLETIC,Championship,1.1666666666666667,6,shots,shots,CHARLTON ATHLETIC,CHARLTON ATHLETIC,3,top,Miles Leaburn,Championship,elite,4,4,2,2,0.75,0.7880952380952381,1.2428571428571429,0.3333333333333333,,,0.5,1.0,-0.9095238095238096,-0.9095238095238096,False,False,Miles Leaburn,,,,,,,,,,,True,False
Alan Nwamba,alan nwamba,CHARLTON ATHLETIC,Championship,0.0,6,shots_on_target,shots_on_target,CHARLTON ATHLETIC,CHARLTON ATHLETIC,1,bottom,Alan Nwamba,Championship,elite,4,4,2,2,0.0,0.0,0.0,0.0,,,0.0,0.0,0.0,0.0,False,False,Alan Nwamba,,,,,,,,,,,True,False
Amari'i Bell,amari'i bell,CHARLTON ATHLETIC,Championship,0.0,6,shots_on_target,shots_on_target,CHARLTON ATHLETIC,CHARLTON ATHLETIC,2,bottom,Amari'i Bell,Championship,elite,4,4,2,2,0.0,0.0,0.0,0.0,,,0.0,0.0,0.0,0.0,False,False,Amari'i Bell,,,,,,,,,,,True,False
Arthur Okonkwo,arthur okonkwo,CHARLTON ATHLETIC,Championship,0.0,5,shots_on_target,shots_on_target,CHARLTON ATHLETIC,CHARLTON ATHLETIC,3,bottom,Arthur Okonkwo,Championship,elite,3,3,2,1,0.0,0.0,0.0,0.0,,,0.0,0.0,0.0,0.0,False,False,Arthur Okonkwo,,,,,,,,,,,True,False
Lloyd Jones,lloyd jones,CHARLTON ATHLETIC,Championship,0.6666666666666666,6,shots_on_target,shots_on_target,CHARLTON ATHLETIC,CHARLTON ATHLETIC,1,top,Lloyd Jones,Championship,elite,4,4,2,2,0.25,-0.5452380952380953,-0.7571428571428571,-0.3333333333333333,,,0.5,0.0,0.4238095238095238,0.4238095238095238,False,True,Lloyd Jones,,,,,,,,,,,True,False
Tyreece Campbell,tyreece campbell,CHARLTON ATHLETIC,Championship,0.6666666666666666,6,shots_on_target,shots_on_target,CHARLTON ATHLETIC,CHARLTON ATHLETIC,2,top,Tyreece Campbell,Championship,elite,4,4,2,2,0.0,-1.0291666666666668,-0.625,-1.4333333333333333,,,0.0,0.0,-0.8083333333333333,-0.8083333333333333,False,True,Tyreece Campbell,,,,,,,,,,,True,False
Karlan Grant,karlan grant,CHARLTON ATHLETIC,Championship,0.5,6,shots_on_target,shots_on_target,CHARLTON ATHLETIC,CHARLTON ATHLETIC,3,top,Karlan Grant,Championship,elite,4,4,2,2,0.5,-0.1708333333333333,-0.7083333333333333,0.3666666666666667,,,1.0,0.0,1.075,1.075,True,True,Karlan Grant,,,,,,,,,,,True,False
Anton Saletros,anton saletros,CHICAGO,MLS,0.0,5,assists,assists,CHICAGO,CHICAGO,1,bottom,Anton Saletros,MLS,weak,2,2,0,2,0.0,0.0,,0.0,,,0.0,,,,False,False,Anton Saletros,,,,,,,,,,,True,False
Chris Brady,chris brady,CHICAGO,MLS,0.0,5,assists,assists,CHICAGO,CHICAGO,2,bottom,Chris Brady,MLS,weak,2,2,0,2,0.0,0.0,,0.0,,,0.0,,,,False,False,Chris Brady,,,,,,,,,,,True,False
D'Avilla Dje Tah,d'avilla dje tah,CHICAGO,MLS,0.0,5,assists,assists,CHICAGO,CHICAGO,3,bottom,D'Avilla Dje Tah,MLS,weak,2,2,0,2,0.0,0.0,,0.0,,,0.0,,,,False,False,D'Avilla Dje Tah,,,,,,,,,,,True,False
Robert Lewandowski,robert lewandowski,CHICAGO,MLS,0.4,5,assists,assists,CHICAGO,CHICAGO,1,top,Robert Lewandowski,MLS,weak,2,2,0,2,0.5,0.08333333333333337,,0.08333333333333337,,,0.5,,,,False,False,Robert Lewandowski,,,,,,,,,,,True,False
Andrew Gutman,andrew gutman,CHICAGO,MLS,0.2,5,assists,assists,CHICAGO,CHICAGO,2,top,Andrew Gutman,MLS,weak,2,2,0,2,0.5,0.5,,0.5,,,0.5,,,,False,False,Andrew Gutman,,,,,,,,,,,True,False
Puso Dithejane,puso dithejane,CHICAGO,MLS,0.2,5,assists,assists,CHICAGO,CHICAGO,3,top,Puso Dithejane,MLS,weak,2,2,0,2,0.0,-0.29166666666666663,,-0.29166666666666663,,,0.0,,,,False,False,Puso Dithejane,,,,,,,,,,,True,False
Andrew Gutman,andrew gutman,CHICAGO,MLS,0.0,5,goals,goals,CHICAGO,CHICAGO,1,bottom,Andrew Gutman,MLS,weak,2,2,0,2,0.0,0.0,,0.0,,,0.0,,,,False,False,Andrew Gutman,,,,,,,,,,,True,False
Anton Saletros,anton saletros,CHICAGO,MLS,0.0,5,goals,goals,CHICAGO,CHICAGO,2,bottom,Anton Saletros,MLS,weak,2,2,0,2,0.0,0.0,,0.0,,,0.0,,,,False,False,Anton Saletros,,,,,,,,,,,True,False
Chris Brady,chris brady,CHICAGO,MLS,0.0,5,goals,goals,CHICAGO,CHICAGO,3,bottom,Chris Brady,MLS,weak,2,2,0,2,0.0,0.0,,0.0,,,0.0,,,,False,False,Chris Brady,,,,,,,,,,,True,False
Maren Haile-Selassie,maren haile-selassie,CHICAGO,MLS,0.8,5,goals,goals,CHICAGO,CHICAGO,1,top,Maren Haile-Selassie,MLS,weak,2,2,0,2,0.5,0.16666666666666674,,0.16666666666666674,,,0.5,,,,False,False,Maren Haile-Selassie,,,,,,,,,,,True,False
Robert Lewandowski,robert lewandowski,CHICAGO,MLS,0.8,5,goals,goals,CHICAGO,CHICAGO,2,top,Robert Lewandowski,MLS,weak,2,2,0,2,1.0,0.2916666666666667,,0.2916666666666667,,,1.0,,,,False,False,Robert Lewandowski,,,,,,,,,,,True,False
Puso Dithejane,puso dithejane,CHICAGO,MLS,0.2,5,goals,goals,CHICAGO,CHICAGO,3,top,Puso Dithejane,MLS,weak,2,2,0,2,0.0,-0.29166666666666663,,-0.29166666666666663,,,0.0,,,,False,False,Puso Dithejane,,,,,,,,,,,True,False
Josh Cohen,josh cohen,CHICAGO,MLS,0.0,5,saves,saves,CHICAGO,CHICAGO,1,bottom,Josh Cohen,MLS,weak,2,2,0,2,0.0,0.0,,0.0,,,0.0,,,,False,False,Josh Cohen,,,,,,,,,,,True,False
Chris Brady,chris brady,CHICAGO,MLS,4.0,5,saves,saves,CHICAGO,CHICAGO,2,bottom,Chris Brady,MLS,weak,2,2,0,2,1.0,1.5833333333333333,,1.5833333333333333,,,1.0,,,,False,False,Chris Brady,,,,,,,,,,,True,False
Chris Brady,chris brady,CHICAGO,MLS,4.0,5,saves,saves,CHICAGO,CHICAGO,1,top,Chris Brady,MLS,weak,2,2,0,2,1.0,1.5833333333333333,,1.5833333333333333,,,1.0,,,,False,False,Chris Brady,,,,,,,,,,,True,False
Josh Cohen,josh cohen,CHICAGO,MLS,0.0,5,saves,saves,CHICAGO,CHICAGO,2,top,Josh Cohen,MLS,weak,2,2,0,2,0.0,0.0,,0.0,,,0.0,,,,False,False,Josh Cohen,,,,,,,,,,,True,False
Chris Brady,chris brady,CHICAGO,MLS,0.0,5,shots,shots,CHICAGO,CHICAGO,1,bottom,Chris Brady,MLS,weak,2,2,0,2,0.0,0.0,,0.0,,,0.0,,,,False,False,Chris Brady,,,,,,,,,,,True,False
Jonathan Dean,jonathan dean,CHICAGO,MLS,0.0,5,shots,shots,CHICAGO,CHICAGO,2,bottom,Jonathan Dean,MLS,weak,2,2,0,2,0.0,0.0,,0.0,,,0.0,,,,False,False,Jonathan Dean,,,,,,,,,,,True,False
Josh Cohen,josh cohen,CHICAGO,MLS,0.0,5,shots,shots,CHICAGO,CHICAGO,3,bottom,Josh Cohen,MLS,weak,2,2,0,2,0.0,0.0,,0.0,,,0.0,,,,False,False,Josh Cohen,,,,,,,,,,,True,False
Maren Haile-Selassie,maren haile-selassie,CHICAGO,MLS,2.6,5,shots,shots,CHICAGO,CHICAGO,1,top,Maren Haile-Selassie,MLS,weak,2,2,0,2,0.5,1.125,,1.125,,,0.5,,,,False,False,Maren Haile-Selassie,,,,,,,,,,,True,False
Robert Lewandowski,robert lewandowski,CHICAGO,MLS,2.0,5,shots,shots,CHICAGO,CHICAGO,2,top,Robert Lewandowski,MLS,weak,2,2,0,2,0.5,-0.125,,-0.125,,,0.5,,,,False,False,Robert Lewandowski,,,,,,,,,,,True,False
Anton Saletros,anton saletros,CHICAGO,MLS,1.4,5,shots,shots,CHICAGO,CHICAGO,3,top,Anton Saletros,MLS,weak,2,2,0,2,1.0,0.875,,0.875,,,1.0,,,,False,False,Anton Saletros,,,,,,,,,,,True,False
Andrew Gutman,andrew gutman,CHICAGO,MLS,0.0,5,shots_on_target,shots_on_target,CHICAGO,CHICAGO,1,bottom,Andrew Gutman,MLS,weak,2,2,0,2,0.0,0.0,,0.0,,,0.0,,,,False,False,Andrew Gutman,,,,,,,,,,,True,False
Chris Brady,chris brady,CHICAGO,MLS,0.0,5,shots_on_target,shots_on_target,CHICAGO,CHICAGO,2,bottom,Chris Brady,MLS,weak,2,2,0,2,0.0,0.0,,0.0,,,0.0,,,,False,False,Chris Brady,,,,,,,,,,,True,False
Jonathan Dean,jonathan dean,CHICAGO,MLS,0.0,5,shots_on_target,shots_on_target,CHICAGO,CHICAGO,3,bottom,Jonathan Dean,MLS,weak,2,2,0,2,0.0,0.0,,0.0,,,0.0,,,,False,False,Jonathan Dean,,,,,,,,,,,True,False
Maren Haile-Selassie,maren haile-selassie,CHICAGO,MLS,1.4,5,shots_on_target,shots_on_target,CHICAGO,CHICAGO,1,top,Maren Haile-Selassie,MLS,weak,2,2,0,2,0.5,-0.04166666666666663,,-0.04166666666666663,,,0.5,,,,False,False,Maren Haile-Selassie,,,,,,,,,,,True,False
Robert Lewandowski,robert lewandowski,CHICAGO,MLS,1.2,5,shots_on_target,shots_on_target,CHICAGO,CHICAGO,2,top,Robert Lewandowski,MLS,weak,2,2,0,2,0.5,0.375,,0.375,,,0.5,,,,False,False,Robert Lewandowski,,,,,,,,,,,True,False
Puso Dithejane,puso dithejane,CHICAGO,MLS,0.6,5,shots_on_target,shots_on_target,CHICAGO,CHICAGO,3,top,Puso Dithejane,MLS,weak,2,2,0,2,0.5,-0.08333333333333331,,-0.08333333333333331,,,0.5,,,,False,False,Puso Dithejane,,,,,,,,,,,True,False
Alvas Powell,alvas powell,CINCINNATI,MLS,0.0,5,assists,assists,CINCINNATI,CINCINNATI,1,bottom,Alvas Powell,MLS,mid,2,2,0,1,0.0,0.0,,0.0,0.0,,0.0,,,,False,False,Alvas Powell,Alvas Powell,CINCINNATI,CHARLOTTE,assists,0.5,13.0,Avg,0.0,0.0,alvas powell,True,False
Ayoub Jabbari,ayoub jabbari,CINCINNATI,MLS,0.0,5,assists,assists,CINCINNATI,CINCINNATI,2,bottom,Ayoub Jabbari,MLS,mid,2,2,0,1,0.0,0.0,,0.0,0.0,,0.0,,,,False,False,Ayoub Jabbari,Ayoub Jabbari,CINCINNATI,CHARLOTTE,assists,0.5,13.0,Avg,0.0,0.0,ayoub jabbari,True,False
Bryan Ramirez,bryan ramirez,CINCINNATI,MLS,0.0,5,assists,assists,CINCINNATI,CINCINNATI,3,bottom,Bryan Ramirez,MLS,mid,2,2,0,1,0.0,0.0,,0.0,0.0,,0.0,,,,False,False,Bryan Ramirez,Bryan Ramírez,CINCINNATI,CHARLOTTE,assists,0.5,13.0,Avg,0.0,0.0,bryan ramirez,True,False
Gerardo Valenzuela,gerardo valenzuela,CINCINNATI,MLS,0.2,5,assists,assists,CINCINNATI,CINCINNATI,1,top,Gerardo Valenzuela,MLS,mid,2,2,0,1,0.0,-0.29166666666666663,,-0.25,-0.3333333333333333,,0.0,,,,False,False,Gerardo Valenzuela,Gerardo Valenzuela,CINCINNATI,CHARLOTTE,assists,0.5,13.0,Avg,0.2,0.2,gerardo valenzuela,True,False
Alvas Powell,alvas powell,CINCINNATI,MLS,0.0,5,assists,assists,CINCINNATI,CINCINNATI,2,top,Alvas Powell,MLS,mid,2,2,0,1,0.0,0.0,,0.0,0.0,,0.0,,,,False,False,Alvas Powell,Alvas Powell,CINCINNATI,CHARLOTTE,assists,0.5,13.0,Avg,0.0,0.0,alvas powell,True,False
Ayoub Jabbari,ayoub jabbari,CINCINNATI,MLS,0.0,5,assists,assists,CINCINNATI,CINCINNATI,3,top,Ayoub Jabbari,MLS,mid,2,2,0,1,0.0,0.0,,0.0,0.0,,0.0,,,,False,False,Ayoub Jabbari,Ayoub Jabbari,CINCINNATI,CHARLOTTE,assists,0.5,13.0,Avg,0.0,0.0,ayoub jabbari,True,False
Alvas Powell,alvas powell,CINCINNATI,MLS,0.0,5,goals,goals,CINCINNATI,CINCINNATI,1,bottom,Alvas Powell,MLS,mid,2,2,0,1,0.0,0.0,,0.0,0.0,,0.0,,,,False,False,Alvas Powell,Alvas Powell,CINCINNATI,CHARLOTTE,goals,0.5,13.0,Avg,0.0,0.0,alvas powell,True,False
Ayoub Jabbari,ayoub jabbari,CINCINNATI,MLS,0.0,5,goals,goals,CINCINNATI,CINCINNATI,2,bottom,Ayoub Jabbari,MLS,mid,2,2,0,1,0.0,0.0,,0.0,0.0,,0.0,,,,False,False,Ayoub Jabbari,Ayoub Jabbari,CINCINNATI,CHARLOTTE,goals,1.5,13.0,Avg,0.0,0.0,ayoub jabbari,True,False
Ayoub Jabbari,ayoub jabbari,CINCINNATI,MLS,0.0,5,goals,goals,CINCINNATI,CINCINNATI,2,bottom,Ayoub Jabbari,MLS,mid,2,2,0,1,0.0,0.0,,0.0,0.0,,0.0,,,,False,False,Ayoub Jabbari,Ayoub Jabbari,CINCINNATI,CHARLOTTE,goals,0.5,13.0,Avg,0.0,0.0,ayoub jabbari,True,False
Bryan Ramirez,bryan ramirez,CINCINNATI,MLS,0.0,5,goals,goals,CINCINNATI,CINCINNATI,3,bottom,Bryan Ramirez,MLS,mid,2,2,0,1,0.0,0.0,,0.0,0.0,,0.0,,,,False,False,Bryan Ramirez,Bryan Ramírez,CINCINNATI,CHARLOTTE,goals,0.5,13.0,Avg,0.0,0.0,bryan ramirez,True,False
Evander,evander,CINCINNATI,MLS,0.4,5,goals,goals,CINCINNATI,CINCINNATI,1,top,Evander,MLS,mid,2,2,0,1,0.0,-0.5833333333333333,,-0.5,-0.6666666666666666,,0.0,,,,False,False,Evander,Evander,CINCINNATI,CHARLOTTE,goals,1.5,13.0,Avg,0.0,0.4,evander,True,False
Evander,evander,CINCINNATI,MLS,0.4,5,goals,goals,CINCINNATI,CINCINNATI,1,top,Evander,MLS,mid,2,2,0,1,0.0,-0.5833333333333333,,-0.5,-0.6666666666666666,,0.0,,,,False,False,Evander,Evander,CINCINNATI,CHARLOTTE,goals,0.5,13.0,Avg,0.4,0.4,evander,True,False
Kenji Mboma Dem,kenji mboma dem,CINCINNATI,MLS,0.2,5,goals,goals,CINCINNATI,CINCINNATI,2,top,Kenji Mboma Dem,MLS,mid,2,2,0,1,0.0,-0.29166666666666663,,-0.25,-0.3333333333333333,,0.0,,,,False,False,Kenji Mboma Dem,Kenji Mboma Dem,CINCINNATI,CHARLOTTE,goals,1.5,13.0,Avg,0.0,0.2,kenji mboma dem,True,False
Kenji Mboma Dem,kenji mboma dem,CINCINNATI,MLS,0.2,5,goals,goals,CINCINNATI,CINCINNATI,2,top,Kenji Mboma Dem,MLS,mid,2,2,0,1,0.0,-0.29166666666666663,,-0.25,-0.3333333333333333,,0.0,,,,False,False,Kenji Mboma Dem,Kenji Mboma Dem,CINCINNATI,CHARLOTTE,goals,0.5,13.0,Avg,0.2,0.2,kenji mboma dem,True,False
Alvas Powell,alvas powell,CINCINNATI,MLS,0.0,5,goals,goals,CINCINNATI,CINCINNATI,3,top,Alvas Powell,MLS,mid,2,2,0,1,0.0,0.0,,0.0,0.0,,0.0,,,,False,False,Alvas Powell,Alvas Powell,CINCINNATI,CHARLOTTE,goals,0.5,13.0,Avg,0.0,0.0,alvas powell,True,False
Evan Louro,evan louro,CINCINNATI,MLS,0.0,5,saves,saves,CINCINNATI,CINCINNATI,1,bottom,Evan Louro,MLS,mid,2,2,0,1,0.0,0.0,,0.0,0.0,,0.0,,,,False,False,Evan Louro,,,,,,,,,,,True,False
Roman Celentano,roman celentano,CINCINNATI,MLS,2.8,5,saves,saves,CINCINNATI,CINCINNATI,2,bottom,Roman Celentano,MLS,mid,2,2,0,1,0.0,-3.2916666666666665,,-2.25,-4.333333333333333,,0.0,,,,False,False,Roman Celentano,Roman Celentano,CINCINNATI,CHARLOTTE,saves,3.0,13.0,Avg,0.4,2.8,roman celentano,True,False
Roman Celentano,roman celentano,CINCINNATI,MLS,2.8,5,saves,saves,CINCINNATI,CINCINNATI,2,bottom,Roman Celentano,MLS,mid,2,2,0,1,0.0,-3.2916666666666665,,-2.25,-4.333333333333333,,0.0,,,,False,False,Roman Celentano,Roman Celentano,CINCINNATI,CHARLOTTE,saves,4.5,13.0,Avg,0.2,2.8,roman celentano,True,False
Roman Celentano,roman celentano,CINCINNATI,MLS,2.8,5,saves,saves,CINCINNATI,CINCINNATI,2,bottom,Roman Celentano,MLS,mid,2,2,0,1,0.0,-3.2916666666666665,,-2.25,-4.333333333333333,,0.0,,,,False,False,Roman Celentano,Roman Celentano,CINCINNATI,CHARLOTTE,saves,3.5,13.0,Avg,0.4,2.8,roman celentano,True,False
Roman Celentano,roman celentano,CINCINNATI,MLS,2.8,5,saves,saves,CINCINNATI,CINCINNATI,2,bottom,Roman Celentano,MLS,mid,2,2,0,1,0.0,-3.2916666666666665,,-2.25,-4.333333333333333,,0.0,,,,False,False,Roman Celentano,Roman Celentano,CINCINNATI,CHARLOTTE,saves,2.5,13.0,Avg,0.4,2.8,roman celentano,True,False
Roman Celentano,roman celentano,CINCINNATI,MLS,2.8,5,saves,saves,CINCINNATI,CINCINNATI,2,bottom,Roman Celentano,MLS,mid,2,2,0,1,0.0,-3.2916666666666665,,-2.25,-4.333333333333333,,0.0,,,,False,False,Roman Celentano,Roman Celentano,CINCINNATI,CHARLOTTE,saves,1.5,13.0,Avg,0.6,2.8,roman celentano,True,False
Roman Celentano,roman celentano,CINCINNATI,MLS,2.8,5,saves,saves,CINCINNATI,CINCINNATI,1,top,Roman Celentano,MLS,mid,2,2,0,1,0.0,-3.2916666666666665,,-2.25,-4.333333333333333,,0.0,,,,False,False,Roman Celentano,Roman Celentano,CINCINNATI,CHARLOTTE,saves,3.0,13.0,Avg,0.4,2.8,roman celentano,True,False
Roman Celentano,roman celentano,CINCINNATI,MLS,2.8,5,saves,saves,CINCINNATI,CINCINNATI,1,top,Roman Celentano,MLS,mid,2,2,0,1,0.0,-3.2916666666666665,,-2.25,-4.333333333333333,,0.0,,,,False,False,Roman Celentano,Roman Celentano,CINCINNATI,CHARLOTTE,saves,4.5,13.0,Avg,0.2,2.8,roman celentano,True,False
Roman Celentano,roman celentano,CINCINNATI,MLS,2.8,5,saves,saves,CINCINNATI,CINCINNATI,1,top,Roman Celentano,MLS,mid,2,2,0,1,0.0,-3.2916666666666665,,-2.25,-4.333333333333333,,0.0,,,,False,False,Roman Celentano,Roman Celentano,CINCINNATI,CHARLOTTE,saves,3.5,13.0,Avg,0.4,2.8,roman celentano,True,False
Roman Celentano,roman celentano,CINCINNATI,MLS,2.8,5,saves,saves,CINCINNATI,CINCINNATI,1,top,Roman Celentano,MLS,mid,2,2,0,1,0.0,-3.2916666666666665,,-2.25,-4.333333333333333,,0.0,,,,False,False,Roman Celentano,Roman Celentano,CINCINNATI,CHARLOTTE,saves,2.5,13.0,Avg,0.4,2.8,roman celentano,True,False
Roman Celentano,roman celentano,CINCINNATI,MLS,2.8,5,saves,saves,CINCINNATI,CINCINNATI,1,top,Roman Celentano,MLS,mid,2,2,0,1,0.0,-3.2916666666666665,,-2.25,-4.333333333333333,,0.0,,,,False,False,Roman Celentano,Roman Celentano,CINCINNATI,CHARLOTTE,saves,1.5,13.0,Avg,0.6,2.8,roman celentano,True,False
Evan Louro,evan louro,CINCINNATI,MLS,0.0,5,saves,saves,CINCINNATI,CINCINNATI,2,top,Evan Louro,MLS,mid,2,2,0,1,0.0,0.0,,0.0,0.0,,0.0,,,,False,False,Evan Louro,,,,,,,,,,,True,False
Alvas Powell,alvas powell,CINCINNATI,MLS,0.0,5,shots,shots,CINCINNATI,CINCINNATI,1,bottom,Alvas Powell,MLS,mid,2,2,0,1,0.0,0.0,,0.0,0.0,,0.0,,,,False,False,Alvas Powell,Alvas Powell,CINCINNATI,CHARLOTTE,shots,2.5,13.0,Avg,0.0,0.0,alvas powell,True,False
Alvas Powell,alvas powell,CINCINNATI,MLS,0.0,5,shots,shots,CINCINNATI,CINCINNATI,1,bottom,Alvas Powell,MLS,mid,2,2,0,1,0.0,0.0,,0.0,0.0,,0.0,,,,False,False,Alvas Powell,Alvas Powell,CINCINNATI,CHARLOTTE,shots,3.5,13.0,Avg,0.0,0.0,alvas powell,True,False
Alvas Powell,alvas powell,CINCINNATI,MLS,0.0,5,shots,shots,CINCINNATI,CINCINNATI,1,bottom,Alvas Powell,MLS,mid,2,2,0,1,0.0,0.0,,0.0,0.0,,0.0,,,,False,False,Alvas Powell,Alvas Powell,CINCINNATI,CHARLOTTE,shots,1.5,13.0,Avg,0.0,0.0,alvas powell,True,False
Alvas Powell,alvas powell,CINCINNATI,MLS,0.0,5,shots,shots,CINCINNATI,CINCINNATI,1,bottom,Alvas Powell,MLS,mid,2,2,0,1,0.0,0.0,,0.0,0.0,,0.0,,,,False,False,Alvas Powell,Alvas Powell,CINCINNATI,CHARLOTTE,shots,0.5,13.0,Avg,0.0,0.0,alvas powell,True,False
Evan Louro,evan louro,CINCINNATI,MLS,0.0,5,shots,shots,CINCINNATI,CINCINNATI,2,bottom,Evan Louro,MLS,mid,2,2,0,1,0.0,0.0,,0.0,0.0,,0.0,,,,False,False,Evan Louro,,,,,,,,,,,True,False
Nick Hagglund,nick hagglund,CINCINNATI,MLS,0.0,5,shots,shots,CINCINNATI,CINCINNATI,3,bottom,Nick Hagglund,MLS,mid,2,2,0,1,0.0,0.0,,0.0,0.0,,0.0,,,,False,False,Nick Hagglund,Nick Hagglund,CINCINNATI,CHARLOTTE,shots,2.5,13.0,Avg,0.0,0.0,nick hagglund,True,False
Nick Hagglund,nick hagglund,CINCINNATI,MLS,0.0,5,shots,shots,CINCINNATI,CINCINNATI,3,bottom,Nick Hagglund,MLS,mid,2,2,0,1,0.0,0.0,,0.0,0.0,,0.0,,,,False,False,Nick Hagglund,Nick Hagglund,CINCINNATI,CHARLOTTE,shots,1.5,13.0,Avg,0.0,0.0,nick hagglund,True,False
Nick Hagglund,nick hagglund,CINCINNATI,MLS,0.0,5,shots,shots,CINCINNATI,CINCINNATI,3,bottom,Nick Hagglund,MLS,mid,2,2,0,1,0.0,0.0,,0.0,0.0,,0.0,,,,False,False,Nick Hagglund,Nick Hagglund,CINCINNATI,CHARLOTTE,shots,0.5,13.0,Avg,0.0,0.0,nick hagglund,True,False
Evander,evander,CINCINNATI,MLS,2.6,5,shots,shots,CINCINNATI,CINCINNATI,1,top,Evander,MLS,mid,2,2,0,1,0.0,-3.7916666666666665,,-3.25,-4.333333333333333,,0.0,,,,False,False,Evander,,,,,,,,,,,True,False
Kenji Mboma Dem,kenji mboma dem,CINCINNATI,MLS,1.2,5,shots,shots,CINCINNATI,CINCINNATI,2,top,Kenji Mboma Dem,MLS,mid,2,2,0,1,0.0,-1.75,,-1.5,-2.0,,0.0,,,,False,False,Kenji Mboma Dem,Kenji Mboma Dem,CINCINNATI,CHARLOTTE,shots,5.5,13.0,Avg,0.0,1.2,kenji mboma dem,True,False
Kenji Mboma Dem,kenji mboma dem,CINCINNATI,MLS,1.2,5,shots,shots,CINCINNATI,CINCINNATI,2,top,Kenji Mboma Dem,MLS,mid,2,2,0,1,0.0,-1.75,,-1.5,-2.0,,0.0,,,,False,False,Kenji Mboma Dem,Kenji Mboma Dem,CINCINNATI,CHARLOTTE,shots,7.5,13.0,Avg,0.0,1.2,kenji mboma dem,True,False
Kenji Mboma Dem,kenji mboma dem,CINCINNATI,MLS,1.2,5,shots,shots,CINCINNATI,CINCINNATI,2,top,Kenji Mboma Dem,MLS,mid,2,2,0,1,0.0,-1.75,,-1.5,-2.0,,0.0,,,,False,False,Kenji Mboma Dem,Kenji Mboma Dem,CINCINNATI,CHARLOTTE,shots,3.5,13.0,Avg,0.2,1.2,kenji mboma dem,True,False
Kenji Mboma Dem,kenji mboma dem,CINCINNATI,MLS,1.2,5,shots,shots,CINCINNATI,CINCINNATI,2,top,Kenji Mboma Dem,MLS,mid,2,2,0,1,0.0,-1.75,,-1.5,-2.0,,0.0,,,,False,False,Kenji Mboma Dem,Kenji Mboma Dem,CINCINNATI,CHARLOTTE,shots,2.5,13.0,Avg,0.2,1.2,kenji mboma dem,True,False
Kenji Mboma Dem,kenji mboma dem,CINCINNATI,MLS,1.2,5,shots,shots,CINCINNATI,CINCINNATI,2,top,Kenji Mboma Dem,MLS,mid,2,2,0,1,0.0,-1.75,,-1.5,-2.0,,0.0,,,,False,False,Kenji Mboma Dem,Kenji Mboma Dem,CINCINNATI,CHARLOTTE,shots,1.5,13.0,Avg,0.4,1.2,kenji mboma dem,True,False
Ayoub Jabbari,ayoub jabbari,CINCINNATI,MLS,1.0,5,shots,shots,CINCINNATI,CINCINNATI,3,top,Ayoub Jabbari,MLS,mid,2,2,0,1,0.0,-1.4583333333333335,,-1.25,-1.6666666666666667,,0.0,,,,False,False,Ayoub Jabbari,Ayoub Jabbari,CINCINNATI,CHARLOTTE,shots,5.5,13.0,Avg,0.0,1.0,ayoub jabbari,True,False
Ayoub Jabbari,ayoub jabbari,CINCINNATI,MLS,1.0,5,shots,shots,CINCINNATI,CINCINNATI,3,top,Ayoub Jabbari,MLS,mid,2,2,0,1,0.0,-1.4583333333333335,,-1.25,-1.6666666666666667,,0.0,,,,False,False,Ayoub Jabbari,Ayoub Jabbari,CINCINNATI,CHARLOTTE,shots,6.5,13.0,Avg,0.0,1.0,ayoub jabbari,True,False
Ayoub Jabbari,ayoub jabbari,CINCINNATI,MLS,1.0,5,shots,shots,CINCINNATI,CINCINNATI,3,top,Ayoub Jabbari,MLS,mid,2,2,0,1,0.0,-1.4583333333333335,,-1.25,-1.6666666666666667,,0.0,,,,False,False,Ayoub Jabbari,Ayoub Jabbari,CINCINNATI,CHARLOTTE,shots,3.5,13.0,Avg,0.2,1.0,ayoub jabbari,True,False
Ayoub Jabbari,ayoub jabbari,CINCINNATI,MLS,1.0,5,shots,shots,CINCINNATI,CINCINNATI,3,top,Ayoub Jabbari,MLS,mid,2,2,0,1,0.0,-1.4583333333333335,,-1.25,-1.6666666666666667,,0.0,,,,False,False,Ayoub Jabbari,Ayoub Jabbari,CINCINNATI,CHARLOTTE,shots,2.5,13.0,Avg,0.2,1.0,ayoub jabbari,True,False
Ayoub Jabbari,ayoub jabbari,CINCINNATI,MLS,1.0,5,shots,shots,CINCINNATI,CINCINNATI,3,top,Ayoub Jabbari,MLS,mid,2,2,0,1,0.0,-1.4583333333333335,,-1.25,-1.6666666666666667,,0.0,,,,False,False,Ayoub Jabbari,Ayoub Jabbari,CINCINNATI,CHARLOTTE,shots,1.5,13.0,Avg,0.2,1.0,ayoub jabbari,True,False
Alvas Powell,alvas powell,CINCINNATI,MLS,0.0,5,shots_on_target,shots_on_target,CINCINNATI,CINCINNATI,1,bottom,Alvas Powell,MLS,mid,2,2,0,1,0.0,0.0,,0.0,0.0,,0.0,,,,False,False,Alvas Powell,Alvas Powell,CINCINNATI,CHARLOTTE,shots_on_target,0.5,13.0,Avg,0.0,0.0,alvas powell,True,False
Evan Louro,evan louro,CINCINNATI,MLS,0.0,5,shots_on_target,shots_on_target,CINCINNATI,CINCINNATI,2,bottom,Evan Louro,MLS,mid,2,2,0,1,0.0,0.0,,0.0,0.0,,0.0,,,,False,False,Evan Louro,,,,,,,,,,,True,False
Gerardo Valenzuela,gerardo valenzuela,CINCINNATI,MLS,0.0,5,shots_on_target,shots_on_target,CINCINNATI,CINCINNATI,3,bottom,Gerardo Valenzuela,MLS,mid,2,2,0,1,0.0,0.0,,0.0,0.0,,0.0,,,,False,False,Gerardo Valenzuela,Gerardo Valenzuela,CINCINNATI,CHARLOTTE,shots_on_target,0.5,13.0,Avg,0.0,0.0,gerardo valenzuela,True,False
Gerardo Valenzuela,gerardo valenzuela,CINCINNATI,MLS,0.0,5,shots_on_target,shots_on_target,CINCINNATI,CINCINNATI,3,bottom,Gerardo Valenzuela,MLS,mid,2,2,0,1,0.0,0.0,,0.0,0.0,,0.0,,,,False,False,Gerardo Valenzuela,Gerardo Valenzuela,CINCINNATI,CHARLOTTE,shots_on_target,3.5,13.0,Avg,0.0,0.0,gerardo valenzuela,True,False
Gerardo Valenzuela,gerardo valenzuela,CINCINNATI,MLS,0.0,5,shots_on_target,shots_on_target,CINCINNATI,CINCINNATI,3,bottom,Gerardo Valenzuela,MLS,mid,2,2,0,1,0.0,0.0,,0.0,0.0,,0.0,,,,False,False,Gerardo Valenzuela,Gerardo Valenzuela,CINCINNATI,CHARLOTTE,shots_on_target,1.5,13.0,Avg,0.0,0.0,gerardo valenzuela,True,False
Evander,evander,CINCINNATI,MLS,1.2,5,shots_on_target,shots_on_target,CINCINNATI,CINCINNATI,1,top,Evander,MLS,mid,2,2,0,1,0.0,-1.75,,-1.5,-2.0,,0.0,,,,False,False,Evander,Evander,CINCINNATI,CHARLOTTE,shots_on_target,1.5,13.0,Avg,0.4,1.2,evander,True,False
Evander,evander,CINCINNATI,MLS,1.2,5,shots_on_target,shots_on_target,CINCINNATI,CINCINNATI,1,top,Evander,MLS,mid,2,2,0,1,0.0,-1.75,,-1.5,-2.0,,0.0,,,,False,False,Evander,Evander,CINCINNATI,CHARLOTTE,shots_on_target,3.5,13.0,Avg,0.0,1.2,evander,True,False
Evander,evander,CINCINNATI,MLS,1.2,5,shots_on_target,shots_on_target,CINCINNATI,CINCINNATI,1,top,Evander,MLS,mid,2,2,0,1,0.0,-1.75,,-1.5,-2.0,,0.0,,,,False,False,Evander,Evander,CINCINNATI,CHARLOTTE,shots_on_target,2.5,13.0,Avg,0.2,1.2,evander,True,False
Evander,evander,CINCINNATI,MLS,1.2,5,shots_on_target,shots_on_target,CINCINNATI,CINCINNATI,1,top,Evander,MLS,mid,2,2,0,1,0.0,-1.75,,-1.5,-2.0,,0.0,,,,False,False,Evander,Evander,CINCINNATI,CHARLOTTE,shots_on_target,0.5,13.0,Avg,0.6,1.2,evander,True,False
Ayoub Jabbari,ayoub jabbari,CINCINNATI,MLS,0.6,5,shots_on_target,shots_on_target,CINCINNATI,CINCINNATI,2,top,Ayoub Jabbari,MLS,mid,2,2,0,1,0.0,-0.875,,-0.75,-1.0,,0.0,,,,False,False,Ayoub Jabbari,Ayoub Jabbari,CINCINNATI,CHARLOTTE,shots_on_target,2.5,13.0,Avg,0.2,0.6,ayoub jabbari,True,False
Ayoub Jabbari,ayoub jabbari,CINCINNATI,MLS,0.6,5,shots_on_target,shots_on_target,CINCINNATI,CINCINNATI,2,top,Ayoub Jabbari,MLS,mid,2,2,0,1,0.0,-0.875,,-0.75,-1.0,,0.0,,,,False,False,Ayoub Jabbari,Ayoub Jabbari,CINCINNATI,CHARLOTTE,shots_on_target,3.5,13.0,Avg,0.0,0.6,ayoub jabbari,True,False
Ayoub Jabbari,ayoub jabbari,CINCINNATI,MLS,0.6,5,shots_on_target,shots_on_target,CINCINNATI,CINCINNATI,2,top,Ayoub Jabbari,MLS,mid,2,2,0,1,0.0,-0.875,,-0.75,-1.0,,0.0,,,,False,False,Ayoub Jabbari,Ayoub Jabbari,CINCINNATI,CHARLOTTE,shots_on_target,1.5,13.0,Avg,0.2,0.6,ayoub jabbari,True,False
Ayoub Jabbari,ayoub jabbari,CINCINNATI,MLS,0.6,5,shots_on_target,shots_on_target,CINCINNATI,CINCINNATI,2,top,Ayoub Jabbari,MLS,mid,2,2,0,1,0.0,-0.875,,-0.75,-1.0,,0.0,,,,False,False,Ayoub Jabbari,Ayoub Jabbari,CINCINNATI,CHARLOTTE,shots_on_target,0.5,13.0,Avg,0.2,0.6,ayoub jabbari,True,False
Ender Echenique,ender echenique,CINCINNATI,MLS,0.6,5,shots_on_target,shots_on_target,CINCINNATI,CINCINNATI,3,top,Ender Echenique,MLS,mid,2,2,0,1,0.0,-0.875,,-0.75,-1.0,,0.0,,,,False,False,Ender Echenique,Ender Echenique,CINCINNATI,CHARLOTTE,shots_on_target,2.5,13.0,Avg,0.0,0.6,ender echenique,True,False
Ender Echenique,ender echenique,CINCINNATI,MLS,0.6,5,shots_on_target,shots_on_target,CINCINNATI,CINCINNATI,3,top,Ender Echenique,MLS,mid,2,2,0,1,0.0,-0.875,,-0.75,-1.0,,0.0,,,,False,False,Ender Echenique,Ender Echenique,CINCINNATI,CHARLOTTE,shots_on_target,1.5,13.0,Avg,0.0,0.6,ender echenique,True,False
Ender Echenique,ender echenique,CINCINNATI,MLS,0.6,5,shots_on_target,shots_on_target,CINCINNATI,CINCINNATI,3,top,Ender Echenique,MLS,mid,2,2,0,1,0.0,-0.875,,-0.75,-1.0,,0.0,,,,False,False,Ender Echenique,Ender Echenique,CINCINNATI,CHARLOTTE,shots_on_target,0.5,13.0,Avg,0.6,0.6,ender echenique,True,False
Fernando Tapia,fernando tapia,CLUB AMÉRICA,"Liga MX, Apertura",9.0,6,passes,passes,CLUB AMÉRICA,CLUB AMÉRICA,1,bottom,Fernando Tapia,"Liga MX, Apertura",unknown,7,7,0,0,0.2857142857142857,6.5232426303854885,,,,,,,,,False,False,Fernando Tapia,,,,,,,,,,,True,False
Rodolfo Cota,rodolfo cota,CLUB AMÉRICA,"Liga MX, Apertura",19.333333333333332,6,passes,passes,CLUB AMÉRICA,CLUB AMÉRICA,2,bottom,Rodolfo Cota,"Liga MX, Apertura",unknown,7,7,0,0,0.0,-12.244897959183675,,,,,,,,,False,False,Rodolfo Cota,,,,,,,,,,,True,False
Miguel Vázquez,miguel vazquez,CLUB AMÉRICA,"Liga MX, Apertura",38.0,6,passes,passes,CLUB AMÉRICA,CLUB AMÉRICA,3,bottom,Miguel Vázquez,"Liga MX, Apertura",unknown,6,6,0,0,0.5,-1.883531746031747,,,,,,,,,False,False,Miguel Vázquez,,,,,,,,,,,True,False
Miguel Vázquez,miguel vazquez,CLUB AMÉRICA,"Liga MX, Apertura",38.0,6,passes,passes,CLUB AMÉRICA,CLUB AMÉRICA,1,top,Miguel Vázquez,"Liga MX, Apertura",unknown,6,6,0,0,0.5,-1.883531746031747,,,,,,,,,False,False,Miguel Vázquez,,,,,,,,,,,True,False
Rodolfo Cota,rodolfo cota,CLUB AMÉRICA,"Liga MX, Apertura",19.333333333333332,6,passes,passes,CLUB AMÉRICA,CLUB AMÉRICA,2,top,Rodolfo Cota,"Liga MX, Apertura",unknown,7,7,0,0,0.0,-12.244897959183675,,,,,,,,,False,False,Rodolfo Cota,,,,,,,,,,,True,False
Fernando Tapia,fernando tapia,CLUB AMÉRICA,"Liga MX, Apertura",9.0,6,passes,passes,CLUB AMÉRICA,CLUB AMÉRICA,3,top,Fernando Tapia,"Liga MX, Apertura",unknown,7,7,0,0,0.2857142857142857,6.5232426303854885,,,,,,,,,False,False,Fernando Tapia,,,,,,,,,,,True,False
Miguel Vázquez,miguel vazquez,CLUB AMÉRICA,"Liga MX, Apertura",0.0,6,saves,saves,CLUB AMÉRICA,CLUB AMÉRICA,1,bottom,Miguel Vázquez,"Liga MX, Apertura",unknown,6,6,0,0,0.0,0.0,,,,,,,,,False,False,Miguel Vázquez,,,,,,,,,,,True,False
Fernando Tapia,fernando tapia,CLUB AMÉRICA,"Liga MX, Apertura",1.3333333333333333,6,saves,saves,CLUB AMÉRICA,CLUB AMÉRICA,2,bottom,Fernando Tapia,"Liga MX, Apertura",unknown,7,7,0,0,0.2857142857142857,0.9715007215007214,,,,,,,,,False,False,Fernando Tapia,Fernando Tapia,CLUB AMÉRICA,CRUZ AZUL,saves,3.0,14.0,Below Avg,0.4,2.4,fernando tapia,True,False
Fernando Tapia,fernando tapia,CLUB AMÉRICA,"Liga MX, Apertura",1.3333333333333333,6,saves,saves,CLUB AMÉRICA,CLUB AMÉRICA,2,bottom,Fernando Tapia,"Liga MX, Apertura",unknown,7,7,0,0,0.2857142857142857,0.9715007215007214,,,,,,,,,False,False,Fernando Tapia,Fernando Tapia,CLUB AMÉRICA,CRUZ AZUL,saves,4.5,14.0,Below Avg,0.4,2.4,fernando tapia,True,False
Fernando Tapia,fernando tapia,CLUB AMÉRICA,"Liga MX, Apertura",1.3333333333333333,6,saves,saves,CLUB AMÉRICA,CLUB AMÉRICA,2,bottom,Fernando Tapia,"Liga MX, Apertura",unknown,7,7,0,0,0.2857142857142857,0.9715007215007214,,,,,,,,,False,False,Fernando Tapia,Fernando Tapia,CLUB AMÉRICA,CRUZ AZUL,saves,2.5,14.0,Below Avg,0.4,2.4,fernando tapia,True,False
Rodolfo Cota,rodolfo cota,CLUB AMÉRICA,"Liga MX, Apertura",2.1666666666666665,6,saves,saves,CLUB AMÉRICA,CLUB AMÉRICA,3,bottom,Rodolfo Cota,"Liga MX, Apertura",unknown,7,7,0,0,0.14285714285714285,-0.6135281385281386,,,,,,,,,False,False,Rodolfo Cota,Rodolfo Cota,CLUB AMÉRICA,CRUZ AZUL,saves,3.0,14.0,Below Avg,0.2,2.4,rodolfo cota,True,False
Rodolfo Cota,rodolfo cota,CLUB AMÉRICA,"Liga MX, Apertura",2.1666666666666665,6,saves,saves,CLUB AMÉRICA,CLUB AMÉRICA,1,top,Rodolfo Cota,"Liga MX, Apertura",unknown,7,7,0,0,0.14285714285714285,-0.6135281385281386,,,,,,,,,False,False,Rodolfo Cota,Rodolfo Cota,CLUB AMÉRICA,CRUZ AZUL,saves,3.0,14.0,Below Avg,0.2,2.4,rodolfo cota,True,False
Fernando Tapia,fernando tapia,CLUB AMÉRICA,"Liga MX, Apertura",1.3333333333333333,6,saves,saves,CLUB AMÉRICA,CLUB AMÉRICA,2,top,Fernando Tapia,"Liga MX, Apertura",unknown,7,7,0,0,0.2857142857142857,0.9715007215007214,,,,,,,,,False,False,Fernando Tapia,Fernando Tapia,CLUB AMÉRICA,CRUZ AZUL,saves,3.0,14.0,Below Avg,0.4,2.4,fernando tapia,True,False
Fernando Tapia,fernando tapia,CLUB AMÉRICA,"Liga MX, Apertura",1.3333333333333333,6,saves,saves,CLUB AMÉRICA,CLUB AMÉRICA,2,top,Fernando Tapia,"Liga MX, Apertura",unknown,7,7,0,0,0.2857142857142857,0.9715007215007214,,,,,,,,,False,False,Fernando Tapia,Fernando Tapia,CLUB AMÉRICA,CRUZ AZUL,saves,4.5,14.0,Below Avg,0.4,2.4,fernando tapia,True,False
Fernando Tapia,fernando tapia,CLUB AMÉRICA,"Liga MX, Apertura",1.3333333333333333,6,saves,saves,CLUB AMÉRICA,CLUB AMÉRICA,2,top,Fernando Tapia,"Liga MX, Apertura",unknown,7,7,0,0,0.2857142857142857,0.9715007215007214,,,,,,,,,False,False,Fernando Tapia,Fernando Tapia,CLUB AMÉRICA,CRUZ AZUL,saves,2.5,14.0,Below Avg,0.4,2.4,fernando tapia,True,False
Miguel Vázquez,miguel vazquez,CLUB AMÉRICA,"Liga MX, Apertura",0.0,6,saves,saves,CLUB AMÉRICA,CLUB AMÉRICA,3,top,Miguel Vázquez,"Liga MX, Apertura",unknown,6,6,0,0,0.0,0.0,,,,,,,,,False,False,Miguel Vázquez,,,,,,,,,,,True,False
Fernando Tapia,fernando tapia,CLUB AMÉRICA,"Liga MX, Apertura",0.0,6,shots,shots,CLUB AMÉRICA,CLUB AMÉRICA,1,bottom,Fernando Tapia,"Liga MX, Apertura",unknown,7,7,0,0,0.0,0.0,,,,,,,,,False,False,Fernando Tapia,,,,,,,,,,,True,False
Rodolfo Cota,rodolfo cota,CLUB AMÉRICA,"Liga MX, Apertura",0.0,6,shots,shots,CLUB AMÉRICA,CLUB AMÉRICA,2,bottom,Rodolfo Cota,"Liga MX, Apertura",unknown,7,7,0,0,0.0,0.0,,,,,,,,,False,False,Rodolfo Cota,,,,,,,,,,,True,False
Miguel Vázquez,miguel vazquez,CLUB AMÉRICA,"Liga MX, Apertura",0.16666666666666666,6,shots,shots,CLUB AMÉRICA,CLUB AMÉRICA,3,bottom,Miguel Vázquez,"Liga MX, Apertura",unknown,6,6,0,0,0.0,-0.19583333333333333,,,,,,,,,False,False,Miguel Vázquez,Miguel Vázquez,CLUB AMÉRICA,CRUZ AZUL,shots,1.5,14.0,Below Avg,0.0,0.0,miguel vazquez,True,False
Miguel Vázquez,miguel vazquez,CLUB AMÉRICA,"Liga MX, Apertura",0.16666666666666666,6,shots,shots,CLUB AMÉRICA,CLUB AMÉRICA,3,bottom,Miguel Vázquez,"Liga MX, Apertura",unknown,6,6,0,0,0.0,-0.19583333333333333,,,,,,,,,False,False,Miguel Vázquez,Miguel Vázquez,CLUB AMÉRICA,CRUZ AZUL,shots,2.5,14.0,Below Avg,0.0,0.0,miguel vazquez,True,False
Miguel Vázquez,miguel vazquez,CLUB AMÉRICA,"Liga MX, Apertura",0.16666666666666666,6,shots,shots,CLUB AMÉRICA,CLUB AMÉRICA,3,bottom,Miguel Vázquez,"Liga MX, Apertura",unknown,6,6,0,0,0.0,-0.19583333333333333,,,,,,,,,False,False,Miguel Vázquez,Miguel Vázquez,CLUB AMÉRICA,CRUZ AZUL,shots,0.5,14.0,Below Avg,0.0,0.0,miguel vazquez,True,False
Miguel Vázquez,miguel vazquez,CLUB AMÉRICA,"Liga MX, Apertura",0.16666666666666666,6,shots,shots,CLUB AMÉRICA,CLUB AMÉRICA,1,top,Miguel Vázquez,"Liga MX, Apertura",unknown,6,6,0,0,0.0,-0.19583333333333333,,,,,,,,,False,False,Miguel Vázquez,Miguel Vázquez,CLUB AMÉRICA,CRUZ AZUL,shots,1.5,14.0,Below Avg,0.0,0.0,miguel vazquez,True,False
Miguel Vázquez,miguel vazquez,CLUB AMÉRICA,"Liga MX, Apertura",0.16666666666666666,6,shots,shots,CLUB AMÉRICA,CLUB AMÉRICA,1,top,Miguel Vázquez,"Liga MX, Apertura",unknown,6,6,0,0,0.0,-0.19583333333333333,,,,,,,,,False,False,Miguel Vázquez,Miguel Vázquez,CLUB AMÉRICA,CRUZ AZUL,shots,2.5,14.0,Below Avg,0.0,0.0,miguel vazquez,True,False
Miguel Vázquez,miguel vazquez,CLUB AMÉRICA,"Liga MX, Apertura",0.16666666666666666,6,shots,shots,CLUB AMÉRICA,CLUB AMÉRICA,1,top,Miguel Vázquez,"Liga MX, Apertura",unknown,6,6,0,0,0.0,-0.19583333333333333,,,,,,,,,False,False,Miguel Vázquez,Miguel Vázquez,CLUB AMÉRICA,CRUZ AZUL,shots,0.5,14.0,Below Avg,0.0,0.0,miguel vazquez,True,False
Fernando Tapia,fernando tapia,CLUB AMÉRICA,"Liga MX, Apertura",0.0,6,shots,shots,CLUB AMÉRICA,CLUB AMÉRICA,2,top,Fernando Tapia,"Liga MX, Apertura",unknown,7,7,0,0,0.0,0.0,,,,,,,,,False,False,Fernando Tapia,,,,,,,,,,,True,False
Rodolfo Cota,rodolfo cota,CLUB AMÉRICA,"Liga MX, Apertura",0.0,6,shots,shots,CLUB AMÉRICA,CLUB AMÉRICA,3,top,Rodolfo Cota,"Liga MX, Apertura",unknown,7,7,0,0,0.0,0.0,,,,,,,,,False,False,Rodolfo Cota,,,,,,,,,,,True,False
Fernando Tapia,fernando tapia,CLUB AMÉRICA,"Liga MX, Apertura",0.0,6,shots_on_target,shots_on_target,CLUB AMÉRICA,CLUB AMÉRICA,1,bottom,Fernando Tapia,"Liga MX, Apertura",unknown,7,7,0,0,0.0,0.0,,,,,,,,,False,False,Fernando Tapia,,,,,,,,,,,True,False
Miguel Vázquez,miguel vazquez,CLUB AMÉRICA,"Liga MX, Apertura",0.0,6,shots_on_target,shots_on_target,CLUB AMÉRICA,CLUB AMÉRICA,2,bottom,Miguel Vázquez,"Liga MX, Apertura",unknown,6,6,0,0,0.0,0.0,,,,,,,,,False,False,Miguel Vázquez,Miguel Vázquez,CLUB AMÉRICA,CRUZ AZUL,shots_on_target,0.5,14.0,Below Avg,0.0,0.0,miguel vazquez,True,False
Rodolfo Cota,rodolfo cota,CLUB AMÉRICA,"Liga MX, Apertura",0.0,6,shots_on_target,shots_on_target,CLUB AMÉRICA,CLUB AMÉRICA,3,bottom,Rodolfo Cota,"Liga MX, Apertura",unknown,7,7,0,0,0.0,0.0,,,,,,,,,False,False,Rodolfo Cota,,,,,,,,,,,True,False
Fernando Tapia,fernando tapia,CLUB AMÉRICA,"Liga MX, Apertura",0.0,6,shots_on_target,shots_on_target,CLUB AMÉRICA,CLUB AMÉRICA,1,top,Fernando Tapia,"Liga MX, Apertura",unknown,7,7,0,0,0.0,0.0,,,,,,,,,False,False,Fernando Tapia,,,,,,,,,,,True,False
Miguel Vázquez,miguel vazquez,CLUB AMÉRICA,"Liga MX, Apertura",0.0,6,shots_on_target,shots_on_target,CLUB AMÉRICA,CLUB AMÉRICA,2,top,Miguel Vázquez,"Liga MX, Apertura",unknown,6,6,0,0,0.0,0.0,,,,,,,,,False,False,Miguel Vázquez,Miguel Vázquez,CLUB AMÉRICA,CRUZ AZUL,shots_on_target,0.5,14.0,Below Avg,0.0,0.0,miguel vazquez,True,False
Rodolfo Cota,rodolfo cota,CLUB AMÉRICA,"Liga MX, Apertura",0.0,6,shots_on_target,shots_on_target,CLUB AMÉRICA,CLUB AMÉRICA,3,top,Rodolfo Cota,"Liga MX, Apertura",unknown,7,7,0,0,0.0,0.0,,,,,,,,,False,False,Rodolfo Cota,,,,,,,,,,,True,False
Fernando Tapia,fernando tapia,CLUB AMÉRICA,"Liga MX, Apertura",0.0,6,tackles,tackles,CLUB AMÉRICA,CLUB AMÉRICA,1,bottom,Fernando Tapia,"Liga MX, Apertura",unknown,7,7,0,0,0.0,0.0,,,,,,,,,False,False,Fernando Tapia,,,,,,,,,,,True,False
Rodolfo Cota,rodolfo cota,CLUB AMÉRICA,"Liga MX, Apertura",0.0,6,tackles,tackles,CLUB AMÉRICA,CLUB AMÉRICA,2,bottom,Rodolfo Cota,"Liga MX, Apertura",unknown,7,7,0,0,0.0,0.0,,,,,,,,,False,False,Rodolfo Cota,,,,,,,,,,,True,False
Miguel Vázquez,miguel vazquez,CLUB AMÉRICA,"Liga MX, Apertura",0.8333333333333334,6,tackles,tackles,CLUB AMÉRICA,CLUB AMÉRICA,3,bottom,Miguel Vázquez,"Liga MX, Apertura",unknown,6,6,0,0,0.16666666666666666,-0.6898809523809524,,,,,,,,,False,False,Miguel Vázquez,Miguel Vázquez,CLUB AMÉRICA,CRUZ AZUL,tackles,1.5,14.0,Below Avg,,,miguel vazquez,True,False
Miguel Vázquez,miguel vazquez,CLUB AMÉRICA,"Liga MX, Apertura",0.8333333333333334,6,tackles,tackles,CLUB AMÉRICA,CLUB AMÉRICA,1,top,Miguel Vázquez,"Liga MX, Apertura",unknown,6,6,0,0,0.16666666666666666,-0.6898809523809524,,,,,,,,,False,False,Miguel Vázquez,Miguel Vázquez,CLUB AMÉRICA,CRUZ AZUL,tackles,1.5,14.0,Below Avg,,,miguel vazquez,True,False
Fernando Tapia,fernando tapia,CLUB AMÉRICA,"Liga MX, Apertura",0.0,6,tackles,tackles,CLUB AMÉRICA,CLUB AMÉRICA,2,top,Fernando Tapia,"Liga MX, Apertura",unknown,7,7,0,0,0.0,0.0,,,,,,,,,False,False,Fernando Tapia,,,,,,,,,,,True,False
Rodolfo Cota,rodolfo cota,CLUB AMÉRICA,"Liga MX, Apertura",0.0,6,tackles,tackles,CLUB AMÉRICA,CLUB AMÉRICA,3,top,Rodolfo Cota,"Liga MX, Apertura",unknown,7,7,0,0,0.0,0.0,,,,,,,,,False,False,Rodolfo Cota,,,,,,,,,,,True,False
Adam Beaudry,adam beaudry,COLORADO,MLS,0.0,5,assists,assists,COLORADO,COLORADO,1,bottom,Adam Beaudry,MLS,mid,2,2,0,1,0.0,0.0,,0.0,0.0,,0.0,,,,False,False,Adam Beaudry,,,,,,,,,,,True,False
Alex Harris,alex harris,COLORADO,MLS,0.0,5,assists,assists,COLORADO,COLORADO,2,bottom,Alex Harris,MLS,mid,2,2,0,1,0.0,0.0,,0.0,0.0,,0.0,,,,False,False,Alex Harris,Alex Harris,COLORADO,MONTREAL,assists,0.5,24.0,Below Avg,0.0,0.0,alex harris,True,False
Darren Yapi,darren yapi,COLORADO,MLS,0.0,5,assists,assists,COLORADO,COLORADO,3,bottom,Darren Yapi,MLS,mid,2,2,0,1,0.0,0.0,,0.0,0.0,,0.0,,,,False,False,Darren Yapi,Darren Yapi,COLORADO,MONTREAL,assists,0.5,24.0,Below Avg,0.0,0.0,darren yapi,True,False
Youssef Maziz,youssef maziz,COLORADO,MLS,0.2,5,assists,assists,COLORADO,COLORADO,1,top,Youssef Maziz,MLS,mid,2,2,0,1,0.0,-0.29166666666666663,,-0.25,-0.3333333333333333,,0.0,,,,False,False,Youssef Maziz,Youssef Maziz,COLORADO,MONTREAL,assists,0.5,24.0,Below Avg,,,youssef maziz,True,False
Adam Beaudry,adam beaudry,COLORADO,MLS,0.0,5,assists,assists,COLORADO,COLORADO,2,top,Adam Beaudry,MLS,mid,2,2,0,1,0.0,0.0,,0.0,0.0,,0.0,,,,False,False,Adam Beaudry,,,,,,,,,,,True,False
Alex Harris,alex harris,COLORADO,MLS,0.0,5,assists,assists,COLORADO,COLORADO,3,top,Alex Harris,MLS,mid,2,2,0,1,0.0,0.0,,0.0,0.0,,0.0,,,,False,False,Alex Harris,Alex Harris,COLORADO,MONTREAL,assists,0.5,24.0,Below Avg,0.0,0.0,alex harris,True,False
Adam Beaudry,adam beaudry,COLORADO,MLS,0.0,5,goals,goals,COLORADO,COLORADO,1,bottom,Adam Beaudry,MLS,mid,2,2,0,1,0.0,0.0,,0.0,0.0,,0.0,,,,False,False,Adam Beaudry,,,,,,,,,,,True,False
Alex Harris,alex harris,COLORADO,MLS,0.0,5,goals,goals,COLORADO,COLORADO,2,bottom,Alex Harris,MLS,mid,2,2,0,1,0.0,0.0,,0.0,0.0,,0.0,,,,False,False,Alex Harris,Alex Harris,COLORADO,MONTREAL,goals,0.5,24.0,Below Avg,0.0,0.0,alex harris,True,False
Darren Yapi,darren yapi,COLORADO,MLS,0.0,5,goals,goals,COLORADO,COLORADO,3,bottom,Darren Yapi,MLS,mid,2,2,0,1,0.0,0.0,,0.0,0.0,,0.0,,,,False,False,Darren Yapi,Darren Yapi,COLORADO,MONTREAL,goals,1.5,24.0,Below Avg,0.0,0.0,darren yapi,True,False
Darren Yapi,darren yapi,COLORADO,MLS,0.0,5,goals,goals,COLORADO,COLORADO,3,bottom,Darren Yapi,MLS,mid,2,2,0,1,0.0,0.0,,0.0,0.0,,0.0,,,,False,False,Darren Yapi,Darren Yapi,COLORADO,MONTREAL,goals,0.5,24.0,Below Avg,0.0,0.0,darren yapi,True,False
Paxten Aaronson,paxten aaronson,COLORADO,MLS,0.2,5,goals,goals,COLORADO,COLORADO,1,top,Paxten Aaronson,MLS,mid,2,2,0,1,0.5,0.5,,1.0,0.0,,1.0,,,,False,False,Paxten Aaronson,Paxten Aaronson,COLORADO,MONTREAL,goals,1.5,24.0,Below Avg,0.0,0.2,paxten aaronson,True,False
Paxten Aaronson,paxten aaronson,COLORADO,MLS,0.2,5,goals,goals,COLORADO,COLORADO,1,top,Paxten Aaronson,MLS,mid,2,2,0,1,0.5,0.5,,1.0,0.0,,1.0,,,,False,False,Paxten Aaronson,Paxten Aaronson,COLORADO,MONTREAL,goals,0.5,24.0,Below Avg,0.2,0.2,paxten aaronson,True,False
Reggie Cannon,reggie cannon,COLORADO,MLS,0.2,5,goals,goals,COLORADO,COLORADO,2,top,Reggie Cannon,MLS,mid,2,2,0,1,0.0,-0.29166666666666663,,-0.25,-0.3333333333333333,,0.0,,,,False,False,Reggie Cannon,Reggie Cannon,COLORADO,MONTREAL,goals,0.5,24.0,Below Avg,0.2,0.2,reggie cannon,True,False
Adam Beaudry,adam beaudry,COLORADO,MLS,0.0,5,goals,goals,COLORADO,COLORADO,3,top,Adam Beaudry,MLS,mid,2,2,0,1,0.0,0.0,,0.0,0.0,,0.0,,,,False,False,Adam Beaudry,,,,,,,,,,,True,False
Adam Beaudry,adam beaudry,COLORADO,MLS,0.6,5,saves,saves,COLORADO,COLORADO,1,bottom,Adam Beaudry,MLS,mid,2,2,0,1,0.5,1.125,,-0.75,3.0,,0.0,,,,False,False,Adam Beaudry,,,,,,,,,,,True,False
Adam Beaudry,adam beaudry,COLORADO,MLS,0.6,5,saves,saves,COLORADO,COLORADO,1,top,Adam Beaudry,MLS,mid,2,2,0,1,0.5,1.125,,-0.75,3.0,,0.0,,,,False,False,Adam Beaudry,,,,,,,,,,,True,False
Adam Beaudry,adam beaudry,COLORADO,MLS,0.0,5,shots,shots,COLORADO,COLORADO,1,bottom,Adam Beaudry,MLS,mid,2,2,0,1,0.0,0.0,,0.0,0.0,,0.0,,,,False,False,Adam Beaudry,,,,,,,,,,,True,False
Keegan Rosenberry,keegan rosenberry,COLORADO,MLS,0.0,5,shots,shots,COLORADO,COLORADO,2,bottom,Keegan Rosenberry,MLS,mid,2,2,0,1,0.0,0.0,,0.0,0.0,,0.0,,,,False,False,Keegan Rosenberry,Keegan Rosenberry,COLORADO,MONTREAL,shots,1.5,24.0,Below Avg,0.0,0.0,keegan rosenberry,True,False
Wayne Frederick,wayne frederick,COLORADO,MLS,0.0,5,shots,shots,COLORADO,COLORADO,3,bottom,Wayne Frederick,MLS,mid,2,2,0,1,0.0,0.0,,0.0,0.0,,0.0,,,,False,False,Wayne Frederick,Wayne Frederick,COLORADO,MONTREAL,shots,4.5,24.0,Below Avg,0.0,0.0,wayne frederick,True,False
Wayne Frederick,wayne frederick,COLORADO,MLS,0.0,5,shots,shots,COLORADO,COLORADO,3,bottom,Wayne Frederick,MLS,mid,2,2,0,1,0.0,0.0,,0.0,0.0,,0.0,,,,False,False,Wayne Frederick,Wayne Frederick,COLORADO,MONTREAL,shots,2.5,24.0,Below Avg,0.0,0.0,wayne frederick,True,False
Wayne Frederick,wayne frederick,COLORADO,MLS,0.0,5,shots,shots,COLORADO,COLORADO,3,bottom,Wayne Frederick,MLS,mid,2,2,0,1,0.0,0.0,,0.0,0.0,,0.0,,,,False,False,Wayne Frederick,Wayne Frederick,COLORADO,MONTREAL,shots,1.5,24.0,Below Avg,0.0,0.0,wayne frederick,True,False
Paxten Aaronson,paxten aaronson,COLORADO,MLS,2.4,5,shots,shots,COLORADO,COLORADO,1,top,Paxten Aaronson,MLS,mid,2,2,0,1,0.5,0.33333333333333326,,2.0,-1.3333333333333335,,1.0,,,,False,False,Paxten Aaronson,Paxten Aaronson,COLORADO,MONTREAL,shots,6.5,24.0,Below Avg,0.0,2.4,paxten aaronson,True,False
Paxten Aaronson,paxten aaronson,COLORADO,MLS,2.4,5,shots,shots,COLORADO,COLORADO,1,top,Paxten Aaronson,MLS,mid,2,2,0,1,0.5,0.33333333333333326,,2.0,-1.3333333333333335,,1.0,,,,False,False,Paxten Aaronson,Paxten Aaronson,COLORADO,MONTREAL,shots,3.5,24.0,Below Avg,0.2,2.4,paxten aaronson,True,False
Paxten Aaronson,paxten aaronson,COLORADO,MLS,2.4,5,shots,shots,COLORADO,COLORADO,1,top,Paxten Aaronson,MLS,mid,2,2,0,1,0.5,0.33333333333333326,,2.0,-1.3333333333333335,,1.0,,,,False,False,Paxten Aaronson,Paxten Aaronson,COLORADO,MONTREAL,shots,1.5,24.0,Below Avg,0.8,2.4,paxten aaronson,True,False
Georgi Minoungou,georgi minoungou,COLORADO,MLS,1.6,5,shots,shots,COLORADO,COLORADO,2,top,Georgi Minoungou,MLS,mid,2,2,0,1,0.5,-0.33333333333333337,,-2.0,1.3333333333333333,,0.0,,,,False,False,Georgi Minoungou,Georgi Minoungou,COLORADO,MONTREAL,shots,2.5,24.0,Below Avg,0.4,1.6,georgi minoungou,True,False
Georgi Minoungou,georgi minoungou,COLORADO,MLS,1.6,5,shots,shots,COLORADO,COLORADO,2,top,Georgi Minoungou,MLS,mid,2,2,0,1,0.5,-0.33333333333333337,,-2.0,1.3333333333333333,,0.0,,,,False,False,Georgi Minoungou,Georgi Minoungou,COLORADO,MONTREAL,shots,5.5,24.0,Below Avg,0.0,1.6,georgi minoungou,True,False
Georgi Minoungou,georgi minoungou,COLORADO,MLS,1.6,5,shots,shots,COLORADO,COLORADO,2,top,Georgi Minoungou,MLS,mid,2,2,0,1,0.5,-0.33333333333333337,,-2.0,1.3333333333333333,,0.0,,,,False,False,Georgi Minoungou,Georgi Minoungou,COLORADO,MONTREAL,shots,1.5,24.0,Below Avg,0.4,1.6,georgi minoungou,True,False
Youssef Maziz,youssef maziz,COLORADO,MLS,1.0,5,shots,shots,COLORADO,COLORADO,3,top,Youssef Maziz,MLS,mid,2,2,0,1,0.5,0.125,,1.25,-1.0,,1.0,,,,False,False,Youssef Maziz,Youssef Maziz,COLORADO,MONTREAL,shots,2.5,24.0,Below Avg,,,youssef maziz,True,False
Youssef Maziz,youssef maziz,COLORADO,MLS,1.0,5,shots,shots,COLORADO,COLORADO,3,top,Youssef Maziz,MLS,mid,2,2,0,1,0.5,0.125,,1.25,-1.0,,1.0,,,,False,False,Youssef Maziz,Youssef Maziz,COLORADO,MONTREAL,shots,5.5,24.0,Below Avg,,,youssef maziz,True,False
Youssef Maziz,youssef maziz,COLORADO,MLS,1.0,5,shots,shots,COLORADO,COLORADO,3,top,Youssef Maziz,MLS,mid,2,2,0,1,0.5,0.125,,1.25,-1.0,,1.0,,,,False,False,Youssef Maziz,Youssef Maziz,COLORADO,MONTREAL,shots,1.5,24.0,Below Avg,,,youssef maziz,True,False
Adam Beaudry,adam beaudry,COLORADO,MLS,0.0,5,shots_on_target,shots_on_target,COLORADO,COLORADO,1,bottom,Adam Beaudry,MLS,mid,2,2,0,1,0.0,0.0,,0.0,0.0,,0.0,,,,False,False,Adam Beaudry,,,,,,,,,,,True,False
Alex Harris,alex harris,COLORADO,MLS,0.0,5,shots_on_target,shots_on_target,COLORADO,COLORADO,2,bottom,Alex Harris,MLS,mid,2,2,0,1,0.0,0.0,,0.0,0.0,,0.0,,,,False,False,Alex Harris,Alex Harris,COLORADO,MONTREAL,shots_on_target,2.5,24.0,Below Avg,0.0,0.0,alex harris,True,False
Alex Harris,alex harris,COLORADO,MLS,0.0,5,shots_on_target,shots_on_target,COLORADO,COLORADO,2,bottom,Alex Harris,MLS,mid,2,2,0,1,0.0,0.0,,0.0,0.0,,0.0,,,,False,False,Alex Harris,Alex Harris,COLORADO,MONTREAL,shots_on_target,1.5,24.0,Below Avg,0.0,0.0,alex harris,True,False
Alex Harris,alex harris,COLORADO,MLS,0.0,5,shots_on_target,shots_on_target,COLORADO,COLORADO,2,bottom,Alex Harris,MLS,mid,2,2,0,1,0.0,0.0,,0.0,0.0,,0.0,,,,False,False,Alex Harris,Alex Harris,COLORADO,MONTREAL,shots_on_target,0.5,24.0,Below Avg,0.0,0.0,alex harris,True,False
Darren Yapi,darren yapi,COLORADO,MLS,0.0,5,shots_on_target,shots_on_target,COLORADO,COLORADO,3,bottom,Darren Yapi,MLS,mid,2,2,0,1,0.0,0.0,,0.0,0.0,,0.0,,,,False,False,Darren Yapi,Darren Yapi,COLORADO,MONTREAL,shots_on_target,3.5,24.0,Below Avg,0.0,0.0,darren yapi,True,False
Darren Yapi,darren yapi,COLORADO,MLS,0.0,5,shots_on_target,shots_on_target,COLORADO,COLORADO,3,bottom,Darren Yapi,MLS,mid,2,2,0,1,0.0,0.0,,0.0,0.0,,0.0,,,,False,False,Darren Yapi,Darren Yapi,COLORADO,MONTREAL,shots_on_target,1.5,24.0,Below Avg,0.0,0.0,darren yapi,True,False
Darren Yapi,darren yapi,COLORADO,MLS,0.0,5,shots_on_target,shots_on_target,COLORADO,COLORADO,3,bottom,Darren Yapi,MLS,mid,2,2,0,1,0.0,0.0,,0.0,0.0,,0.0,,,,False,False,Darren Yapi,Darren Yapi,COLORADO,MONTREAL,shots_on_target,0.5,24.0,Below Avg,0.0,0.0,darren yapi,True,False
Georgi Minoungou,georgi minoungou,COLORADO,MLS,0.8,5,shots_on_target,shots_on_target,COLORADO,COLORADO,1,top,Georgi Minoungou,MLS,mid,2,2,0,1,0.5,0.16666666666666674,,-1.0,1.3333333333333335,,0.0,,,,False,False,Georgi Minoungou,Georgi Minoungou,COLORADO,MONTREAL,shots_on_target,3.5,24.0,Below Avg,0.0,0.8,georgi minoungou,True,False
Georgi Minoungou,georgi minoungou,COLORADO,MLS,0.8,5,shots_on_target,shots_on_target,COLORADO,COLORADO,1,top,Georgi Minoungou,MLS,mid,2,2,0,1,0.5,0.16666666666666674,,-1.0,1.3333333333333335,,0.0,,,,False,False,Georgi Minoungou,Georgi Minoungou,COLORADO,MONTREAL,shots_on_target,2.5,24.0,Below Avg,0.0,0.8,georgi minoungou,True,False
Georgi Minoungou,georgi minoungou,COLORADO,MLS,0.8,5,shots_on_target,shots_on_target,COLORADO,COLORADO,1,top,Georgi Minoungou,MLS,mid,2,2,0,1,0.5,0.16666666666666674,,-1.0,1.3333333333333335,,0.0,,,,False,False,Georgi Minoungou,Georgi Minoungou,COLORADO,MONTREAL,shots_on_target,1.5,24.0,Below Avg,0.4,0.8,georgi minoungou,True,False
Georgi Minoungou,georgi minoungou,COLORADO,MLS,0.8,5,shots_on_target,shots_on_target,COLORADO,COLORADO,1,top,Georgi Minoungou,MLS,mid,2,2,0,1,0.5,0.16666666666666674,,-1.0,1.3333333333333335,,0.0,,,,False,False,Georgi Minoungou,Georgi Minoungou,COLORADO,MONTREAL,shots_on_target,0.5,24.0,Below Avg,0.4,0.8,georgi minoungou,True,False
Paxten Aaronson,paxten aaronson,COLORADO,MLS,0.6,5,shots_on_target,shots_on_target,COLORADO,COLORADO,2,top,Paxten Aaronson,MLS,mid,2,2,0,1,0.5,0.7083333333333334,,1.75,-0.3333333333333333,,1.0,,,,False,False,Paxten Aaronson,Paxten Aaronson,COLORADO,MONTREAL,shots_on_target,2.5,24.0,Below Avg,0.0,0.6,paxten aaronson,True,False
Paxten Aaronson,paxten aaronson,COLORADO,MLS,0.6,5,shots_on_target,shots_on_target,COLORADO,COLORADO,2,top,Paxten Aaronson,MLS,mid,2,2,0,1,0.5,0.7083333333333334,,1.75,-0.3333333333333333,,1.0,,,,False,False,Paxten Aaronson,Paxten Aaronson,COLORADO,MONTREAL,shots_on_target,1.5,24.0,Below Avg,0.2,0.6,paxten aaronson,True,False
Paxten Aaronson,paxten aaronson,COLORADO,MLS,0.6,5,shots_on_target,shots_on_target,COLORADO,COLORADO,2,top,Paxten Aaronson,MLS,mid,2,2,0,1,0.5,0.7083333333333334,,1.75,-0.3333333333333333,,1.0,,,,False,False,Paxten Aaronson,Paxten Aaronson,COLORADO,MONTREAL,shots_on_target,0.5,24.0,Below Avg,0.4,0.6,paxten aaronson,True,False
Donavan Phillip,donavan phillip,COLORADO,MLS,0.4,5,shots_on_target,shots_on_target,COLORADO,COLORADO,3,top,Donavan Phillip,MLS,mid,2,2,0,1,0.5,1.0,,2.0,0.0,,1.0,,,,False,False,Donavan Phillip,Donavan Phillip,COLORADO,MONTREAL,shots_on_target,1.5,24.0,Below Avg,0.2,0.4,donavan phillip,True,False
André Gomes,andre gomes,COLUMBUS,MLS,0.0,5,assists,assists,COLUMBUS,COLUMBUS,1,bottom,André Gomes,MLS,elite,2,2,1,0,0.0,0.0,0.0,,0.0,,,0.0,,,False,False,André Gomes,,,,,,,,,,,True,False
Brooks Lennon,brooks lennon,COLUMBUS,MLS,0.0,5,assists,assists,COLUMBUS,COLUMBUS,2,bottom,Brooks Lennon,MLS,elite,2,2,1,0,0.0,0.0,0.0,,0.0,,,0.0,,,False,False,Brooks Lennon,,,,,,,,,,,True,False
Cesar Ruvalcaba,cesar ruvalcaba,COLUMBUS,MLS,0.0,5,assists,assists,COLUMBUS,COLUMBUS,3,bottom,Cesar Ruvalcaba,MLS,elite,2,2,1,0,0.0,0.0,0.0,,0.0,,,0.0,,,False,False,Cesar Ruvalcaba,,,,,,,,,,,True,False
Brais Méndez,brais mendez,COLUMBUS,MLS,0.2,5,assists,assists,COLUMBUS,COLUMBUS,1,top,Brais Méndez,MLS,elite,2,2,1,0,0.5,0.375,1.0,,-0.25,,,1.0,,,False,False,Brais Méndez,,,,,,,,,,,True,False
Josef Martínez,josef martinez,COLUMBUS,MLS,0.2,5,assists,assists,COLUMBUS,COLUMBUS,2,top,Josef Martínez,MLS,elite,2,2,1,0,0.5,0.5,0.0,,1.0,,,0.0,,,False,False,Josef Martínez,,,,,,,,,,,True,False
Malte Amundsen,malte amundsen,COLUMBUS,MLS,0.2,5,assists,assists,COLUMBUS,COLUMBUS,3,top,Malte Amundsen,MLS,elite,2,2,1,0,0.0,-0.29166666666666663,-0.3333333333333333,,-0.25,,,0.0,,,False,False,Malte Amundsen,,,,,,,,,,,True,False
Brooks Lennon,brooks lennon,COLUMBUS,MLS,0.0,5,goals,goals,COLUMBUS,COLUMBUS,1,bottom,Brooks Lennon,MLS,elite,2,2,1,0,0.0,0.0,0.0,,0.0,,,0.0,,,False,False,Brooks Lennon,,,,,,,,,,,True,False
Cesar Ruvalcaba,cesar ruvalcaba,COLUMBUS,MLS,0.0,5,goals,goals,COLUMBUS,COLUMBUS,2,bottom,Cesar Ruvalcaba,MLS,elite,2,2,1,0,0.0,0.0,0.0,,0.0,,,0.0,,,False,False,Cesar Ruvalcaba,,,,,,,,,,,True,False
Dylan Chambost,dylan chambost,COLUMBUS,MLS,0.0,5,goals,goals,COLUMBUS,COLUMBUS,3,bottom,Dylan Chambost,MLS,elite,2,2,1,0,0.0,0.0,0.0,,0.0,,,0.0,,,False,False,Dylan Chambost,,,,,,,,,,,True,False
André Gomes,andre gomes,COLUMBUS,MLS,0.2,5,goals,goals,COLUMBUS,COLUMBUS,1,top,André Gomes,MLS,elite,2,2,1,0,0.0,-0.29166666666666663,-0.3333333333333333,,-0.25,,,0.0,,,False,False,André Gomes,,,,,,,,,,,True,False
Brais Méndez,brais mendez,COLUMBUS,MLS,0.2,5,goals,goals,COLUMBUS,COLUMBUS,2,top,Brais Méndez,MLS,elite,2,2,1,0,0.0,-0.29166666666666663,-0.3333333333333333,,-0.25,,,0.0,,,False,False,Brais Méndez,,,,,,,,,,,True,False
Mohamed Farsi,mohamed farsi,COLUMBUS,MLS,0.2,5,goals,goals,COLUMBUS,COLUMBUS,3,top,Mohamed Farsi,MLS,elite,2,2,1,0,0.0,-0.29166666666666663,-0.3333333333333333,,-0.25,,,0.0,,,False,False,Mohamed Farsi,,,,,,,,,,,True,False
Nicholas Hagen,nicholas hagen,COLUMBUS,MLS,0.0,5,saves,saves,COLUMBUS,COLUMBUS,1,bottom,Nicholas Hagen,MLS,elite,2,2,1,0,0.0,0.0,0.0,,0.0,,,0.0,,,False,False,Nicholas Hagen,,,,,,,,,,,True,False
Patrick Schulte,patrick schulte,COLUMBUS,MLS,4.2,5,saves,saves,COLUMBUS,COLUMBUS,2,bottom,Patrick Schulte,MLS,elite,2,2,1,0,0.0,-2.4166666666666665,-3.333333333333333,,-1.5,,,0.0,,,False,False,Patrick Schulte,,,,,,,,,,,True,False
Patrick Schulte,patrick schulte,COLUMBUS,MLS,4.2,5,saves,saves,COLUMBUS,COLUMBUS,1,top,Patrick Schulte,MLS,elite,2,2,1,0,0.0,-2.4166666666666665,-3.333333333333333,,-1.5,,,0.0,,,False,False,Patrick Schulte,,,,,,,,,,,True,False
Nicholas Hagen,nicholas hagen,COLUMBUS,MLS,0.0,5,saves,saves,COLUMBUS,COLUMBUS,2,top,Nicholas Hagen,MLS,elite,2,2,1,0,0.0,0.0,0.0,,0.0,,,0.0,,,False,False,Nicholas Hagen,,,,,,,,,,,True,False
Laurtaro Giaccone,laurtaro giaccone,COLUMBUS,MLS,0.0,5,shots,shots,COLUMBUS,COLUMBUS,1,bottom,Laurtaro Giaccone,MLS,elite,2,2,1,0,0.0,0.0,0.0,,0.0,,,0.0,,,False,False,Laurtaro Giaccone,,,,,,,,,,,True,False
Nicholas Hagen,nicholas hagen,COLUMBUS,MLS,0.0,5,shots,shots,COLUMBUS,COLUMBUS,2,bottom,Nicholas Hagen,MLS,elite,2,2,1,0,0.0,0.0,0.0,,0.0,,,0.0,,,False,False,Nicholas Hagen,,,,,,,,,,,True,False
Patrick Schulte,patrick schulte,COLUMBUS,MLS,0.0,5,shots,shots,COLUMBUS,COLUMBUS,3,bottom,Patrick Schulte,MLS,elite,2,2,1,0,0.0,0.0,0.0,,0.0,,,0.0,,,False,False,Patrick Schulte,,,,,,,,,,,True,False
Brais Méndez,brais mendez,COLUMBUS,MLS,1.4,5,shots,shots,COLUMBUS,COLUMBUS,1,top,Brais Méndez,MLS,elite,2,2,1,0,1.0,1.6666666666666667,1.3333333333333335,,2.0,,,1.0,,,False,False,Brais Méndez,,,,,,,,,,,True,False
Malte Amundsen,malte amundsen,COLUMBUS,MLS,1.0,5,shots,shots,COLUMBUS,COLUMBUS,2,top,Malte Amundsen,MLS,elite,2,2,1,0,0.5,0.125,-1.0,,1.25,,,0.0,,,False,False,Malte Amundsen,,,,,,,,,,,True,False
Dylan Chambost,dylan chambost,COLUMBUS,MLS,0.8,5,shots,shots,COLUMBUS,COLUMBUS,3,top,Dylan Chambost,MLS,elite,2,2,1,0,0.5,0.4166666666666667,-0.6666666666666666,,1.5,,,0.0,,,False,False,Dylan Chambost,,,,,,,,,,,True,False
Cesar Ruvalcaba,cesar ruvalcaba,COLUMBUS,MLS,0.0,5,shots_on_target,shots_on_target,COLUMBUS,COLUMBUS,1,bottom,Cesar Ruvalcaba,MLS,elite,2,2,1,0,0.0,0.0,0.0,,0.0,,,0.0,,,False,False,Cesar Ruvalcaba,,,,,,,,,,,True,False
Laurtaro Giaccone,laurtaro giaccone,COLUMBUS,MLS,0.0,5,shots_on_target,shots_on_target,COLUMBUS,COLUMBUS,2,bottom,Laurtaro Giaccone,MLS,elite,2,2,1,0,0.0,0.0,0.0,,0.0,,,0.0,,,False,False,Laurtaro Giaccone,,,,,,,,,,,True,False
Malte Amundsen,malte amundsen,COLUMBUS,MLS,0.0,5,shots_on_target,shots_on_target,COLUMBUS,COLUMBUS,3,bottom,Malte Amundsen,MLS,elite,2,2,1,0,0.0,0.0,0.0,,0.0,,,0.0,,,False,False,Malte Amundsen,,,,,,,,,,,True,False
Brais Méndez,brais mendez,COLUMBUS,MLS,0.4,5,shots_on_target,shots_on_target,COLUMBUS,COLUMBUS,1,top,Brais Méndez,MLS,elite,2,2,1,0,0.5,0.20833333333333334,-0.3333333333333333,,0.75,,,0.0,,,False,False,Brais Méndez,,,,,,,,,,,True,False
Dylan Chambost,dylan chambost,COLUMBUS,MLS,0.4,5,shots_on_target,shots_on_target,COLUMBUS,COLUMBUS,2,top,Dylan Chambost,MLS,elite,2,2,1,0,0.5,0.20833333333333334,-0.3333333333333333,,0.75,,,0.0,,,False,False,Dylan Chambost,,,,,,,,,,,True,False
Josef Martínez,josef martinez,COLUMBUS,MLS,0.4,5,shots_on_target,shots_on_target,COLUMBUS,COLUMBUS,3,top,Josef Martínez,MLS,elite,2,2,1,0,0.5,0.75,2.0,,-0.5,,,1.0,,,False,False,Josef Martínez,,,,,,,,,,,True,False
Ivan Smolcic,ivan smolcic,COMO,Serie A,0.0,8,assists,assists,COMO,COMO,1,bottom,Ivan Smolcic,Serie A,elite,8,8,5,0,0.0,0.0,0.0,,0.0,,,0.0,,,False,False,Ivan Smolcic,,,,,,,,,,,True,False
Jacobo Ramón,jacobo ramon,COMO,Serie A,0.0,9,assists,assists,COMO,COMO,2,bottom,Jacobo Ramón,Serie A,elite,9,9,5,0,0.0,0.0,0.0,,0.0,,,0.0,,,False,False,Jacobo Ramón,,,,,,,,,,,True,False
Lucas da Cunha,lucas da cunha,COMO,Serie A,0.0,5,assists,assists,COMO,COMO,3,bottom,Lucas da Cunha,Serie A,elite,8,8,5,0,0.0,0.0,0.0,,0.0,,,0.0,,,False,False,Lucas da Cunha,,,,,,,,,,,True,False
Assane Diao,assane diao,COMO,Serie A,0.4,5,assists,assists,COMO,COMO,1,top,Assane Diao,Serie A,elite,6,6,4,0,0.3333333333333333,0.2162698412698413,0.45833333333333337,,-0.2857142857142857,-0.8814659070718036,,0.5,,,False,False,Assane Diao,,,,,,,,,,,True,False
Martin Baturina,martin baturina,COMO,Serie A,0.4,5,assists,assists,COMO,COMO,2,top,Martin Baturina,Serie A,elite,5,5,3,0,0.6,0.43619047619047624,0.6,,-0.3333333333333333,,,0.6666666666666666,,,False,False,Martin Baturina,,,,,,,,,,,True,False
Yan Couto,yan couto,COMO,Serie A,0.2,5,assists,assists,COMO,COMO,3,top,Yan Couto,Serie A,elite,5,5,3,0,0.2,0.17142857142857143,0.0,,1.0,,,0.0,,,False,False,Yan Couto,,,,,,,,,,,True,False
Maxence Caqueret,maxence caqueret,COMO,Serie A,18.6,5,passes,passes,COMO,COMO,1,bottom,Maxence Caqueret,Serie A,elite,5,5,3,0,0.4,-4.664285714285715,-8.857142857142858,,,,,0.3333333333333333,,,False,True,Maxence Caqueret,,,,,,,,,,,True,False
Ivan Smolcic,ivan smolcic,COMO,Serie A,19.2,5,passes,passes,COMO,COMO,2,bottom,Ivan Smolcic,Serie A,elite,5,5,3,0,0.2,-8.958571428571428,-14.547619047619046,,,,,0.0,,,False,True,Ivan Smolcic,,,,,,,,,,,True,False
Máximo Perrone,maximo perrone,COMO,Serie A,43.4,5,passes,passes,COMO,COMO,3,bottom,Máximo Perrone,Serie A,elite,5,5,3,0,0.4,-9.026666666666667,-11.444444444444445,,,,,0.3333333333333333,,,False,True,Máximo Perrone,,,,,,,,,,,True,False
Jacobo Ramón,jacobo ramon,COMO,Serie A,69.66666666666667,6,passes,passes,COMO,COMO,1,top,Jacobo Ramón,Serie A,elite,5,5,3,0,0.6,6.047142857142857,7.78968253968254,,,,,0.6666666666666666,,,False,False,Jacobo Ramón,,,,,,,,,,,True,False
Lucas da Cunha,lucas da cunha,COMO,Serie A,60.8,5,passes,passes,COMO,COMO,2,top,Lucas da Cunha,Serie A,elite,4,4,3,0,0.5,-9.950000000000001,-14.600000000000001,,,,,0.3333333333333333,,,False,True,Lucas da Cunha,,,,,,,,,,,True,False
Máximo Perrone,maximo perrone,COMO,Serie A,43.4,5,passes,passes,COMO,COMO,3,top,Máximo Perrone,Serie A,elite,5,5,3,0,0.4,-9.026666666666667,-11.444444444444445,,,,,0.3333333333333333,,,False,True,Máximo Perrone,,,,,,,,,,,True,False
Ivan Smolcic,ivan smolcic,COMO,Serie A,0.0,5,saves,saves,COMO,COMO,1,bottom,Ivan Smolcic,Serie A,elite,5,5,3,0,0.0,0.0,0.0,,,,,0.0,,,False,False,Ivan Smolcic,,,,,,,,,,,True,False
Jacobo Ramón,jacobo ramon,COMO,Serie A,0.0,6,saves,saves,COMO,COMO,2,bottom,Jacobo Ramón,Serie A,elite,5,5,3,0,0.0,0.0,0.0,,,,,0.0,,,False,False,Jacobo Ramón,,,,,,,,,,,True,False
Lucas da Cunha,lucas da cunha,COMO,Serie A,0.0,5,saves,saves,COMO,COMO,3,bottom,Lucas da Cunha,Serie A,elite,4,4,3,0,0.0,0.0,0.0,,,,,0.0,,,False,False,Lucas da Cunha,,,,,,,,,,,True,False
Ivan Smolcic,ivan smolcic,COMO,Serie A,0.0,5,saves,saves,COMO,COMO,1,top,Ivan Smolcic,Serie A,elite,5,5,3,0,0.0,0.0,0.0,,,,,0.0,,,False,False,Ivan Smolcic,,,,,,,,,,,True,False
Jacobo Ramón,jacobo ramon,COMO,Serie A,0.0,6,saves,saves,COMO,COMO,2,top,Jacobo Ramón,Serie A,elite,5,5,3,0,0.0,0.0,0.0,,,,,0.0,,,False,False,Jacobo Ramón,,,,,,,,,,,True,False
Lucas da Cunha,lucas da cunha,COMO,Serie A,0.0,5,saves,saves,COMO,COMO,3,top,Lucas da Cunha,Serie A,elite,4,4,3,0,0.0,0.0,0.0,,,,,0.0,,,False,False,Lucas da Cunha,,,,,,,,,,,True,False
Adrian Lahdo,adrian lahdo,COMO,Serie A,0.0,7,shots,shots,COMO,COMO,1,bottom,Adrian Lahdo,Serie A,elite,7,7,4,0,0.14285714285714285,0.03633786848072563,-0.15863095238095237,,-0.1111111111111111,0.22823947752855736,,0.0,,,False,False,Adrian Lahdo,,,,,,,,,,,True,False
Alberto Dossena,alberto dossena,COMO,Serie A,0.0,5,shots,shots,COMO,COMO,2,bottom,Alberto Dossena,Serie A,elite,6,6,4,0,0.0,0.0,0.0,,0.0,,,0.0,,,False,False,Alberto Dossena,,,,,,,,,,,True,False
Ivan Smolcic,ivan smolcic,COMO,Serie A,0.0,8,shots,shots,COMO,COMO,3,bottom,Ivan Smolcic,Serie A,elite,9,9,5,0,0.0,0.0,0.0,,0.0,,,0.0,,,False,False,Ivan Smolcic,,,,,,,,,,,True,False
Nico Paz,nico paz,COMO,Serie A,4.2,5,shots,shots,COMO,COMO,1,top,Nico Paz,Serie A,elite,4,4,2,0,0.5,0.7458333333333335,2.041666666666667,,-0.6000000000000001,,,1.0,,,False,False,Nico Paz,,,,,,,,,,,True,False
Assane Diao,assane diao,COMO,Serie A,2.2,5,shots,shots,COMO,COMO,2,top,Assane Diao,Serie A,elite,6,6,4,0,0.8333333333333334,0.34880952380952374,0.2375,,1.1428571428571428,0.9437886675833749,,1.0,,,False,False,Assane Diao,,,,,,,,,,,True,False
Martin Baturina,martin baturina,COMO,Serie A,2.2,5,shots,shots,COMO,COMO,3,top,Martin Baturina,Serie A,elite,5,5,3,0,0.4,0.052857142857142846,1.0166666666666666,,-1.5,,,0.6666666666666666,,,False,False,Martin Baturina,,,,,,,,,,,True,False
Adrian Lahdo,adrian lahdo,COMO,Serie A,0.0,7,shots_on_target,shots_on_target,COMO,COMO,1,bottom,Adrian Lahdo,Serie A,elite,7,7,4,0,0.0,0.0,0.0,,0.0,,,0.0,,,False,False,Adrian Lahdo,,,,,,,,,,,True,False
Alberto Dossena,alberto dossena,COMO,Serie A,0.0,5,shots_on_target,shots_on_target,COMO,COMO,2,bottom,Alberto Dossena,Serie A,elite,6,6,4,0,0.0,0.0,0.0,,0.0,,,0.0,,,False,False,Alberto Dossena,,,,,,,,,,,True,False
Ivan Smolcic,ivan smolcic,COMO,Serie A,0.0,8,shots_on_target,shots_on_target,COMO,COMO,3,bottom,Ivan Smolcic,Serie A,elite,9,9,5,0,0.0,0.0,0.0,,0.0,,,0.0,,,False,False,Ivan Smolcic,,,,,,,,,,,True,False
Martin Baturina,martin baturina,COMO,Serie A,1.0,5,shots_on_target,shots_on_target,COMO,COMO,1,top,Martin Baturina,Serie A,elite,5,5,3,0,0.4,0.1880952380952381,0.4166666666666667,,-0.16666666666666674,,,0.6666666666666666,,,False,False,Martin Baturina,,,,,,,,,,,True,False
Assane Diao,assane diao,COMO,Serie A,0.8,5,shots_on_target,shots_on_target,COMO,COMO,2,top,Assane Diao,Serie A,elite,6,6,4,0,0.6666666666666666,0.4716269841269842,0.22083333333333338,,1.5714285714285714,0.3939723342617747,,0.5,,,False,False,Assane Diao,,,,,,,,,,,True,False
Nico Paz,nico paz,COMO,Serie A,0.8,5,shots_on_target,shots_on_target,COMO,COMO,3,top,Nico Paz,Serie A,elite,4,4,2,0,0.25,-0.058333333333333265,-0.5833333333333333,,1.6,,,0.0,,,False,True,Nico Paz,,,,,,,,,,,True,False
Ivan Smolcic,ivan smolcic,COMO,Serie A,0.4,5,tackles,tackles,COMO,COMO,1,bottom,Ivan Smolcic,Serie A,elite,5,5,3,0,0.4,0.5380952380952382,0.5634920634920635,,,,,0.3333333333333333,,,False,False,Ivan Smolcic,,,,,,,,,,,True,False
Máximo Perrone,maximo perrone,COMO,Serie A,0.4,5,tackles,tackles,COMO,COMO,2,bottom,Máximo Perrone,Serie A,elite,5,5,3,0,0.2,-0.389047619047619,-0.1984126984126984,,,,,0.3333333333333333,,,False,False,Máximo Perrone,,,,,,,,,,,True,False
Maxence Caqueret,maxence caqueret,COMO,Serie A,0.6,5,tackles,tackles,COMO,COMO,3,bottom,Maxence Caqueret,Serie A,elite,5,5,3,0,0.2,-0.33142857142857146,-0.6190476190476191,,,,,0.0,,,False,True,Maxence Caqueret,,,,,,,,,,,True,False
Lucas da Cunha,lucas da cunha,COMO,Serie A,1.8,5,tackles,tackles,COMO,COMO,1,top,Lucas da Cunha,Serie A,elite,4,4,3,0,0.5,-0.27083333333333326,0.05555555555555558,,,,,0.6666666666666666,,,False,False,Lucas da Cunha,,,,,,,,,,,True,False
Jacobo Ramón,jacobo ramon,COMO,Serie A,1.5,6,tackles,tackles,COMO,COMO,2,top,Jacobo Ramón,Serie A,elite,5,5,3,0,0.4,0.014761904761904799,0.5357142857142857,,,,,0.6666666666666666,,,False,False,Jacobo Ramón,,,,,,,,,,,True,False
Maxence Caqueret,maxence caqueret,COMO,Serie A,0.6,5,tackles,tackles,COMO,COMO,3,top,Maxence Caqueret,Serie A,elite,5,5,3,0,0.2,-0.33142857142857146,-0.6190476190476191,,,,,0.0,,,False,True,Maxence Caqueret,,,,,,,,,,,True,False
Alex Bono,alex bono,DC UNITED,MLS,0.0,5,assists,assists,DC UNITED,DC UNITED,1,bottom,Alex Bono,MLS,mid,2,2,0,1,0.0,0.0,,0.0,0.0,,0.0,,,,False,False,Alex Bono,,,,,,,,,,,True,False
Andre Dozzell,andre dozzell,DC UNITED,MLS,0.0,5,assists,assists,DC UNITED,DC UNITED,2,bottom,Andre Dozzell,MLS,mid,2,2,0,1,0.0,0.0,,0.0,0.0,,0.0,,,,False,False,Andre Dozzell,,,,,,,,,,,True,False
Brandon Servania,brandon servania,DC UNITED,MLS,0.0,5,assists,assists,DC UNITED,DC UNITED,3,bottom,Brandon Servania,MLS,mid,2,2,0,1,0.0,0.0,,0.0,0.0,,0.0,,,,False,False,Brandon Servania,,,,,,,,,,,True,False
Kimito Nono,kimito nono,DC UNITED,MLS,0.2,5,assists,assists,DC UNITED,DC UNITED,1,top,Kimito Nono,MLS,mid,2,2,0,1,0.5,0.5,,0.0,1.0,,0.0,,,,False,False,Kimito Nono,,,,,,,,,,,True,False
Louis Munteanu,louis munteanu,DC UNITED,MLS,0.2,5,assists,assists,DC UNITED,DC UNITED,2,top,Louis Munteanu,MLS,mid,2,2,0,1,0.5,0.5,,0.0,1.0,,0.0,,,,False,False,Louis Munteanu,,,,,,,,,,,True,False
Alex Bono,alex bono,DC UNITED,MLS,0.0,5,assists,assists,DC UNITED,DC UNITED,3,top,Alex Bono,MLS,mid,2,2,0,1,0.0,0.0,,0.0,0.0,,0.0,,,,False,False,Alex Bono,,,,,,,,,,,True,False
Alex Bono,alex bono,DC UNITED,MLS,0.0,5,goals,goals,DC UNITED,DC UNITED,1,bottom,Alex Bono,MLS,mid,2,2,0,1,0.0,0.0,,0.0,0.0,,0.0,,,,False,False,Alex Bono,,,,,,,,,,,True,False
Andre Dozzell,andre dozzell,DC UNITED,MLS,0.0,5,goals,goals,DC UNITED,DC UNITED,2,bottom,Andre Dozzell,MLS,mid,2,2,0,1,0.0,0.0,,0.0,0.0,,0.0,,,,False,False,Andre Dozzell,,,,,,,,,,,True,False
Brandon Servania,brandon servania,DC UNITED,MLS,0.0,5,goals,goals,DC UNITED,DC UNITED,3,bottom,Brandon Servania,MLS,mid,2,2,0,1,0.0,0.0,,0.0,0.0,,0.0,,,,False,False,Brandon Servania,,,,,,,,,,,True,False
Louis Munteanu,louis munteanu,DC UNITED,MLS,0.2,5,goals,goals,DC UNITED,DC UNITED,1,top,Louis Munteanu,MLS,mid,2,2,0,1,0.0,-0.29166666666666663,,-0.3333333333333333,-0.25,,0.0,,,,False,False,Louis Munteanu,,,,,,,,,,,True,False
Alex Bono,alex bono,DC UNITED,MLS,0.0,5,goals,goals,DC UNITED,DC UNITED,2,top,Alex Bono,MLS,mid,2,2,0,1,0.0,0.0,,0.0,0.0,,0.0,,,,False,False,Alex Bono,,,,,,,,,,,True,False
Andre Dozzell,andre dozzell,DC UNITED,MLS,0.0,5,goals,goals,DC UNITED,DC UNITED,3,top,Andre Dozzell,MLS,mid,2,2,0,1,0.0,0.0,,0.0,0.0,,0.0,,,,False,False,Andre Dozzell,,,,,,,,,,,True,False
Alex Bono,alex bono,DC UNITED,MLS,0.0,5,saves,saves,DC UNITED,DC UNITED,1,bottom,Alex Bono,MLS,mid,2,2,0,1,0.0,0.0,,0.0,0.0,,0.0,,,,False,False,Alex Bono,,,,,,,,,,,True,False
Sean Johnson,sean johnson,DC UNITED,MLS,2.0,5,saves,saves,DC UNITED,DC UNITED,2,bottom,Sean Johnson,MLS,mid,2,2,0,1,0.5,-0.5416666666666667,,-2.3333333333333335,1.25,,0.0,,,,False,False,Sean Johnson,,,,,,,,,,,True,False
Sean Johnson,sean johnson,DC UNITED,MLS,2.0,5,saves,saves,DC UNITED,DC UNITED,1,top,Sean Johnson,MLS,mid,2,2,0,1,0.5,-0.5416666666666667,,-2.3333333333333335,1.25,,0.0,,,,False,False,Sean Johnson,,,,,,,,,,,True,False
Alex Bono,alex bono,DC UNITED,MLS,0.0,5,saves,saves,DC UNITED,DC UNITED,2,top,Alex Bono,MLS,mid,2,2,0,1,0.0,0.0,,0.0,0.0,,0.0,,,,False,False,Alex Bono,,,,,,,,,,,True,False
Alex Bono,alex bono,DC UNITED,MLS,0.0,5,shots,shots,DC UNITED,DC UNITED,1,bottom,Alex Bono,MLS,mid,2,2,0,1,0.0,0.0,,0.0,0.0,,0.0,,,,False,False,Alex Bono,,,,,,,,,,,True,False
Andre Dozzell,andre dozzell,DC UNITED,MLS,0.0,5,shots,shots,DC UNITED,DC UNITED,2,bottom,Andre Dozzell,MLS,mid,2,2,0,1,0.0,0.0,,0.0,0.0,,0.0,,,,False,False,Andre Dozzell,,,,,,,,,,,True,False
Hosei Kijima,hosei kijima,DC UNITED,MLS,0.0,5,shots,shots,DC UNITED,DC UNITED,3,bottom,Hosei Kijima,MLS,mid,2,2,0,1,0.0,0.0,,0.0,0.0,,0.0,,,,False,False,Hosei Kijima,,,,,,,,,,,True,False
Louis Munteanu,louis munteanu,DC UNITED,MLS,2.2,5,shots,shots,DC UNITED,DC UNITED,1,top,Louis Munteanu,MLS,mid,2,2,0,1,0.0,-2.416666666666667,,-3.3333333333333335,-1.5,,0.0,,,,False,False,Louis Munteanu,,,,,,,,,,,True,False
Kimito Nono,kimito nono,DC UNITED,MLS,1.6,5,shots,shots,DC UNITED,DC UNITED,2,top,Kimito Nono,MLS,mid,2,2,0,1,0.5,-0.75,,-2.0,0.5,,0.0,,,,False,False,Kimito Nono,,,,,,,,,,,True,False
Jackson Hopkins,jackson hopkins,DC UNITED,MLS,1.2,5,shots,shots,DC UNITED,DC UNITED,3,top,Jackson Hopkins,MLS,mid,2,2,0,1,0.0,-1.75,,-2.0,-1.5,,0.0,,,,False,False,Jackson Hopkins,,,,,,,,,,,True,False
Alex Bono,alex bono,DC UNITED,MLS,0.0,5,shots_on_target,shots_on_target,DC UNITED,DC UNITED,1,bottom,Alex Bono,MLS,mid,2,2,0,1,0.0,0.0,,0.0,0.0,,0.0,,,,False,False,Alex Bono,,,,,,,,,,,True,False
Andre Dozzell,andre dozzell,DC UNITED,MLS,0.0,5,shots_on_target,shots_on_target,DC UNITED,DC UNITED,2,bottom,Andre Dozzell,MLS,mid,2,2,0,1,0.0,0.0,,0.0,0.0,,0.0,,,,False,False,Andre Dozzell,,,,,,,,,,,True,False
Hosei Kijima,hosei kijima,DC UNITED,MLS,0.0,5,shots_on_target,shots_on_target,DC UNITED,DC UNITED,3,bottom,Hosei Kijima,MLS,mid,2,2,0,1,0.0,0.0,,0.0,0.0,,0.0,,,,False,False,Hosei Kijima,,,,,,,,,,,True,False
Jackson Hopkins,jackson hopkins,DC UNITED,MLS,0.6,5,shots_on_target,shots_on_target,DC UNITED,DC UNITED,1,top,Jackson Hopkins,MLS,mid,2,2,0,1,0.0,-0.875,,-1.0,-0.75,,0.0,,,,False,False,Jackson Hopkins,,,,,,,,,,,True,False
Louis Munteanu,louis munteanu,DC UNITED,MLS,0.6,5,shots_on_target,shots_on_target,DC UNITED,DC UNITED,2,top,Louis Munteanu,MLS,mid,2,2,0,1,0.5,-0.08333333333333331,,-0.6666666666666666,0.5,,0.0,,,,False,False,Louis Munteanu,,,,,,,,,,,True,False
Kimito Nono,kimito nono,DC UNITED,MLS,0.4,5,shots_on_target,shots_on_target,DC UNITED,DC UNITED,3,top,Kimito Nono,MLS,mid,2,2,0,1,0.0,-0.5833333333333333,,-0.6666666666666666,-0.5,,0.0,,,,False,False,Kimito Nono,,,,,,,,,,,True,False
Alex Mowatt,alex mowatt,DERBY,Championship,0.0,6,assists,assists,DERBY,DERBY,1,bottom,Alex Mowatt,Championship,elite,4,4,2,1,0.0,0.0,0.0,0.0,,,0.0,0.0,0.0,0.0,False,False,Alex Mowatt,,,,,,,,,,,True,False
Charlie Taylor,charlie taylor,DERBY,Championship,0.0,6,assists,assists,DERBY,DERBY,2,bottom,Charlie Taylor,Championship,elite,4,4,2,1,0.0,0.0,0.0,0.0,,,0.0,0.0,0.0,0.0,False,False,Charlie Taylor,,,,,,,,,,,True,False
Corey Taylor,corey taylor,DERBY,Championship,0.0,6,assists,assists,DERBY,DERBY,3,bottom,Corey Taylor,Championship,elite,4,4,2,1,0.0,0.0,0.0,0.0,,,0.0,0.0,0.0,0.0,False,False,Corey Taylor,,,,,,,,,,,True,False
Bobby Clark,bobby clark,DERBY,Championship,0.3333333333333333,6,assists,assists,DERBY,DERBY,1,top,Bobby Clark,Championship,elite,4,4,2,1,0.25,-0.07916666666666666,-0.3333333333333333,0.75,,,1.0,0.0,1.0833333333333333,1.0833333333333333,False,True,Bobby Clark,,,,,,,,,,,True,False
Oscar Fraulo,oscar fraulo,DERBY,Championship,0.16666666666666666,6,assists,assists,DERBY,DERBY,2,top,Oscar Fraulo,Championship,elite,4,4,2,1,0.25,0.15833333333333335,-0.08333333333333333,1.0,,,1.0,0.0,1.0833333333333333,1.0833333333333333,False,False,Oscar Fraulo,,,,,,,,,,,True,False
Alex Mowatt,alex mowatt,DERBY,Championship,0.0,6,assists,assists,DERBY,DERBY,3,top,Alex Mowatt,Championship,elite,4,4,2,1,0.0,0.0,0.0,0.0,,,0.0,0.0,0.0,0.0,False,False,Alex Mowatt,,,,,,,,,,,True,False
Alex Mowatt,alex mowatt,DERBY,Championship,0.0,6,goals,goals,DERBY,DERBY,1,bottom,Alex Mowatt,Championship,elite,4,4,2,1,0.0,0.0,0.0,0.0,,,0.0,0.0,0.0,0.0,False,False,Alex Mowatt,,,,,,,,,,,True,False
Charlie Taylor,charlie taylor,DERBY,Championship,0.0,6,goals,goals,DERBY,DERBY,2,bottom,Charlie Taylor,Championship,elite,4,4,2,1,0.0,0.0,0.0,0.0,,,0.0,0.0,0.0,0.0,False,False,Charlie Taylor,,,,,,,,,,,True,False
Corey Taylor,corey taylor,DERBY,Championship,0.0,6,goals,goals,DERBY,DERBY,3,bottom,Corey Taylor,Championship,elite,4,4,2,1,0.0,0.0,0.0,0.0,,,0.0,0.0,0.0,0.0,False,False,Corey Taylor,,,,,,,,,,,True,False
Sammie Szmodics,sammie szmodics,DERBY,Championship,0.4,5,goals,goals,DERBY,DERBY,1,top,Sammie Szmodics,Championship,elite,3,3,1,1,0.3333333333333333,-0.33888888888888885,-0.6,0.33333333333333337,,,1.0,0.0,0.9333333333333333,0.9333333333333333,False,False,Sammie Szmodics,,,,,,,,,,,True,False
Bobby Clark,bobby clark,DERBY,Championship,0.16666666666666666,6,goals,goals,DERBY,DERBY,2,top,Bobby Clark,Championship,elite,4,4,2,1,0.0,-0.23749999999999996,-0.25,-0.25,,,0.0,0.0,0.0,0.0,False,False,Bobby Clark,,,,,,,,,,,True,False
Lars Jorgen Salvesen,lars jorgen salvesen,DERBY,Championship,0.16666666666666666,6,goals,goals,DERBY,DERBY,3,top,Lars Jorgen Salvesen,Championship,elite,4,4,2,1,0.25,0.15833333333333335,-0.08333333333333333,1.0,,,1.0,0.0,1.0833333333333333,1.0833333333333333,False,False,Lars Jorgen Salvesen,,,,,,,,,,,True,False
Josh Vickers,josh vickers,DERBY,Championship,0.0,6,saves,saves,DERBY,DERBY,1,bottom,Josh Vickers,Championship,elite,4,4,2,1,0.0,0.0,0.0,0.0,,,0.0,0.0,0.0,0.0,False,False,Josh Vickers,,,,,,,,,,,True,False
Jacob Widell Zetterström,jacob widell zetterstrom,DERBY,Championship,3.6666666666666665,6,saves,saves,DERBY,DERBY,2,bottom,Jacob Widell Zetterström,Championship,elite,4,4,2,1,0.25,0.2708333333333335,1.166666666666667,-1.25,,,0.0,0.5,-2.416666666666667,-2.416666666666667,False,False,Jacob Widell Zetterström,,,,,,,,,,,True,False
Jacob Widell Zetterström,jacob widell zetterstrom,DERBY,Championship,3.6666666666666665,6,saves,saves,DERBY,DERBY,1,top,Jacob Widell Zetterström,Championship,elite,4,4,2,1,0.25,0.2708333333333335,1.166666666666667,-1.25,,,0.0,0.5,-2.416666666666667,-2.416666666666667,False,False,Jacob Widell Zetterström,,,,,,,,,,,True,False
Josh Vickers,josh vickers,DERBY,Championship,0.0,6,saves,saves,DERBY,DERBY,2,top,Josh Vickers,Championship,elite,4,4,2,1,0.0,0.0,0.0,0.0,,,0.0,0.0,0.0,0.0,False,False,Josh Vickers,,,,,,,,,,,True,False
Josh Vickers,josh vickers,DERBY,Championship,0.0,6,shots,shots,DERBY,DERBY,1,bottom,Josh Vickers,Championship,elite,4,4,2,1,0.0,0.0,0.0,0.0,,,0.0,0.0,0.0,0.0,False,False,Josh Vickers,,,,,,,,,,,True,False
Ryan Nyambe,ryan nyambe,DERBY,Championship,0.0,6,shots,shots,DERBY,DERBY,2,bottom,Ryan Nyambe,Championship,elite,3,3,1,1,0.0,0.0,0.0,0.0,,,0.0,0.0,0.0,0.0,False,False,Ryan Nyambe,,,,,,,,,,,True,False
Dion Sanderson,dion sanderson,DERBY,Championship,0.16666666666666666,6,shots,shots,DERBY,DERBY,3,bottom,Dion Sanderson,Championship,elite,4,4,2,1,0.0,-0.23749999999999996,-0.25,-0.25,,,0.0,0.0,0.0,0.0,False,False,Dion Sanderson,,,,,,,,,,,True,False
Bobby Clark,bobby clark,DERBY,Championship,1.8333333333333333,6,shots,shots,DERBY,DERBY,1,top,Bobby Clark,Championship,elite,4,4,2,1,0.0,-1.6333333333333333,-1.4166666666666665,-1.5,,,0.0,0.0,-0.08333333333333348,-0.08333333333333348,False,True,Bobby Clark,,,,,,,,,,,True,False
Lars Jorgen Salvesen,lars jorgen salvesen,DERBY,Championship,1.6666666666666667,6,shots,shots,DERBY,DERBY,2,top,Lars Jorgen Salvesen,Championship,elite,4,4,2,1,1.0,1.3458333333333334,1.1666666666666667,2.25,,,1.0,1.0,1.0833333333333333,1.0833333333333333,False,False,Lars Jorgen Salvesen,,,,,,,,,,,True,False
Sammie Szmodics,sammie szmodics,DERBY,Championship,1.6,5,shots,shots,DERBY,DERBY,3,top,Sammie Szmodics,Championship,elite,3,3,1,1,0.3333333333333333,0.14444444444444446,1.6,-0.6666666666666667,,,0.0,1.0,-2.2666666666666666,-2.2666666666666666,False,False,Sammie Szmodics,,,,,,,,,,,True,False
Alex Mowatt,alex mowatt,DERBY,Championship,0.0,6,shots_on_target,shots_on_target,DERBY,DERBY,1,bottom,Alex Mowatt,Championship,elite,4,4,2,1,0.0,0.0,0.0,0.0,,,0.0,0.0,0.0,0.0,False,False,Alex Mowatt,,,,,,,,,,,True,False
Charlie Taylor,charlie taylor,DERBY,Championship,0.0,6,shots_on_target,shots_on_target,DERBY,DERBY,2,bottom,Charlie Taylor,Championship,elite,4,4,2,1,0.0,0.0,0.0,0.0,,,0.0,0.0,0.0,0.0,False,False,Charlie Taylor,,,,,,,,,,,True,False
Dion Sanderson,dion sanderson,DERBY,Championship,0.0,6,shots_on_target,shots_on_target,DERBY,DERBY,3,bottom,Dion Sanderson,Championship,elite,4,4,2,1,0.0,0.0,0.0,0.0,,,0.0,0.0,0.0,0.0,False,False,Dion Sanderson,,,,,,,,,,,True,False
Lars Jorgen Salvesen,lars jorgen salvesen,DERBY,Championship,0.8333333333333334,6,shots_on_target,shots_on_target,DERBY,DERBY,1,top,Lars Jorgen Salvesen,Championship,elite,4,4,2,1,0.5,0.48749999999999993,2.7755575615628914e-17,2.75,,,1.0,0.5,2.75,2.75,False,False,Lars Jorgen Salvesen,,,,,,,,,,,True,False
Sammie Szmodics,sammie szmodics,DERBY,Championship,0.6,5,shots_on_target,shots_on_target,DERBY,DERBY,2,top,Sammie Szmodics,Championship,elite,3,3,1,1,0.0,-0.861111111111111,-1.0,-0.33333333333333326,,,0.0,0.0,0.6666666666666667,0.6666666666666667,False,False,Sammie Szmodics,,,,,,,,,,,True,False
Bobby Clark,bobby clark,DERBY,Championship,0.3333333333333333,6,shots_on_target,shots_on_target,DERBY,DERBY,3,top,Bobby Clark,Championship,elite,4,4,2,1,0.0,-0.4749999999999999,-0.5,-0.5,,,0.0,0.0,0.0,0.0,False,True,Bobby Clark,,,,,,,,,,,True,False
Abdulelah Al-Malki,abdulelah al-malki,DIR,ksa.1,0.0,5,assists,assists,DIR,DIR,1,bottom,Abdulelah Al-Malki,ksa.1,unknown,2,2,0,0,0.0,0.0,,,,,,,,,False,False,Abdulelah Al-Malki,,,,,,,,,,,True,False
Chancel Mbemba,chancel mbemba,DIR,ksa.1,0.0,5,assists,assists,DIR,DIR,2,bottom,Chancel Mbemba,ksa.1,unknown,4,4,0,0,0.0,0.0,,,,,,,,,False,False,Chancel Mbemba,,,,,,,,,,,True,False
Hatan Bahbri,hatan bahbri,DIR,ksa.1,0.0,5,assists,assists,DIR,DIR,3,bottom,Hatan Bahbri,ksa.1,unknown,2,2,0,0,0.0,0.0,,,,,,,,,False,False,Hatan Bahbri,,,,,,,,,,,True,False
Abdulaziz Al Faraj,abdulaziz al faraj,DIR,ksa.1,0.2,5,assists,assists,DIR,DIR,1,top,Abdulaziz Al Faraj,ksa.1,unknown,2,2,0,0,0.0,-0.29166666666666663,,,,,,,,,False,False,Abdulaziz Al Faraj,,,,,,,,,,,True,False
Clayton Diandy,clayton diandy,DIR,ksa.1,0.2,5,assists,assists,DIR,DIR,2,top,Clayton Diandy,ksa.1,unknown,5,5,0,0,0.2,0.13589743589743591,,,,,,,,,False,False,Clayton Diandy,,,,,,,,,,,True,False
Abdulelah Al-Malki,abdulelah al-malki,DIR,ksa.1,0.0,5,assists,assists,DIR,DIR,3,top,Abdulelah Al-Malki,ksa.1,unknown,2,2,0,0,0.0,0.0,,,,,,,,,False,False,Abdulelah Al-Malki,,,,,,,,,,,True,False
Abdulaziz Al Faraj,abdulaziz al faraj,DIR,ksa.1,0.0,5,goals,goals,DIR,DIR,1,bottom,Abdulaziz Al Faraj,ksa.1,unknown,2,2,0,0,0.0,0.0,,,,,,,,,False,False,Abdulaziz Al Faraj,,,,,,,,,,,True,False
Chancel Mbemba,chancel mbemba,DIR,ksa.1,0.0,5,goals,goals,DIR,DIR,2,bottom,Chancel Mbemba,ksa.1,unknown,2,2,0,0,0.0,0.0,,,,,,,,,False,False,Chancel Mbemba,,,,,,,,,,,True,False
Clayton Diandy,clayton diandy,DIR,ksa.1,0.0,5,goals,goals,DIR,DIR,3,bottom,Clayton Diandy,ksa.1,unknown,4,4,0,0,0.0,-0.9499999999999998,,,,,,,,,False,False,Clayton Diandy,,,,,,,,,,,True,False
Abdulelah Al-Malki,abdulelah al-malki,DIR,ksa.1,0.2,5,goals,goals,DIR,DIR,1,top,Abdulelah Al-Malki,ksa.1,unknown,2,2,0,0,0.0,-0.29166666666666663,,,,,,,,,False,False,Abdulelah Al-Malki,,,,,,,,,,,True,False
Meshari Al Nemer,meshari al nemer,DIR,ksa.1,0.2,5,goals,goals,DIR,DIR,2,top,Meshari Al Nemer,ksa.1,unknown,2,2,0,0,0.0,-0.29166666666666663,,,,,,,,,False,False,Meshari Al Nemer,,,,,,,,,,,True,False
Abdulaziz Al Faraj,abdulaziz al faraj,DIR,ksa.1,0.0,5,goals,goals,DIR,DIR,3,top,Abdulaziz Al Faraj,ksa.1,unknown,2,2,0,0,0.0,0.0,,,,,,,,,False,False,Abdulaziz Al Faraj,,,,,,,,,,,True,False
Abdulaziz Al Faraj,abdulaziz al faraj,DIR,ksa.1,0.0,5,shots,shots,DIR,DIR,1,bottom,Abdulaziz Al Faraj,ksa.1,unknown,2,2,0,0,0.0,0.0,,,,,,,,,False,False,Abdulaziz Al Faraj,,,,,,,,,,,True,False
Hussain Al-Qahtani,hussain al-qahtani,DIR,ksa.1,0.0,5,shots,shots,DIR,DIR,2,bottom,Hussain Al-Qahtani,ksa.1,unknown,2,2,0,0,0.0,0.0,,,,,,,,,False,False,Hussain Al-Qahtani,,,,,,,,,,,True,False
Khalid Al Asiri,khalid al asiri,DIR,ksa.1,0.0,5,shots,shots,DIR,DIR,3,bottom,Khalid Al Asiri,ksa.1,unknown,2,2,0,0,0.0,0.0,,,,,,,,,False,False,Khalid Al Asiri,,,,,,,,,,,True,False
Clayton Diandy,clayton diandy,DIR,ksa.1,0.4,5,shots,shots,DIR,DIR,1,top,Clayton Diandy,ksa.1,unknown,5,5,0,0,0.0,-1.0324358974358971,,,,,,,,,False,False,Clayton Diandy,,,,,,,,,,,True,False
Meshari Al Nemer,meshari al nemer,DIR,ksa.1,0.4,5,shots,shots,DIR,DIR,2,top,Meshari Al Nemer,ksa.1,unknown,2,2,0,0,0.0,-0.5833333333333333,,,,,,,,,False,False,Meshari Al Nemer,,,,,,,,,,,True,False
Abdulelah Al-Malki,abdulelah al-malki,DIR,ksa.1,0.2,5,shots,shots,DIR,DIR,3,top,Abdulelah Al-Malki,ksa.1,unknown,2,2,0,0,0.0,-0.29166666666666663,,,,,,,,,False,False,Abdulelah Al-Malki,,,,,,,,,,,True,False
Abdulaziz Al Faraj,abdulaziz al faraj,DIR,ksa.1,0.0,5,shots_on_target,shots_on_target,DIR,DIR,1,bottom,Abdulaziz Al Faraj,ksa.1,unknown,2,2,0,0,0.0,0.0,,,,,,,,,False,False,Abdulaziz Al Faraj,,,,,,,,,,,True,False
Chancel Mbemba,chancel mbemba,DIR,ksa.1,0.0,5,shots_on_target,shots_on_target,DIR,DIR,2,bottom,Chancel Mbemba,ksa.1,unknown,4,4,0,0,0.0,0.0,,,,,,,,,False,False,Chancel Mbemba,,,,,,,,,,,True,False
Clayton Diandy,clayton diandy,DIR,ksa.1,0.0,5,shots_on_target,shots_on_target,DIR,DIR,3,bottom,Clayton Diandy,ksa.1,unknown,5,5,0,0,0.0,-0.7726923076923078,,,,,,,,,False,False,Clayton Diandy,,,,,,,,,,,True,False
Meshari Al Nemer,meshari al nemer,DIR,ksa.1,0.4,5,shots_on_target,shots_on_target,DIR,DIR,1,top,Meshari Al Nemer,ksa.1,unknown,2,2,0,0,0.0,-0.5833333333333333,,,,,,,,,False,False,Meshari Al Nemer,,,,,,,,,,,True,False
Abdulelah Al-Malki,abdulelah al-malki,DIR,ksa.1,0.2,5,shots_on_target,shots_on_target,DIR,DIR,2,top,Abdulelah Al-Malki,ksa.1,unknown,2,2,0,0,0.0,-0.29166666666666663,,,,,,,,,False,False,Abdulelah Al-Malki,,,,,,,,,,,True,False
Hatan Bahbri,hatan bahbri,DIR,ksa.1,0.2,5,shots_on_target,shots_on_target,DIR,DIR,3,top,Hatan Bahbri,ksa.1,unknown,2,2,0,0,0.0,-0.29166666666666663,,,,,,,,,False,False,Hatan Bahbri,,,,,,,,,,,True,False
Gaëtan Laborde,gaetan laborde,DIRIYAH,First Division League,0.14285714285714285,7,assists,assists,DIRIYAH,DIRIYAH,1,bottom,Gaëtan Laborde,Saudi Pro League,unknown,7,7,0,0,0.14285714285714285,0.06649659863945578,,,,,,,,,False,False,Gaëtan Laborde,,,,,,,,,,,True,False
Georges-Kévin N'Koudou,georges-kevin n'koudou,DIRIYAH,First Division League,0.14285714285714285,7,assists,assists,DIRIYAH,DIRIYAH,2,bottom,Georges-Kévin N'Koudou,Saudi Pro League,unknown,7,7,0,0,0.0,-0.188265306122449,,,,,,,,,False,False,Georges-Kévin N'Koudou,,,,,,,,,,,True,False
Gaëtan Laborde,gaetan laborde,DIRIYAH,First Division League,0.14285714285714285,7,assists,assists,DIRIYAH,DIRIYAH,1,top,Gaëtan Laborde,Saudi Pro League,unknown,7,7,0,0,0.14285714285714285,0.06649659863945578,,,,,,,,,False,False,Gaëtan Laborde,,,,,,,,,,,True,False
Georges-Kévin N'Koudou,georges-kevin n'koudou,DIRIYAH,First Division League,0.14285714285714285,7,assists,assists,DIRIYAH,DIRIYAH,2,top,Georges-Kévin N'Koudou,Saudi Pro League,unknown,7,7,0,0,0.0,-0.188265306122449,,,,,,,,,False,False,Georges-Kévin N'Koudou,,,,,,,,,,,True,False
Gaëtan Laborde,gaetan laborde,DIRIYAH,First Division League,25.142857142857142,7,passes,passes,DIRIYAH,DIRIYAH,1,bottom,Gaëtan Laborde,Saudi Pro League,unknown,7,7,0,0,0.2857142857142857,-3.6005668934240362,,,,,,,,,False,False,Gaëtan Laborde,,,,,,,,,,,True,False
Georges-Kévin N'Koudou,georges-kevin n'koudou,DIRIYAH,First Division League,30.857142857142858,7,passes,passes,DIRIYAH,DIRIYAH,2,bottom,Georges-Kévin N'Koudou,Saudi Pro League,unknown,7,7,0,0,0.5714285714285714,3.699773242630385,,,,,,,,,False,False,Georges-Kévin N'Koudou,,,,,,,,,,,True,False
Georges-Kévin N'Koudou,georges-kevin n'koudou,DIRIYAH,First Division League,30.857142857142858,7,passes,passes,DIRIYAH,DIRIYAH,1,top,Georges-Kévin N'Koudou,Saudi Pro League,unknown,7,7,0,0,0.5714285714285714,3.699773242630385,,,,,,,,,False,False,Georges-Kévin N'Koudou,,,,,,,,,,,True,False
Gaëtan Laborde,gaetan laborde,DIRIYAH,First Division League,25.142857142857142,7,passes,passes,DIRIYAH,DIRIYAH,2,top,Gaëtan Laborde,Saudi Pro League,unknown,7,7,0,0,0.2857142857142857,-3.6005668934240362,,,,,,,,,False,False,Gaëtan Laborde,,,,,,,,,,,True,False
Gaëtan Laborde,gaetan laborde,DIRIYAH,First Division League,0.0,7,saves,saves,DIRIYAH,DIRIYAH,1,bottom,Gaëtan Laborde,Saudi Pro League,unknown,7,7,0,0,0.0,0.0,,,,,,,,,False,False,Gaëtan Laborde,,,,,,,,,,,True,False
Georges-Kévin N'Koudou,georges-kevin n'koudou,DIRIYAH,First Division League,0.0,7,saves,saves,DIRIYAH,DIRIYAH,2,bottom,Georges-Kévin N'Koudou,Saudi Pro League,unknown,7,7,0,0,0.0,0.0,,,,,,,,,False,False,Georges-Kévin N'Koudou,,,,,,,,,,,True,False
Gaëtan Laborde,gaetan laborde,DIRIYAH,First Division League,0.0,7,saves,saves,DIRIYAH,DIRIYAH,1,top,Gaëtan Laborde,Saudi Pro League,unknown,7,7,0,0,0.0,0.0,,,,,,,,,False,False,Gaëtan Laborde,,,,,,,,,,,True,False
Georges-Kévin N'Koudou,georges-kevin n'koudou,DIRIYAH,First Division League,0.0,7,saves,saves,DIRIYAH,DIRIYAH,2,top,Georges-Kévin N'Koudou,Saudi Pro League,unknown,7,7,0,0,0.0,0.0,,,,,,,,,False,False,Georges-Kévin N'Koudou,,,,,,,,,,,True,False
Georges-Kévin N'Koudou,georges-kevin n'koudou,DIRIYAH,First Division League,2.0,7,shots,shots,DIRIYAH,DIRIYAH,1,bottom,Georges-Kévin N'Koudou,Saudi Pro League,unknown,7,7,0,0,0.2857142857142857,0.07619047619047614,,,,,,,,,False,False,Georges-Kévin N'Koudou,,,,,,,,,,,True,False
Gaëtan Laborde,gaetan laborde,DIRIYAH,First Division League,5.714285714285714,7,shots,shots,DIRIYAH,DIRIYAH,2,bottom,Gaëtan Laborde,Saudi Pro League,unknown,7,7,0,0,0.14285714285714285,-2.3508503401360543,,,,,,,,,False,False,Gaëtan Laborde,,,,,,,,,,,True,False
Gaëtan Laborde,gaetan laborde,DIRIYAH,First Division League,5.714285714285714,7,shots,shots,DIRIYAH,DIRIYAH,1,top,Gaëtan Laborde,Saudi Pro League,unknown,7,7,0,0,0.14285714285714285,-2.3508503401360543,,,,,,,,,False,False,Gaëtan Laborde,,,,,,,,,,,True,False
Georges-Kévin N'Koudou,georges-kevin n'koudou,DIRIYAH,First Division League,2.0,7,shots,shots,DIRIYAH,DIRIYAH,2,top,Georges-Kévin N'Koudou,Saudi Pro League,unknown,7,7,0,0,0.2857142857142857,0.07619047619047614,,,,,,,,,False,False,Georges-Kévin N'Koudou,,,,,,,,,,,True,False
Georges-Kévin N'Koudou,georges-kevin n'koudou,DIRIYAH,First Division League,1.0,7,shots_on_target,shots_on_target,DIRIYAH,DIRIYAH,1,bottom,Georges-Kévin N'Koudou,Saudi Pro League,unknown,7,7,0,0,0.14285714285714285,-0.7726190476190478,,,,,,,,,False,False,Georges-Kévin N'Koudou,,,,,,,,,,,True,False
Gaëtan Laborde,gaetan laborde,DIRIYAH,First Division League,2.5714285714285716,7,shots_on_target,shots_on_target,DIRIYAH,DIRIYAH,2,bottom,Gaëtan Laborde,Saudi Pro League,unknown,7,7,0,0,0.14285714285714285,-0.8363945578231293,,,,,,,,,False,False,Gaëtan Laborde,,,,,,,,,,,True,False
Gaëtan Laborde,gaetan laborde,DIRIYAH,First Division League,2.5714285714285716,7,shots_on_target,shots_on_target,DIRIYAH,DIRIYAH,1,top,Gaëtan Laborde,Saudi Pro League,unknown,7,7,0,0,0.14285714285714285,-0.8363945578231293,,,,,,,,,False,False,Gaëtan Laborde,,,,,,,,,,,True,False
Georges-Kévin N'Koudou,georges-kevin n'koudou,DIRIYAH,First Division League,1.0,7,shots_on_target,shots_on_target,DIRIYAH,DIRIYAH,2,top,Georges-Kévin N'Koudou,Saudi Pro League,unknown,7,7,0,0,0.14285714285714285,-0.7726190476190478,,,,,,,,,False,False,Georges-Kévin N'Koudou,,,,,,,,,,,True,False
Georges-Kévin N'Koudou,georges-kevin n'koudou,DIRIYAH,First Division League,0.42857142857142855,7,tackles,tackles,DIRIYAH,DIRIYAH,1,bottom,Georges-Kévin N'Koudou,Saudi Pro League,unknown,7,7,0,0,0.5714285714285714,0.7562358276643991,,,,,,,,,False,False,Georges-Kévin N'Koudou,,,,,,,,,,,True,False
Gaëtan Laborde,gaetan laborde,DIRIYAH,First Division League,0.8571428571428571,7,tackles,tackles,DIRIYAH,DIRIYAH,2,bottom,Gaëtan Laborde,Saudi Pro League,unknown,7,7,0,0,0.2857142857142857,-0.048639455782312914,,,,,,,,,False,False,Gaëtan Laborde,,,,,,,,,,,True,False
Gaëtan Laborde,gaetan laborde,DIRIYAH,First Division League,0.8571428571428571,7,tackles,tackles,DIRIYAH,DIRIYAH,1,top,Gaëtan Laborde,Saudi Pro League,unknown,7,7,0,0,0.2857142857142857,-0.048639455782312914,,,,,,,,,False,False,Gaëtan Laborde,,,,,,,,,,,True,False
Georges-Kévin N'Koudou,georges-kevin n'koudou,DIRIYAH,First Division League,0.42857142857142855,7,tackles,tackles,DIRIYAH,DIRIYAH,2,top,Georges-Kévin N'Koudou,Saudi Pro League,unknown,7,7,0,0,0.5714285714285714,0.7562358276643991,,,,,,,,,False,False,Georges-Kévin N'Koudou,,,,,,,,,,,True,False
Abdullah Khateeb,abdullah khateeb,ETT,ksa.1,0.0,5,assists,assists,ETT,ETT,1,bottom,Abdullah Khateeb,ksa.1,unknown,2,2,0,0,0.0,0.0,,,,,,,,,False,False,Abdullah Khateeb,,,,,,,,,,,True,False
Abdullah Madu,abdullah madu,ETT,ksa.1,0.0,5,assists,assists,ETT,ETT,2,bottom,Abdullah Madu,ksa.1,unknown,2,2,0,0,0.0,0.0,,,,,,,,,False,False,Abdullah Madu,,,,,,,,,,,True,False
Bersant Celina,bersant celina,ETT,ksa.1,0.0,5,assists,assists,ETT,ETT,3,bottom,Bersant Celina,ksa.1,unknown,2,2,0,0,0.0,0.0,,,,,,,,,False,False,Bersant Celina,Bersant Celina,ETTIFAQ,QADSIAH,assists,0.5,,,,,bersant celina,True,False
Yasir Shammari,yasir shammari,ETT,ksa.1,0.2,5,assists,assists,ETT,ETT,1,top,Yasir Shammari,ksa.1,unknown,2,2,0,0,0.0,-0.29166666666666663,,,,,,,,,False,False,Yasir Shammari,,,,,,,,,,,True,False
Álvaro Medrán,alvaro medran,ETT,ksa.1,0.2,5,assists,assists,ETT,ETT,2,top,Álvaro Medrán,ksa.1,unknown,2,2,0,0,0.0,-0.29166666666666663,,,,,,,,,False,False,Álvaro Medrán,Álvaro Medrán,ETTIFAQ,QADSIAH,assists,0.5,,,,,alvaro medran,True,False
Abdullah Khateeb,abdullah khateeb,ETT,ksa.1,0.0,5,assists,assists,ETT,ETT,3,top,Abdullah Khateeb,ksa.1,unknown,2,2,0,0,0.0,0.0,,,,,,,,,False,False,Abdullah Khateeb,,,,,,,,,,,True,False
Abdullah Khateeb,abdullah khateeb,ETT,ksa.1,0.0,5,goals,goals,ETT,ETT,1,bottom,Abdullah Khateeb,ksa.1,unknown,2,2,0,0,0.0,0.0,,,,,,,,,False,False,Abdullah Khateeb,,,,,,,,,,,True,False
Abdullah Madu,abdullah madu,ETT,ksa.1,0.0,5,goals,goals,ETT,ETT,2,bottom,Abdullah Madu,ksa.1,unknown,2,2,0,0,0.0,0.0,,,,,,,,,False,False,Abdullah Madu,,,,,,,,,,,True,False
Bersant Celina,bersant celina,ETT,ksa.1,0.0,5,goals,goals,ETT,ETT,3,bottom,Bersant Celina,ksa.1,unknown,2,2,0,0,0.0,0.0,,,,,,,,,False,False,Bersant Celina,Bersant Celina,ETTIFAQ,QADSIAH,goals,0.5,,,,,bersant celina,True,False
Jack Hendry,jack hendry,ETT,ksa.1,0.2,5,goals,goals,ETT,ETT,1,top,Jack Hendry,ksa.1,unknown,2,2,0,0,0.0,-0.29166666666666663,,,,,,,,,False,False,Jack Hendry,Jack Hendry,ETTIFAQ,QADSIAH,goals,0.5,,,,,jack hendry,True,False
Ondrej Duda,ondrej duda,ETT,ksa.1,0.2,5,goals,goals,ETT,ETT,2,top,Ondrej Duda,ksa.1,unknown,2,2,0,0,0.0,-0.29166666666666663,,,,,,,,,False,False,Ondrej Duda,Ondrej Duda,ETTIFAQ,QADSIAH,goals,0.5,,,,,ondrej duda,True,False
Álvaro Medrán,alvaro medran,ETT,ksa.1,0.2,5,goals,goals,ETT,ETT,3,top,Álvaro Medrán,ksa.1,unknown,2,2,0,0,0.0,-0.29166666666666663,,,,,,,,,False,False,Álvaro Medrán,Álvaro Medrán,ETTIFAQ,QADSIAH,goals,0.5,,,,,alvaro medran,True,False
Turki Baaljawsh,turki baaljawsh,ETT,ksa.1,3.2,5,saves,saves,ETT,ETT,1,bottom,Turki Baaljawsh,ksa.1,unknown,2,2,0,0,0.0,-3.875,,,,,,,,,False,False,Turki Baaljawsh,,,,,,,,,,,True,False
Turki Baaljawsh,turki baaljawsh,ETT,ksa.1,3.2,5,saves,saves,ETT,ETT,1,top,Turki Baaljawsh,ksa.1,unknown,2,2,0,0,0.0,-3.875,,,,,,,,,False,False,Turki Baaljawsh,,,,,,,,,,,True,False
Meshal Sibyani,meshal sibyani,ETT,ksa.1,0.0,5,shots,shots,ETT,ETT,1,bottom,Meshal Sibyani,ksa.1,unknown,2,2,0,0,0.0,0.0,,,,,,,,,False,False,Meshal Sibyani,,,,,,,,,,,True,False
Turki Baaljawsh,turki baaljawsh,ETT,ksa.1,0.0,5,shots,shots,ETT,ETT,2,bottom,Turki Baaljawsh,ksa.1,unknown,2,2,0,0,0.0,0.0,,,,,,,,,False,False,Turki Baaljawsh,,,,,,,,,,,True,False
Abdullah Khateeb,abdullah khateeb,ETT,ksa.1,0.2,5,shots,shots,ETT,ETT,3,bottom,Abdullah Khateeb,ksa.1,unknown,2,2,0,0,0.0,-0.29166666666666663,,,,,,,,,False,False,Abdullah Khateeb,,,,,,,,,,,True,False
Moussa Dembélé,moussa dembele,ETT,ksa.1,3.0,5,shots,shots,ETT,ETT,1,top,Moussa Dembélé,ksa.1,unknown,2,2,0,0,0.0,-2.0,,,,,,,,,False,False,Moussa Dembélé,Moussa Dembélé,ETTIFAQ,QADSIAH,shots,2.5,,,,,moussa dembele,True,False
Moussa Dembélé,moussa dembele,ETT,ksa.1,3.0,5,shots,shots,ETT,ETT,1,top,Moussa Dembélé,ksa.1,unknown,2,2,0,0,0.0,-2.0,,,,,,,,,False,False,Moussa Dembélé,Moussa Dembélé,ETTIFAQ,QADSIAH,shots,1.5,,,,,moussa dembele,True,False
Álvaro Medrán,alvaro medran,ETT,ksa.1,2.0,5,shots,shots,ETT,ETT,2,top,Álvaro Medrán,ksa.1,unknown,2,2,0,0,0.0,-1.3333333333333333,,,,,,,,,False,False,Álvaro Medrán,Álvaro Medrán,ETTIFAQ,QADSIAH,shots,1.5,,,,,alvaro medran,True,False
Álvaro Medrán,alvaro medran,ETT,ksa.1,2.0,5,shots,shots,ETT,ETT,2,top,Álvaro Medrán,ksa.1,unknown,2,2,0,0,0.0,-1.3333333333333333,,,,,,,,,False,False,Álvaro Medrán,Álvaro Medrán,ETTIFAQ,QADSIAH,shots,3.5,,,,,alvaro medran,True,False
Álvaro Medrán,alvaro medran,ETT,ksa.1,2.0,5,shots,shots,ETT,ETT,2,top,Álvaro Medrán,ksa.1,unknown,2,2,0,0,0.0,-1.3333333333333333,,,,,,,,,False,False,Álvaro Medrán,Álvaro Medrán,ETTIFAQ,QADSIAH,shots,0.5,,,,,alvaro medran,True,False
Ondrej Duda,ondrej duda,ETT,ksa.1,1.4,5,shots,shots,ETT,ETT,3,top,Ondrej Duda,ksa.1,unknown,2,2,0,0,0.5,-0.45833333333333337,,,,,,,,,False,False,Ondrej Duda,Ondrej Duda,ETTIFAQ,QADSIAH,shots,2.5,,,,,ondrej duda,True,False
Ondrej Duda,ondrej duda,ETT,ksa.1,1.4,5,shots,shots,ETT,ETT,3,top,Ondrej Duda,ksa.1,unknown,2,2,0,0,0.5,-0.45833333333333337,,,,,,,,,False,False,Ondrej Duda,Ondrej Duda,ETTIFAQ,QADSIAH,shots,1.5,,,,,ondrej duda,True,False
Ondrej Duda,ondrej duda,ETT,ksa.1,1.4,5,shots,shots,ETT,ETT,3,top,Ondrej Duda,ksa.1,unknown,2,2,0,0,0.5,-0.45833333333333337,,,,,,,,,False,False,Ondrej Duda,Ondrej Duda,ETTIFAQ,QADSIAH,shots,0.5,,,,,ondrej duda,True,False
Abdullah Khateeb,abdullah khateeb,ETT,ksa.1,0.0,5,shots_on_target,shots_on_target,ETT,ETT,1,bottom,Abdullah Khateeb,ksa.1,unknown,2,2,0,0,0.0,0.0,,,,,,,,,False,False,Abdullah Khateeb,,,,,,,,,,,True,False
Abdullah Madu,abdullah madu,ETT,ksa.1,0.0,5,shots_on_target,shots_on_target,ETT,ETT,2,bottom,Abdullah Madu,ksa.1,unknown,2,2,0,0,0.0,0.0,,,,,,,,,False,False,Abdullah Madu,,,,,,,,,,,True,False
Meshal Sibyani,meshal sibyani,ETT,ksa.1,0.0,5,shots_on_target,shots_on_target,ETT,ETT,3,bottom,Meshal Sibyani,ksa.1,unknown,2,2,0,0,0.0,0.0,,,,,,,,,False,False,Meshal Sibyani,,,,,,,,,,,True,False
Moussa Dembélé,moussa dembele,ETT,ksa.1,1.0,5,shots_on_target,shots_on_target,ETT,ETT,1,top,Moussa Dembélé,ksa.1,unknown,2,2,0,0,0.5,0.125,,,,,,,,,False,False,Moussa Dembélé,Moussa Dembélé,ETTIFAQ,QADSIAH,shots_on_target,2.5,,,,,moussa dembele,True,False
Moussa Dembélé,moussa dembele,ETT,ksa.1,1.0,5,shots_on_target,shots_on_target,ETT,ETT,1,top,Moussa Dembélé,ksa.1,unknown,2,2,0,0,0.5,0.125,,,,,,,,,False,False,Moussa Dembélé,Moussa Dembélé,ETTIFAQ,QADSIAH,shots_on_target,1.5,,,,,moussa dembele,True,False
Moussa Dembélé,moussa dembele,ETT,ksa.1,1.0,5,shots_on_target,shots_on_target,ETT,ETT,1,top,Moussa Dembélé,ksa.1,unknown,2,2,0,0,0.5,0.125,,,,,,,,,False,False,Moussa Dembélé,Moussa Dembélé,ETTIFAQ,QADSIAH,shots_on_target,0.5,,,,,moussa dembele,True,False
Álvaro Medrán,alvaro medran,ETT,ksa.1,0.6,5,shots_on_target,shots_on_target,ETT,ETT,2,top,Álvaro Medrán,ksa.1,unknown,2,2,0,0,0.5,-0.08333333333333331,,,,,,,,,False,False,Álvaro Medrán,Álvaro Medrán,ETTIFAQ,QADSIAH,shots_on_target,1.5,,,,,alvaro medran,True,False
Álvaro Medrán,alvaro medran,ETT,ksa.1,0.6,5,shots_on_target,shots_on_target,ETT,ETT,2,top,Álvaro Medrán,ksa.1,unknown,2,2,0,0,0.5,-0.08333333333333331,,,,,,,,,False,False,Álvaro Medrán,Álvaro Medrán,ETTIFAQ,QADSIAH,shots_on_target,0.5,,,,,alvaro medran,True,False
Ondrej Duda,ondrej duda,ETT,ksa.1,0.4,5,shots_on_target,shots_on_target,ETT,ETT,3,top,Ondrej Duda,ksa.1,unknown,2,2,0,0,0.5,0.20833333333333334,,,,,,,,,False,False,Ondrej Duda,Ondrej Duda,ETTIFAQ,QADSIAH,shots_on_target,1.5,,,,,ondrej duda,True,False
Ondrej Duda,ondrej duda,ETT,ksa.1,0.4,5,shots_on_target,shots_on_target,ETT,ETT,3,top,Ondrej Duda,ksa.1,unknown,2,2,0,0,0.5,0.20833333333333334,,,,,,,,,False,False,Ondrej Duda,Ondrej Duda,ETTIFAQ,QADSIAH,shots_on_target,0.5,,,,,ondrej duda,True,False
Abdul Rahman Al Khaibari,abdul rahman al khaibari,FAT,ksa.1,0.0,5,assists,assists,FAT,FAT,1,bottom,Abdul Rahman Al Khaibari,ksa.1,unknown,2,2,0,0,0.0,0.0,,,,,,,,,False,False,Abdul Rahman Al Khaibari,,,,,,,,,,,True,False
Abdulaziz Al Fawaz,abdulaziz al fawaz,FAT,ksa.1,0.0,5,assists,assists,FAT,FAT,2,bottom,Abdulaziz Al Fawaz,ksa.1,unknown,2,2,0,0,0.0,0.0,,,,,,,,,False,False,Abdulaziz Al Fawaz,,,,,,,,,,,True,False
Abdulaziz Anwar Abdulrahman Al Suwailem,abdulaziz anwar abdulrahman al suwailem,FAT,ksa.1,0.0,5,assists,assists,FAT,FAT,3,bottom,Abdulaziz Anwar Abdulrahman Al Suwailem,ksa.1,unknown,2,2,0,0,0.0,0.0,,,,,,,,,False,False,Abdulaziz Anwar Abdulrahman Al Suwailem,,,,,,,,,,,True,False
Zaydou Youssef,zaydou youssef,FAT,ksa.1,0.2,5,assists,assists,FAT,FAT,1,top,Zaydou Youssef,ksa.1,unknown,2,2,0,0,0.0,-0.29166666666666663,,,,,,,,,False,False,Zaydou Youssef,,,,,,,,,,,True,False
Abdul Rahman Al Khaibari,abdul rahman al khaibari,FAT,ksa.1,0.0,5,assists,assists,FAT,FAT,2,top,Abdul Rahman Al Khaibari,ksa.1,unknown,2,2,0,0,0.0,0.0,,,,,,,,,False,False,Abdul Rahman Al Khaibari,,,,,,,,,,,True,False
Abdulaziz Al Fawaz,abdulaziz al fawaz,FAT,ksa.1,0.0,5,assists,assists,FAT,FAT,3,top,Abdulaziz Al Fawaz,ksa.1,unknown,2,2,0,0,0.0,0.0,,,,,,,,,False,False,Abdulaziz Al Fawaz,,,,,,,,,,,True,False
Abdul Rahman Al Khaibari,abdul rahman al khaibari,FAT,ksa.1,0.0,5,goals,goals,FAT,FAT,1,bottom,Abdul Rahman Al Khaibari,ksa.1,unknown,2,2,0,0,0.0,0.0,,,,,,,,,False,False,Abdul Rahman Al Khaibari,,,,,,,,,,,True,False
Abdulaziz Al Fawaz,abdulaziz al fawaz,FAT,ksa.1,0.0,5,goals,goals,FAT,FAT,2,bottom,Abdulaziz Al Fawaz,ksa.1,unknown,2,2,0,0,0.0,0.0,,,,,,,,,False,False,Abdulaziz Al Fawaz,,,,,,,,,,,True,False
Abdulaziz Anwar Abdulrahman Al Suwailem,abdulaziz anwar abdulrahman al suwailem,FAT,ksa.1,0.0,5,goals,goals,FAT,FAT,3,bottom,Abdulaziz Anwar Abdulrahman Al Suwailem,ksa.1,unknown,2,2,0,0,0.0,0.0,,,,,,,,,False,False,Abdulaziz Anwar Abdulrahman Al Suwailem,,,,,,,,,,,True,False
Faisal Al Abdulwahed,faisal al abdulwahed,FAT,ksa.1,0.2,5,goals,goals,FAT,FAT,1,top,Faisal Al Abdulwahed,ksa.1,unknown,2,2,0,0,0.5,0.5,,,,,,,,,False,False,Faisal Al Abdulwahed,,,,,,,,,,,True,False
Lukás Haraslín,lukas haraslin,FAT,ksa.1,0.2,5,goals,goals,FAT,FAT,2,top,Lukás Haraslín,ksa.1,unknown,2,2,0,0,0.0,-0.29166666666666663,,,,,,,,,False,False,Lukás Haraslín,,,,,,,,,,,True,False
Abdul Rahman Al Khaibari,abdul rahman al khaibari,FAT,ksa.1,0.0,5,goals,goals,FAT,FAT,3,top,Abdul Rahman Al Khaibari,ksa.1,unknown,2,2,0,0,0.0,0.0,,,,,,,,,False,False,Abdul Rahman Al Khaibari,,,,,,,,,,,True,False
Waled Al Enazi,waled al enazi,FAT,ksa.1,1.0,5,saves,saves,FAT,FAT,1,bottom,Waled Al Enazi,ksa.1,unknown,2,2,0,0,0.0,-1.4583333333333335,,,,,,,,,False,False,Waled Al Enazi,,,,,,,,,,,True,False
Waled Al Enazi,waled al enazi,FAT,ksa.1,1.0,5,saves,saves,FAT,FAT,1,top,Waled Al Enazi,ksa.1,unknown,2,2,0,0,0.0,-1.4583333333333335,,,,,,,,,False,False,Waled Al Enazi,,,,,,,,,,,True,False
Abdul Rahman Al Khaibari,abdul rahman al khaibari,FAT,ksa.1,0.0,5,shots,shots,FAT,FAT,1,bottom,Abdul Rahman Al Khaibari,ksa.1,unknown,2,2,0,0,0.0,0.0,,,,,,,,,False,False,Abdul Rahman Al Khaibari,,,,,,,,,,,True,False
Abdulaziz Al Fawaz,abdulaziz al fawaz,FAT,ksa.1,0.0,5,shots,shots,FAT,FAT,2,bottom,Abdulaziz Al Fawaz,ksa.1,unknown,2,2,0,0,0.0,0.0,,,,,,,,,False,False,Abdulaziz Al Fawaz,,,,,,,,,,,True,False
Abdulaziz Anwar Abdulrahman Al Suwailem,abdulaziz anwar abdulrahman al suwailem,FAT,ksa.1,0.0,5,shots,shots,FAT,FAT,3,bottom,Abdulaziz Anwar Abdulrahman Al Suwailem,ksa.1,unknown,2,2,0,0,0.0,0.0,,,,,,,,,False,False,Abdulaziz Anwar Abdulrahman Al Suwailem,,,,,,,,,,,True,False
Lukás Haraslín,lukas haraslin,FAT,ksa.1,2.6,5,shots,shots,FAT,FAT,1,top,Lukás Haraslín,ksa.1,unknown,2,2,0,0,0.5,-1.125,,,,,,,,,False,False,Lukás Haraslín,,,,,,,,,,,True,False
Wilfried Kanga,wilfried kanga,FAT,ksa.1,1.0,5,shots,shots,FAT,FAT,2,top,Wilfried Kanga,ksa.1,unknown,2,2,0,0,0.0,-1.4583333333333335,,,,,,,,,False,False,Wilfried Kanga,,,,,,,,,,,True,False
Faisal Al Abdulwahed,faisal al abdulwahed,FAT,ksa.1,0.8,5,shots,shots,FAT,FAT,3,top,Faisal Al Abdulwahed,ksa.1,unknown,2,2,0,0,0.5,0.16666666666666674,,,,,,,,,False,False,Faisal Al Abdulwahed,,,,,,,,,,,True,False
Abdul Rahman Al Khaibari,abdul rahman al khaibari,FAT,ksa.1,0.0,5,shots_on_target,shots_on_target,FAT,FAT,1,bottom,Abdul Rahman Al Khaibari,ksa.1,unknown,2,2,0,0,0.0,0.0,,,,,,,,,False,False,Abdul Rahman Al Khaibari,,,,,,,,,,,True,False
Abdulaziz Al Fawaz,abdulaziz al fawaz,FAT,ksa.1,0.0,5,shots_on_target,shots_on_target,FAT,FAT,2,bottom,Abdulaziz Al Fawaz,ksa.1,unknown,2,2,0,0,0.0,0.0,,,,,,,,,False,False,Abdulaziz Al Fawaz,,,,,,,,,,,True,False
Abdulaziz Anwar Abdulrahman Al Suwailem,abdulaziz anwar abdulrahman al suwailem,FAT,ksa.1,0.0,5,shots_on_target,shots_on_target,FAT,FAT,3,bottom,Abdulaziz Anwar Abdulrahman Al Suwailem,ksa.1,unknown,2,2,0,0,0.0,0.0,,,,,,,,,False,False,Abdulaziz Anwar Abdulrahman Al Suwailem,,,,,,,,,,,True,False
Lukás Haraslín,lukas haraslin,FAT,ksa.1,1.0,5,shots_on_target,shots_on_target,FAT,FAT,1,top,Lukás Haraslín,ksa.1,unknown,2,2,0,0,0.0,-0.7916666666666666,,,,,,,,,False,False,Lukás Haraslín,,,,,,,,,,,True,False
Faisal Al Abdulwahed,faisal al abdulwahed,FAT,ksa.1,0.4,5,shots_on_target,shots_on_target,FAT,FAT,2,top,Faisal Al Abdulwahed,ksa.1,unknown,2,2,0,0,0.5,0.08333333333333337,,,,,,,,,False,False,Faisal Al Abdulwahed,,,,,,,,,,,True,False
Wilfried Kanga,wilfried kanga,FAT,ksa.1,0.4,5,shots_on_target,shots_on_target,FAT,FAT,3,top,Wilfried Kanga,ksa.1,unknown,2,2,0,0,0.0,-0.5833333333333333,,,,,,,,,False,False,Wilfried Kanga,,,,,,,,,,,True,False
Abdulraouf Al Dakheel,abdulraouf al dakheel,FAY,ksa.1,0.0,5,assists,assists,FAY,FAY,1,bottom,Abdulraouf Al Dakheel,ksa.1,unknown,2,2,0,0,0.0,0.0,,,,,,,,,False,False,Abdulraouf Al Dakheel,,,,,,,,,,,True,False
Alfa Semedo,alfa semedo,FAY,ksa.1,0.0,5,assists,assists,FAY,FAY,2,bottom,Alfa Semedo,ksa.1,unknown,2,2,0,0,0.0,0.0,,,,,,,,,False,False,Alfa Semedo,,,,,,,,,,,True,False
Ali Al Hussain,ali al hussain,FAY,ksa.1,0.0,5,assists,assists,FAY,FAY,3,bottom,Ali Al Hussain,ksa.1,unknown,2,2,0,0,0.0,0.0,,,,,,,,,False,False,Ali Al Hussain,,,,,,,,,,,True,False
Ahmed Bamasud,ahmed bamasud,FAY,ksa.1,0.2,5,assists,assists,FAY,FAY,1,top,Ahmed Bamasud,ksa.1,unknown,2,2,0,0,0.5,0.5,,,,,,,,,False,False,Ahmed Bamasud,,,,,,,,,,,True,False
Lázaro,lazaro,FAY,ksa.1,0.2,5,assists,assists,FAY,FAY,2,top,Lázaro,ksa.1,unknown,2,2,0,0,0.5,0.375,,,,,,,,,False,False,Lázaro,,,,,,,,,,,True,False
Abdulraouf Al Dakheel,abdulraouf al dakheel,FAY,ksa.1,0.0,5,assists,assists,FAY,FAY,3,top,Abdulraouf Al Dakheel,ksa.1,unknown,2,2,0,0,0.0,0.0,,,,,,,,,False,False,Abdulraouf Al Dakheel,,,,,,,,,,,True,False
Abdulraouf Al Dakheel,abdulraouf al dakheel,FAY,ksa.1,0.0,5,goals,goals,FAY,FAY,1,bottom,Abdulraouf Al Dakheel,ksa.1,unknown,2,2,0,0,0.0,0.0,,,,,,,,,False,False,Abdulraouf Al Dakheel,,,,,,,,,,,True,False
Ahmed Bamasud,ahmed bamasud,FAY,ksa.1,0.0,5,goals,goals,FAY,FAY,2,bottom,Ahmed Bamasud,ksa.1,unknown,2,2,0,0,0.0,0.0,,,,,,,,,False,False,Ahmed Bamasud,,,,,,,,,,,True,False
Alfa Semedo,alfa semedo,FAY,ksa.1,0.0,5,goals,goals,FAY,FAY,3,bottom,Alfa Semedo,ksa.1,unknown,2,2,0,0,0.0,0.0,,,,,,,,,False,False,Alfa Semedo,,,,,,,,,,,True,False
Lázaro,lazaro,FAY,ksa.1,0.4,5,goals,goals,FAY,FAY,1,top,Lázaro,ksa.1,unknown,2,2,0,0,0.0,-0.5833333333333333,,,,,,,,,False,False,Lázaro,,,,,,,,,,,True,False
Fashion Sakala,fashion sakala,FAY,ksa.1,0.2,5,goals,goals,FAY,FAY,2,top,Fashion Sakala,ksa.1,unknown,2,2,0,0,0.5,0.375,,,,,,,,,False,False,Fashion Sakala,,,,,,,,,,,True,False
Hugo Moura,hugo moura,FAY,ksa.1,0.2,5,goals,goals,FAY,FAY,3,top,Hugo Moura,ksa.1,unknown,2,2,0,0,0.5,0.375,,,,,,,,,False,False,Hugo Moura,,,,,,,,,,,True,False
Abdulraouf Al Dakheel,abdulraouf al dakheel,FAY,ksa.1,0.0,5,saves,saves,FAY,FAY,1,bottom,Abdulraouf Al Dakheel,ksa.1,unknown,2,2,0,0,0.0,0.0,,,,,,,,,False,False,Abdulraouf Al Dakheel,,,,,,,,,,,True,False
Orlando Mosquera,orlando mosquera,FAY,ksa.1,4.2,5,saves,saves,FAY,FAY,2,bottom,Orlando Mosquera,ksa.1,unknown,2,2,0,0,0.5,-2.1666666666666665,,,,,,,,,False,False,Orlando Mosquera,,,,,,,,,,,True,False
Orlando Mosquera,orlando mosquera,FAY,ksa.1,4.2,5,saves,saves,FAY,FAY,1,top,Orlando Mosquera,ksa.1,unknown,2,2,0,0,0.5,-2.1666666666666665,,,,,,,,,False,False,Orlando Mosquera,,,,,,,,,,,True,False
Abdulraouf Al Dakheel,abdulraouf al dakheel,FAY,ksa.1,0.0,5,saves,saves,FAY,FAY,2,top,Abdulraouf Al Dakheel,ksa.1,unknown,2,2,0,0,0.0,0.0,,,,,,,,,False,False,Abdulraouf Al Dakheel,,,,,,,,,,,True,False
Abdulraouf Al Dakheel,abdulraouf al dakheel,FAY,ksa.1,0.0,5,shots,shots,FAY,FAY,1,bottom,Abdulraouf Al Dakheel,ksa.1,unknown,2,2,0,0,0.0,0.0,,,,,,,,,False,False,Abdulraouf Al Dakheel,,,,,,,,,,,True,False
Malek Al Abdulmonam,malek al abdulmonam,FAY,ksa.1,0.0,5,shots,shots,FAY,FAY,2,bottom,Malek Al Abdulmonam,ksa.1,unknown,2,2,0,0,0.0,0.0,,,,,,,,,False,False,Malek Al Abdulmonam,,,,,,,,,,,True,False
Mohammed Al Baqawi,mohammed al baqawi,FAY,ksa.1,0.0,5,shots,shots,FAY,FAY,3,bottom,Mohammed Al Baqawi,ksa.1,unknown,2,2,0,0,0.0,0.0,,,,,,,,,False,False,Mohammed Al Baqawi,,,,,,,,,,,True,False
Fashion Sakala,fashion sakala,FAY,ksa.1,3.0,5,shots,shots,FAY,FAY,1,top,Fashion Sakala,ksa.1,unknown,2,2,0,0,0.0,-2.0,,,,,,,,,False,False,Fashion Sakala,,,,,,,,,,,True,False
Lázaro,lazaro,FAY,ksa.1,2.6,5,shots,shots,FAY,FAY,2,top,Lázaro,ksa.1,unknown,2,2,0,0,0.5,-1.4166666666666667,,,,,,,,,False,False,Lázaro,,,,,,,,,,,True,False
Hugo Moura,hugo moura,FAY,ksa.1,1.6,5,shots,shots,FAY,FAY,3,top,Hugo Moura,ksa.1,unknown,2,2,0,0,0.5,0.04166666666666663,,,,,,,,,False,False,Hugo Moura,,,,,,,,,,,True,False
Abdulraouf Al Dakheel,abdulraouf al dakheel,FAY,ksa.1,0.0,5,shots_on_target,shots_on_target,FAY,FAY,1,bottom,Abdulraouf Al Dakheel,ksa.1,unknown,2,2,0,0,0.0,0.0,,,,,,,,,False,False,Abdulraouf Al Dakheel,,,,,,,,,,,True,False
Ahmed Bamasud,ahmed bamasud,FAY,ksa.1,0.0,5,shots_on_target,shots_on_target,FAY,FAY,2,bottom,Ahmed Bamasud,ksa.1,unknown,2,2,0,0,0.0,0.0,,,,,,,,,False,False,Ahmed Bamasud,,,,,,,,,,,True,False
Alfa Semedo,alfa semedo,FAY,ksa.1,0.0,5,shots_on_target,shots_on_target,FAY,FAY,3,bottom,Alfa Semedo,ksa.1,unknown,2,2,0,0,0.0,0.0,,,,,,,,,False,False,Alfa Semedo,,,,,,,,,,,True,False
Lázaro,lazaro,FAY,ksa.1,1.6,5,shots_on_target,shots_on_target,FAY,FAY,1,top,Lázaro,ksa.1,unknown,2,2,0,0,0.0,-1.5416666666666667,,,,,,,,,False,False,Lázaro,,,,,,,,,,,True,False
Fashion Sakala,fashion sakala,FAY,ksa.1,0.8,5,shots_on_target,shots_on_target,FAY,FAY,2,top,Fashion Sakala,ksa.1,unknown,2,2,0,0,0.5,-0.375,,,,,,,,,False,False,Fashion Sakala,,,,,,,,,,,True,False
Hugo Moura,hugo moura,FAY,ksa.1,0.4,5,shots_on_target,shots_on_target,FAY,FAY,3,top,Hugo Moura,ksa.1,unknown,2,2,0,0,0.0,-0.5833333333333333,,,,,,,,,False,False,Hugo Moura,,,,,,,,,,,True,False
Christian Cappis,christian cappis,FC DALLAS,MLS,0.0,5,assists,assists,FC DALLAS,FC DALLAS,1,bottom,Christian Cappis,MLS,elite,2,2,1,1,0.0,0.0,0.0,0.0,,,0.0,0.0,0.0,0.0,False,False,Christian Cappis,Christian Cappis,DALLAS,PORTLAND,assists,0.5,21.0,Below Avg,0.0,0.0,christian cappis,True,False
Clay Holstad,clay holstad,FC DALLAS,MLS,0.0,5,assists,assists,FC DALLAS,FC DALLAS,2,bottom,Clay Holstad,MLS,elite,2,2,1,1,0.0,0.0,0.0,0.0,,,0.0,0.0,0.0,0.0,False,False,Clay Holstad,Clay Holstad,DALLAS,PORTLAND,assists,0.5,21.0,Below Avg,,,clay holstad,True,False
Herman Johansson,herman johansson,FC DALLAS,MLS,0.0,5,assists,assists,FC DALLAS,FC DALLAS,3,bottom,Herman Johansson,MLS,elite,2,2,1,1,0.0,0.0,0.0,0.0,,,0.0,0.0,0.0,0.0,False,False,Herman Johansson,Herman Johansson,DALLAS,PORTLAND,assists,0.5,21.0,Below Avg,0.0,0.0,herman johansson,True,False
Joaquín Valiente,joaquin valiente,FC DALLAS,MLS,0.8,5,assists,assists,FC DALLAS,FC DALLAS,1,top,Joaquín Valiente,MLS,elite,2,2,1,1,0.5,-0.375,0.25,-1.0,,,0.0,1.0,-1.25,-1.25,False,False,Joaquín Valiente,Joaquín Valiente,DALLAS,PORTLAND,assists,0.5,21.0,Below Avg,0.6,0.8,joaquin valiente,True,False
Ramiro,ramiro,FC DALLAS,MLS,0.4,5,assists,assists,FC DALLAS,FC DALLAS,2,top,Ramiro,MLS,elite,2,2,1,1,0.0,-0.5833333333333333,-0.5,-0.6666666666666666,,,0.0,0.0,-0.16666666666666663,-0.16666666666666663,False,False,Ramiro,Ramiro,DALLAS,PORTLAND,assists,0.5,21.0,Below Avg,0.2,0.4,ramiro,True,False
Bernard Kamungo,bernard kamungo,FC DALLAS,MLS,0.2,5,assists,assists,FC DALLAS,FC DALLAS,3,top,Bernard Kamungo,MLS,elite,2,2,1,1,0.5,0.375,-0.25,1.0,,,1.0,0.0,1.25,1.25,False,False,Bernard Kamungo,Bernard Kamungo,DALLAS,PORTLAND,assists,0.5,21.0,Below Avg,0.2,0.2,bernard kamungo,True,False
Bernard Kamungo,bernard kamungo,FC DALLAS,MLS,0.0,5,goals,goals,FC DALLAS,FC DALLAS,1,bottom,Bernard Kamungo,MLS,elite,2,2,1,1,0.0,0.0,0.0,0.0,,,0.0,0.0,0.0,0.0,False,False,Bernard Kamungo,Bernard Kamungo,DALLAS,PORTLAND,goals,0.5,21.0,Below Avg,0.0,0.0,bernard kamungo,True,False
Christian Cappis,christian cappis,FC DALLAS,MLS,0.0,5,goals,goals,FC DALLAS,FC DALLAS,2,bottom,Christian Cappis,MLS,elite,2,2,1,1,0.0,0.0,0.0,0.0,,,0.0,0.0,0.0,0.0,False,False,Christian Cappis,Christian Cappis,DALLAS,PORTLAND,goals,0.5,21.0,Below Avg,0.0,0.0,christian cappis,True,False
Clay Holstad,clay holstad,FC DALLAS,MLS,0.0,5,goals,goals,FC DALLAS,FC DALLAS,3,bottom,Clay Holstad,MLS,elite,2,2,1,1,0.0,0.0,0.0,0.0,,,0.0,0.0,0.0,0.0,False,False,Clay Holstad,Clay Holstad,DALLAS,PORTLAND,goals,0.5,21.0,Below Avg,,,clay holstad,True,False
Kaick,kaick,FC DALLAS,MLS,0.4,5,goals,goals,FC DALLAS,FC DALLAS,1,top,Kaick,MLS,elite,2,2,1,1,1.0,0.875,0.75,1.0,,,1.0,1.0,0.25,0.25,False,False,Kaick,Kaick,DALLAS,PORTLAND,goals,0.5,21.0,Below Avg,0.4,0.4,kaick,True,False
Logan Farrington,logan farrington,FC DALLAS,MLS,0.4,5,goals,goals,FC DALLAS,FC DALLAS,2,top,Logan Farrington,MLS,elite,2,2,1,1,0.5,0.08333333333333337,-0.5,0.6666666666666667,,,1.0,0.0,1.1666666666666667,1.1666666666666667,False,False,Logan Farrington,Logan Farrington,DALLAS,PORTLAND,goals,1.5,21.0,Below Avg,0.0,0.4,logan farrington,True,False
Logan Farrington,logan farrington,FC DALLAS,MLS,0.4,5,goals,goals,FC DALLAS,FC DALLAS,2,top,Logan Farrington,MLS,elite,2,2,1,1,0.5,0.08333333333333337,-0.5,0.6666666666666667,,,1.0,0.0,1.1666666666666667,1.1666666666666667,False,False,Logan Farrington,Logan Farrington,DALLAS,PORTLAND,goals,0.5,21.0,Below Avg,0.4,0.4,logan farrington,True,False
Joaquín Valiente,joaquin valiente,FC DALLAS,MLS,0.2,5,goals,goals,FC DALLAS,FC DALLAS,3,top,Joaquín Valiente,MLS,elite,2,2,1,1,0.0,-0.29166666666666663,-0.25,-0.3333333333333333,,,0.0,0.0,-0.08333333333333331,-0.08333333333333331,False,False,Joaquín Valiente,Joaquín Valiente,DALLAS,PORTLAND,goals,0.5,21.0,Below Avg,0.2,0.2,joaquin valiente,True,False
Michael Collodi,michael collodi,FC DALLAS,MLS,0.0,5,saves,saves,FC DALLAS,FC DALLAS,1,bottom,Michael Collodi,MLS,elite,2,2,1,1,0.0,0.0,0.0,0.0,,,0.0,0.0,0.0,0.0,False,False,Michael Collodi,,,,,,,,,,,True,False
Jonathan Sirois,jonathan sirois,FC DALLAS,MLS,3.8,5,saves,saves,FC DALLAS,FC DALLAS,2,bottom,Jonathan Sirois,MLS,elite,2,2,1,1,0.5,-0.08333333333333326,-3.5,3.3333333333333335,,,1.0,0.0,6.833333333333334,6.833333333333334,False,False,Jonathan Sirois,Jonathan Sirois,DALLAS,PORTLAND,saves,3.0,21.0,Below Avg,0.6,3.8,jonathan sirois,True,False
Jonathan Sirois,jonathan sirois,FC DALLAS,MLS,3.8,5,saves,saves,FC DALLAS,FC DALLAS,2,bottom,Jonathan Sirois,MLS,elite,2,2,1,1,0.5,-0.08333333333333326,-3.5,3.3333333333333335,,,1.0,0.0,6.833333333333334,6.833333333333334,False,False,Jonathan Sirois,Jonathan Sirois,DALLAS,PORTLAND,saves,4.5,21.0,Below Avg,0.4,3.8,jonathan sirois,True,False
Jonathan Sirois,jonathan sirois,FC DALLAS,MLS,3.8,5,saves,saves,FC DALLAS,FC DALLAS,2,bottom,Jonathan Sirois,MLS,elite,2,2,1,1,0.5,-0.08333333333333326,-3.5,3.3333333333333335,,,1.0,0.0,6.833333333333334,6.833333333333334,False,False,Jonathan Sirois,Jonathan Sirois,DALLAS,PORTLAND,saves,3.5,21.0,Below Avg,0.6,3.8,jonathan sirois,True,False
Jonathan Sirois,jonathan sirois,FC DALLAS,MLS,3.8,5,saves,saves,FC DALLAS,FC DALLAS,2,bottom,Jonathan Sirois,MLS,elite,2,2,1,1,0.5,-0.08333333333333326,-3.5,3.3333333333333335,,,1.0,0.0,6.833333333333334,6.833333333333334,False,False,Jonathan Sirois,Jonathan Sirois,DALLAS,PORTLAND,saves,2.5,21.0,Below Avg,0.6,3.8,jonathan sirois,True,False
Jonathan Sirois,jonathan sirois,FC DALLAS,MLS,3.8,5,saves,saves,FC DALLAS,FC DALLAS,2,bottom,Jonathan Sirois,MLS,elite,2,2,1,1,0.5,-0.08333333333333326,-3.5,3.3333333333333335,,,1.0,0.0,6.833333333333334,6.833333333333334,False,False,Jonathan Sirois,Jonathan Sirois,DALLAS,PORTLAND,saves,1.5,21.0,Below Avg,0.8,3.8,jonathan sirois,True,False
Jonathan Sirois,jonathan sirois,FC DALLAS,MLS,3.8,5,saves,saves,FC DALLAS,FC DALLAS,1,top,Jonathan Sirois,MLS,elite,2,2,1,1,0.5,-0.08333333333333326,-3.5,3.3333333333333335,,,1.0,0.0,6.833333333333334,6.833333333333334,False,False,Jonathan Sirois,Jonathan Sirois,DALLAS,PORTLAND,saves,3.0,21.0,Below Avg,0.6,3.8,jonathan sirois,True,False
Jonathan Sirois,jonathan sirois,FC DALLAS,MLS,3.8,5,saves,saves,FC DALLAS,FC DALLAS,1,top,Jonathan Sirois,MLS,elite,2,2,1,1,0.5,-0.08333333333333326,-3.5,3.3333333333333335,,,1.0,0.0,6.833333333333334,6.833333333333334,False,False,Jonathan Sirois,Jonathan Sirois,DALLAS,PORTLAND,saves,4.5,21.0,Below Avg,0.4,3.8,jonathan sirois,True,False
Jonathan Sirois,jonathan sirois,FC DALLAS,MLS,3.8,5,saves,saves,FC DALLAS,FC DALLAS,1,top,Jonathan Sirois,MLS,elite,2,2,1,1,0.5,-0.08333333333333326,-3.5,3.3333333333333335,,,1.0,0.0,6.833333333333334,6.833333333333334,False,False,Jonathan Sirois,Jonathan Sirois,DALLAS,PORTLAND,saves,3.5,21.0,Below Avg,0.6,3.8,jonathan sirois,True,False
Jonathan Sirois,jonathan sirois,FC DALLAS,MLS,3.8,5,saves,saves,FC DALLAS,FC DALLAS,1,top,Jonathan Sirois,MLS,elite,2,2,1,1,0.5,-0.08333333333333326,-3.5,3.3333333333333335,,,1.0,0.0,6.833333333333334,6.833333333333334,False,False,Jonathan Sirois,Jonathan Sirois,DALLAS,PORTLAND,saves,2.5,21.0,Below Avg,0.6,3.8,jonathan sirois,True,False
Jonathan Sirois,jonathan sirois,FC DALLAS,MLS,3.8,5,saves,saves,FC DALLAS,FC DALLAS,1,top,Jonathan Sirois,MLS,elite,2,2,1,1,0.5,-0.08333333333333326,-3.5,3.3333333333333335,,,1.0,0.0,6.833333333333334,6.833333333333334,False,False,Jonathan Sirois,Jonathan Sirois,DALLAS,PORTLAND,saves,1.5,21.0,Below Avg,0.8,3.8,jonathan sirois,True,False
Michael Collodi,michael collodi,FC DALLAS,MLS,0.0,5,saves,saves,FC DALLAS,FC DALLAS,2,top,Michael Collodi,MLS,elite,2,2,1,1,0.0,0.0,0.0,0.0,,,0.0,0.0,0.0,0.0,False,False,Michael Collodi,,,,,,,,,,,True,False
Clay Holstad,clay holstad,FC DALLAS,MLS,0.0,5,shots,shots,FC DALLAS,FC DALLAS,1,bottom,Clay Holstad,MLS,elite,2,2,1,1,0.0,0.0,0.0,0.0,,,0.0,0.0,0.0,0.0,False,False,Clay Holstad,Clay Holstad,DALLAS,PORTLAND,shots,1.5,21.0,Below Avg,,,clay holstad,True,False
Clay Holstad,clay holstad,FC DALLAS,MLS,0.0,5,shots,shots,FC DALLAS,FC DALLAS,1,bottom,Clay Holstad,MLS,elite,2,2,1,1,0.0,0.0,0.0,0.0,,,0.0,0.0,0.0,0.0,False,False,Clay Holstad,Clay Holstad,DALLAS,PORTLAND,shots,2.5,21.0,Below Avg,,,clay holstad,True,False
Clay Holstad,clay holstad,FC DALLAS,MLS,0.0,5,shots,shots,FC DALLAS,FC DALLAS,1,bottom,Clay Holstad,MLS,elite,2,2,1,1,0.0,0.0,0.0,0.0,,,0.0,0.0,0.0,0.0,False,False,Clay Holstad,Clay Holstad,DALLAS,PORTLAND,shots,0.5,21.0,Below Avg,,,clay holstad,True,False
Jonathan Sirois,jonathan sirois,FC DALLAS,MLS,0.0,5,shots,shots,FC DALLAS,FC DALLAS,2,bottom,Jonathan Sirois,MLS,elite,2,2,1,1,0.0,0.0,0.0,0.0,,,0.0,0.0,0.0,0.0,False,False,Jonathan Sirois,,,,,,,,,,,True,False
Lalas Abubakar,lalas abubakar,FC DALLAS,MLS,0.0,5,shots,shots,FC DALLAS,FC DALLAS,3,bottom,Lalas Abubakar,MLS,elite,2,2,1,1,0.0,0.0,0.0,0.0,,,0.0,0.0,0.0,0.0,False,False,Lalas Abubakar,Lalas Abubakar,DALLAS,PORTLAND,shots,2.5,21.0,Below Avg,0.0,0.0,lalas abubakar,True,False
Lalas Abubakar,lalas abubakar,FC DALLAS,MLS,0.0,5,shots,shots,FC DALLAS,FC DALLAS,3,bottom,Lalas Abubakar,MLS,elite,2,2,1,1,0.0,0.0,0.0,0.0,,,0.0,0.0,0.0,0.0,False,False,Lalas Abubakar,Lalas Abubakar,DALLAS,PORTLAND,shots,1.5,21.0,Below Avg,0.0,0.0,lalas abubakar,True,False
Lalas Abubakar,lalas abubakar,FC DALLAS,MLS,0.0,5,shots,shots,FC DALLAS,FC DALLAS,3,bottom,Lalas Abubakar,MLS,elite,2,2,1,1,0.0,0.0,0.0,0.0,,,0.0,0.0,0.0,0.0,False,False,Lalas Abubakar,Lalas Abubakar,DALLAS,PORTLAND,shots,0.5,21.0,Below Avg,0.0,0.0,lalas abubakar,True,False
Logan Farrington,logan farrington,FC DALLAS,MLS,1.8,5,shots,shots,FC DALLAS,FC DALLAS,1,top,Logan Farrington,MLS,elite,2,2,1,1,0.5,-0.375,0.25,-1.0,,,0.0,1.0,-1.25,-1.25,False,False,Logan Farrington,Logan Farrington,DALLAS,PORTLAND,shots,5.5,21.0,Below Avg,0.0,1.8,logan farrington,True,False
Logan Farrington,logan farrington,FC DALLAS,MLS,1.8,5,shots,shots,FC DALLAS,FC DALLAS,1,top,Logan Farrington,MLS,elite,2,2,1,1,0.5,-0.375,0.25,-1.0,,,0.0,1.0,-1.25,-1.25,False,False,Logan Farrington,Logan Farrington,DALLAS,PORTLAND,shots,1.5,21.0,Below Avg,0.6,1.8,logan farrington,True,False
Logan Farrington,logan farrington,FC DALLAS,MLS,1.8,5,shots,shots,FC DALLAS,FC DALLAS,1,top,Logan Farrington,MLS,elite,2,2,1,1,0.5,-0.375,0.25,-1.0,,,0.0,1.0,-1.25,-1.25,False,False,Logan Farrington,Logan Farrington,DALLAS,PORTLAND,shots,3.5,21.0,Below Avg,0.0,1.8,logan farrington,True,False
Logan Farrington,logan farrington,FC DALLAS,MLS,1.8,5,shots,shots,FC DALLAS,FC DALLAS,1,top,Logan Farrington,MLS,elite,2,2,1,1,0.5,-0.375,0.25,-1.0,,,0.0,1.0,-1.25,-1.25,False,False,Logan Farrington,Logan Farrington,DALLAS,PORTLAND,shots,4.5,21.0,Below Avg,0.0,1.8,logan farrington,True,False
Logan Farrington,logan farrington,FC DALLAS,MLS,1.8,5,shots,shots,FC DALLAS,FC DALLAS,1,top,Logan Farrington,MLS,elite,2,2,1,1,0.5,-0.375,0.25,-1.0,,,0.0,1.0,-1.25,-1.25,False,False,Logan Farrington,Logan Farrington,DALLAS,PORTLAND,shots,2.5,21.0,Below Avg,0.2,1.8,logan farrington,True,False
Bernard Kamungo,bernard kamungo,FC DALLAS,MLS,1.2,5,shots,shots,FC DALLAS,FC DALLAS,2,top,Bernard Kamungo,MLS,elite,2,2,1,1,1.0,1.1666666666666667,1.0,1.3333333333333335,,,1.0,1.0,0.3333333333333335,0.3333333333333335,False,False,Bernard Kamungo,Bernard Kamungo,DALLAS,PORTLAND,shots,4.5,21.0,Below Avg,0.0,1.2,bernard kamungo,True,False
Bernard Kamungo,bernard kamungo,FC DALLAS,MLS,1.2,5,shots,shots,FC DALLAS,FC DALLAS,2,top,Bernard Kamungo,MLS,elite,2,2,1,1,1.0,1.1666666666666667,1.0,1.3333333333333335,,,1.0,1.0,0.3333333333333335,0.3333333333333335,False,False,Bernard Kamungo,Bernard Kamungo,DALLAS,PORTLAND,shots,3.5,21.0,Below Avg,0.0,1.2,bernard kamungo,True,False
Bernard Kamungo,bernard kamungo,FC DALLAS,MLS,1.2,5,shots,shots,FC DALLAS,FC DALLAS,2,top,Bernard Kamungo,MLS,elite,2,2,1,1,1.0,1.1666666666666667,1.0,1.3333333333333335,,,1.0,1.0,0.3333333333333335,0.3333333333333335,False,False,Bernard Kamungo,Bernard Kamungo,DALLAS,PORTLAND,shots,5.5,21.0,Below Avg,0.0,1.2,bernard kamungo,True,False
Bernard Kamungo,bernard kamungo,FC DALLAS,MLS,1.2,5,shots,shots,FC DALLAS,FC DALLAS,2,top,Bernard Kamungo,MLS,elite,2,2,1,1,1.0,1.1666666666666667,1.0,1.3333333333333335,,,1.0,1.0,0.3333333333333335,0.3333333333333335,False,False,Bernard Kamungo,Bernard Kamungo,DALLAS,PORTLAND,shots,2.5,21.0,Below Avg,0.0,1.2,bernard kamungo,True,False
Bernard Kamungo,bernard kamungo,FC DALLAS,MLS,1.2,5,shots,shots,FC DALLAS,FC DALLAS,2,top,Bernard Kamungo,MLS,elite,2,2,1,1,1.0,1.1666666666666667,1.0,1.3333333333333335,,,1.0,1.0,0.3333333333333335,0.3333333333333335,False,False,Bernard Kamungo,Bernard Kamungo,DALLAS,PORTLAND,shots,1.5,21.0,Below Avg,0.6,1.2,bernard kamungo,True,False
Joaquín Valiente,joaquin valiente,FC DALLAS,MLS,1.0,5,shots,shots,FC DALLAS,FC DALLAS,3,top,Joaquín Valiente,MLS,elite,2,2,1,1,0.0,-0.7916666666666666,-1.25,-0.33333333333333326,,,0.0,0.0,0.9166666666666667,0.9166666666666667,False,False,Joaquín Valiente,Joaquín Valiente,DALLAS,PORTLAND,shots,4.5,21.0,Below Avg,0.0,1.0,joaquin valiente,True,False
Joaquín Valiente,joaquin valiente,FC DALLAS,MLS,1.0,5,shots,shots,FC DALLAS,FC DALLAS,3,top,Joaquín Valiente,MLS,elite,2,2,1,1,0.0,-0.7916666666666666,-1.25,-0.33333333333333326,,,0.0,0.0,0.9166666666666667,0.9166666666666667,False,False,Joaquín Valiente,Joaquín Valiente,DALLAS,PORTLAND,shots,2.5,21.0,Below Avg,0.0,1.0,joaquin valiente,True,False
Joaquín Valiente,joaquin valiente,FC DALLAS,MLS,1.0,5,shots,shots,FC DALLAS,FC DALLAS,3,top,Joaquín Valiente,MLS,elite,2,2,1,1,0.0,-0.7916666666666666,-1.25,-0.33333333333333326,,,0.0,0.0,0.9166666666666667,0.9166666666666667,False,False,Joaquín Valiente,Joaquín Valiente,DALLAS,PORTLAND,shots,1.5,21.0,Below Avg,0.4,1.0,joaquin valiente,True,False
Christian Cappis,christian cappis,FC DALLAS,MLS,0.0,5,shots_on_target,shots_on_target,FC DALLAS,FC DALLAS,1,bottom,Christian Cappis,MLS,elite,2,2,1,1,0.0,0.0,0.0,0.0,,,0.0,0.0,0.0,0.0,False,False,Christian Cappis,Christian Cappis,DALLAS,PORTLAND,shots_on_target,1.5,21.0,Below Avg,0.0,0.0,christian cappis,True,False
Christian Cappis,christian cappis,FC DALLAS,MLS,0.0,5,shots_on_target,shots_on_target,FC DALLAS,FC DALLAS,1,bottom,Christian Cappis,MLS,elite,2,2,1,1,0.0,0.0,0.0,0.0,,,0.0,0.0,0.0,0.0,False,False,Christian Cappis,Christian Cappis,DALLAS,PORTLAND,shots_on_target,0.5,21.0,Below Avg,0.0,0.0,christian cappis,True,False
Clay Holstad,clay holstad,FC DALLAS,MLS,0.0,5,shots_on_target,shots_on_target,FC DALLAS,FC DALLAS,2,bottom,Clay Holstad,MLS,elite,2,2,1,1,0.0,0.0,0.0,0.0,,,0.0,0.0,0.0,0.0,False,False,Clay Holstad,Clay Holstad,DALLAS,PORTLAND,shots_on_target,0.5,21.0,Below Avg,,,clay holstad,True,False
Clay Holstad,clay holstad,FC DALLAS,MLS,0.0,5,shots_on_target,shots_on_target,FC DALLAS,FC DALLAS,2,bottom,Clay Holstad,MLS,elite,2,2,1,1,0.0,0.0,0.0,0.0,,,0.0,0.0,0.0,0.0,False,False,Clay Holstad,Clay Holstad,DALLAS,PORTLAND,shots_on_target,1.5,21.0,Below Avg,,,clay holstad,True,False
Jonathan Sirois,jonathan sirois,FC DALLAS,MLS,0.0,5,shots_on_target,shots_on_target,FC DALLAS,FC DALLAS,3,bottom,Jonathan Sirois,MLS,elite,2,2,1,1,0.0,0.0,0.0,0.0,,,0.0,0.0,0.0,0.0,False,False,Jonathan Sirois,,,,,,,,,,,True,False
Logan Farrington,logan farrington,FC DALLAS,MLS,0.8,5,shots_on_target,shots_on_target,FC DALLAS,FC DALLAS,1,top,Logan Farrington,MLS,elite,2,2,1,1,1.0,0.2916666666666667,0.25,0.33333333333333337,,,1.0,1.0,0.08333333333333337,0.08333333333333337,False,False,Logan Farrington,Logan Farrington,DALLAS,PORTLAND,shots_on_target,3.5,21.0,Below Avg,0.0,0.8,logan farrington,True,False
Logan Farrington,logan farrington,FC DALLAS,MLS,0.8,5,shots_on_target,shots_on_target,FC DALLAS,FC DALLAS,1,top,Logan Farrington,MLS,elite,2,2,1,1,1.0,0.2916666666666667,0.25,0.33333333333333337,,,1.0,1.0,0.08333333333333337,0.08333333333333337,False,False,Logan Farrington,Logan Farrington,DALLAS,PORTLAND,shots_on_target,1.5,21.0,Below Avg,0.2,0.8,logan farrington,True,False
Logan Farrington,logan farrington,FC DALLAS,MLS,0.8,5,shots_on_target,shots_on_target,FC DALLAS,FC DALLAS,1,top,Logan Farrington,MLS,elite,2,2,1,1,1.0,0.2916666666666667,0.25,0.33333333333333337,,,1.0,1.0,0.08333333333333337,0.08333333333333337,False,False,Logan Farrington,Logan Farrington,DALLAS,PORTLAND,shots_on_target,0.5,21.0,Below Avg,0.6,0.8,logan farrington,True,False
Shaq Moore,shaq moore,FC DALLAS,MLS,0.6,5,shots_on_target,shots_on_target,FC DALLAS,FC DALLAS,2,top,Shaq Moore,MLS,elite,2,2,1,1,0.5,-0.08333333333333331,0.5,-0.6666666666666666,,,0.0,1.0,-1.1666666666666665,-1.1666666666666665,False,False,Shaq Moore,Shaq Moore,DALLAS,PORTLAND,shots_on_target,1.5,21.0,Below Avg,0.2,0.6,shaq moore,True,False
Shaq Moore,shaq moore,FC DALLAS,MLS,0.6,5,shots_on_target,shots_on_target,FC DALLAS,FC DALLAS,2,top,Shaq Moore,MLS,elite,2,2,1,1,0.5,-0.08333333333333331,0.5,-0.6666666666666666,,,0.0,1.0,-1.1666666666666665,-1.1666666666666665,False,False,Shaq Moore,Shaq Moore,DALLAS,PORTLAND,shots_on_target,0.5,21.0,Below Avg,0.4,0.6,shaq moore,True,False
Bernard Kamungo,bernard kamungo,FC DALLAS,MLS,0.4,5,shots_on_target,shots_on_target,FC DALLAS,FC DALLAS,3,top,Bernard Kamungo,MLS,elite,2,2,1,1,1.0,0.875,0.75,1.0,,,1.0,1.0,0.25,0.25,False,False,Bernard Kamungo,Bernard Kamungo,DALLAS,PORTLAND,shots_on_target,0.5,21.0,Below Avg,0.4,0.4,bernard kamungo,True,False
Bernard Kamungo,bernard kamungo,FC DALLAS,MLS,0.4,5,shots_on_target,shots_on_target,FC DALLAS,FC DALLAS,3,top,Bernard Kamungo,MLS,elite,2,2,1,1,1.0,0.875,0.75,1.0,,,1.0,1.0,0.25,0.25,False,False,Bernard Kamungo,Bernard Kamungo,DALLAS,PORTLAND,shots_on_target,2.5,21.0,Below Avg,0.0,0.4,bernard kamungo,True,False
Bernard Kamungo,bernard kamungo,FC DALLAS,MLS,0.4,5,shots_on_target,shots_on_target,FC DALLAS,FC DALLAS,3,top,Bernard Kamungo,MLS,elite,2,2,1,1,1.0,0.875,0.75,1.0,,,1.0,1.0,0.25,0.25,False,False,Bernard Kamungo,Bernard Kamungo,DALLAS,PORTLAND,shots_on_target,1.5,21.0,Below Avg,0.0,0.4,bernard kamungo,True,False
Agustín Rossi,agustin rossi,FLAMENGO,Brasileirão Betano,0.0,7,assists,assists,FLAMENGO,FLAMENGO,1,bottom,Agustín Rossi,Brasileirão Betano,elite,10,10,6,4,0.0,0.0,0.0,0.0,,,0.0,0.0,0.0,0.0,False,False,Agustín Rossi,,,,,,,,,,,True,False
Erick Pulgar,erick pulgar,FLAMENGO,Brasileirão Betano,0.0,7,assists,assists,FLAMENGO,FLAMENGO,2,bottom,Erick Pulgar,Brasileirão Betano,elite,10,10,6,4,0.0,0.0,0.0,0.0,,,0.0,0.0,0.0,0.0,False,False,Erick Pulgar,,,,,,,,,,,True,False
Léo Ortiz,leo ortiz,FLAMENGO,Brasileirão Betano,0.0,5,assists,assists,FLAMENGO,FLAMENGO,3,bottom,Léo Ortiz,Brasileirão Betano,elite,8,8,4,4,0.0,0.0,0.0,0.0,,,0.0,0.0,0.0,0.0,False,False,Léo Ortiz,,,,,,,,,,,True,False
Bruno Henrique,bruno henrique,FLAMENGO,Brasileirão Betano,0.4,5,assists,assists,FLAMENGO,FLAMENGO,1,top,Bruno Henrique,Brasileirão Betano,elite,7,7,4,3,0.0,-0.36168831168831167,-0.475,-0.2106060606060606,,0.5179501211734704,0.0,0.0,0.2643939393939394,0.2643939393939394,False,True,Bruno Henrique,,,,,,,,,,,True,False
Jorginho,jorginho,FLAMENGO,Brasileirão Betano,0.2857142857142857,7,assists,assists,FLAMENGO,FLAMENGO,2,top,Jorginho,Brasileirão Betano,elite,10,10,6,4,0.2,-0.005169552669552657,-0.03399470899470899,0.038068181818181834,,0.06577917110682374,0.25,0.16666666666666666,0.07206289081289083,0.07206289081289083,False,False,Jorginho,,,,,,,,,,,True,False
Léo Pereira,leo pereira,FLAMENGO,Brasileirão Betano,0.16666666666666666,6,assists,assists,FLAMENGO,FLAMENGO,3,top,Léo Pereira,Brasileirão Betano,elite,8,8,5,3,0.125,-0.011954365079365079,0.0480952380952381,-0.11203703703703705,,-0.15959573442496303,0.0,0.2,-0.16013227513227515,-0.16013227513227515,False,False,Léo Pereira,,,,,,,,,,,True,False
Bruno Henrique,bruno henrique,FLAMENGO,Brasileirão Betano,10.6,5,passes,passes,FLAMENGO,FLAMENGO,1,bottom,Bruno Henrique,Brasileirão Betano,elite,4,4,4,0,0.25,-4.875,-4.875,,,,,0.25,,,False,True,Bruno Henrique,,,,,,,,,,,True,False
Agustín Rossi,agustin rossi,FLAMENGO,Brasileirão Betano,28.571428571428573,7,passes,passes,FLAMENGO,FLAMENGO,2,bottom,Agustín Rossi,Brasileirão Betano,elite,6,6,6,0,0.8333333333333334,4.0835317460317455,4.0835317460317455,,,0.15052855604352308,,0.8333333333333334,,,False,False,Agustín Rossi,,,,,,,,,,,True,False
Léo Ortiz,leo ortiz,FLAMENGO,Brasileirão Betano,39.0,7,passes,passes,FLAMENGO,FLAMENGO,3,bottom,Léo Ortiz,Brasileirão Betano,elite,7,7,7,0,0.7142857142857143,18.1312358276644,18.1312358276644,,,0.34520300718949903,,0.7142857142857143,,,False,False,Léo Ortiz,,,,,,,,,,,True,False
Léo Pereira,leo pereira,FLAMENGO,Brasileirão Betano,73.5,6,passes,passes,FLAMENGO,FLAMENGO,1,top,Léo Pereira,Brasileirão Betano,elite,5,5,5,0,0.6,4.2614285714285725,4.2614285714285725,,,0.6538342944326946,,0.6,,,False,False,Léo Pereira,,,,,,,,,,,True,False
Jorginho,jorginho,FLAMENGO,Brasileirão Betano,71.14285714285714,7,passes,passes,FLAMENGO,FLAMENGO,2,top,Jorginho,Brasileirão Betano,elite,6,6,6,0,0.3333333333333333,-20.03710317460317,-20.03710317460317,,,0.08284969781092993,,0.3333333333333333,,,False,True,Jorginho,,,,,,,,,,,True,False
Erick Pulgar,erick pulgar,FLAMENGO,Brasileirão Betano,63.0,7,passes,passes,FLAMENGO,FLAMENGO,3,top,Erick Pulgar,Brasileirão Betano,elite,6,6,6,0,0.3333333333333333,-4.8819444444444455,-4.8819444444444455,,,0.09459511879287329,,0.3333333333333333,,,False,True,Erick Pulgar,,,,,,,,,,,True,False
Bruno Henrique,bruno henrique,FLAMENGO,Brasileirão Betano,0.0,5,saves,saves,FLAMENGO,FLAMENGO,1,bottom,Bruno Henrique,Brasileirão Betano,elite,4,4,4,0,0.0,0.0,0.0,,,,,0.0,,,False,False,Bruno Henrique,,,,,,,,,,,True,False
Erick Pulgar,erick pulgar,FLAMENGO,Brasileirão Betano,0.0,7,saves,saves,FLAMENGO,FLAMENGO,2,bottom,Erick Pulgar,Brasileirão Betano,elite,6,6,6,0,0.0,0.0,0.0,,,,,0.0,,,False,False,Erick Pulgar,,,,,,,,,,,True,False
Jorginho,jorginho,FLAMENGO,Brasileirão Betano,0.0,7,saves,saves,FLAMENGO,FLAMENGO,3,bottom,Jorginho,Brasileirão Betano,elite,6,6,6,0,0.0,0.0,0.0,,,,,0.0,,,False,False,Jorginho,,,,,,,,,,,True,False
Agustín Rossi,agustin rossi,FLAMENGO,Brasileirão Betano,2.7142857142857144,7,saves,saves,FLAMENGO,FLAMENGO,1,top,Agustín Rossi,Brasileirão Betano,elite,10,10,6,4,0.6,0.3198160173160173,0.34047619047619054,0.28882575757575757,,-0.2341271621420717,0.5,0.6666666666666666,-0.051650432900432974,-0.051650432900432974,False,False,Agustín Rossi,,,,,,,,,,,True,False
Bruno Henrique,bruno henrique,FLAMENGO,Brasileirão Betano,0.0,5,saves,saves,FLAMENGO,FLAMENGO,2,top,Bruno Henrique,Brasileirão Betano,elite,4,4,4,0,0.0,0.0,0.0,,,,,0.0,,,False,False,Bruno Henrique,,,,,,,,,,,True,False
Erick Pulgar,erick pulgar,FLAMENGO,Brasileirão Betano,0.0,7,saves,saves,FLAMENGO,FLAMENGO,3,top,Erick Pulgar,Brasileirão Betano,elite,6,6,6,0,0.0,0.0,0.0,,,,,0.0,,,False,False,Erick Pulgar,,,,,,,,,,,True,False
Agustín Rossi,agustin rossi,FLAMENGO,Brasileirão Betano,0.0,7,shots,shots,FLAMENGO,FLAMENGO,1,bottom,Agustín Rossi,Brasileirão Betano,elite,10,10,6,4,0.0,0.0,0.0,0.0,,,0.0,0.0,0.0,0.0,False,False,Agustín Rossi,,,,,,,,,,,True,False
Jorginho,jorginho,FLAMENGO,Brasileirão Betano,0.2857142857142857,7,shots,shots,FLAMENGO,FLAMENGO,2,bottom,Jorginho,Brasileirão Betano,elite,10,10,6,4,0.6,0.2661327561327561,0.11653439153439153,0.490530303030303,,-0.1114484875981512,0.75,0.5,0.37399591149591144,0.37399591149591144,False,False,Jorginho,,,,,,,,,,,True,False
Léo Ortiz,leo ortiz,FLAMENGO,Brasileirão Betano,0.42857142857142855,7,shots,shots,FLAMENGO,FLAMENGO,3,bottom,Léo Ortiz,Brasileirão Betano,elite,11,11,7,4,0.8181818181818182,0.46521231293958576,0.47227891156462587,0.45284576534576537,,0.07938926211317715,1.0,0.7142857142857143,-0.019433146218860498,-0.019433146218860498,False,False,Léo Ortiz,,,,,,,,,,,True,False
Bruno Henrique,bruno henrique,FLAMENGO,Brasileirão Betano,0.8,5,shots,shots,FLAMENGO,FLAMENGO,1,top,Bruno Henrique,Brasileirão Betano,elite,7,7,4,3,0.5714285714285714,0.2737012987012987,0.675,-0.26136363636363635,,-0.6964558901639095,0.3333333333333333,0.75,-0.9363636363636364,-0.9363636363636364,False,False,Bruno Henrique,,,,,,,,,,,True,False
Erick Pulgar,erick pulgar,FLAMENGO,Brasileirão Betano,0.7142857142857143,7,shots,shots,FLAMENGO,FLAMENGO,2,top,Erick Pulgar,Brasileirão Betano,elite,10,10,6,4,0.2,-0.5062229437229437,-0.24484126984126972,-0.8982954545454546,,-0.3488293142079082,0.0,0.3333333333333333,-0.6534541847041848,-0.6534541847041848,False,False,Erick Pulgar,,,,,,,,,,,True,False
Léo Pereira,leo pereira,FLAMENGO,Brasileirão Betano,0.5,6,shots,shots,FLAMENGO,FLAMENGO,3,top,Léo Pereira,Brasileirão Betano,elite,8,8,5,3,0.625,0.22852182539682542,0.029523809523809553,0.5601851851851852,,0.4191213541103259,1.0,0.4,0.5306613756613757,0.5306613756613757,True,False,Léo Pereira,,,,,,,,,,,True,False
Agustín Rossi,agustin rossi,FLAMENGO,Brasileirão Betano,0.0,7,shots_on_target,shots_on_target,FLAMENGO,FLAMENGO,1,bottom,Agustín Rossi,Brasileirão Betano,elite,10,10,6,4,0.0,0.0,0.0,0.0,,,0.0,0.0,0.0,0.0,False,False,Agustín Rossi,,,,,,,,,,,True,False
Jorginho,jorginho,FLAMENGO,Brasileirão Betano,0.0,7,shots_on_target,shots_on_target,FLAMENGO,FLAMENGO,2,bottom,Jorginho,Brasileirão Betano,elite,10,10,6,4,0.1,-0.001987734487734487,0.06322751322751323,-0.09981060606060606,,-0.30602292605253173,0.0,0.16666666666666666,-0.1630381192881193,-0.1630381192881193,False,False,Jorginho,,,,,,,,,,,True,False
Léo Ortiz,leo ortiz,FLAMENGO,Brasileirão Betano,0.0,7,shots_on_target,shots_on_target,FLAMENGO,FLAMENGO,3,bottom,Léo Ortiz,Brasileirão Betano,elite,11,11,7,4,0.0,0.0,0.0,0.0,,,0.0,0.0,0.0,0.0,False,False,Léo Ortiz,,,,,,,,,,,True,False
Bruno Henrique,bruno henrique,FLAMENGO,Brasileirão Betano,0.4,5,shots_on_target,shots_on_target,FLAMENGO,FLAMENGO,1,top,Bruno Henrique,Brasileirão Betano,elite,7,7,4,3,0.14285714285714285,-0.1712121212121212,-0.14166666666666666,-0.2106060606060606,,0.15245788422389092,0.0,0.25,-0.06893939393939394,-0.06893939393939394,False,False,Bruno Henrique,,,,,,,,,,,True,False
Léo Pereira,leo pereira,FLAMENGO,Brasileirão Betano,0.3333333333333333,6,shots_on_target,shots_on_target,FLAMENGO,FLAMENGO,2,top,Léo Pereira,Brasileirão Betano,elite,8,8,5,3,0.125,-0.19057539682539681,-0.17047619047619045,-0.2240740740740741,,-0.05213212940773499,0.0,0.2,-0.053597883597883644,-0.053597883597883644,False,False,Léo Pereira,,,,,,,,,,,True,False
Erick Pulgar,erick pulgar,FLAMENGO,Brasileirão Betano,0.14285714285714285,7,shots_on_target,shots_on_target,FLAMENGO,FLAMENGO,3,top,Erick Pulgar,Brasileirão Betano,elite,10,10,6,4,0.1,-0.026987734487734488,0.021560846560846558,-0.09981060606060606,,-0.049784454001634934,0.0,0.16666666666666666,-0.12137145262145262,-0.12137145262145262,False,False,Erick Pulgar,,,,,,,,,,,True,False
Agustín Rossi,agustin rossi,FLAMENGO,Brasileirão Betano,0.0,7,tackles,tackles,FLAMENGO,FLAMENGO,1,bottom,Agustín Rossi,Brasileirão Betano,elite,6,6,6,0,0.0,0.0,0.0,,,,,0.0,,,False,False,Agustín Rossi,,,,,,,,,,,True,False
Léo Ortiz,leo ortiz,FLAMENGO,Brasileirão Betano,0.42857142857142855,7,tackles,tackles,FLAMENGO,FLAMENGO,2,bottom,Léo Ortiz,Brasileirão Betano,elite,7,7,7,0,0.42857142857142855,0.14489795918367349,0.14489795918367349,,,0.23650134704885753,,0.42857142857142855,,,False,False,Léo Ortiz,,,,,,,,,,,True,False
Bruno Henrique,bruno henrique,FLAMENGO,Brasileirão Betano,1.0,5,tackles,tackles,FLAMENGO,FLAMENGO,3,bottom,Bruno Henrique,Brasileirão Betano,elite,4,4,4,0,0.0,-0.9791666666666667,-0.9791666666666667,,,,,0.0,,,False,True,Bruno Henrique,,,,,,,,,,,True,False
Erick Pulgar,erick pulgar,FLAMENGO,Brasileirão Betano,2.2857142857142856,7,tackles,tackles,FLAMENGO,FLAMENGO,1,top,Erick Pulgar,Brasileirão Betano,elite,6,6,6,0,0.5,0.4738095238095237,0.4738095238095237,,,0.1750440397980329,,0.5,,,False,False,Erick Pulgar,,,,,,,,,,,True,False
Bruno Henrique,bruno henrique,FLAMENGO,Brasileirão Betano,1.0,5,tackles,tackles,FLAMENGO,FLAMENGO,2,top,Bruno Henrique,Brasileirão Betano,elite,4,4,4,0,0.0,-0.9791666666666667,-0.9791666666666667,,,,,0.0,,,False,True,Bruno Henrique,,,,,,,,,,,True,False
Jorginho,jorginho,FLAMENGO,Brasileirão Betano,1.0,7,tackles,tackles,FLAMENGO,FLAMENGO,3,top,Jorginho,Brasileirão Betano,elite,6,6,6,0,0.5,0.5222222222222223,0.5222222222222223,,,-0.8113800596189115,,0.5,,,False,False,Jorginho,,,,,,,,,,,True,False
Djibril Sow,djibril sow,GENOA,Serie A,0.0,5,assists,assists,GENOA,GENOA,1,bottom,Djibril Sow,Serie A,mid,3,3,1,0,0.0,0.0,0.0,,0.0,,,0.0,,,False,False,Djibril Sow,Djibril Sow,GENOA,FROSINONE,assists,0.5,5.0,Above Avg,0.0,0.0,djibril sow,True,False
Ethan Meichtry,ethan meichtry,GENOA,Serie A,0.0,5,assists,assists,GENOA,GENOA,2,bottom,Ethan Meichtry,Serie A,mid,3,3,1,0,0.0,-0.26111111111111107,-0.2,,-0.29166666666666663,,,0.0,,,False,False,Ethan Meichtry,Ethan Meichtry,GENOA,FROSINONE,assists,0.5,5.0,Above Avg,,,ethan meichtry,True,False
Mikael Ellertsson,mikael ellertsson,GENOA,Serie A,0.0,5,assists,assists,GENOA,GENOA,3,bottom,Mikael Ellertsson,Serie A,elite,4,4,2,0,0.0,0.0,0.0,,0.0,,,0.0,,,False,False,Mikael Ellertsson,Mikael Ellertsson,GENOA,FROSINONE,assists,0.5,5.0,Above Avg,0.0,0.0,mikael ellertsson,True,False
Tommaso Baldanzi,tommaso baldanzi,GENOA,Serie A,0.25,8,assists,assists,GENOA,GENOA,1,top,Tommaso Baldanzi,Serie A,elite,7,7,3,0,0.0,-0.3797052154195012,-0.31851851851851853,,-0.26785714285714285,0.7383774951479203,,0.0,,,False,True,Tommaso Baldanzi,Tommaso Baldanzi,GENOA,FROSINONE,assists,0.5,5.0,Above Avg,0.0,0.0,tommaso baldanzi,True,False
Junior Messias,junior messias,GENOA,Serie A,0.08333333333333333,12,assists,assists,GENOA,GENOA,2,top,Junior Messias,Serie A,elite,9,9,5,0,0.1111111111111111,-0.02072711239377906,-0.1450865800865801,,0.26296296296296295,0.7095719051696502,,0.0,,,False,False,Junior Messias,Junior Messias,GENOA,FROSINONE,assists,0.5,5.0,Above Avg,0.0,0.0,junior messias,True,False
Djibril Sow,djibril sow,GENOA,Serie A,0.0,5,assists,assists,GENOA,GENOA,3,top,Djibril Sow,Serie A,mid,3,3,1,0,0.0,0.0,0.0,,0.0,,,0.0,,,False,False,Djibril Sow,Djibril Sow,GENOA,FROSINONE,assists,0.5,5.0,Above Avg,0.0,0.0,djibril sow,True,False
Junior Messias,junior messias,GENOA,Serie A,13.444444444444445,9,passes,passes,GENOA,GENOA,1,bottom,Junior Messias,Serie A,elite,7,7,3,0,0.2857142857142857,-6.649886621315192,-4.6499999999999995,,-3.8888888888888893,-0.049797780203666465,,0.3333333333333333,,,False,True,Junior Messias,,,,,,,,,,,True,False
Tommaso Baldanzi,tommaso baldanzi,GENOA,Serie A,28.0,5,passes,passes,GENOA,GENOA,2,bottom,Tommaso Baldanzi,Serie A,unknown,4,4,1,0,0.75,3.4124999999999996,3.3999999999999986,,1.8333333333333321,,,1.0,,,False,False,Tommaso Baldanzi,,,,,,,,,,,True,False
Tommaso Baldanzi,tommaso baldanzi,GENOA,Serie A,28.0,5,passes,passes,GENOA,GENOA,1,top,Tommaso Baldanzi,Serie A,unknown,4,4,1,0,0.75,3.4124999999999996,3.3999999999999986,,1.8333333333333321,,,1.0,,,False,False,Tommaso Baldanzi,,,,,,,,,,,True,False
Junior Messias,junior messias,GENOA,Serie A,13.444444444444445,9,passes,passes,GENOA,GENOA,2,top,Junior Messias,Serie A,elite,7,7,3,0,0.2857142857142857,-6.649886621315192,-4.6499999999999995,,-3.8888888888888893,-0.049797780203666465,,0.3333333333333333,,,False,True,Junior Messias,,,,,,,,,,,True,False
Junior Messias,junior messias,GENOA,Serie A,0.0,9,saves,saves,GENOA,GENOA,1,bottom,Junior Messias,Serie A,elite,7,7,3,0,0.0,0.0,0.0,,0.0,,,0.0,,,False,False,Junior Messias,,,,,,,,,,,True,False
Tommaso Baldanzi,tommaso baldanzi,GENOA,Serie A,0.0,5,saves,saves,GENOA,GENOA,2,bottom,Tommaso Baldanzi,Serie A,unknown,4,4,1,0,0.0,0.0,0.0,,0.0,,,0.0,,,False,False,Tommaso Baldanzi,,,,,,,,,,,True,False
Junior Messias,junior messias,GENOA,Serie A,0.0,9,saves,saves,GENOA,GENOA,1,top,Junior Messias,Serie A,elite,7,7,3,0,0.0,0.0,0.0,,0.0,,,0.0,,,False,False,Junior Messias,,,,,,,,,,,True,False
Tommaso Baldanzi,tommaso baldanzi,GENOA,Serie A,0.0,5,saves,saves,GENOA,GENOA,2,top,Tommaso Baldanzi,Serie A,unknown,4,4,1,0,0.0,0.0,0.0,,0.0,,,0.0,,,False,False,Tommaso Baldanzi,,,,,,,,,,,True,False
David Puczka,david puczka,GENOA,Serie A,0.0,5,shots,shots,GENOA,GENOA,1,bottom,David Puczka,Serie A,elite,4,4,2,0,0.0,0.0,0.0,,0.0,,,0.0,,,False,False,David Puczka,David Puczka,GENOA,FROSINONE,shots,3.5,5.0,Above Avg,,,david puczka,True,False
David Puczka,david puczka,GENOA,Serie A,0.0,5,shots,shots,GENOA,GENOA,1,bottom,David Puczka,Serie A,elite,4,4,2,0,0.0,0.0,0.0,,0.0,,,0.0,,,False,False,David Puczka,David Puczka,GENOA,FROSINONE,shots,1.5,5.0,Above Avg,,,david puczka,True,False
Samuel Wiafe,samuel wiafe,GENOA,Serie A,0.0,5,shots,shots,GENOA,GENOA,2,bottom,Samuel Wiafe,Serie A,elite,4,4,2,0,0.0,-0.2375,-0.25,,-0.225,,,0.0,,,False,False,Samuel Wiafe,Samuel Wiafe,GENOA,FROSINONE,shots,3.5,5.0,Above Avg,,,samuel wiafe,True,False
Samuel Wiafe,samuel wiafe,GENOA,Serie A,0.0,5,shots,shots,GENOA,GENOA,2,bottom,Samuel Wiafe,Serie A,elite,4,4,2,0,0.0,-0.2375,-0.25,,-0.225,,,0.0,,,False,False,Samuel Wiafe,Samuel Wiafe,GENOA,FROSINONE,shots,1.5,5.0,Above Avg,,,samuel wiafe,True,False
Samuel Wiafe,samuel wiafe,GENOA,Serie A,0.0,5,shots,shots,GENOA,GENOA,2,bottom,Samuel Wiafe,Serie A,elite,4,4,2,0,0.0,-0.2375,-0.25,,-0.225,,,0.0,,,False,False,Samuel Wiafe,Samuel Wiafe,GENOA,FROSINONE,shots,0.5,5.0,Above Avg,,,samuel wiafe,True,False
Djibril Sow,djibril sow,GENOA,Serie A,0.4,5,shots,shots,GENOA,GENOA,3,bottom,Djibril Sow,Serie A,mid,3,3,1,0,0.0,-0.5222222222222221,-0.4,,-0.5833333333333333,,,0.0,,,False,False,Djibril Sow,Djibril Sow,GENOA,FROSINONE,shots,3.5,5.0,Above Avg,0.0,0.4,djibril sow,True,False
Djibril Sow,djibril sow,GENOA,Serie A,0.4,5,shots,shots,GENOA,GENOA,3,bottom,Djibril Sow,Serie A,mid,3,3,1,0,0.0,-0.5222222222222221,-0.4,,-0.5833333333333333,,,0.0,,,False,False,Djibril Sow,Djibril Sow,GENOA,FROSINONE,shots,1.5,5.0,Above Avg,0.0,0.4,djibril sow,True,False
Djibril Sow,djibril sow,GENOA,Serie A,0.4,5,shots,shots,GENOA,GENOA,3,bottom,Djibril Sow,Serie A,mid,3,3,1,0,0.0,-0.5222222222222221,-0.4,,-0.5833333333333333,,,0.0,,,False,False,Djibril Sow,Djibril Sow,GENOA,FROSINONE,shots,0.5,5.0,Above Avg,0.4,0.4,djibril sow,True,False
Tommaso Baldanzi,tommaso baldanzi,GENOA,Serie A,2.125,8,shots,shots,GENOA,GENOA,1,top,Tommaso Baldanzi,Serie A,elite,7,7,3,0,0.5714285714285714,0.15833333333333327,1.0777777777777777,,-2.8125,-0.9310422364858483,,1.0,,,False,False,Tommaso Baldanzi,Tommaso Baldanzi,GENOA,FROSINONE,shots,7.5,5.0,Above Avg,0.0,2.2,tommaso baldanzi,True,False
Tommaso Baldanzi,tommaso baldanzi,GENOA,Serie A,2.125,8,shots,shots,GENOA,GENOA,1,top,Tommaso Baldanzi,Serie A,elite,7,7,3,0,0.5714285714285714,0.15833333333333327,1.0777777777777777,,-2.8125,-0.9310422364858483,,1.0,,,False,False,Tommaso Baldanzi,Tommaso Baldanzi,GENOA,FROSINONE,shots,2.5,5.0,Above Avg,0.6,2.2,tommaso baldanzi,True,False
Tommaso Baldanzi,tommaso baldanzi,GENOA,Serie A,2.125,8,shots,shots,GENOA,GENOA,1,top,Tommaso Baldanzi,Serie A,elite,7,7,3,0,0.5714285714285714,0.15833333333333327,1.0777777777777777,,-2.8125,-0.9310422364858483,,1.0,,,False,False,Tommaso Baldanzi,Tommaso Baldanzi,GENOA,FROSINONE,shots,1.5,5.0,Above Avg,0.6,2.2,tommaso baldanzi,True,False
Junior Messias,junior messias,GENOA,Serie A,0.8333333333333334,12,shots,shots,GENOA,GENOA,2,top,Junior Messias,Serie A,elite,10,10,5,0,0.4,-0.052683982683982666,0.26333333333333336,,-0.07878787878787878,0.008820240139509015,,0.4,,,False,False,Junior Messias,Junior Messias,GENOA,FROSINONE,shots,7.5,5.0,Above Avg,0.0,0.8,junior messias,True,False
Junior Messias,junior messias,GENOA,Serie A,0.8333333333333334,12,shots,shots,GENOA,GENOA,2,top,Junior Messias,Serie A,elite,10,10,5,0,0.4,-0.052683982683982666,0.26333333333333336,,-0.07878787878787878,0.008820240139509015,,0.4,,,False,False,Junior Messias,Junior Messias,GENOA,FROSINONE,shots,3.5,5.0,Above Avg,0.0,0.8,junior messias,True,False
Junior Messias,junior messias,GENOA,Serie A,0.8333333333333334,12,shots,shots,GENOA,GENOA,2,top,Junior Messias,Serie A,elite,10,10,5,0,0.4,-0.052683982683982666,0.26333333333333336,,-0.07878787878787878,0.008820240139509015,,0.4,,,False,False,Junior Messias,Junior Messias,GENOA,FROSINONE,shots,2.5,5.0,Above Avg,0.0,0.8,junior messias,True,False
Junior Messias,junior messias,GENOA,Serie A,0.8333333333333334,12,shots,shots,GENOA,GENOA,2,top,Junior Messias,Serie A,elite,10,10,5,0,0.4,-0.052683982683982666,0.26333333333333336,,-0.07878787878787878,0.008820240139509015,,0.4,,,False,False,Junior Messias,Junior Messias,GENOA,FROSINONE,shots,1.5,5.0,Above Avg,0.2,0.8,junior messias,True,False
Mikael Ellertsson,mikael ellertsson,GENOA,Serie A,0.6,5,shots,shots,GENOA,GENOA,3,top,Mikael Ellertsson,Serie A,elite,4,4,2,0,0.25,-0.3666666666666667,0.16666666666666669,,-0.9,,,0.5,,,False,False,Mikael Ellertsson,Mikael Ellertsson,GENOA,FROSINONE,shots,3.5,5.0,Above Avg,0.0,0.6,mikael ellertsson,True,False
Mikael Ellertsson,mikael ellertsson,GENOA,Serie A,0.6,5,shots,shots,GENOA,GENOA,3,top,Mikael Ellertsson,Serie A,elite,4,4,2,0,0.25,-0.3666666666666667,0.16666666666666669,,-0.9,,,0.5,,,False,False,Mikael Ellertsson,Mikael Ellertsson,GENOA,FROSINONE,shots,1.5,5.0,Above Avg,0.0,0.6,mikael ellertsson,True,False
Mikael Ellertsson,mikael ellertsson,GENOA,Serie A,0.6,5,shots,shots,GENOA,GENOA,3,top,Mikael Ellertsson,Serie A,elite,4,4,2,0,0.25,-0.3666666666666667,0.16666666666666669,,-0.9,,,0.5,,,False,False,Mikael Ellertsson,Mikael Ellertsson,GENOA,FROSINONE,shots,0.5,5.0,Above Avg,0.6,0.6,mikael ellertsson,True,False
David Puczka,david puczka,GENOA,Serie A,0.0,5,shots_on_target,shots_on_target,GENOA,GENOA,1,bottom,David Puczka,Serie A,elite,4,4,2,0,0.0,0.0,0.0,,0.0,,,0.0,,,False,False,David Puczka,David Puczka,GENOA,FROSINONE,shots_on_target,1.5,5.0,Above Avg,,,david puczka,True,False
David Puczka,david puczka,GENOA,Serie A,0.0,5,shots_on_target,shots_on_target,GENOA,GENOA,1,bottom,David Puczka,Serie A,elite,4,4,2,0,0.0,0.0,0.0,,0.0,,,0.0,,,False,False,David Puczka,David Puczka,GENOA,FROSINONE,shots_on_target,0.5,5.0,Above Avg,,,david puczka,True,False
Djibril Sow,djibril sow,GENOA,Serie A,0.0,5,shots_on_target,shots_on_target,GENOA,GENOA,2,bottom,Djibril Sow,Serie A,mid,3,3,1,0,0.0,0.0,0.0,,0.0,,,0.0,,,False,False,Djibril Sow,Djibril Sow,GENOA,FROSINONE,shots_on_target,1.5,5.0,Above Avg,0.0,0.0,djibril sow,True,False
Djibril Sow,djibril sow,GENOA,Serie A,0.0,5,shots_on_target,shots_on_target,GENOA,GENOA,2,bottom,Djibril Sow,Serie A,mid,3,3,1,0,0.0,0.0,0.0,,0.0,,,0.0,,,False,False,Djibril Sow,Djibril Sow,GENOA,FROSINONE,shots_on_target,0.5,5.0,Above Avg,0.0,0.0,djibril sow,True,False
Ethan Meichtry,ethan meichtry,GENOA,Serie A,0.0,5,shots_on_target,shots_on_target,GENOA,GENOA,3,bottom,Ethan Meichtry,Serie A,mid,3,3,1,0,0.0,-0.26111111111111107,-0.2,,-0.29166666666666663,,,0.0,,,False,False,Ethan Meichtry,Ethan Meichtry,GENOA,FROSINONE,shots_on_target,2.5,5.0,Above Avg,,,ethan meichtry,True,False
Ethan Meichtry,ethan meichtry,GENOA,Serie A,0.0,5,shots_on_target,shots_on_target,GENOA,GENOA,3,bottom,Ethan Meichtry,Serie A,mid,3,3,1,0,0.0,-0.26111111111111107,-0.2,,-0.29166666666666663,,,0.0,,,False,False,Ethan Meichtry,Ethan Meichtry,GENOA,FROSINONE,shots_on_target,1.5,5.0,Above Avg,,,ethan meichtry,True,False
Ethan Meichtry,ethan meichtry,GENOA,Serie A,0.0,5,shots_on_target,shots_on_target,GENOA,GENOA,3,bottom,Ethan Meichtry,Serie A,mid,3,3,1,0,0.0,-0.26111111111111107,-0.2,,-0.29166666666666663,,,0.0,,,False,False,Ethan Meichtry,Ethan Meichtry,GENOA,FROSINONE,shots_on_target,0.5,5.0,Above Avg,,,ethan meichtry,True,False
Tommaso Baldanzi,tommaso baldanzi,GENOA,Serie A,0.125,8,shots_on_target,shots_on_target,GENOA,GENOA,1,top,Tommaso Baldanzi,Serie A,elite,7,7,3,0,0.14285714285714285,-0.1171768707482993,-0.4777777777777778,,-0.4017857142857143,0.7383774951479205,,0.0,,,False,True,Tommaso Baldanzi,Tommaso Baldanzi,GENOA,FROSINONE,shots_on_target,2.5,5.0,Above Avg,0.0,0.0,tommaso baldanzi,True,False
Tommaso Baldanzi,tommaso baldanzi,GENOA,Serie A,0.125,8,shots_on_target,shots_on_target,GENOA,GENOA,1,top,Tommaso Baldanzi,Serie A,elite,7,7,3,0,0.14285714285714285,-0.1171768707482993,-0.4777777777777778,,-0.4017857142857143,0.7383774951479205,,0.0,,,False,True,Tommaso Baldanzi,Tommaso Baldanzi,GENOA,FROSINONE,shots_on_target,1.5,5.0,Above Avg,0.0,0.0,tommaso baldanzi,True,False
Junior Messias,junior messias,GENOA,Serie A,0.08333333333333333,12,shots_on_target,shots_on_target,GENOA,GENOA,2,top,Junior Messias,Serie A,elite,10,10,5,0,0.0,-0.16032106782106784,-0.13722222222222222,,-0.17474747474747476,-0.5563072357504228,,0.0,,,False,False,Junior Messias,Junior Messias,GENOA,FROSINONE,shots_on_target,2.5,5.0,Above Avg,0.0,0.0,junior messias,True,False
Junior Messias,junior messias,GENOA,Serie A,0.08333333333333333,12,shots_on_target,shots_on_target,GENOA,GENOA,2,top,Junior Messias,Serie A,elite,10,10,5,0,0.0,-0.16032106782106784,-0.13722222222222222,,-0.17474747474747476,-0.5563072357504228,,0.0,,,False,False,Junior Messias,Junior Messias,GENOA,FROSINONE,shots_on_target,1.5,5.0,Above Avg,0.0,0.0,junior messias,True,False
Junior Messias,junior messias,GENOA,Serie A,0.08333333333333333,12,shots_on_target,shots_on_target,GENOA,GENOA,2,top,Junior Messias,Serie A,elite,10,10,5,0,0.0,-0.16032106782106784,-0.13722222222222222,,-0.17474747474747476,-0.5563072357504228,,0.0,,,False,False,Junior Messias,Junior Messias,GENOA,FROSINONE,shots_on_target,0.5,5.0,Above Avg,0.0,0.0,junior messias,True,False
David Puczka,david puczka,GENOA,Serie A,0.0,5,shots_on_target,shots_on_target,GENOA,GENOA,3,top,David Puczka,Serie A,elite,4,4,2,0,0.0,0.0,0.0,,0.0,,,0.0,,,False,False,David Puczka,David Puczka,GENOA,FROSINONE,shots_on_target,1.5,5.0,Above Avg,,,david puczka,True,False
David Puczka,david puczka,GENOA,Serie A,0.0,5,shots_on_target,shots_on_target,GENOA,GENOA,3,top,David Puczka,Serie A,elite,4,4,2,0,0.0,0.0,0.0,,0.0,,,0.0,,,False,False,David Puczka,David Puczka,GENOA,FROSINONE,shots_on_target,0.5,5.0,Above Avg,,,david puczka,True,False
Tommaso Baldanzi,tommaso baldanzi,GENOA,Serie A,1.4,5,tackles,tackles,GENOA,GENOA,1,bottom,Tommaso Baldanzi,Serie A,unknown,4,4,1,0,0.25,-0.5291666666666667,-1.2,,1.0,,,0.0,,,False,False,Tommaso Baldanzi,Tommaso Baldanzi,GENOA,FROSINONE,tackles,2.5,5.0,Above Avg,,,tommaso baldanzi,True,False
Junior Messias,junior messias,GENOA,Serie A,1.8888888888888888,9,tackles,tackles,GENOA,GENOA,2,bottom,Junior Messias,Serie A,elite,7,7,3,0,0.2857142857142857,-0.32885487528344676,0.052777777777777736,,0.05555555555555547,-0.5256148650262357,,0.3333333333333333,,,False,False,Junior Messias,Junior Messias,GENOA,FROSINONE,tackles,2.5,5.0,Above Avg,,,junior messias,True,False
Junior Messias,junior messias,GENOA,Serie A,1.8888888888888888,9,tackles,tackles,GENOA,GENOA,1,top,Junior Messias,Serie A,elite,7,7,3,0,0.2857142857142857,-0.32885487528344676,0.052777777777777736,,0.05555555555555547,-0.5256148650262357,,0.3333333333333333,,,False,False,Junior Messias,Junior Messias,GENOA,FROSINONE,tackles,2.5,5.0,Above Avg,,,junior messias,True,False
Tommaso Baldanzi,tommaso baldanzi,GENOA,Serie A,1.4,5,tackles,tackles,GENOA,GENOA,2,top,Tommaso Baldanzi,Serie A,unknown,4,4,1,0,0.25,-0.5291666666666667,-1.2,,1.0,,,0.0,,,False,False,Tommaso Baldanzi,Tommaso Baldanzi,GENOA,FROSINONE,tackles,2.5,5.0,Above Avg,,,tommaso baldanzi,True,False
Abdulaziz Aldhuwayhi,abdulaziz aldhuwayhi,HAZ,ksa.1,0.0,5,assists,assists,HAZ,HAZ,1,bottom,Abdulaziz Aldhuwayhi,ksa.1,unknown,2,2,0,0,0.0,0.0,,,,,,,,,False,False,Abdulaziz Aldhuwayhi,,,,,,,,,,,True,False
Abdurahman Al-Dakheel,abdurahman al-dakheel,HAZ,ksa.1,0.0,5,assists,assists,HAZ,HAZ,2,bottom,Abdurahman Al-Dakheel,ksa.1,unknown,2,2,0,0,0.0,0.0,,,,,,,,,False,False,Abdurahman Al-Dakheel,,,,,,,,,,,True,False
Aboubacar Bah,aboubacar bah,HAZ,ksa.1,0.0,5,assists,assists,HAZ,HAZ,3,bottom,Aboubacar Bah,ksa.1,unknown,2,2,0,0,0.0,0.0,,,,,,,,,False,False,Aboubacar Bah,Aboubacar Bah,HAZEM,AHLI,assists,0.5,,,0.0,0.0,aboubacar bah,True,False
Afimico Pululu,afimico pululu,HAZ,ksa.1,0.2,5,assists,assists,HAZ,HAZ,1,top,Afimico Pululu,ksa.1,unknown,2,2,0,0,0.0,-0.29166666666666663,,,,,,,,,False,False,Afimico Pululu,Afimico Pululu,HAZEM,AHLI,assists,0.5,,,,,afimico pululu,True,False
Saud Al Rashed,saud al rashed,HAZ,ksa.1,0.2,5,assists,assists,HAZ,HAZ,2,top,Saud Al Rashed,ksa.1,unknown,2,2,0,0,0.0,-0.29166666666666663,,,,,,,,,False,False,Saud Al Rashed,Saud Al Rashed,HAZEM,AHLI,assists,0.5,,,,,saud al rashed,True,False
Abdulaziz Aldhuwayhi,abdulaziz aldhuwayhi,HAZ,ksa.1,0.0,5,assists,assists,HAZ,HAZ,3,top,Abdulaziz Aldhuwayhi,ksa.1,unknown,2,2,0,0,0.0,0.0,,,,,,,,,False,False,Abdulaziz Aldhuwayhi,,,,,,,,,,,True,False
Abdurahman Al-Dakheel,abdurahman al-dakheel,HAZ,ksa.1,0.0,5,goals,goals,HAZ,HAZ,1,bottom,Abdurahman Al-Dakheel,ksa.1,unknown,2,2,0,0,0.0,0.0,,,,,,,,,False,False,Abdurahman Al-Dakheel,,,,,,,,,,,True,False
Ahmed Al-Nakhli,ahmed al-nakhli,HAZ,ksa.1,0.0,5,goals,goals,HAZ,HAZ,2,bottom,Ahmed Al-Nakhli,ksa.1,unknown,2,2,0,0,0.0,0.0,,,,,,,,,False,False,Ahmed Al-Nakhli,,,,,,,,,,,True,False
Ahmed Al-Shamrani,ahmed al-shamrani,HAZ,ksa.1,0.0,5,goals,goals,HAZ,HAZ,3,bottom,Ahmed Al-Shamrani,ksa.1,unknown,2,2,0,0,0.0,0.0,,,,,,,,,False,False,Ahmed Al-Shamrani,,,,,,,,,,,True,False
Abdulaziz Aldhuwayhi,abdulaziz aldhuwayhi,HAZ,ksa.1,0.2,5,goals,goals,HAZ,HAZ,1,top,Abdulaziz Aldhuwayhi,ksa.1,unknown,2,2,0,0,0.0,-0.29166666666666663,,,,,,,,,False,False,Abdulaziz Aldhuwayhi,,,,,,,,,,,True,False
Aboubacar Bah,aboubacar bah,HAZ,ksa.1,0.2,5,goals,goals,HAZ,HAZ,2,top,Aboubacar Bah,ksa.1,unknown,2,2,0,0,0.5,0.5,,,,,,,,,False,False,Aboubacar Bah,Aboubacar Bah,HAZEM,AHLI,goals,0.5,,,0.2,0.2,aboubacar bah,True,False
Afimico Pululu,afimico pululu,HAZ,ksa.1,0.2,5,goals,goals,HAZ,HAZ,3,top,Afimico Pululu,ksa.1,unknown,2,2,0,0,0.0,-0.29166666666666663,,,,,,,,,False,False,Afimico Pululu,Afimico Pululu,HAZEM,AHLI,goals,0.5,,,,,afimico pululu,True,False
Majed Al Ghamdi,majed al ghamdi,HAZ,ksa.1,0.0,5,saves,saves,HAZ,HAZ,1,bottom,Majed Al Ghamdi,ksa.1,unknown,2,2,0,0,0.0,0.0,,,,,,,,,False,False,Majed Al Ghamdi,,,,,,,,,,,True,False
Ibrahim Zaid,ibrahim zaid,HAZ,ksa.1,3.4,5,saves,saves,HAZ,HAZ,2,bottom,Ibrahim Zaid,ksa.1,unknown,2,2,0,0,0.5,0.33333333333333326,,,,,,,,,False,False,Ibrahim Zaid,,,,,,,,,,,True,False
Ibrahim Zaid,ibrahim zaid,HAZ,ksa.1,3.4,5,saves,saves,HAZ,HAZ,1,top,Ibrahim Zaid,ksa.1,unknown,2,2,0,0,0.5,0.33333333333333326,,,,,,,,,False,False,Ibrahim Zaid,,,,,,,,,,,True,False
Majed Al Ghamdi,majed al ghamdi,HAZ,ksa.1,0.0,5,saves,saves,HAZ,HAZ,2,top,Majed Al Ghamdi,ksa.1,unknown,2,2,0,0,0.0,0.0,,,,,,,,,False,False,Majed Al Ghamdi,,,,,,,,,,,True,False
Ahmed Al-Nakhli,ahmed al-nakhli,HAZ,ksa.1,0.0,5,shots,shots,HAZ,HAZ,1,bottom,Ahmed Al-Nakhli,ksa.1,unknown,2,2,0,0,0.0,0.0,,,,,,,,,False,False,Ahmed Al-Nakhli,,,,,,,,,,,True,False
Ahmed Al-Shamrani,ahmed al-shamrani,HAZ,ksa.1,0.0,5,shots,shots,HAZ,HAZ,2,bottom,Ahmed Al-Shamrani,ksa.1,unknown,2,2,0,0,0.0,0.0,,,,,,,,,False,False,Ahmed Al-Shamrani,,,,,,,,,,,True,False
Ibrahim Zaid,ibrahim zaid,HAZ,ksa.1,0.0,5,shots,shots,HAZ,HAZ,3,bottom,Ibrahim Zaid,ksa.1,unknown,2,2,0,0,0.0,0.0,,,,,,,,,False,False,Ibrahim Zaid,,,,,,,,,,,True,False
Afimico Pululu,afimico pululu,HAZ,ksa.1,1.8,5,shots,shots,HAZ,HAZ,1,top,Afimico Pululu,ksa.1,unknown,2,2,0,0,1.0,0.29166666666666663,,,,,,,,,False,False,Afimico Pululu,Afimico Pululu,HAZEM,AHLI,shots,4.5,,,,,afimico pululu,True,False
Afimico Pululu,afimico pululu,HAZ,ksa.1,1.8,5,shots,shots,HAZ,HAZ,1,top,Afimico Pululu,ksa.1,unknown,2,2,0,0,1.0,0.29166666666666663,,,,,,,,,False,False,Afimico Pululu,Afimico Pululu,HAZEM,AHLI,shots,2.5,,,,,afimico pululu,True,False
Afimico Pululu,afimico pululu,HAZ,ksa.1,1.8,5,shots,shots,HAZ,HAZ,1,top,Afimico Pululu,ksa.1,unknown,2,2,0,0,1.0,0.29166666666666663,,,,,,,,,False,False,Afimico Pululu,Afimico Pululu,HAZEM,AHLI,shots,1.5,,,,,afimico pululu,True,False
Afimico Pululu,afimico pululu,HAZ,ksa.1,1.8,5,shots,shots,HAZ,HAZ,1,top,Afimico Pululu,ksa.1,unknown,2,2,0,0,1.0,0.29166666666666663,,,,,,,,,False,False,Afimico Pululu,Afimico Pululu,HAZEM,AHLI,shots,0.5,,,,,afimico pululu,True,False
Aboubacar Bah,aboubacar bah,HAZ,ksa.1,1.6,5,shots,shots,HAZ,HAZ,2,top,Aboubacar Bah,ksa.1,unknown,2,2,0,0,1.0,0.5833333333333334,,,,,,,,,False,False,Aboubacar Bah,Aboubacar Bah,HAZEM,AHLI,shots,3.5,,,0.0,1.6,aboubacar bah,True,False
Aboubacar Bah,aboubacar bah,HAZ,ksa.1,1.6,5,shots,shots,HAZ,HAZ,2,top,Aboubacar Bah,ksa.1,unknown,2,2,0,0,1.0,0.5833333333333334,,,,,,,,,False,False,Aboubacar Bah,Aboubacar Bah,HAZEM,AHLI,shots,1.5,,,0.8,1.6,aboubacar bah,True,False
Aboubacar Bah,aboubacar bah,HAZ,ksa.1,1.6,5,shots,shots,HAZ,HAZ,2,top,Aboubacar Bah,ksa.1,unknown,2,2,0,0,1.0,0.5833333333333334,,,,,,,,,False,False,Aboubacar Bah,Aboubacar Bah,HAZEM,AHLI,shots,0.5,,,0.8,1.6,aboubacar bah,True,False
Mohammed Turki Al Hamdani,mohammed turki al hamdani,HAZ,ksa.1,0.8,5,shots,shots,HAZ,HAZ,3,top,Mohammed Turki Al Hamdani,ksa.1,unknown,2,2,0,0,1.0,0.9583333333333334,,,,,,,,,False,False,Mohammed Turki Al Hamdani,,,,,,,,,,,True,False
Ahmed Al-Nakhli,ahmed al-nakhli,HAZ,ksa.1,0.0,5,shots_on_target,shots_on_target,HAZ,HAZ,1,bottom,Ahmed Al-Nakhli,ksa.1,unknown,2,2,0,0,0.0,0.0,,,,,,,,,False,False,Ahmed Al-Nakhli,,,,,,,,,,,True,False
Ahmed Al-Shamrani,ahmed al-shamrani,HAZ,ksa.1,0.0,5,shots_on_target,shots_on_target,HAZ,HAZ,2,bottom,Ahmed Al-Shamrani,ksa.1,unknown,2,2,0,0,0.0,0.0,,,,,,,,,False,False,Ahmed Al-Shamrani,,,,,,,,,,,True,False
Bonheur Mugisha,bonheur mugisha,HAZ,ksa.1,0.0,5,shots_on_target,shots_on_target,HAZ,HAZ,3,bottom,Bonheur Mugisha,ksa.1,unknown,2,2,0,0,0.0,0.0,,,,,,,,,False,False,Bonheur Mugisha,Bonheur Mugisha,HAZEM,AHLI,shots_on_target,0.5,,,,,bonheur mugisha,True,False
Aboubacar Bah,aboubacar bah,HAZ,ksa.1,1.0,5,shots_on_target,shots_on_target,HAZ,HAZ,1,top,Aboubacar Bah,ksa.1,unknown,2,2,0,0,0.0,0.0,,,,,,,,,False,False,Aboubacar Bah,Aboubacar Bah,HAZEM,AHLI,shots_on_target,1.5,,,0.2,1.0,aboubacar bah,True,False
Aboubacar Bah,aboubacar bah,HAZ,ksa.1,1.0,5,shots_on_target,shots_on_target,HAZ,HAZ,1,top,Aboubacar Bah,ksa.1,unknown,2,2,0,0,0.0,0.0,,,,,,,,,False,False,Aboubacar Bah,Aboubacar Bah,HAZEM,AHLI,shots_on_target,0.5,,,0.8,1.0,aboubacar bah,True,False
Afimico Pululu,afimico pululu,HAZ,ksa.1,0.4,5,shots_on_target,shots_on_target,HAZ,HAZ,2,top,Afimico Pululu,ksa.1,unknown,2,2,0,0,0.5,0.20833333333333334,,,,,,,,,False,False,Afimico Pululu,Afimico Pululu,HAZEM,AHLI,shots_on_target,2.5,,,,,afimico pululu,True,False
Afimico Pululu,afimico pululu,HAZ,ksa.1,0.4,5,shots_on_target,shots_on_target,HAZ,HAZ,2,top,Afimico Pululu,ksa.1,unknown,2,2,0,0,0.5,0.20833333333333334,,,,,,,,,False,False,Afimico Pululu,Afimico Pululu,HAZEM,AHLI,shots_on_target,1.5,,,,,afimico pululu,True,False
Mohammed Turki Al Hamdani,mohammed turki al hamdani,HAZ,ksa.1,0.4,5,shots_on_target,shots_on_target,HAZ,HAZ,3,top,Mohammed Turki Al Hamdani,ksa.1,unknown,2,2,0,0,1.0,0.875,,,,,,,,,False,False,Mohammed Turki Al Hamdani,,,,,,,,,,,True,False
Meshal Al Dawood,meshal al dawood,HIL,ksa.1,0.0,5,assists,assists,HIL,HIL,1,bottom,Meshal Al Dawood,ksa.1,unknown,2,2,0,0,0.0,0.0,,,,,,,,,False,False,Meshal Al Dawood,,,,,,,,,,,True,False
Mohamed Meïté,mohamed meite,HIL,ksa.1,0.0,5,assists,assists,HIL,HIL,2,bottom,Mohamed Meïté,ksa.1,unknown,2,2,0,0,0.0,0.0,,,,,,,,,False,False,Mohamed Meïté,,,,,,,,,,,True,False
Mohammed Al-Owais,mohammed al-owais,HIL,ksa.1,0.0,5,assists,assists,HIL,HIL,3,bottom,Mohammed Al-Owais,ksa.1,unknown,2,2,0,0,0.0,0.0,,,,,,,,,False,False,Mohammed Al-Owais,,,,,,,,,,,True,False
Crysencio Summerville,crysencio summerville,HIL,ksa.1,0.4,5,assists,assists,HIL,HIL,1,top,Crysencio Summerville,ksa.1,unknown,2,2,0,0,0.0,-0.5833333333333333,,,,,,,,,False,False,Crysencio Summerville,,,,,,,,,,,True,False
Rúben Neves,ruben neves,HIL,ksa.1,0.4,5,assists,assists,HIL,HIL,2,top,Rúben Neves,ksa.1,unknown,2,2,0,0,0.0,-0.5833333333333333,,,,,,,,,False,False,Rúben Neves,,,,,,,,,,,True,False
Sultan Mandash,sultan mandash,HIL,ksa.1,0.4,5,assists,assists,HIL,HIL,3,top,Sultan Mandash,ksa.1,unknown,2,2,0,0,0.0,-0.5833333333333333,,,,,,,,,False,False,Sultan Mandash,,,,,,,,,,,True,False
Kalidou Koulibaly,kalidou koulibaly,HIL,ksa.1,0.0,5,goals,goals,HIL,HIL,1,bottom,Kalidou Koulibaly,ksa.1,unknown,2,2,0,0,0.0,0.0,,,,,,,,,False,False,Kalidou Koulibaly,,,,,,,,,,,True,False
Meshal Al Dawood,meshal al dawood,HIL,ksa.1,0.0,5,goals,goals,HIL,HIL,2,bottom,Meshal Al Dawood,ksa.1,unknown,2,2,0,0,0.0,0.0,,,,,,,,,False,False,Meshal Al Dawood,,,,,,,,,,,True,False
Mohamed Kanno,mohamed kanno,HIL,ksa.1,0.0,5,goals,goals,HIL,HIL,3,bottom,Mohamed Kanno,ksa.1,unknown,2,2,0,0,0.0,0.0,,,,,,,,,False,False,Mohamed Kanno,,,,,,,,,,,True,False
Sergej Milinkovic-Savic,sergej milinkovic-savic,HIL,ksa.1,0.8,5,goals,goals,HIL,HIL,1,top,Sergej Milinkovic-Savic,ksa.1,unknown,2,2,0,0,0.0,-0.5,,,,,,,,,False,False,Sergej Milinkovic-Savic,,,,,,,,,,,True,False
Crysencio Summerville,crysencio summerville,HIL,ksa.1,0.4,5,goals,goals,HIL,HIL,2,top,Crysencio Summerville,ksa.1,unknown,2,2,0,0,0.0,-0.5833333333333333,,,,,,,,,False,False,Crysencio Summerville,,,,,,,,,,,True,False
Sultan Mandash,sultan mandash,HIL,ksa.1,0.4,5,goals,goals,HIL,HIL,3,top,Sultan Mandash,ksa.1,unknown,2,2,0,0,0.0,-0.5833333333333333,,,,,,,,,False,False,Sultan Mandash,,,,,,,,,,,True,False
Mohammed Al-Owais,mohammed al-owais,HIL,ksa.1,0.6,5,saves,saves,HIL,HIL,1,bottom,Mohammed Al-Owais,ksa.1,unknown,2,2,0,0,0.5,1.5,,,,,,,,,False,False,Mohammed Al-Owais,,,,,,,,,,,True,False
Mohammed Al-Owais,mohammed al-owais,HIL,ksa.1,0.6,5,saves,saves,HIL,HIL,1,top,Mohammed Al-Owais,ksa.1,unknown,2,2,0,0,0.5,1.5,,,,,,,,,False,False,Mohammed Al-Owais,,,,,,,,,,,True,False
Meshal Al Dawood,meshal al dawood,HIL,ksa.1,0.0,5,shots,shots,HIL,HIL,1,bottom,Meshal Al Dawood,ksa.1,unknown,2,2,0,0,0.0,0.0,,,,,,,,,False,False,Meshal Al Dawood,,,,,,,,,,,True,False
Mohammed Al-Owais,mohammed al-owais,HIL,ksa.1,0.0,5,shots,shots,HIL,HIL,2,bottom,Mohammed Al-Owais,ksa.1,unknown,2,2,0,0,0.0,0.0,,,,,,,,,False,False,Mohammed Al-Owais,,,,,,,,,,,True,False
Nawaf Al-Habshi,nawaf al-habshi,HIL,ksa.1,0.0,5,shots,shots,HIL,HIL,3,bottom,Nawaf Al-Habshi,ksa.1,unknown,2,2,0,0,0.0,0.0,,,,,,,,,False,False,Nawaf Al-Habshi,,,,,,,,,,,True,False
Crysencio Summerville,crysencio summerville,HIL,ksa.1,2.8,5,shots,shots,HIL,HIL,1,top,Crysencio Summerville,ksa.1,unknown,2,2,0,0,0.0,-2.5,,,,,,,,,False,False,Crysencio Summerville,,,,,,,,,,,True,False
Sultan Mandash,sultan mandash,HIL,ksa.1,2.0,5,shots,shots,HIL,HIL,2,top,Sultan Mandash,ksa.1,unknown,2,2,0,0,0.0,-2.125,,,,,,,,,False,False,Sultan Mandash,,,,,,,,,,,True,False
Nasser Al-Dawsari,nasser al-dawsari,HIL,ksa.1,1.4,5,shots,shots,HIL,HIL,3,top,Nasser Al-Dawsari,ksa.1,unknown,2,2,0,0,0.0,-1.25,,,,,,,,,False,False,Nasser Al-Dawsari,,,,,,,,,,,True,False
Kalidou Koulibaly,kalidou koulibaly,HIL,ksa.1,0.0,5,shots_on_target,shots_on_target,HIL,HIL,1,bottom,Kalidou Koulibaly,ksa.1,unknown,2,2,0,0,0.0,0.0,,,,,,,,,False,False,Kalidou Koulibaly,,,,,,,,,,,True,False
Meshal Al Dawood,meshal al dawood,HIL,ksa.1,0.0,5,shots_on_target,shots_on_target,HIL,HIL,2,bottom,Meshal Al Dawood,ksa.1,unknown,2,2,0,0,0.0,0.0,,,,,,,,,False,False,Meshal Al Dawood,,,,,,,,,,,True,False
Mohammed Al-Owais,mohammed al-owais,HIL,ksa.1,0.0,5,shots_on_target,shots_on_target,HIL,HIL,3,bottom,Mohammed Al-Owais,ksa.1,unknown,2,2,0,0,0.0,0.0,,,,,,,,,False,False,Mohammed Al-Owais,,,,,,,,,,,True,False
Nasser Al-Dawsari,nasser al-dawsari,HIL,ksa.1,0.8,5,shots_on_target,shots_on_target,HIL,HIL,1,top,Nasser Al-Dawsari,ksa.1,unknown,2,2,0,0,0.0,-1.1666666666666665,,,,,,,,,False,False,Nasser Al-Dawsari,,,,,,,,,,,True,False
Sergej Milinkovic-Savic,sergej milinkovic-savic,HIL,ksa.1,0.8,5,shots_on_target,shots_on_target,HIL,HIL,2,top,Sergej Milinkovic-Savic,ksa.1,unknown,2,2,0,0,0.0,-1.1666666666666665,,,,,,,,,False,False,Sergej Milinkovic-Savic,,,,,,,,,,,True,False
Crysencio Summerville,crysencio summerville,HIL,ksa.1,0.6,5,shots_on_target,shots_on_target,HIL,HIL,3,top,Crysencio Summerville,ksa.1,unknown,2,2,0,0,0.0,-0.875,,,,,,,,,False,False,Crysencio Summerville,,,,,,,,,,,True,False
Agustín Bouzat,agustin bouzat,HOUSTON,MLS,0.0,5,assists,assists,HOUSTON,HOUSTON,1,bottom,Agustín Bouzat,MLS,mid,2,2,0,0,0.0,0.0,,,0.0,,,,,,False,False,Agustín Bouzat,Agustín Bouzat,HOUSTON,EARTHQUAKES,assists,0.5,,,0.0,0.0,agustin bouzat,True,False
Agustín Resch,agustin resch,HOUSTON,MLS,0.0,5,assists,assists,HOUSTON,HOUSTON,2,bottom,Agustín Resch,MLS,mid,2,2,0,0,0.0,0.0,,,0.0,,,,,,False,False,Agustín Resch,Agustin Resch,HOUSTON,EARTHQUAKES,assists,0.5,,,0.0,0.0,agustin resch,True,False
Antônio Carlos,antonio carlos,HOUSTON,MLS,0.0,5,assists,assists,HOUSTON,HOUSTON,3,bottom,Antônio Carlos,MLS,mid,2,2,0,0,0.0,0.0,,,0.0,,,,,,False,False,Antônio Carlos,,,,,,,,,,,True,False
Guilherme Augusto,guilherme augusto,HOUSTON,MLS,0.2,5,assists,assists,HOUSTON,HOUSTON,1,top,Guilherme Augusto,MLS,mid,2,2,0,0,0.5,0.5,,,0.5,,,,,,False,False,Guilherme Augusto,,,,,,,,,,,True,False
Lawrence Ennali,lawrence ennali,HOUSTON,MLS,0.2,5,assists,assists,HOUSTON,HOUSTON,2,top,Lawrence Ennali,MLS,mid,2,2,0,0,0.5,0.5,,,0.5,,,,,,False,False,Lawrence Ennali,Lawrence Ennali,HOUSTON,EARTHQUAKES,assists,0.5,,,0.2,0.2,lawrence ennali,True,False
Agustín Bouzat,agustin bouzat,HOUSTON,MLS,0.0,5,assists,assists,HOUSTON,HOUSTON,3,top,Agustín Bouzat,MLS,mid,2,2,0,0,0.0,0.0,,,0.0,,,,,,False,False,Agustín Bouzat,Agustín Bouzat,HOUSTON,EARTHQUAKES,assists,0.5,,,0.0,0.0,agustin bouzat,True,False
Agustín Bouzat,agustin bouzat,HOUSTON,MLS,0.0,5,goals,goals,HOUSTON,HOUSTON,1,bottom,Agustín Bouzat,MLS,mid,2,2,0,0,0.0,0.0,,,0.0,,,,,,False,False,Agustín Bouzat,Agustín Bouzat,HOUSTON,EARTHQUAKES,goals,0.5,,,0.0,0.0,agustin bouzat,True,False
Agustín Resch,agustin resch,HOUSTON,MLS,0.0,5,goals,goals,HOUSTON,HOUSTON,2,bottom,Agustín Resch,MLS,mid,2,2,0,0,0.0,0.0,,,0.0,,,,,,False,False,Agustín Resch,Agustin Resch,HOUSTON,EARTHQUAKES,goals,0.5,,,0.0,0.0,agustin resch,True,False
Antônio Carlos,antonio carlos,HOUSTON,MLS,0.0,5,goals,goals,HOUSTON,HOUSTON,3,bottom,Antônio Carlos,MLS,mid,2,2,0,0,0.0,0.0,,,0.0,,,,,,False,False,Antônio Carlos,Antônio Carlos,HOUSTON,EARTHQUAKES,goals,0.5,,,0.0,0.0,antonio carlos,True,False
Franco Negri,franco negri,HOUSTON,MLS,0.2,5,goals,goals,HOUSTON,HOUSTON,1,top,Franco Negri,MLS,mid,2,2,0,0,0.0,-0.29166666666666663,,,-0.29166666666666663,,,,,,False,False,Franco Negri,Franco Negri,HOUSTON,EARTHQUAKES,goals,0.5,,,0.2,0.2,franco negri,True,False
Guilherme Augusto,guilherme augusto,HOUSTON,MLS,0.2,5,goals,goals,HOUSTON,HOUSTON,2,top,Guilherme Augusto,MLS,mid,2,2,0,0,0.5,0.5,,,0.5,,,,,,False,False,Guilherme Augusto,,,,,,,,,,,True,False
Ibrahim Aliyu,ibrahim aliyu,HOUSTON,MLS,0.2,5,goals,goals,HOUSTON,HOUSTON,3,top,Ibrahim Aliyu,MLS,mid,2,2,0,0,0.0,-0.29166666666666663,,,-0.29166666666666663,,,,,,False,False,Ibrahim Aliyu,Ibrahim Aliyu,HOUSTON,EARTHQUAKES,goals,0.5,,,0.2,0.2,ibrahim aliyu,True,False
Blake Gillingham,blake gillingham,HOUSTON,MLS,0.0,5,saves,saves,HOUSTON,HOUSTON,1,bottom,Blake Gillingham,MLS,mid,2,2,0,0,0.0,0.0,,,0.0,,,,,,False,False,Blake Gillingham,,,,,,,,,,,True,False
Jonathan Bond,jonathan bond,HOUSTON,MLS,2.4,5,saves,saves,HOUSTON,HOUSTON,2,bottom,Jonathan Bond,MLS,mid,2,2,0,0,0.5,0.08333333333333326,,,0.08333333333333326,,,,,,False,False,Jonathan Bond,Jonathan Bond,HOUSTON,EARTHQUAKES,saves,3.0,,,0.25,2.4,jonathan bond,True,False
Jonathan Bond,jonathan bond,HOUSTON,MLS,2.4,5,saves,saves,HOUSTON,HOUSTON,2,bottom,Jonathan Bond,MLS,mid,2,2,0,0,0.5,0.08333333333333326,,,0.08333333333333326,,,,,,False,False,Jonathan Bond,Jonathan Bond,HOUSTON,EARTHQUAKES,saves,4.5,,,0.0,2.4,jonathan bond,True,False
Jonathan Bond,jonathan bond,HOUSTON,MLS,2.4,5,saves,saves,HOUSTON,HOUSTON,2,bottom,Jonathan Bond,MLS,mid,2,2,0,0,0.5,0.08333333333333326,,,0.08333333333333326,,,,,,False,False,Jonathan Bond,Jonathan Bond,HOUSTON,EARTHQUAKES,saves,3.5,,,0.2,2.4,jonathan bond,True,False
Jonathan Bond,jonathan bond,HOUSTON,MLS,2.4,5,saves,saves,HOUSTON,HOUSTON,2,bottom,Jonathan Bond,MLS,mid,2,2,0,0,0.5,0.08333333333333326,,,0.08333333333333326,,,,,,False,False,Jonathan Bond,Jonathan Bond,HOUSTON,EARTHQUAKES,saves,2.5,,,0.4,2.4,jonathan bond,True,False
Jonathan Bond,jonathan bond,HOUSTON,MLS,2.4,5,saves,saves,HOUSTON,HOUSTON,2,bottom,Jonathan Bond,MLS,mid,2,2,0,0,0.5,0.08333333333333326,,,0.08333333333333326,,,,,,False,False,Jonathan Bond,Jonathan Bond,HOUSTON,EARTHQUAKES,saves,1.5,,,0.8,2.4,jonathan bond,True,False
Jonathan Bond,jonathan bond,HOUSTON,MLS,2.4,5,saves,saves,HOUSTON,HOUSTON,1,top,Jonathan Bond,MLS,mid,2,2,0,0,0.5,0.08333333333333326,,,0.08333333333333326,,,,,,False,False,Jonathan Bond,Jonathan Bond,HOUSTON,EARTHQUAKES,saves,3.0,,,0.25,2.4,jonathan bond,True,False
Jonathan Bond,jonathan bond,HOUSTON,MLS,2.4,5,saves,saves,HOUSTON,HOUSTON,1,top,Jonathan Bond,MLS,mid,2,2,0,0,0.5,0.08333333333333326,,,0.08333333333333326,,,,,,False,False,Jonathan Bond,Jonathan Bond,HOUSTON,EARTHQUAKES,saves,4.5,,,0.0,2.4,jonathan bond,True,False
Jonathan Bond,jonathan bond,HOUSTON,MLS,2.4,5,saves,saves,HOUSTON,HOUSTON,1,top,Jonathan Bond,MLS,mid,2,2,0,0,0.5,0.08333333333333326,,,0.08333333333333326,,,,,,False,False,Jonathan Bond,Jonathan Bond,HOUSTON,EARTHQUAKES,saves,3.5,,,0.2,2.4,jonathan bond,True,False
Jonathan Bond,jonathan bond,HOUSTON,MLS,2.4,5,saves,saves,HOUSTON,HOUSTON,1,top,Jonathan Bond,MLS,mid,2,2,0,0,0.5,0.08333333333333326,,,0.08333333333333326,,,,,,False,False,Jonathan Bond,Jonathan Bond,HOUSTON,EARTHQUAKES,saves,2.5,,,0.4,2.4,jonathan bond,True,False
Jonathan Bond,jonathan bond,HOUSTON,MLS,2.4,5,saves,saves,HOUSTON,HOUSTON,1,top,Jonathan Bond,MLS,mid,2,2,0,0,0.5,0.08333333333333326,,,0.08333333333333326,,,,,,False,False,Jonathan Bond,Jonathan Bond,HOUSTON,EARTHQUAKES,saves,1.5,,,0.8,2.4,jonathan bond,True,False
Blake Gillingham,blake gillingham,HOUSTON,MLS,0.0,5,saves,saves,HOUSTON,HOUSTON,2,top,Blake Gillingham,MLS,mid,2,2,0,0,0.0,0.0,,,0.0,,,,,,False,False,Blake Gillingham,,,,,,,,,,,True,False
Blake Gillingham,blake gillingham,HOUSTON,MLS,0.0,5,shots,shots,HOUSTON,HOUSTON,1,bottom,Blake Gillingham,MLS,mid,2,2,0,0,0.0,0.0,,,0.0,,,,,,False,False,Blake Gillingham,,,,,,,,,,,True,False
Diadie Samassekou,diadie samassekou,HOUSTON,MLS,0.0,5,shots,shots,HOUSTON,HOUSTON,2,bottom,Diadie Samassekou,MLS,mid,2,2,0,0,0.0,0.0,,,0.0,,,,,,False,False,Diadie Samassekou,Diadié Samassékou,HOUSTON,EARTHQUAKES,shots,3.5,,,0.0,0.0,diadie samassekou,True,False
Diadie Samassekou,diadie samassekou,HOUSTON,MLS,0.0,5,shots,shots,HOUSTON,HOUSTON,2,bottom,Diadie Samassekou,MLS,mid,2,2,0,0,0.0,0.0,,,0.0,,,,,,False,False,Diadie Samassekou,Diadié Samassékou,HOUSTON,EARTHQUAKES,shots,2.5,,,0.0,0.0,diadie samassekou,True,False
Diadie Samassekou,diadie samassekou,HOUSTON,MLS,0.0,5,shots,shots,HOUSTON,HOUSTON,2,bottom,Diadie Samassekou,MLS,mid,2,2,0,0,0.0,0.0,,,0.0,,,,,,False,False,Diadie Samassekou,Diadié Samassékou,HOUSTON,EARTHQUAKES,shots,1.5,,,0.0,0.0,diadie samassekou,True,False
Duane Holmes,duane holmes,HOUSTON,MLS,0.0,5,shots,shots,HOUSTON,HOUSTON,3,bottom,Duane Holmes,MLS,mid,2,2,0,0,0.0,0.0,,,0.0,,,,,,False,False,Duane Holmes,Duane Holmes,HOUSTON,EARTHQUAKES,shots,2.5,,,0.0,0.0,duane holmes,True,False
Duane Holmes,duane holmes,HOUSTON,MLS,0.0,5,shots,shots,HOUSTON,HOUSTON,3,bottom,Duane Holmes,MLS,mid,2,2,0,0,0.0,0.0,,,0.0,,,,,,False,False,Duane Holmes,Duane Holmes,HOUSTON,EARTHQUAKES,shots,1.5,,,0.0,0.0,duane holmes,True,False
Duane Holmes,duane holmes,HOUSTON,MLS,0.0,5,shots,shots,HOUSTON,HOUSTON,3,bottom,Duane Holmes,MLS,mid,2,2,0,0,0.0,0.0,,,0.0,,,,,,False,False,Duane Holmes,Duane Holmes,HOUSTON,EARTHQUAKES,shots,3.5,,,0.0,0.0,duane holmes,True,False
Duane Holmes,duane holmes,HOUSTON,MLS,0.0,5,shots,shots,HOUSTON,HOUSTON,3,bottom,Duane Holmes,MLS,mid,2,2,0,0,0.0,0.0,,,0.0,,,,,,False,False,Duane Holmes,Duane Holmes,HOUSTON,EARTHQUAKES,shots,0.5,,,0.0,0.0,duane holmes,True,False
Mateusz Bogusz,mateusz bogusz,HOUSTON,MLS,4.2,5,shots,shots,HOUSTON,HOUSTON,1,top,Mateusz Bogusz,MLS,mid,2,2,0,0,1.0,3.166666666666667,,,3.166666666666667,,,,,,False,False,Mateusz Bogusz,Mateusz Bogusz,HOUSTON,EARTHQUAKES,shots,5.5,,,0.2,4.2,mateusz bogusz,True,False
Mateusz Bogusz,mateusz bogusz,HOUSTON,MLS,4.2,5,shots,shots,HOUSTON,HOUSTON,1,top,Mateusz Bogusz,MLS,mid,2,2,0,0,1.0,3.166666666666667,,,3.166666666666667,,,,,,False,False,Mateusz Bogusz,Mateusz Bogusz,HOUSTON,EARTHQUAKES,shots,7.5,,,0.2,4.2,mateusz bogusz,True,False
Mateusz Bogusz,mateusz bogusz,HOUSTON,MLS,4.2,5,shots,shots,HOUSTON,HOUSTON,1,top,Mateusz Bogusz,MLS,mid,2,2,0,0,1.0,3.166666666666667,,,3.166666666666667,,,,,,False,False,Mateusz Bogusz,Mateusz Bogusz,HOUSTON,EARTHQUAKES,shots,3.5,,,0.6,4.2,mateusz bogusz,True,False
Mateusz Bogusz,mateusz bogusz,HOUSTON,MLS,4.2,5,shots,shots,HOUSTON,HOUSTON,1,top,Mateusz Bogusz,MLS,mid,2,2,0,0,1.0,3.166666666666667,,,3.166666666666667,,,,,,False,False,Mateusz Bogusz,Mateusz Bogusz,HOUSTON,EARTHQUAKES,shots,1.5,,,0.8,4.2,mateusz bogusz,True,False
Guilherme Augusto,guilherme augusto,HOUSTON,MLS,2.4,5,shots,shots,HOUSTON,HOUSTON,2,top,Guilherme Augusto,MLS,mid,2,2,0,0,1.0,2.2083333333333335,,,2.2083333333333335,,,,,,False,False,Guilherme Augusto,,,,,,,,,,,True,False
Artur,artur,HOUSTON,MLS,1.0,5,shots,shots,HOUSTON,HOUSTON,3,top,Artur,MLS,mid,3,3,0,0,0.0,-1.8349206349206348,,,-1.8349206349206348,,,,,,False,False,Artur,Artur,HOUSTON,EARTHQUAKES,shots,2.5,,,1.0,4.333,artur,True,False
Artur,artur,HOUSTON,MLS,1.0,5,shots,shots,HOUSTON,HOUSTON,3,top,Artur,MLS,mid,3,3,0,0,0.0,-1.8349206349206348,,,-1.8349206349206348,,,,,,False,False,Artur,Artur,HOUSTON,EARTHQUAKES,shots,1.5,,,1.0,4.333,artur,True,False
Artur,artur,HOUSTON,MLS,1.0,5,shots,shots,HOUSTON,HOUSTON,3,top,Artur,MLS,mid,3,3,0,0,0.0,-1.8349206349206348,,,-1.8349206349206348,,,,,,False,False,Artur,Artur,HOUSTON,EARTHQUAKES,shots,0.5,,,1.0,4.333,artur,True,False
Agustín Bouzat,agustin bouzat,HOUSTON,MLS,0.0,5,shots_on_target,shots_on_target,HOUSTON,HOUSTON,1,bottom,Agustín Bouzat,MLS,mid,2,2,0,0,0.0,0.0,,,0.0,,,,,,False,False,Agustín Bouzat,Agustín Bouzat,HOUSTON,EARTHQUAKES,shots_on_target,1.5,,,0.0,0.0,agustin bouzat,True,False
Agustín Bouzat,agustin bouzat,HOUSTON,MLS,0.0,5,shots_on_target,shots_on_target,HOUSTON,HOUSTON,1,bottom,Agustín Bouzat,MLS,mid,2,2,0,0,0.0,0.0,,,0.0,,,,,,False,False,Agustín Bouzat,Agustín Bouzat,HOUSTON,EARTHQUAKES,shots_on_target,0.5,,,0.0,0.0,agustin bouzat,True,False
Antônio Carlos,antonio carlos,HOUSTON,MLS,0.0,5,shots_on_target,shots_on_target,HOUSTON,HOUSTON,2,bottom,Antônio Carlos,MLS,mid,2,2,0,0,0.0,0.0,,,0.0,,,,,,False,False,Antônio Carlos,Antônio Carlos,HOUSTON,EARTHQUAKES,shots_on_target,0.5,,,0.0,0.0,antonio carlos,True,False
Artur,artur,HOUSTON,MLS,0.0,5,shots_on_target,shots_on_target,HOUSTON,HOUSTON,3,bottom,Artur,MLS,mid,3,3,0,0,0.0,-0.11428571428571428,,,-0.11428571428571428,,,,,,False,False,Artur,Artur,HOUSTON,EARTHQUAKES,shots_on_target,0.5,,,0.3333333333333333,0.333,artur,True,False
Mateusz Bogusz,mateusz bogusz,HOUSTON,MLS,1.4,5,shots_on_target,shots_on_target,HOUSTON,HOUSTON,1,top,Mateusz Bogusz,MLS,mid,2,2,0,0,1.0,1.7916666666666667,,,1.7916666666666667,,,,,,False,False,Mateusz Bogusz,Mateusz Bogusz,HOUSTON,EARTHQUAKES,shots_on_target,2.5,,,0.2,1.4,mateusz bogusz,True,False
Mateusz Bogusz,mateusz bogusz,HOUSTON,MLS,1.4,5,shots_on_target,shots_on_target,HOUSTON,HOUSTON,1,top,Mateusz Bogusz,MLS,mid,2,2,0,0,1.0,1.7916666666666667,,,1.7916666666666667,,,,,,False,False,Mateusz Bogusz,Mateusz Bogusz,HOUSTON,EARTHQUAKES,shots_on_target,3.5,,,0.2,1.4,mateusz bogusz,True,False
Mateusz Bogusz,mateusz bogusz,HOUSTON,MLS,1.4,5,shots_on_target,shots_on_target,HOUSTON,HOUSTON,1,top,Mateusz Bogusz,MLS,mid,2,2,0,0,1.0,1.7916666666666667,,,1.7916666666666667,,,,,,False,False,Mateusz Bogusz,Mateusz Bogusz,HOUSTON,EARTHQUAKES,shots_on_target,1.5,,,0.2,1.4,mateusz bogusz,True,False
Mateusz Bogusz,mateusz bogusz,HOUSTON,MLS,1.4,5,shots_on_target,shots_on_target,HOUSTON,HOUSTON,1,top,Mateusz Bogusz,MLS,mid,2,2,0,0,1.0,1.7916666666666667,,,1.7916666666666667,,,,,,False,False,Mateusz Bogusz,Mateusz Bogusz,HOUSTON,EARTHQUAKES,shots_on_target,0.5,,,0.8,1.4,mateusz bogusz,True,False
Guilherme Augusto,guilherme augusto,HOUSTON,MLS,0.8,5,shots_on_target,shots_on_target,HOUSTON,HOUSTON,2,top,Guilherme Augusto,MLS,mid,2,2,0,0,1.0,1.75,,,1.75,,,,,,False,False,Guilherme Augusto,,,,,,,,,,,True,False
Agustín Resch,agustin resch,HOUSTON,MLS,0.4,5,shots_on_target,shots_on_target,HOUSTON,HOUSTON,3,top,Agustín Resch,MLS,mid,2,2,0,0,0.5,0.08333333333333337,,,0.08333333333333337,,,,,,False,False,Agustín Resch,Agustin Resch,HOUSTON,EARTHQUAKES,shots_on_target,0.5,,,0.4,0.4,agustin resch,True,False
Facundo Waller,facundo waller,HURACÁN,Liga Profesional de Fútbol,0.0,9,assists,assists,HURACÁN,HURACÁN,1,bottom,Facundo Waller,Argentina,elite,10,10,4,0,0.0,0.0,0.0,,0.0,,,0.0,,,False,False,Facundo Waller,,,,,,,,,,,True,False
Hernán Galíndez,hernan galindez,HURACÁN,Liga Profesional de Fútbol,0.0,7,assists,assists,HURACÁN,HURACÁN,2,bottom,Hernán Galíndez,Argentina,elite,7,7,4,0,0.0,0.0,0.0,,0.0,,,0.0,,,False,False,Hernán Galíndez,,,,,,,,,,,True,False
Juan Bisanz,juan bisanz,HURACÁN,Liga Profesional de Fútbol,0.0,9,assists,assists,HURACÁN,HURACÁN,3,bottom,Juan Bisanz,Argentina,elite,10,10,6,0,0.0,0.0,0.0,,0.0,,,0.0,,,False,False,Juan Bisanz,,,,,,,,,,,True,False
Leonardo Gil,leonardo gil,HURACÁN,Liga Profesional de Fútbol,0.1111111111111111,9,assists,assists,HURACÁN,HURACÁN,1,top,Leonardo Gil,Argentina,elite,9,9,6,0,0.1111111111111111,0.007050665383998718,0.05687229437229437,,-0.1111111111111111,0.39559936284248975,,0.16666666666666666,,,False,False,Leonardo Gil,,,,,,,,,,,True,False
Facundo Waller,facundo waller,HURACÁN,Liga Profesional de Fútbol,0.0,9,assists,assists,HURACÁN,HURACÁN,2,top,Facundo Waller,Argentina,elite,10,10,4,0,0.0,0.0,0.0,,0.0,,,0.0,,,False,False,Facundo Waller,,,,,,,,,,,True,False
Hernán Galíndez,hernan galindez,HURACÁN,Liga Profesional de Fútbol,0.0,7,assists,assists,HURACÁN,HURACÁN,3,top,Hernán Galíndez,Argentina,elite,7,7,4,0,0.0,0.0,0.0,,0.0,,,0.0,,,False,False,Hernán Galíndez,,,,,,,,,,,True,False
Leandro Lescano,leandro lescano,HURACÁN,Liga Profesional de Fútbol,5.666666666666667,9,passes,passes,HURACÁN,HURACÁN,1,bottom,Leandro Lescano,Liga Profesional de Fútbol,elite,6,6,5,0,0.3333333333333333,2.931547619047619,4.975,,,0.6522552367881714,,0.4,,,False,False,Leandro Lescano,,,,,,,,,,,True,False
Lautaro Mora,lautaro mora,HURACÁN,Liga Profesional de Fútbol,9.5,10,passes,passes,HURACÁN,HURACÁN,2,bottom,Lautaro Mora,Liga Profesional de Fútbol,elite,7,7,5,0,0.7142857142857143,11.119047619047619,5.7666666666666675,,,-0.07984680125714252,,0.6,,,False,False,Lautaro Mora,,,,,,,,,,,True,False
Juan Bisanz,juan bisanz,HURACÁN,Liga Profesional de Fútbol,16.555555555555557,9,passes,passes,HURACÁN,HURACÁN,3,bottom,Juan Bisanz,Liga Profesional de Fútbol,elite,7,7,5,0,0.5714285714285714,4.842517006802722,5.90952380952381,,,-0.20633199852607462,,0.6,,,False,False,Juan Bisanz,,,,,,,,,,,True,False
Lucas Blondel,lucas blondel,HURACÁN,Liga Profesional de Fútbol,42.111111111111114,9,passes,passes,HURACÁN,HURACÁN,1,top,Lucas Blondel,Liga Profesional de Fútbol,elite,7,7,5,0,0.8571428571428571,12.262925170068026,10.888095238095238,,,-0.74354552878853,,0.8,,,False,False,Lucas Blondel,,,,,,,,,,,True,False
Leonardo Gil,leonardo gil,HURACÁN,Liga Profesional de Fútbol,42.0,9,passes,passes,HURACÁN,HURACÁN,2,top,Leonardo Gil,Liga Profesional de Fútbol,elite,7,7,5,0,0.7142857142857143,8.864739229024945,3.1773015873015877,,,-0.3971891172795597,,0.6,,,False,False,Leonardo Gil,,,,,,,,,,,True,False
Facundo Waller,facundo waller,HURACÁN,Liga Profesional de Fútbol,39.333333333333336,9,passes,passes,HURACÁN,HURACÁN,3,top,Facundo Waller,Liga Profesional de Fútbol,unknown,7,7,3,0,0.42857142857142855,-0.9897392290249434,-7.367724867724867,,,,,0.3333333333333333,,,False,True,Facundo Waller,,,,,,,,,,,True,False
Facundo Waller,facundo waller,HURACÁN,Liga Profesional de Fútbol,0.0,9,saves,saves,HURACÁN,HURACÁN,1,bottom,Facundo Waller,Liga Profesional de Fútbol,unknown,7,7,3,0,0.0,0.0,0.0,,,,,0.0,,,False,False,Facundo Waller,,,,,,,,,,,True,False
Juan Bisanz,juan bisanz,HURACÁN,Liga Profesional de Fútbol,0.0,9,saves,saves,HURACÁN,HURACÁN,2,bottom,Juan Bisanz,Liga Profesional de Fútbol,elite,7,7,5,0,0.0,0.0,0.0,,,,,0.0,,,False,False,Juan Bisanz,,,,,,,,,,,True,False
Lautaro Mora,lautaro mora,HURACÁN,Liga Profesional de Fútbol,0.0,10,saves,saves,HURACÁN,HURACÁN,3,bottom,Lautaro Mora,Liga Profesional de Fútbol,elite,7,7,5,0,0.0,0.0,0.0,,,,,0.0,,,False,False,Lautaro Mora,,,,,,,,,,,True,False
Hernán Galíndez,hernan galindez,HURACÁN,Liga Profesional de Fútbol,2.2857142857142856,7,saves,saves,HURACÁN,HURACÁN,1,top,Hernán Galíndez,Argentina,elite,7,7,4,0,0.2857142857142857,-0.29115646258503397,0.5,,-1.6857142857142857,-0.3313691559644186,,0.5,,,False,False,Hernán Galíndez,,,,,,,,,,,True,False
Facundo Waller,facundo waller,HURACÁN,Liga Profesional de Fútbol,0.0,9,saves,saves,HURACÁN,HURACÁN,2,top,Facundo Waller,Liga Profesional de Fútbol,unknown,7,7,3,0,0.0,0.0,0.0,,,,,0.0,,,False,False,Facundo Waller,,,,,,,,,,,True,False
Juan Bisanz,juan bisanz,HURACÁN,Liga Profesional de Fútbol,0.0,9,saves,saves,HURACÁN,HURACÁN,3,top,Juan Bisanz,Liga Profesional de Fútbol,elite,7,7,5,0,0.0,0.0,0.0,,,,,0.0,,,False,False,Juan Bisanz,,,,,,,,,,,True,False
Hernán Galíndez,hernan galindez,HURACÁN,Liga Profesional de Fútbol,0.0,7,shots,shots,HURACÁN,HURACÁN,1,bottom,Hernán Galíndez,Argentina,elite,7,7,4,0,0.0,0.0,0.0,,0.0,,,0.0,,,False,False,Hernán Galíndez,,,,,,,,,,,True,False
Lautaro Mora,lautaro mora,HURACÁN,Liga Profesional de Fútbol,0.3,10,shots,shots,HURACÁN,HURACÁN,2,bottom,Lautaro Mora,Argentina,elite,10,10,6,0,0.4,0.24121933621933622,0.18073593073593075,,0.275,0.6432992655266364,,0.3333333333333333,,,False,False,Lautaro Mora,,,,,,,,,,,True,False
Leandro Lescano,leandro lescano,HURACÁN,Liga Profesional de Fútbol,0.3333333333333333,9,shots,shots,HURACÁN,HURACÁN,3,bottom,Leandro Lescano,Argentina,elite,9,9,6,0,0.2222222222222222,-0.11403318903318903,0.01843434343434346,,-0.38095238095238093,0.5164821714437579,,0.3333333333333333,,,False,False,Leandro Lescano,,,,,,,,,,,True,False
Juan Bisanz,juan bisanz,HURACÁN,Liga Profesional de Fútbol,2.6666666666666665,9,shots,shots,HURACÁN,HURACÁN,1,top,Juan Bisanz,Argentina,elite,10,10,6,0,0.8,0.9325974025974025,1.0182178932178934,,1.175,0.019110382891526088,,0.6666666666666666,,,False,False,Juan Bisanz,,,,,,,,,,,True,False
Lucas Blondel,lucas blondel,HURACÁN,Liga Profesional de Fútbol,2.111111111111111,9,shots,shots,HURACÁN,HURACÁN,2,top,Lucas Blondel,Argentina,elite,10,10,6,0,0.7,0.4928535353535354,-0.0012626262626261504,,1.1125,0.06641120203352334,,0.5,,,False,False,Lucas Blondel,,,,,,,,,,,True,False
Facundo Waller,facundo waller,HURACÁN,Liga Profesional de Fútbol,1.1111111111111112,9,shots,shots,HURACÁN,HURACÁN,3,top,Facundo Waller,Argentina,elite,10,10,4,0,0.4,0.015386002886002892,0.08360389610389612,,0.2875,0.41791772677533295,,0.25,,,False,False,Facundo Waller,,,,,,,,,,,True,False
Hernán Galíndez,hernan galindez,HURACÁN,Liga Profesional de Fútbol,0.0,7,shots_on_target,shots_on_target,HURACÁN,HURACÁN,1,bottom,Hernán Galíndez,Argentina,elite,7,7,4,0,0.0,0.0,0.0,,0.0,,,0.0,,,False,False,Hernán Galíndez,,,,,,,,,,,True,False
Lautaro Mora,lautaro mora,HURACÁN,Liga Profesional de Fútbol,0.0,10,shots_on_target,shots_on_target,HURACÁN,HURACÁN,2,bottom,Lautaro Mora,Argentina,elite,10,10,6,0,0.0,0.0,0.0,,0.0,,,0.0,,,False,False,Lautaro Mora,,,,,,,,,,,True,False
Leandro Lescano,leandro lescano,HURACÁN,Liga Profesional de Fútbol,0.0,9,shots_on_target,shots_on_target,HURACÁN,HURACÁN,3,bottom,Leandro Lescano,Argentina,elite,9,9,6,0,0.0,0.0,0.0,,0.0,,,0.0,,,False,False,Leandro Lescano,,,,,,,,,,,True,False
Juan Bisanz,juan bisanz,HURACÁN,Liga Profesional de Fútbol,0.6666666666666666,9,shots_on_target,shots_on_target,HURACÁN,HURACÁN,1,top,Juan Bisanz,Argentina,elite,10,10,6,0,0.4,-0.17121933621933616,-0.09740259740259732,,-0.275,-0.1699292554430443,,0.3333333333333333,,,False,False,Juan Bisanz,,,,,,,,,,,True,False
Facundo Waller,facundo waller,HURACÁN,Liga Profesional de Fútbol,0.4444444444444444,9,shots_on_target,shots_on_target,HURACÁN,HURACÁN,2,top,Facundo Waller,Argentina,elite,10,10,4,0,0.3,-0.18858946608946608,-0.19994588744588743,,0.0625,0.2841164167166237,,0.25,,,False,False,Facundo Waller,,,,,,,,,,,True,False
Lucas Blondel,lucas blondel,HURACÁN,Liga Profesional de Fútbol,0.3333333333333333,9,shots_on_target,shots_on_target,HURACÁN,HURACÁN,3,top,Lucas Blondel,Argentina,elite,10,10,6,0,0.4,0.14173160173160176,0.1001082251082251,,0.175,-0.11204998533693886,,0.3333333333333333,,,False,False,Lucas Blondel,,,,,,,,,,,True,False
Hernán Galíndez,hernan galindez,HURACÁN,Liga Profesional de Fútbol,0.14285714285714285,7,tackles,tackles,HURACÁN,HURACÁN,1,bottom,Hernán Galíndez,Liga Profesional de Fútbol,elite,4,4,3,0,0.0,-0.2375,-0.25,,,,,0.0,,,False,False,Hernán Galíndez,,,,,,,,,,,True,False
Lautaro Mora,lautaro mora,HURACÁN,Liga Profesional de Fútbol,0.3,10,tackles,tackles,HURACÁN,HURACÁN,2,bottom,Lautaro Mora,Liga Profesional de Fútbol,elite,7,7,5,0,0.14285714285714285,0.42857142857142855,0.6,,,-0.11730928305086624,,0.2,,,False,False,Lautaro Mora,,,,,,,,,,,True,False
Juan Bisanz,juan bisanz,HURACÁN,Liga Profesional de Fútbol,0.5555555555555556,9,tackles,tackles,HURACÁN,HURACÁN,3,bottom,Juan Bisanz,Liga Profesional de Fútbol,elite,7,7,5,0,0.42857142857142855,0.4637755102040816,0.7642857142857142,,,-0.6558109220915045,,0.6,,,False,False,Juan Bisanz,,,,,,,,,,,True,False
Facundo Waller,facundo waller,HURACÁN,Liga Profesional de Fútbol,3.4444444444444446,9,tackles,tackles,HURACÁN,HURACÁN,1,top,Facundo Waller,Liga Profesional de Fútbol,unknown,7,7,3,0,0.14285714285714285,-1.6709183673469385,-2.4126984126984126,,,,,0.0,,,False,True,Facundo Waller,,,,,,,,,,,True,False
Leonardo Gil,leonardo gil,HURACÁN,Liga Profesional de Fútbol,2.7777777777777777,9,tackles,tackles,HURACÁN,HURACÁN,2,top,Leonardo Gil,Liga Profesional de Fútbol,elite,7,7,5,0,0.5714285714285714,0.5520975056689342,0.1396031746031746,,,-0.7140537481016053,,0.6,,,False,False,Leonardo Gil,,,,,,,,,,,True,False
Lucas Blondel,lucas blondel,HURACÁN,Liga Profesional de Fútbol,2.2222222222222223,9,tackles,tackles,HURACÁN,HURACÁN,3,top,Lucas Blondel,Liga Profesional de Fútbol,elite,7,7,5,0,0.14285714285714285,-0.05249433106575958,-1.0634920634920635,,,0.44955750101296776,,0.0,,,False,True,Lucas Blondel,,,,,,,,,,,True,False
Alexander Shaw,alexander shaw,INTER MIAMI,MLS,0.0,5,assists,assists,INTER MIAMI,INTER MIAMI,1,bottom,Alexander Shaw,MLS,elite,2,2,1,1,0.0,0.0,0.0,0.0,,,0.0,0.0,0.0,0.0,False,False,Alexander Shaw,,,,,,,,,,,True,False
Casemiro,casemiro,INTER MIAMI,MLS,0.0,5,assists,assists,INTER MIAMI,INTER MIAMI,2,bottom,Casemiro,MLS,elite,2,2,1,1,0.0,0.0,0.0,0.0,,,0.0,0.0,0.0,0.0,False,False,Casemiro,,,,,,,,,,,True,False
David Ayala,david ayala,INTER MIAMI,MLS,0.0,5,assists,assists,INTER MIAMI,INTER MIAMI,3,bottom,David Ayala,MLS,elite,2,2,1,1,0.0,0.0,0.0,0.0,,,0.0,0.0,0.0,0.0,False,False,David Ayala,,,,,,,,,,,True,False
Lionel Messi,lionel messi,INTER MIAMI,MLS,0.6,5,assists,assists,INTER MIAMI,INTER MIAMI,1,top,Lionel Messi,MLS,elite,2,2,1,1,1.0,0.5833333333333334,0.5,0.6666666666666667,,,1.0,1.0,0.16666666666666674,0.16666666666666674,False,False,Lionel Messi,,,,,,,,,,,True,False
Telasco Segovia,telasco segovia,INTER MIAMI,MLS,0.4,5,assists,assists,INTER MIAMI,INTER MIAMI,2,top,Telasco Segovia,MLS,elite,2,2,1,1,0.5,0.08333333333333337,-0.5,0.6666666666666667,,,1.0,0.0,1.1666666666666667,1.1666666666666667,False,False,Telasco Segovia,,,,,,,,,,,True,False
Ian Fray,ian fray,INTER MIAMI,MLS,0.2,5,assists,assists,INTER MIAMI,INTER MIAMI,3,top,Ian Fray,MLS,elite,2,2,1,1,0.0,-0.29166666666666663,-0.25,-0.3333333333333333,,,0.0,0.0,-0.08333333333333331,-0.08333333333333331,False,False,Ian Fray,,,,,,,,,,,True,False
David Ayala,david ayala,INTER MIAMI,MLS,0.0,5,goals,goals,INTER MIAMI,INTER MIAMI,1,bottom,David Ayala,MLS,elite,2,2,1,1,0.0,0.0,0.0,0.0,,,0.0,0.0,0.0,0.0,False,False,David Ayala,,,,,,,,,,,True,False
Dayne St. Clair,dayne st. clair,INTER MIAMI,MLS,0.0,5,goals,goals,INTER MIAMI,INTER MIAMI,2,bottom,Dayne St. Clair,MLS,elite,2,2,1,1,0.0,0.0,0.0,0.0,,,0.0,0.0,0.0,0.0,False,False,Dayne St. Clair,,,,,,,,,,,True,False
Facundo Mura,facundo mura,INTER MIAMI,MLS,0.0,5,goals,goals,INTER MIAMI,INTER MIAMI,3,bottom,Facundo Mura,MLS,elite,2,2,1,1,0.0,0.0,0.0,0.0,,,0.0,0.0,0.0,0.0,False,False,Facundo Mura,,,,,,,,,,,True,False
Lionel Messi,lionel messi,INTER MIAMI,MLS,1.2,5,goals,goals,INTER MIAMI,INTER MIAMI,1,top,Lionel Messi,MLS,elite,2,2,1,1,0.0,-1.75,-1.5,-2.0,,,0.0,0.0,-0.5,-0.5,False,False,Lionel Messi,,,,,,,,,,,True,False
Casemiro,casemiro,INTER MIAMI,MLS,0.6,5,goals,goals,INTER MIAMI,INTER MIAMI,2,top,Casemiro,MLS,elite,2,2,1,1,1.0,0.5833333333333334,0.5,0.6666666666666667,,,1.0,1.0,0.16666666666666674,0.16666666666666674,False,False,Casemiro,,,,,,,,,,,True,False
Luis Suárez,luis suarez,INTER MIAMI,MLS,0.4,5,goals,goals,INTER MIAMI,INTER MIAMI,3,top,Luis Suárez,MLS,elite,2,2,1,1,0.5,0.08333333333333337,-0.5,0.6666666666666667,,,1.0,0.0,1.1666666666666667,1.1666666666666667,False,False,Luis Suárez,,,,,,,,,,,True,False
Dayne St. Clair,dayne st. clair,INTER MIAMI,MLS,2.6,5,saves,saves,INTER MIAMI,INTER MIAMI,1,bottom,Dayne St. Clair,MLS,elite,2,2,1,1,0.5,0.45833333333333326,-0.75,1.6666666666666665,,,1.0,0.0,2.4166666666666665,2.4166666666666665,False,False,Dayne St. Clair,,,,,,,,,,,True,False
Dayne St. Clair,dayne st. clair,INTER MIAMI,MLS,2.6,5,saves,saves,INTER MIAMI,INTER MIAMI,1,top,Dayne St. Clair,MLS,elite,2,2,1,1,0.5,0.45833333333333326,-0.75,1.6666666666666665,,,1.0,0.0,2.4166666666666665,2.4166666666666665,False,False,Dayne St. Clair,,,,,,,,,,,True,False
Dayne St. Clair,dayne st. clair,INTER MIAMI,MLS,0.0,5,shots,shots,INTER MIAMI,INTER MIAMI,1,bottom,Dayne St. Clair,MLS,elite,2,2,1,1,0.0,0.0,0.0,0.0,,,0.0,0.0,0.0,0.0,False,False,Dayne St. Clair,,,,,,,,,,,True,False
Facundo Mura,facundo mura,INTER MIAMI,MLS,0.0,5,shots,shots,INTER MIAMI,INTER MIAMI,2,bottom,Facundo Mura,MLS,elite,2,2,1,1,0.0,0.0,0.0,0.0,,,0.0,0.0,0.0,0.0,False,False,Facundo Mura,,,,,,,,,,,True,False
Fricio Caicedo,fricio caicedo,INTER MIAMI,MLS,0.0,5,shots,shots,INTER MIAMI,INTER MIAMI,3,bottom,Fricio Caicedo,MLS,elite,2,2,1,1,0.0,0.0,0.0,0.0,,,0.0,0.0,0.0,0.0,False,False,Fricio Caicedo,,,,,,,,,,,True,False
Lionel Messi,lionel messi,INTER MIAMI,MLS,5.8,5,shots,shots,INTER MIAMI,INTER MIAMI,1,top,Lionel Messi,MLS,elite,2,2,1,1,1.0,2.6666666666666665,4.0,1.333333333333333,,,1.0,1.0,-2.666666666666667,-2.666666666666667,False,False,Lionel Messi,,,,,,,,,,,True,False
Luis Suárez,luis suarez,INTER MIAMI,MLS,1.2,5,shots,shots,INTER MIAMI,INTER MIAMI,2,top,Luis Suárez,MLS,elite,2,2,1,1,0.0,-0.29166666666666663,-0.25,-0.33333333333333326,,,0.0,0.0,-0.08333333333333326,-0.08333333333333326,False,False,Luis Suárez,,,,,,,,,,,True,False
Casemiro,casemiro,INTER MIAMI,MLS,1.0,5,shots,shots,INTER MIAMI,INTER MIAMI,3,top,Casemiro,MLS,elite,2,2,1,1,0.0,0.0,0.0,0.0,,,0.0,0.0,0.0,0.0,False,False,Casemiro,,,,,,,,,,,True,False
Dayne St. Clair,dayne st. clair,INTER MIAMI,MLS,0.0,5,shots_on_target,shots_on_target,INTER MIAMI,INTER MIAMI,1,bottom,Dayne St. Clair,MLS,elite,2,2,1,1,0.0,0.0,0.0,0.0,,,0.0,0.0,0.0,0.0,False,False,Dayne St. Clair,,,,,,,,,,,True,False
Facundo Mura,facundo mura,INTER MIAMI,MLS,0.0,5,shots_on_target,shots_on_target,INTER MIAMI,INTER MIAMI,2,bottom,Facundo Mura,MLS,elite,2,2,1,1,0.0,0.0,0.0,0.0,,,0.0,0.0,0.0,0.0,False,False,Facundo Mura,,,,,,,,,,,True,False
Fricio Caicedo,fricio caicedo,INTER MIAMI,MLS,0.0,5,shots_on_target,shots_on_target,INTER MIAMI,INTER MIAMI,3,bottom,Fricio Caicedo,MLS,elite,2,2,1,1,0.0,0.0,0.0,0.0,,,0.0,0.0,0.0,0.0,False,False,Fricio Caicedo,,,,,,,,,,,True,False
Lionel Messi,lionel messi,INTER MIAMI,MLS,2.6,5,shots_on_target,shots_on_target,INTER MIAMI,INTER MIAMI,1,top,Lionel Messi,MLS,elite,2,2,1,1,0.5,0.04166666666666674,1.75,-1.6666666666666665,,,0.0,1.0,-3.4166666666666665,-3.4166666666666665,False,False,Lionel Messi,,,,,,,,,,,True,False
Casemiro,casemiro,INTER MIAMI,MLS,0.8,5,shots_on_target,shots_on_target,INTER MIAMI,INTER MIAMI,2,top,Casemiro,MLS,elite,2,2,1,1,1.0,0.2916666666666667,0.25,0.33333333333333337,,,1.0,1.0,0.08333333333333337,0.08333333333333337,False,False,Casemiro,,,,,,,,,,,True,False
Luis Suárez,luis suarez,INTER MIAMI,MLS,0.6,5,shots_on_target,shots_on_target,INTER MIAMI,INTER MIAMI,3,top,Luis Suárez,MLS,elite,2,2,1,1,0.5,-0.20833333333333331,-0.75,0.33333333333333337,,,1.0,0.0,1.0833333333333335,1.0833333333333335,False,False,Luis Suárez,,,,,,,,,,,True,False
Abdi Faris,abdi faris,ITT,ksa.1,0.0,5,assists,assists,ITT,ITT,1,bottom,Abdi Faris,ksa.1,unknown,2,2,0,0,0.0,0.0,,,,,,,,,False,False,Abdi Faris,,,,,,,,,,,True,False
Ahmed Al Ghamdi,ahmed al ghamdi,ITT,ksa.1,0.0,5,assists,assists,ITT,ITT,2,bottom,Ahmed Al Ghamdi,ksa.1,unknown,2,2,0,0,0.0,0.0,,,,,,,,,False,False,Ahmed Al Ghamdi,,,,,,,,,,,True,False
George Ilenikhena,george ilenikhena,ITT,ksa.1,0.0,5,assists,assists,ITT,ITT,3,bottom,George Ilenikhena,ksa.1,unknown,2,2,0,0,0.0,0.0,,,,,,,,,False,False,George Ilenikhena,George Ilenikhena,ITTIHAD,FAISALY,assists,0.5,,,,,george ilenikhena,True,False
Houssem Aouar,houssem aouar,ITT,ksa.1,0.4,5,assists,assists,ITT,ITT,1,top,Houssem Aouar,ksa.1,unknown,2,2,0,0,0.5,0.08333333333333337,,,,,,,,,False,False,Houssem Aouar,Houssem Aouar,ITTIHAD,FAISALY,assists,0.5,,,,,houssem aouar,True,False
Steven Bergwijn,steven bergwijn,ITT,ksa.1,0.2,5,assists,assists,ITT,ITT,2,top,Steven Bergwijn,ksa.1,unknown,2,2,0,0,0.0,-0.29166666666666663,,,,,,,,,False,False,Steven Bergwijn,,,,,,,,,,,True,False
Abdi Faris,abdi faris,ITT,ksa.1,0.0,5,assists,assists,ITT,ITT,3,top,Abdi Faris,ksa.1,unknown,2,2,0,0,0.0,0.0,,,,,,,,,False,False,Abdi Faris,,,,,,,,,,,True,False
Abdi Faris,abdi faris,ITT,ksa.1,0.0,5,goals,goals,ITT,ITT,1,bottom,Abdi Faris,ksa.1,unknown,2,2,0,0,0.0,0.0,,,,,,,,,False,False,Abdi Faris,,,,,,,,,,,True,False
Ahmed Al Ghamdi,ahmed al ghamdi,ITT,ksa.1,0.0,5,goals,goals,ITT,ITT,2,bottom,Ahmed Al Ghamdi,ksa.1,unknown,2,2,0,0,0.0,0.0,,,,,,,,,False,False,Ahmed Al Ghamdi,,,,,,,,,,,True,False
Hassan Kadish,hassan kadish,ITT,ksa.1,0.0,5,goals,goals,ITT,ITT,3,bottom,Hassan Kadish,ksa.1,unknown,2,2,0,0,0.0,0.0,,,,,,,,,False,False,Hassan Kadish,Hassan Kadish,ITTIHAD,FAISALY,goals,0.5,,,,,hassan kadish,True,False
George Ilenikhena,george ilenikhena,ITT,ksa.1,0.8,5,goals,goals,ITT,ITT,1,top,George Ilenikhena,ksa.1,unknown,2,2,0,0,1.0,0.9583333333333334,,,,,,,,,False,False,George Ilenikhena,George Ilenikhena,ITTIHAD,FAISALY,goals,1.5,,,,,george ilenikhena,True,False
George Ilenikhena,george ilenikhena,ITT,ksa.1,0.8,5,goals,goals,ITT,ITT,1,top,George Ilenikhena,ksa.1,unknown,2,2,0,0,1.0,0.9583333333333334,,,,,,,,,False,False,George Ilenikhena,George Ilenikhena,ITTIHAD,FAISALY,goals,0.5,,,,,george ilenikhena,True,False
Steven Bergwijn,steven bergwijn,ITT,ksa.1,0.6,5,goals,goals,ITT,ITT,2,top,Steven Bergwijn,ksa.1,unknown,2,2,0,0,0.0,-0.875,,,,,,,,,False,False,Steven Bergwijn,,,,,,,,,,,True,False
Youssef En-Nesyri,youssef en-nesyri,ITT,ksa.1,0.2,5,goals,goals,ITT,ITT,3,top,Youssef En-Nesyri,ksa.1,unknown,2,2,0,0,0.5,0.5,,,,,,,,,False,False,Youssef En-Nesyri,Youssef En-Nesyri,ITTIHAD,FAISALY,goals,1.5,,,,,youssef en-nesyri,True,False
Youssef En-Nesyri,youssef en-nesyri,ITT,ksa.1,0.2,5,goals,goals,ITT,ITT,3,top,Youssef En-Nesyri,ksa.1,unknown,2,2,0,0,0.5,0.5,,,,,,,,,False,False,Youssef En-Nesyri,Youssef En-Nesyri,ITTIHAD,FAISALY,goals,0.5,,,,,youssef en-nesyri,True,False
Mohammed Alabsi,mohammed alabsi,ITT,ksa.1,0.6,5,saves,saves,ITT,ITT,1,bottom,Mohammed Alabsi,ksa.1,unknown,2,2,0,0,0.5,1.5,,,,,,,,,False,False,Mohammed Alabsi,,,,,,,,,,,True,False
Mohammed Alabsi,mohammed alabsi,ITT,ksa.1,0.6,5,saves,saves,ITT,ITT,1,top,Mohammed Alabsi,ksa.1,unknown,2,2,0,0,0.5,1.5,,,,,,,,,False,False,Mohammed Alabsi,,,,,,,,,,,True,False
Mohammed Alabsi,mohammed alabsi,ITT,ksa.1,0.0,5,shots,shots,ITT,ITT,1,bottom,Mohammed Alabsi,ksa.1,unknown,2,2,0,0,0.0,0.0,,,,,,,,,False,False,Mohammed Alabsi,,,,,,,,,,,True,False
Mohammed Ali Barnawi,mohammed ali barnawi,ITT,ksa.1,0.0,5,shots,shots,ITT,ITT,2,bottom,Mohammed Ali Barnawi,ksa.1,unknown,2,2,0,0,0.0,0.0,,,,,,,,,False,False,Mohammed Ali Barnawi,,,,,,,,,,,True,False
Rakan Kaabi,rakan kaabi,ITT,ksa.1,0.0,5,shots,shots,ITT,ITT,3,bottom,Rakan Kaabi,ksa.1,unknown,2,2,0,0,0.0,0.0,,,,,,,,,False,False,Rakan Kaabi,,,,,,,,,,,True,False
George Ilenikhena,george ilenikhena,ITT,ksa.1,2.8,5,shots,shots,ITT,ITT,1,top,George Ilenikhena,ksa.1,unknown,2,2,0,0,1.0,1.75,,,,,,,,,False,False,George Ilenikhena,George Ilenikhena,ITTIHAD,FAISALY,shots,7.5,,,,,george ilenikhena,True,False
George Ilenikhena,george ilenikhena,ITT,ksa.1,2.8,5,shots,shots,ITT,ITT,1,top,George Ilenikhena,ksa.1,unknown,2,2,0,0,1.0,1.75,,,,,,,,,False,False,George Ilenikhena,George Ilenikhena,ITTIHAD,FAISALY,shots,4.5,,,,,george ilenikhena,True,False
George Ilenikhena,george ilenikhena,ITT,ksa.1,2.8,5,shots,shots,ITT,ITT,1,top,George Ilenikhena,ksa.1,unknown,2,2,0,0,1.0,1.75,,,,,,,,,False,False,George Ilenikhena,George Ilenikhena,ITTIHAD,FAISALY,shots,2.5,,,,,george ilenikhena,True,False
Steven Bergwijn,steven bergwijn,ITT,ksa.1,2.4,5,shots,shots,ITT,ITT,2,top,Steven Bergwijn,ksa.1,unknown,2,2,0,0,0.0,-1.25,,,,,,,,,False,False,Steven Bergwijn,,,,,,,,,,,True,False
Youssef En-Nesyri,youssef en-nesyri,ITT,ksa.1,2.0,5,shots,shots,ITT,ITT,3,top,Youssef En-Nesyri,ksa.1,unknown,2,2,0,0,0.0,-1.4583333333333333,,,,,,,,,False,False,Youssef En-Nesyri,Youssef En-Nesyri,ITTIHAD,FAISALY,shots,6.5,,,,,youssef en-nesyri,True,False
Youssef En-Nesyri,youssef en-nesyri,ITT,ksa.1,2.0,5,shots,shots,ITT,ITT,3,top,Youssef En-Nesyri,ksa.1,unknown,2,2,0,0,0.0,-1.4583333333333333,,,,,,,,,False,False,Youssef En-Nesyri,Youssef En-Nesyri,ITTIHAD,FAISALY,shots,3.5,,,,,youssef en-nesyri,True,False
Youssef En-Nesyri,youssef en-nesyri,ITT,ksa.1,2.0,5,shots,shots,ITT,ITT,3,top,Youssef En-Nesyri,ksa.1,unknown,2,2,0,0,0.0,-1.4583333333333333,,,,,,,,,False,False,Youssef En-Nesyri,Youssef En-Nesyri,ITTIHAD,FAISALY,shots,2.5,,,,,youssef en-nesyri,True,False
Youssef En-Nesyri,youssef en-nesyri,ITT,ksa.1,2.0,5,shots,shots,ITT,ITT,3,top,Youssef En-Nesyri,ksa.1,unknown,2,2,0,0,0.0,-1.4583333333333333,,,,,,,,,False,False,Youssef En-Nesyri,Youssef En-Nesyri,ITTIHAD,FAISALY,shots,1.5,,,,,youssef en-nesyri,True,False
Ahmed Al Ghamdi,ahmed al ghamdi,ITT,ksa.1,0.0,5,shots_on_target,shots_on_target,ITT,ITT,1,bottom,Ahmed Al Ghamdi,ksa.1,unknown,2,2,0,0,0.0,0.0,,,,,,,,,False,False,Ahmed Al Ghamdi,,,,,,,,,,,True,False
Hassan Kadish,hassan kadish,ITT,ksa.1,0.0,5,shots_on_target,shots_on_target,ITT,ITT,2,bottom,Hassan Kadish,ksa.1,unknown,2,2,0,0,0.0,0.0,,,,,,,,,False,False,Hassan Kadish,Hassan Kadish,ITTIHAD,FAISALY,shots_on_target,0.5,,,,,hassan kadish,True,False
Marwan Al-Sahafi,marwan al-sahafi,ITT,ksa.1,0.0,5,shots_on_target,shots_on_target,ITT,ITT,3,bottom,Marwan Al-Sahafi,ksa.1,unknown,2,2,0,0,0.0,0.0,,,,,,,,,False,False,Marwan Al-Sahafi,,,,,,,,,,,True,False
Steven Bergwijn,steven bergwijn,ITT,ksa.1,1.8,5,shots_on_target,shots_on_target,ITT,ITT,1,top,Steven Bergwijn,ksa.1,unknown,2,2,0,0,0.0,-1.9583333333333333,,,,,,,,,False,False,Steven Bergwijn,,,,,,,,,,,True,False
George Ilenikhena,george ilenikhena,ITT,ksa.1,1.4,5,shots_on_target,shots_on_target,ITT,ITT,2,top,George Ilenikhena,ksa.1,unknown,2,2,0,0,1.0,0.875,,,,,,,,,False,False,George Ilenikhena,George Ilenikhena,ITTIHAD,FAISALY,shots_on_target,4.5,,,,,george ilenikhena,True,False
George Ilenikhena,george ilenikhena,ITT,ksa.1,1.4,5,shots_on_target,shots_on_target,ITT,ITT,2,top,George Ilenikhena,ksa.1,unknown,2,2,0,0,1.0,0.875,,,,,,,,,False,False,George Ilenikhena,George Ilenikhena,ITTIHAD,FAISALY,shots_on_target,0.5,,,,,george ilenikhena,True,False
Houssem Aouar,houssem aouar,ITT,ksa.1,0.8,5,shots_on_target,shots_on_target,ITT,ITT,3,top,Houssem Aouar,ksa.1,unknown,2,2,0,0,0.5,-0.375,,,,,,,,,False,False,Houssem Aouar,Houssem Aouar,ITTIHAD,FAISALY,shots_on_target,3.5,,,,,houssem aouar,True,False
Houssem Aouar,houssem aouar,ITT,ksa.1,0.8,5,shots_on_target,shots_on_target,ITT,ITT,3,top,Houssem Aouar,ksa.1,unknown,2,2,0,0,0.5,-0.375,,,,,,,,,False,False,Houssem Aouar,Houssem Aouar,ITTIHAD,FAISALY,shots_on_target,1.5,,,,,houssem aouar,True,False
Houssem Aouar,houssem aouar,ITT,ksa.1,0.8,5,shots_on_target,shots_on_target,ITT,ITT,3,top,Houssem Aouar,ksa.1,unknown,2,2,0,0,0.5,-0.375,,,,,,,,,False,False,Houssem Aouar,Houssem Aouar,ITTIHAD,FAISALY,shots_on_target,0.5,,,,,houssem aouar,True,False
Abdullah Al Hafith,abdullah al hafith,KHA,ksa.1,0.0,5,assists,assists,KHA,KHA,1,bottom,Abdullah Al Hafith,ksa.1,unknown,2,2,0,0,0.0,0.0,,,,,,,,,False,False,Abdullah Al Hafith,,,,,,,,,,,True,False
Ali Al Shaafi,ali al shaafi,KHA,ksa.1,0.0,5,assists,assists,KHA,KHA,2,bottom,Ali Al Shaafi,ksa.1,unknown,2,2,0,0,0.0,0.0,,,,,,,,,False,False,Ali Al Shaafi,,,,,,,,,,,True,False
Anthony Moris,anthony moris,KHA,ksa.1,0.0,5,assists,assists,KHA,KHA,3,bottom,Anthony Moris,ksa.1,unknown,2,2,0,0,0.0,0.0,,,,,,,,,False,False,Anthony Moris,,,,,,,,,,,True,False
Abdullah Al Hafith,abdullah al hafith,KHA,ksa.1,0.0,5,assists,assists,KHA,KHA,1,top,Abdullah Al Hafith,ksa.1,unknown,2,2,0,0,0.0,0.0,,,,,,,,,False,False,Abdullah Al Hafith,,,,,,,,,,,True,False
Ali Al Shaafi,ali al shaafi,KHA,ksa.1,0.0,5,assists,assists,KHA,KHA,2,top,Ali Al Shaafi,ksa.1,unknown,2,2,0,0,0.0,0.0,,,,,,,,,False,False,Ali Al Shaafi,,,,,,,,,,,True,False
Anthony Moris,anthony moris,KHA,ksa.1,0.0,5,assists,assists,KHA,KHA,3,top,Anthony Moris,ksa.1,unknown,2,2,0,0,0.0,0.0,,,,,,,,,False,False,Anthony Moris,,,,,,,,,,,True,False
Abdullah Al Hafith,abdullah al hafith,KHA,ksa.1,0.0,5,goals,goals,KHA,KHA,1,bottom,Abdullah Al Hafith,ksa.1,unknown,2,2,0,0,0.0,0.0,,,,,,,,,False,False,Abdullah Al Hafith,,,,,,,,,,,True,False
Ali Al Shaafi,ali al shaafi,KHA,ksa.1,0.0,5,goals,goals,KHA,KHA,2,bottom,Ali Al Shaafi,ksa.1,unknown,2,2,0,0,0.0,0.0,,,,,,,,,False,False,Ali Al Shaafi,,,,,,,,,,,True,False
Anthony Moris,anthony moris,KHA,ksa.1,0.0,5,goals,goals,KHA,KHA,3,bottom,Anthony Moris,ksa.1,unknown,2,2,0,0,0.0,0.0,,,,,,,,,False,False,Anthony Moris,,,,,,,,,,,True,False
Saleh Al-Jamaan,saleh al-jamaan,KHA,ksa.1,0.2,5,goals,goals,KHA,KHA,1,top,Saleh Al-Jamaan,ksa.1,unknown,2,2,0,0,0.0,-0.29166666666666663,,,,,,,,,False,False,Saleh Al-Jamaan,,,,,,,,,,,True,False
Abdullah Al Hafith,abdullah al hafith,KHA,ksa.1,0.0,5,goals,goals,KHA,KHA,2,top,Abdullah Al Hafith,ksa.1,unknown,2,2,0,0,0.0,0.0,,,,,,,,,False,False,Abdullah Al Hafith,,,,,,,,,,,True,False
Ali Al Shaafi,ali al shaafi,KHA,ksa.1,0.0,5,goals,goals,KHA,KHA,3,top,Ali Al Shaafi,ksa.1,unknown,2,2,0,0,0.0,0.0,,,,,,,,,False,False,Ali Al Shaafi,,,,,,,,,,,True,False
Marwan Al Haidari,marwan al haidari,KHA,ksa.1,0.0,5,saves,saves,KHA,KHA,1,bottom,Marwan Al Haidari,ksa.1,unknown,2,2,0,0,0.0,0.0,,,,,,,,,False,False,Marwan Al Haidari,,,,,,,,,,,True,False
Anthony Moris,anthony moris,KHA,ksa.1,2.0,5,saves,saves,KHA,KHA,2,bottom,Anthony Moris,ksa.1,unknown,2,2,0,0,0.0,-2.125,,,,,,,,,False,False,Anthony Moris,,,,,,,,,,,True,False
Anthony Moris,anthony moris,KHA,ksa.1,2.0,5,saves,saves,KHA,KHA,1,top,Anthony Moris,ksa.1,unknown,2,2,0,0,0.0,-2.125,,,,,,,,,False,False,Anthony Moris,,,,,,,,,,,True,False
Marwan Al Haidari,marwan al haidari,KHA,ksa.1,0.0,5,saves,saves,KHA,KHA,2,top,Marwan Al Haidari,ksa.1,unknown,2,2,0,0,0.0,0.0,,,,,,,,,False,False,Marwan Al Haidari,,,,,,,,,,,True,False
Abdullah Al Hafith,abdullah al hafith,KHA,ksa.1,0.0,5,shots,shots,KHA,KHA,1,bottom,Abdullah Al Hafith,ksa.1,unknown,2,2,0,0,0.0,0.0,,,,,,,,,False,False,Abdullah Al Hafith,,,,,,,,,,,True,False
Ali Al Shaafi,ali al shaafi,KHA,ksa.1,0.0,5,shots,shots,KHA,KHA,2,bottom,Ali Al Shaafi,ksa.1,unknown,2,2,0,0,0.0,0.0,,,,,,,,,False,False,Ali Al Shaafi,,,,,,,,,,,True,False
Anthony Moris,anthony moris,KHA,ksa.1,0.0,5,shots,shots,KHA,KHA,3,bottom,Anthony Moris,ksa.1,unknown,2,2,0,0,0.0,0.0,,,,,,,,,False,False,Anthony Moris,,,,,,,,,,,True,False
Musa Barrow,musa barrow,KHA,ksa.1,2.0,5,shots,shots,KHA,KHA,1,top,Musa Barrow,ksa.1,unknown,2,2,0,0,0.5,-0.5416666666666667,,,,,,,,,False,False,Musa Barrow,Musa Barrow,KHALEEJ,NASSR,shots,5.5,,,0.0,2.0,musa barrow,True,False
Musa Barrow,musa barrow,KHA,ksa.1,2.0,5,shots,shots,KHA,KHA,1,top,Musa Barrow,ksa.1,unknown,2,2,0,0,0.5,-0.5416666666666667,,,,,,,,,False,False,Musa Barrow,Musa Barrow,KHALEEJ,NASSR,shots,2.5,,,0.4,2.0,musa barrow,True,False
Musa Barrow,musa barrow,KHA,ksa.1,2.0,5,shots,shots,KHA,KHA,1,top,Musa Barrow,ksa.1,unknown,2,2,0,0,0.5,-0.5416666666666667,,,,,,,,,False,False,Musa Barrow,Musa Barrow,KHALEEJ,NASSR,shots,1.5,,,0.6,2.0,musa barrow,True,False
Nawaf Al Saadi,nawaf al saadi,KHA,ksa.1,1.2,5,shots,shots,KHA,KHA,2,top,Nawaf Al Saadi,ksa.1,unknown,2,2,0,0,0.5,-0.16666666666666663,,,,,,,,,False,False,Nawaf Al Saadi,,,,,,,,,,,True,False
Miguel Silva,miguel silva,KHA,ksa.1,1.0,5,shots,shots,KHA,KHA,3,top,Miguel Silva,ksa.1,unknown,2,2,0,0,0.0,-0.6666666666666666,,,,,,,,,False,False,Miguel Silva,,,,,,,,,,,True,False
Abdullah Al Hafith,abdullah al hafith,KHA,ksa.1,0.0,5,shots_on_target,shots_on_target,KHA,KHA,1,bottom,Abdullah Al Hafith,ksa.1,unknown,2,2,0,0,0.0,0.0,,,,,,,,,False,False,Abdullah Al Hafith,,,,,,,,,,,True,False
Ali Al Shaafi,ali al shaafi,KHA,ksa.1,0.0,5,shots_on_target,shots_on_target,KHA,KHA,2,bottom,Ali Al Shaafi,ksa.1,unknown,2,2,0,0,0.0,0.0,,,,,,,,,False,False,Ali Al Shaafi,,,,,,,,,,,True,False
Anthony Moris,anthony moris,KHA,ksa.1,0.0,5,shots_on_target,shots_on_target,KHA,KHA,3,bottom,Anthony Moris,ksa.1,unknown,2,2,0,0,0.0,0.0,,,,,,,,,False,False,Anthony Moris,,,,,,,,,,,True,False
Miguel Silva,miguel silva,KHA,ksa.1,0.4,5,shots_on_target,shots_on_target,KHA,KHA,1,top,Miguel Silva,ksa.1,unknown,2,2,0,0,0.0,-0.5833333333333333,,,,,,,,,False,False,Miguel Silva,,,,,,,,,,,True,False
Musa Barrow,musa barrow,KHA,ksa.1,0.4,5,shots_on_target,shots_on_target,KHA,KHA,2,top,Musa Barrow,ksa.1,unknown,2,2,0,0,0.0,-0.5833333333333333,,,,,,,,,False,False,Musa Barrow,Musa Barrow,KHALEEJ,NASSR,shots_on_target,2.5,,,0.0,0.8,musa barrow,True,False
Musa Barrow,musa barrow,KHA,ksa.1,0.4,5,shots_on_target,shots_on_target,KHA,KHA,2,top,Musa Barrow,ksa.1,unknown,2,2,0,0,0.0,-0.5833333333333333,,,,,,,,,False,False,Musa Barrow,Musa Barrow,KHALEEJ,NASSR,shots_on_target,1.5,,,0.0,0.8,musa barrow,True,False
Nawaf Al Saadi,nawaf al saadi,KHA,ksa.1,0.4,5,shots_on_target,shots_on_target,KHA,KHA,3,top,Nawaf Al Saadi,ksa.1,unknown,2,2,0,0,0.5,0.20833333333333334,,,,,,,,,False,False,Nawaf Al Saadi,,,,,,,,,,,True,False
Abdulrahman Al-Dossari,abdulrahman al-dossari,KHO,ksa.1,0.0,5,assists,assists,KHO,KHO,1,bottom,Abdulrahman Al-Dossari,ksa.1,unknown,2,2,0,0,0.0,0.0,,,,,,,,,False,False,Abdulrahman Al-Dossari,,,,,,,,,,,True,False
Adi,adi,KHO,ksa.1,0.0,5,assists,assists,KHO,KHO,2,bottom,Adi,ksa.1,unknown,2,2,0,0,0.0,0.0,,,,,,,,,False,False,Adi,,,,,,,,,,,True,False
Hamed Al-Shanqiti,hamed al-shanqiti,KHO,ksa.1,0.0,5,assists,assists,KHO,KHO,3,bottom,Hamed Al-Shanqiti,ksa.1,unknown,2,2,0,0,0.0,0.0,,,,,,,,,False,False,Hamed Al-Shanqiti,,,,,,,,,,,True,False
Coba da Costa,coba da costa,KHO,ksa.1,0.4,5,assists,assists,KHO,KHO,1,top,Coba da Costa,ksa.1,unknown,2,2,0,0,0.0,-0.5833333333333333,,,,,,,,,False,False,Coba da Costa,,,,,,,,,,,True,False
Julien Domingues,julien domingues,KHO,ksa.1,0.4,5,assists,assists,KHO,KHO,2,top,Julien Domingues,ksa.1,unknown,2,2,0,0,1.0,0.875,,,,,,,,,False,False,Julien Domingues,,,,,,,,,,,True,False
Edgaras Utkus,edgaras utkus,KHO,ksa.1,0.2,5,assists,assists,KHO,KHO,3,top,Edgaras Utkus,ksa.1,unknown,2,2,0,0,0.0,-0.29166666666666663,,,,,,,,,False,False,Edgaras Utkus,,,,,,,,,,,True,False
Adi,adi,KHO,ksa.1,0.0,5,goals,goals,KHO,KHO,1,bottom,Adi,ksa.1,unknown,2,2,0,0,0.0,0.0,,,,,,,,,False,False,Adi,,,,,,,,,,,True,False
Coba da Costa,coba da costa,KHO,ksa.1,0.0,5,goals,goals,KHO,KHO,2,bottom,Coba da Costa,ksa.1,unknown,2,2,0,0,0.0,0.0,,,,,,,,,False,False,Coba da Costa,,,,,,,,,,,True,False
Hamed Al-Shanqiti,hamed al-shanqiti,KHO,ksa.1,0.0,5,goals,goals,KHO,KHO,3,bottom,Hamed Al-Shanqiti,ksa.1,unknown,2,2,0,0,0.0,0.0,,,,,,,,,False,False,Hamed Al-Shanqiti,,,,,,,,,,,True,False
Iker Kortajarena,iker kortajarena,KHO,ksa.1,0.8,5,goals,goals,KHO,KHO,1,top,Iker Kortajarena,ksa.1,unknown,2,2,0,0,1.0,0.2916666666666667,,,,,,,,,False,False,Iker Kortajarena,,,,,,,,,,,True,False
Julien Domingues,julien domingues,KHO,ksa.1,0.4,5,goals,goals,KHO,KHO,2,top,Julien Domingues,ksa.1,unknown,2,2,0,0,0.5,0.08333333333333337,,,,,,,,,False,False,Julien Domingues,,,,,,,,,,,True,False
Abdulrahman Al-Dossari,abdulrahman al-dossari,KHO,ksa.1,0.2,5,goals,goals,KHO,KHO,3,top,Abdulrahman Al-Dossari,ksa.1,unknown,2,2,0,0,0.5,0.5,,,,,,,,,False,False,Abdulrahman Al-Dossari,,,,,,,,,,,True,False
Hamed Al-Shanqiti,hamed al-shanqiti,KHO,ksa.1,0.8,5,saves,saves,KHO,KHO,1,bottom,Hamed Al-Shanqiti,ksa.1,unknown,2,2,0,0,0.5,0.4166666666666667,,,,,,,,,False,False,Hamed Al-Shanqiti,,,,,,,,,,,True,False
Hamed Al-Shanqiti,hamed al-shanqiti,KHO,ksa.1,0.8,5,saves,saves,KHO,KHO,1,top,Hamed Al-Shanqiti,ksa.1,unknown,2,2,0,0,0.5,0.4166666666666667,,,,,,,,,False,False,Hamed Al-Shanqiti,,,,,,,,,,,True,False
Adi,adi,KHO,ksa.1,0.0,5,shots,shots,KHO,KHO,1,bottom,Adi,ksa.1,unknown,2,2,0,0,0.0,0.0,,,,,,,,,False,False,Adi,,,,,,,,,,,True,False
Hamed Al-Shanqiti,hamed al-shanqiti,KHO,ksa.1,0.0,5,shots,shots,KHO,KHO,2,bottom,Hamed Al-Shanqiti,ksa.1,unknown,2,2,0,0,0.0,0.0,,,,,,,,,False,False,Hamed Al-Shanqiti,,,,,,,,,,,True,False
Mansour Camara,mansour camara,KHO,ksa.1,0.0,5,shots,shots,KHO,KHO,3,bottom,Mansour Camara,ksa.1,unknown,2,2,0,0,0.0,0.0,,,,,,,,,False,False,Mansour Camara,,,,,,,,,,,True,False
Coba da Costa,coba da costa,KHO,ksa.1,1.8,5,shots,shots,KHO,KHO,1,top,Coba da Costa,ksa.1,unknown,2,2,0,0,0.5,0.5416666666666666,,,,,,,,,False,False,Coba da Costa,,,,,,,,,,,True,False
Iker Kortajarena,iker kortajarena,KHO,ksa.1,1.4,5,shots,shots,KHO,KHO,2,top,Iker Kortajarena,ksa.1,unknown,2,2,0,0,0.5,-0.45833333333333337,,,,,,,,,False,False,Iker Kortajarena,,,,,,,,,,,True,False
Julien Domingues,julien domingues,KHO,ksa.1,0.6,5,shots,shots,KHO,KHO,3,top,Julien Domingues,ksa.1,unknown,2,2,0,0,0.5,-0.08333333333333331,,,,,,,,,False,False,Julien Domingues,,,,,,,,,,,True,False
Adi,adi,KHO,ksa.1,0.0,5,shots_on_target,shots_on_target,KHO,KHO,1,bottom,Adi,ksa.1,unknown,2,2,0,0,0.0,0.0,,,,,,,,,False,False,Adi,,,,,,,,,,,True,False
Hamed Al-Shanqiti,hamed al-shanqiti,KHO,ksa.1,0.0,5,shots_on_target,shots_on_target,KHO,KHO,2,bottom,Hamed Al-Shanqiti,ksa.1,unknown,2,2,0,0,0.0,0.0,,,,,,,,,False,False,Hamed Al-Shanqiti,,,,,,,,,,,True,False
Mansour Camara,mansour camara,KHO,ksa.1,0.0,5,shots_on_target,shots_on_target,KHO,KHO,3,bottom,Mansour Camara,ksa.1,unknown,2,2,0,0,0.0,0.0,,,,,,,,,False,False,Mansour Camara,,,,,,,,,,,True,False
Coba da Costa,coba da costa,KHO,ksa.1,0.8,5,shots_on_target,shots_on_target,KHO,KHO,1,top,Coba da Costa,ksa.1,unknown,2,2,0,0,0.5,-0.375,,,,,,,,,False,False,Coba da Costa,,,,,,,,,,,True,False
Iker Kortajarena,iker kortajarena,KHO,ksa.1,0.6,5,shots_on_target,shots_on_target,KHO,KHO,2,top,Iker Kortajarena,ksa.1,unknown,2,2,0,0,0.5,-0.08333333333333331,,,,,,,,,False,False,Iker Kortajarena,,,,,,,,,,,True,False
Abdulrahman Al-Dossari,abdulrahman al-dossari,KHO,ksa.1,0.4,5,shots_on_target,shots_on_target,KHO,KHO,3,top,Abdulrahman Al-Dossari,ksa.1,unknown,2,2,0,0,0.5,1.0,,,,,,,,,False,False,Abdulrahman Al-Dossari,,,,,,,,,,,True,False
Erik Thommy,erik thommy,LA GALAXY,MLS,0.0,5,assists,assists,LA GALAXY,LA GALAXY,1,bottom,Erik Thommy,MLS,elite,2,2,2,0,0.0,0.0,0.0,,,,,0.0,,,False,False,Erik Thommy,,,,,,,,,,,True,False
Isaiah Parente,isaiah parente,LA GALAXY,MLS,0.0,5,assists,assists,LA GALAXY,LA GALAXY,2,bottom,Isaiah Parente,MLS,elite,2,2,2,0,0.0,0.0,0.0,,,,,0.0,,,False,False,Isaiah Parente,,,,,,,,,,,True,False
Jakob Glesnes,jakob glesnes,LA GALAXY,MLS,0.0,5,assists,assists,LA GALAXY,LA GALAXY,3,bottom,Jakob Glesnes,MLS,elite,2,2,2,0,0.0,0.0,0.0,,,,,0.0,,,False,False,Jakob Glesnes,,,,,,,,,,,True,False
Harbor Miller,harbor miller,LA GALAXY,MLS,0.2,5,assists,assists,LA GALAXY,LA GALAXY,1,top,Harbor Miller,MLS,elite,2,2,2,0,0.0,-0.29166666666666663,-0.29166666666666663,,,,,0.0,,,False,False,Harbor Miller,,,,,,,,,,,True,False
Hirving Lozano,hirving lozano,LA GALAXY,MLS,0.2,5,assists,assists,LA GALAXY,LA GALAXY,2,top,Hirving Lozano,MLS,elite,2,2,2,0,0.5,0.375,0.375,,,,,0.5,,,False,False,Hirving Lozano,,,,,,,,,,,True,False
Erik Thommy,erik thommy,LA GALAXY,MLS,0.0,5,assists,assists,LA GALAXY,LA GALAXY,3,top,Erik Thommy,MLS,elite,2,2,2,0,0.0,0.0,0.0,,,,,0.0,,,False,False,Erik Thommy,,,,,,,,,,,True,False
Erik Thommy,erik thommy,LA GALAXY,MLS,0.0,5,goals,goals,LA GALAXY,LA GALAXY,1,bottom,Erik Thommy,MLS,elite,2,2,2,0,0.0,0.0,0.0,,,,,0.0,,,False,False,Erik Thommy,,,,,,,,,,,True,False
Harbor Miller,harbor miller,LA GALAXY,MLS,0.0,5,goals,goals,LA GALAXY,LA GALAXY,2,bottom,Harbor Miller,MLS,elite,2,2,2,0,0.0,0.0,0.0,,,,,0.0,,,False,False,Harbor Miller,,,,,,,,,,,True,False
Isaiah Parente,isaiah parente,LA GALAXY,MLS,0.0,5,goals,goals,LA GALAXY,LA GALAXY,3,bottom,Isaiah Parente,MLS,elite,2,2,2,0,0.0,0.0,0.0,,,,,0.0,,,False,False,Isaiah Parente,,,,,,,,,,,True,False
Hirving Lozano,hirving lozano,LA GALAXY,MLS,0.2,5,goals,goals,LA GALAXY,LA GALAXY,1,top,Hirving Lozano,MLS,elite,2,2,2,0,0.0,-0.29166666666666663,-0.29166666666666663,,,,,0.0,,,False,False,Hirving Lozano,,,,,,,,,,,True,False
Maya Yoshida,maya yoshida,LA GALAXY,MLS,0.2,5,goals,goals,LA GALAXY,LA GALAXY,2,top,Maya Yoshida,MLS,elite,2,2,2,0,0.0,-0.29166666666666663,-0.29166666666666663,,,,,0.0,,,False,False,Maya Yoshida,,,,,,,,,,,True,False
Robert Taylor,robert taylor,LA GALAXY,MLS,0.2,5,goals,goals,LA GALAXY,LA GALAXY,3,top,Robert Taylor,MLS,elite,2,2,2,0,0.5,0.375,0.375,,,,,0.5,,,False,False,Robert Taylor,,,,,,,,,,,True,False
Novak Micovic,novak micovic,LA GALAXY,MLS,0.8,5,saves,saves,LA GALAXY,LA GALAXY,1,bottom,Novak Micovic,MLS,elite,2,2,2,0,0.0,-1.1666666666666665,-1.1666666666666665,,,,,0.0,,,False,True,Novak Micovic,,,,,,,,,,,True,False
Novak Micovic,novak micovic,LA GALAXY,MLS,0.8,5,saves,saves,LA GALAXY,LA GALAXY,1,top,Novak Micovic,MLS,elite,2,2,2,0,0.0,-1.1666666666666665,-1.1666666666666665,,,,,0.0,,,False,True,Novak Micovic,,,,,,,,,,,True,False
Novak Micovic,novak micovic,LA GALAXY,MLS,0.0,5,shots,shots,LA GALAXY,LA GALAXY,1,bottom,Novak Micovic,MLS,elite,2,2,2,0,0.0,0.0,0.0,,,,,0.0,,,False,False,Novak Micovic,,,,,,,,,,,True,False
Troy Elgersma,troy elgersma,LA GALAXY,MLS,0.0,5,shots,shots,LA GALAXY,LA GALAXY,2,bottom,Troy Elgersma,MLS,elite,2,2,2,0,0.0,0.0,0.0,,,,,0.0,,,False,False,Troy Elgersma,,,,,,,,,,,True,False
Isaiah Parente,isaiah parente,LA GALAXY,MLS,0.2,5,shots,shots,LA GALAXY,LA GALAXY,3,bottom,Isaiah Parente,MLS,elite,2,2,2,0,0.0,-0.29166666666666663,-0.29166666666666663,,,,,0.0,,,False,False,Isaiah Parente,,,,,,,,,,,True,False
Hirving Lozano,hirving lozano,LA GALAXY,MLS,2.2,5,shots,shots,LA GALAXY,LA GALAXY,1,top,Hirving Lozano,MLS,elite,2,2,2,0,0.0,-1.625,-1.625,,,,,0.0,,,False,True,Hirving Lozano,,,,,,,,,,,True,False
Kyogo Furuhashi,kyogo furuhashi,LA GALAXY,MLS,1.0,5,shots,shots,LA GALAXY,LA GALAXY,2,top,Kyogo Furuhashi,MLS,elite,2,2,2,0,0.5,0.125,0.125,,,,,0.5,,,False,False,Kyogo Furuhashi,,,,,,,,,,,True,False
Maya Yoshida,maya yoshida,LA GALAXY,MLS,0.8,5,shots,shots,LA GALAXY,LA GALAXY,3,top,Maya Yoshida,MLS,elite,2,2,2,0,0.0,-1.1666666666666665,-1.1666666666666665,,,,,0.0,,,False,True,Maya Yoshida,,,,,,,,,,,True,False
Isaiah Parente,isaiah parente,LA GALAXY,MLS,0.0,5,shots_on_target,shots_on_target,LA GALAXY,LA GALAXY,1,bottom,Isaiah Parente,MLS,elite,2,2,2,0,0.0,0.0,0.0,,,,,0.0,,,False,False,Isaiah Parente,,,,,,,,,,,True,False
Jakob Glesnes,jakob glesnes,LA GALAXY,MLS,0.0,5,shots_on_target,shots_on_target,LA GALAXY,LA GALAXY,2,bottom,Jakob Glesnes,MLS,elite,2,2,2,0,0.0,0.0,0.0,,,,,0.0,,,False,False,Jakob Glesnes,,,,,,,,,,,True,False
John Nelson,john nelson,LA GALAXY,MLS,0.0,5,shots_on_target,shots_on_target,LA GALAXY,LA GALAXY,3,bottom,John Nelson,MLS,elite,2,2,2,0,0.0,0.0,0.0,,,,,0.0,,,False,False,John Nelson,,,,,,,,,,,True,False
Hirving Lozano,hirving lozano,LA GALAXY,MLS,0.8,5,shots_on_target,shots_on_target,LA GALAXY,LA GALAXY,1,top,Hirving Lozano,MLS,elite,2,2,2,0,0.0,-1.1666666666666665,-1.1666666666666665,,,,,0.0,,,False,True,Hirving Lozano,,,,,,,,,,,True,False
Kyogo Furuhashi,kyogo furuhashi,LA GALAXY,MLS,0.8,5,shots_on_target,shots_on_target,LA GALAXY,LA GALAXY,2,top,Kyogo Furuhashi,MLS,elite,2,2,2,0,0.5,0.4166666666666667,0.4166666666666667,,,,,0.5,,,False,False,Kyogo Furuhashi,,,,,,,,,,,True,False
Robert Taylor,robert taylor,LA GALAXY,MLS,0.8,5,shots_on_target,shots_on_target,LA GALAXY,LA GALAXY,3,top,Robert Taylor,MLS,elite,2,2,2,0,1.0,0.2916666666666667,0.2916666666666667,,,,,1.0,,,False,False,Robert Taylor,,,,,,,,,,,True,False
Aaron Long,aaron long,LAFC,MLS,0.0,5,assists,assists,LAFC,LAFC,1,bottom,Aaron Long,MLS,mid,2,2,0,1,0.0,0.0,,0.0,0.0,,0.0,,,,False,False,Aaron Long,,,,,,,,,,,True,False
Cabral Carter,cabral carter,LAFC,MLS,0.0,5,assists,assists,LAFC,LAFC,2,bottom,Cabral Carter,MLS,mid,2,2,0,1,0.0,0.0,,0.0,0.0,,0.0,,,,False,False,Cabral Carter,,,,,,,,,,,True,False
Hugo Lloris,hugo lloris,LAFC,MLS,0.0,5,assists,assists,LAFC,LAFC,3,bottom,Hugo Lloris,MLS,mid,2,2,0,1,0.0,0.0,,0.0,0.0,,0.0,,,,False,False,Hugo Lloris,,,,,,,,,,,True,False
Denis Bouanga,denis bouanga,LAFC,MLS,0.2,5,assists,assists,LAFC,LAFC,1,top,Denis Bouanga,MLS,mid,2,2,0,1,0.5,0.375,,-0.25,1.0,,0.0,,,,False,False,Denis Bouanga,,,,,,,,,,,True,False
Jude Terry,jude terry,LAFC,MLS,0.2,5,assists,assists,LAFC,LAFC,2,top,Jude Terry,MLS,mid,2,2,0,1,0.0,-0.29166666666666663,,-0.25,-0.3333333333333333,,0.0,,,,False,False,Jude Terry,,,,,,,,,,,True,False
Ryan Hollingshead,ryan hollingshead,LAFC,MLS,0.2,5,assists,assists,LAFC,LAFC,3,top,Ryan Hollingshead,MLS,mid,2,2,0,1,0.5,0.5,,1.0,0.0,,1.0,,,,False,False,Ryan Hollingshead,,,,,,,,,,,True,False
Aaron Long,aaron long,LAFC,MLS,0.0,5,goals,goals,LAFC,LAFC,1,bottom,Aaron Long,MLS,mid,2,2,0,1,0.0,0.0,,0.0,0.0,,0.0,,,,False,False,Aaron Long,,,,,,,,,,,True,False
Cabral Carter,cabral carter,LAFC,MLS,0.0,5,goals,goals,LAFC,LAFC,2,bottom,Cabral Carter,MLS,mid,2,2,0,1,0.0,0.0,,0.0,0.0,,0.0,,,,False,False,Cabral Carter,,,,,,,,,,,True,False
Hugo Lloris,hugo lloris,LAFC,MLS,0.0,5,goals,goals,LAFC,LAFC,3,bottom,Hugo Lloris,MLS,mid,2,2,0,1,0.0,0.0,,0.0,0.0,,0.0,,,,False,False,Hugo Lloris,,,,,,,,,,,True,False
Denis Bouanga,denis bouanga,LAFC,MLS,0.4,5,goals,goals,LAFC,LAFC,1,top,Denis Bouanga,MLS,mid,2,2,0,1,0.5,0.08333333333333337,,-0.5,0.6666666666666667,,0.0,,,,False,False,Denis Bouanga,,,,,,,,,,,True,False
Jude Terry,jude terry,LAFC,MLS,0.2,5,goals,goals,LAFC,LAFC,2,top,Jude Terry,MLS,mid,2,2,0,1,0.5,0.5,,1.0,0.0,,1.0,,,,False,False,Jude Terry,,,,,,,,,,,True,False
Son Heung-Min,son heung-min,LAFC,MLS,0.2,5,goals,goals,LAFC,LAFC,3,top,Son Heung-Min,MLS,mid,2,2,0,1,0.5,0.375,,-0.25,1.0,,0.0,,,,False,False,Son Heung-Min,,,,,,,,,,,True,False
Cabral Carter,cabral carter,LAFC,MLS,1.0,5,saves,saves,LAFC,LAFC,1,bottom,Cabral Carter,MLS,mid,2,2,0,1,0.0,-1.4583333333333335,,-1.25,-1.6666666666666667,,0.0,,,,False,False,Cabral Carter,,,,,,,,,,,True,False
Hugo Lloris,hugo lloris,LAFC,MLS,2.6,5,saves,saves,LAFC,LAFC,2,bottom,Hugo Lloris,MLS,mid,2,2,0,1,0.5,1.6666666666666665,,-2.0,5.333333333333333,,0.0,,,,False,False,Hugo Lloris,,,,,,,,,,,True,False
Hugo Lloris,hugo lloris,LAFC,MLS,2.6,5,saves,saves,LAFC,LAFC,1,top,Hugo Lloris,MLS,mid,2,2,0,1,0.5,1.6666666666666665,,-2.0,5.333333333333333,,0.0,,,,False,False,Hugo Lloris,,,,,,,,,,,True,False
Cabral Carter,cabral carter,LAFC,MLS,1.0,5,saves,saves,LAFC,LAFC,2,top,Cabral Carter,MLS,mid,2,2,0,1,0.0,-1.4583333333333335,,-1.25,-1.6666666666666667,,0.0,,,,False,False,Cabral Carter,,,,,,,,,,,True,False
Cabral Carter,cabral carter,LAFC,MLS,0.0,5,shots,shots,LAFC,LAFC,1,bottom,Cabral Carter,MLS,mid,2,2,0,1,0.0,0.0,,0.0,0.0,,0.0,,,,False,False,Cabral Carter,,,,,,,,,,,True,False
Hugo Lloris,hugo lloris,LAFC,MLS,0.0,5,shots,shots,LAFC,LAFC,2,bottom,Hugo Lloris,MLS,mid,2,2,0,1,0.0,0.0,,0.0,0.0,,0.0,,,,False,False,Hugo Lloris,,,,,,,,,,,True,False
Kenny Nielsen,kenny nielsen,LAFC,MLS,0.0,5,shots,shots,LAFC,LAFC,3,bottom,Kenny Nielsen,MLS,mid,2,2,0,1,0.0,0.0,,0.0,0.0,,0.0,,,,False,False,Kenny Nielsen,,,,,,,,,,,True,False
Son Heung-Min,son heung-min,LAFC,MLS,5.2,5,shots,shots,LAFC,LAFC,1,top,Son Heung-Min,MLS,mid,2,2,0,1,0.5,1.4166666666666665,,3.5,-0.666666666666667,,1.0,,,,False,False,Son Heung-Min,,,,,,,,,,,True,False
Denis Bouanga,denis bouanga,LAFC,MLS,3.6,5,shots,shots,LAFC,LAFC,2,top,Denis Bouanga,MLS,mid,2,2,0,1,0.0,-2.3333333333333335,,-2.0,-2.666666666666667,,0.0,,,,False,False,Denis Bouanga,,,,,,,,,,,True,False
Ryan Hollingshead,ryan hollingshead,LAFC,MLS,1.8,5,shots,shots,LAFC,LAFC,3,top,Ryan Hollingshead,MLS,mid,2,2,0,1,0.0,-1.2916666666666667,,-2.25,-0.3333333333333335,,0.0,,,,False,False,Ryan Hollingshead,,,,,,,,,,,True,False
Cabral Carter,cabral carter,LAFC,MLS,0.0,5,shots_on_target,shots_on_target,LAFC,LAFC,1,bottom,Cabral Carter,MLS,mid,2,2,0,1,0.0,0.0,,0.0,0.0,,0.0,,,,False,False,Cabral Carter,,,,,,,,,,,True,False
Hugo Lloris,hugo lloris,LAFC,MLS,0.0,5,shots_on_target,shots_on_target,LAFC,LAFC,2,bottom,Hugo Lloris,MLS,mid,2,2,0,1,0.0,0.0,,0.0,0.0,,0.0,,,,False,False,Hugo Lloris,,,,,,,,,,,True,False
Jeremy Ebobisse,jeremy ebobisse,LAFC,MLS,0.0,5,shots_on_target,shots_on_target,LAFC,LAFC,3,bottom,Jeremy Ebobisse,MLS,mid,2,2,0,1,0.0,0.0,,0.0,0.0,,0.0,,,,False,False,Jeremy Ebobisse,,,,,,,,,,,True,False
Denis Bouanga,denis bouanga,LAFC,MLS,1.8,5,shots_on_target,shots_on_target,LAFC,LAFC,1,top,Denis Bouanga,MLS,mid,2,2,0,1,0.0,-1.1666666666666667,,-1.0,-1.3333333333333335,,0.0,,,,False,False,Denis Bouanga,,,,,,,,,,,True,False
Son Heung-Min,son heung-min,LAFC,MLS,1.2,5,shots_on_target,shots_on_target,LAFC,LAFC,2,top,Son Heung-Min,MLS,mid,2,2,0,1,1.0,1.1666666666666667,,1.0,1.3333333333333335,,1.0,,,,False,False,Son Heung-Min,,,,,,,,,,,True,False
Nkosi Tafari,nkosi tafari,LAFC,MLS,0.4,5,shots_on_target,shots_on_target,LAFC,LAFC,3,top,Nkosi Tafari,MLS,mid,2,2,0,1,0.5,0.75,,-0.5,2.0,,0.0,,,,False,False,Nkosi Tafari,,,,,,,,,,,True,False
Adam Reach,adam reach,LCN,Championship,0.0,5,assists,assists,LCN,LCN,1,bottom,Adam Reach,Championship,mid,4,4,0,0,0.0,0.0,,,0.0,,,,,,False,False,Adam Reach,,,,,,,,,,,True,False
Andrei Coubis,andrei coubis,LCN,Championship,0.0,5,assists,assists,LCN,LCN,2,bottom,Andrei Coubis,Championship,unknown,5,5,0,0,0.0,0.0,,,0.0,,,,,,False,False,Andrei Coubis,,,,,,,,,,,True,False
Ayodeji Elerewe,ayodeji elerewe,LCN,Championship,0.0,5,assists,assists,LCN,LCN,3,bottom,Ayodeji Elerewe,Championship,unknown,5,5,0,0,0.0,0.0,,,0.0,,,,,,False,False,Ayodeji Elerewe,,,,,,,,,,,True,False
Callum Elder,callum elder,LCN,Championship,0.2,5,assists,assists,LCN,LCN,1,top,Callum Elder,Championship,unknown,5,5,0,0,0.4,0.14619047619047623,,,-0.3666666666666667,,,,,,False,False,Callum Elder,,,,,,,,,,,True,False
Recco Hackett-Fairchild,recco hackett-fairchild,LCN,Championship,0.2,5,assists,assists,LCN,LCN,2,top,Recco Hackett-Fairchild,Championship,unknown,5,5,0,0,0.2,0.17142857142857143,,,0.5,,,,,,False,False,Recco Hackett-Fairchild,,,,,,,,,,,True,False
Adam Reach,adam reach,LCN,Championship,0.0,5,assists,assists,LCN,LCN,3,top,Adam Reach,Championship,mid,4,4,0,0,0.0,0.0,,,0.0,,,,,,False,False,Adam Reach,,,,,,,,,,,True,False
Andrei Coubis,andrei coubis,LCN,Championship,0.0,5,goals,goals,LCN,LCN,1,bottom,Andrei Coubis,Championship,unknown,5,5,0,0,0.0,0.0,,,0.0,,,,,,False,False,Andrei Coubis,,,,,,,,,,,True,False
Ayodeji Elerewe,ayodeji elerewe,LCN,Championship,0.0,5,goals,goals,LCN,LCN,2,bottom,Ayodeji Elerewe,Championship,unknown,5,5,0,0,0.0,0.0,,,0.0,,,,,,False,False,Ayodeji Elerewe,,,,,,,,,,,True,False
Callum Elder,callum elder,LCN,Championship,0.0,5,goals,goals,LCN,LCN,3,bottom,Callum Elder,Championship,unknown,5,5,0,0,0.2,0.048095238095238114,,,-0.18333333333333335,,,,,,False,False,Callum Elder,,,,,,,,,,,True,False
Adam Reach,adam reach,LCN,Championship,0.2,5,goals,goals,LCN,LCN,1,top,Adam Reach,Championship,mid,4,4,0,0,0.0,-0.2375,,,-0.18333333333333335,,,,,,False,False,Adam Reach,,,,,,,,,,,True,False
Recco Hackett-Fairchild,recco hackett-fairchild,LCN,Championship,0.2,5,goals,goals,LCN,LCN,2,top,Recco Hackett-Fairchild,Championship,unknown,5,5,0,0,0.0,-0.21857142857142856,,,-0.18333333333333335,,,,,,False,False,Recco Hackett-Fairchild,,,,,,,,,,,True,False
Andrei Coubis,andrei coubis,LCN,Championship,0.0,5,goals,goals,LCN,LCN,3,top,Andrei Coubis,Championship,unknown,5,5,0,0,0.0,0.0,,,0.0,,,,,,False,False,Andrei Coubis,,,,,,,,,,,True,False
Joe Gauci,joe gauci,LCN,Championship,0.0,5,saves,saves,LCN,LCN,1,bottom,Joe Gauci,Championship,unknown,5,5,0,0,0.4,0.8961904761904762,,,-0.3666666666666667,,,,,,False,False,Joe Gauci,,,,,,,,,,,True,False
George Wickens,george wickens,LCN,Championship,4.0,5,saves,saves,LCN,LCN,2,bottom,George Wickens,Championship,mid,4,4,0,0,0.25,-1.2083333333333333,,,-2.25,,,,,,False,False,George Wickens,,,,,,,,,,,True,False
George Wickens,george wickens,LCN,Championship,4.0,5,saves,saves,LCN,LCN,1,top,George Wickens,Championship,mid,4,4,0,0,0.25,-1.2083333333333333,,,-2.25,,,,,,False,False,George Wickens,,,,,,,,,,,True,False
Joe Gauci,joe gauci,LCN,Championship,0.0,5,saves,saves,LCN,LCN,2,top,Joe Gauci,Championship,unknown,5,5,0,0,0.4,0.8961904761904762,,,-0.3666666666666667,,,,,,False,False,Joe Gauci,,,,,,,,,,,True,False
George Wickens,george wickens,LCN,Championship,0.0,5,shots,shots,LCN,LCN,1,bottom,George Wickens,Championship,mid,4,4,0,0,0.0,0.0,,,0.0,,,,,,False,False,George Wickens,,,,,,,,,,,True,False
Joe Gauci,joe gauci,LCN,Championship,0.0,5,shots,shots,LCN,LCN,2,bottom,Joe Gauci,Championship,unknown,5,5,0,0,0.0,0.0,,,0.0,,,,,,False,False,Joe Gauci,,,,,,,,,,,True,False
Callum Elder,callum elder,LCN,Championship,0.2,5,shots,shots,LCN,LCN,3,bottom,Callum Elder,Championship,unknown,5,5,0,0,0.4,0.14619047619047623,,,-0.3666666666666667,,,,,,False,False,Callum Elder,,,,,,,,,,,True,False
Adam Reach,adam reach,LCN,Championship,1.6,5,shots,shots,LCN,LCN,1,top,Adam Reach,Championship,mid,4,4,0,0,0.25,-0.3625,,,0.2333333333333334,,,,,,False,False,Adam Reach,,,,,,,,,,,True,False
Robert Street,robert street,LCN,Championship,1.6,5,shots,shots,LCN,LCN,2,top,Robert Street,Championship,unknown,5,5,0,0,0.6,0.6838095238095239,,,1.65,,,,,,False,False,Robert Street,,,,,,,,,,,True,False
Freddie Draper,freddie draper,LCN,Championship,1.4,5,shots,shots,LCN,LCN,3,top,Freddie Draper,Championship,mid,4,4,0,0,0.5,-0.033333333333333326,,,1.1,,,,,,False,False,Freddie Draper,,,,,,,,,,,True,False
Ayodeji Elerewe,ayodeji elerewe,LCN,Championship,0.0,5,shots_on_target,shots_on_target,LCN,LCN,1,bottom,Ayodeji Elerewe,Championship,unknown,5,5,0,0,0.0,0.0,,,0.0,,,,,,False,False,Ayodeji Elerewe,,,,,,,,,,,True,False
Callum Elder,callum elder,LCN,Championship,0.0,5,shots_on_target,shots_on_target,LCN,LCN,2,bottom,Callum Elder,Championship,unknown,5,5,0,0,0.2,0.048095238095238114,,,-0.18333333333333335,,,,,,False,False,Callum Elder,,,,,,,,,,,True,False
Conor McGrandles,conor mcgrandles,LCN,Championship,0.0,5,shots_on_target,shots_on_target,LCN,LCN,3,bottom,Conor McGrandles,Championship,mid,3,3,0,0,0.0,0.0,,,0.0,,,,,,False,False,Conor McGrandles,,,,,,,,,,,True,False
Freddie Draper,freddie draper,LCN,Championship,0.6,5,shots_on_target,shots_on_target,LCN,LCN,1,top,Freddie Draper,Championship,mid,4,4,0,0,0.25,-0.22499999999999998,,,0.13333333333333336,,,,,,False,False,Freddie Draper,,,,,,,,,,,True,False
Adam Reach,adam reach,LCN,Championship,0.4,5,shots_on_target,shots_on_target,LCN,LCN,2,top,Adam Reach,Championship,mid,4,4,0,0,0.0,-0.475,,,-0.3666666666666667,,,,,,False,False,Adam Reach,,,,,,,,,,,True,False
Andrei Coubis,andrei coubis,LCN,Championship,0.2,5,shots_on_target,shots_on_target,LCN,LCN,3,top,Andrei Coubis,Championship,unknown,5,5,0,0,0.2,0.17142857142857143,,,0.5,,,,,,False,False,Andrei Coubis,,,,,,,,,,,True,False
Nicolas Kocik,nicolas kocik,LE MANS,Ligue 2,0.0,6,assists,assists,LE MANS,LE MANS,1,bottom,Nicolas Kocik,Ligue 1,unknown,5,5,0,0,0.0,0.0,,,0.0,,,,,,False,False,Nicolas Kocik,,,,,,,,,,,True,False
Nicolas Kocik,nicolas kocik,LE MANS,Ligue 2,0.0,6,assists,assists,LE MANS,LE MANS,1,top,Nicolas Kocik,Ligue 1,unknown,5,5,0,0,0.0,0.0,,,0.0,,,,,,False,False,Nicolas Kocik,,,,,,,,,,,True,False
Nicolas Kocik,nicolas kocik,LE MANS,Ligue 2,29.5,6,passes,passes,LE MANS,LE MANS,1,bottom,Nicolas Kocik,Ligue 1,unknown,5,5,0,0,0.4,6.943809523809523,,,-2.7142857142857153,,,,,,False,False,Nicolas Kocik,,,,,,,,,,,True,False
Nicolas Kocik,nicolas kocik,LE MANS,Ligue 2,29.5,6,passes,passes,LE MANS,LE MANS,1,top,Nicolas Kocik,Ligue 1,unknown,5,5,0,0,0.4,6.943809523809523,,,-2.7142857142857153,,,,,,False,False,Nicolas Kocik,,,,,,,,,,,True,False
Nicolas Kocik,nicolas kocik,LE MANS,Ligue 2,1.5,6,saves,saves,LE MANS,LE MANS,1,bottom,Nicolas Kocik,Ligue 1,unknown,5,5,0,0,0.4,0.6050000000000001,,,2.875,,,,,,False,False,Nicolas Kocik,,,,,,,,,,,True,False
Nicolas Kocik,nicolas kocik,LE MANS,Ligue 2,1.5,6,saves,saves,LE MANS,LE MANS,1,top,Nicolas Kocik,Ligue 1,unknown,5,5,0,0,0.4,0.6050000000000001,,,2.875,,,,,,False,False,Nicolas Kocik,,,,,,,,,,,True,False
Nicolas Kocik,nicolas kocik,LE MANS,Ligue 2,0.0,6,shots,shots,LE MANS,LE MANS,1,bottom,Nicolas Kocik,Ligue 1,unknown,5,5,0,0,0.0,0.0,,,0.0,,,,,,False,False,Nicolas Kocik,,,,,,,,,,,True,False
Nicolas Kocik,nicolas kocik,LE MANS,Ligue 2,0.0,6,shots,shots,LE MANS,LE MANS,1,top,Nicolas Kocik,Ligue 1,unknown,5,5,0,0,0.0,0.0,,,0.0,,,,,,False,False,Nicolas Kocik,,,,,,,,,,,True,False
Nicolas Kocik,nicolas kocik,LE MANS,Ligue 2,0.0,6,shots_on_target,shots_on_target,LE MANS,LE MANS,1,bottom,Nicolas Kocik,Ligue 1,unknown,5,5,0,0,0.0,0.0,,,0.0,,,,,,False,False,Nicolas Kocik,,,,,,,,,,,True,False
Nicolas Kocik,nicolas kocik,LE MANS,Ligue 2,0.0,6,shots_on_target,shots_on_target,LE MANS,LE MANS,1,top,Nicolas Kocik,Ligue 1,unknown,5,5,0,0,0.0,0.0,,,0.0,,,,,,False,False,Nicolas Kocik,,,,,,,,,,,True,False
Nicolas Kocik,nicolas kocik,LE MANS,Ligue 2,0.0,6,tackles,tackles,LE MANS,LE MANS,1,bottom,Nicolas Kocik,Ligue 1,unknown,5,5,0,0,0.0,0.0,,,0.0,,,,,,False,False,Nicolas Kocik,,,,,,,,,,,True,False
Nicolas Kocik,nicolas kocik,LE MANS,Ligue 2,0.0,6,tackles,tackles,LE MANS,LE MANS,1,top,Nicolas Kocik,Ligue 1,unknown,5,5,0,0,0.0,0.0,,,0.0,,,,,,False,False,Nicolas Kocik,,,,,,,,,,,True,False
Benjamin André,benjamin andre,LILLE,Ligue 1,0.0,7,assists,assists,LILLE,LILLE,1,bottom,Benjamin André,Ligue 1,mid,4,4,0,0,0.0,0.0,,,0.0,,,,,,False,False,Benjamin André,,,,,,,,,,,True,False
Berke Özer,berke ozer,LILLE,Ligue 1,0.0,8,assists,assists,LILLE,LILLE,2,bottom,Berke Özer,Ligue 1,mid,5,5,0,0,0.0,0.0,,,0.0,,,,,,False,False,Berke Özer,,,,,,,,,,,True,False
Calvin Verdonk,calvin verdonk,LILLE,Ligue 1,0.0,6,assists,assists,LILLE,LILLE,3,bottom,Calvin Verdonk,Ligue 1,mid,3,3,0,0,0.0,0.0,,,0.0,,,,,,False,False,Calvin Verdonk,,,,,,,,,,,True,False
Olivier Giroud,olivier giroud,LILLE,Ligue 1,0.5714285714285714,7,assists,assists,LILLE,LILLE,1,top,Olivier Giroud,Ligue 1,mid,4,4,0,0,0.5,0.7333333333333334,,,0.7333333333333334,,,,,,False,False,Olivier Giroud,,,,,,,,,,,True,False
Nabil Bentaleb,nabil bentaleb,LILLE,Ligue 1,0.4,5,assists,assists,LILLE,LILLE,2,top,Nabil Bentaleb,Ligue 1,mid,2,2,0,0,0.0,-0.5833333333333333,,,-0.5833333333333333,,,,,,False,False,Nabil Bentaleb,,,,,,,,,,,True,False
Romain Perraud,romain perraud,LILLE,Ligue 1,0.1111111111111111,9,assists,assists,LILLE,LILLE,3,top,Romain Perraud,Ligue 1,mid,6,6,0,0,0.0,-0.20297619047619045,,,-0.1769047619047619,,,,,,False,False,Romain Perraud,,,,,,,,,,,True,False
Osame Sahraoui,osame sahraoui,LILLE,Ligue 1,4.857142857142857,7,passes,passes,LILLE,LILLE,1,bottom,Osame Sahraoui,Ligue 1,mid,4,4,1,0,0.5,1.4291666666666667,-3.6666666666666665,,-1.4333333333333336,,,0.0,,,False,False,Osame Sahraoui,,,,,,,,,,,True,False
Olivier Giroud,olivier giroud,LILLE,Ligue 1,6.4,5,passes,passes,LILLE,LILLE,2,bottom,Olivier Giroud,Ligue 1,mid,2,2,0,0,1.0,10.5,,,10.5,,,,,,False,False,Olivier Giroud,,,,,,,,,,,True,False
Tiago Santos,tiago santos,LILLE,Ligue 1,10.6,5,passes,passes,LILLE,LILLE,3,bottom,Tiago Santos,Ligue 1,mid,2,2,0,0,1.0,19.125,,,19.125,,,,,,False,False,Tiago Santos,,,,,,,,,,,True,False
Benjamin André,benjamin andre,LILLE,Ligue 1,47.0,5,passes,passes,LILLE,LILLE,1,top,Benjamin André,Ligue 1,mid,2,2,0,0,0.5,-10.083333333333332,,,-27.5,,,,,,False,False,Benjamin André,,,,,,,,,,,True,False
Berke Özer,berke ozer,LILLE,Ligue 1,33.4,5,passes,passes,LILLE,LILLE,2,top,Berke Özer,Ligue 1,mid,2,2,0,0,1.0,6.583333333333334,,,6.583333333333334,,,,,,False,False,Berke Özer,,,,,,,,,,,True,False
Romain Perraud,romain perraud,LILLE,Ligue 1,30.333333333333332,6,passes,passes,LILLE,LILLE,3,top,Romain Perraud,Ligue 1,mid,3,3,0,0,0.0,-11.566666666666668,,,-6.350000000000001,,,,,,False,False,Romain Perraud,,,,,,,,,,,True,False
Benjamin André,benjamin andre,LILLE,Ligue 1,0.0,5,saves,saves,LILLE,LILLE,1,bottom,Benjamin André,Ligue 1,mid,2,2,0,0,0.0,0.0,,,0.0,,,,,,False,False,Benjamin André,,,,,,,,,,,True,False
Ethan Mbappé,ethan mbappe,LILLE,Ligue 1,0.0,5,saves,saves,LILLE,LILLE,2,bottom,Ethan Mbappé,Ligue 1,mid,2,2,0,0,0.0,0.0,,,0.0,,,,,,False,False,Ethan Mbappé,,,,,,,,,,,True,False
Olivier Giroud,olivier giroud,LILLE,Ligue 1,0.0,5,saves,saves,LILLE,LILLE,3,bottom,Olivier Giroud,Ligue 1,mid,2,2,0,0,0.0,0.0,,,0.0,,,,,,False,False,Olivier Giroud,,,,,,,,,,,True,False
Berke Özer,berke ozer,LILLE,Ligue 1,2.875,8,saves,saves,LILLE,LILLE,1,top,Berke Özer,Ligue 1,mid,5,5,0,0,0.2,1.4,,,1.4,,,,,,False,False,Berke Özer,,,,,,,,,,,True,False
Benjamin André,benjamin andre,LILLE,Ligue 1,0.0,5,saves,saves,LILLE,LILLE,2,top,Benjamin André,Ligue 1,mid,2,2,0,0,0.0,0.0,,,0.0,,,,,,False,False,Benjamin André,,,,,,,,,,,True,False
Ethan Mbappé,ethan mbappe,LILLE,Ligue 1,0.0,5,saves,saves,LILLE,LILLE,3,top,Ethan Mbappé,Ligue 1,mid,2,2,0,0,0.0,0.0,,,0.0,,,,,,False,False,Ethan Mbappé,,,,,,,,,,,True,False
Berke Özer,berke ozer,LILLE,Ligue 1,0.0,8,shots,shots,LILLE,LILLE,1,bottom,Berke Özer,Ligue 1,mid,5,5,0,0,0.0,0.0,,,0.0,,,,,,False,False,Berke Özer,,,,,,,,,,,True,False
Soriba Diaoune,soriba diaoune,LILLE,Ligue 1,0.0,6,shots,shots,LILLE,LILLE,2,bottom,Soriba Diaoune,Ligue 1,mid,3,3,0,0,0.0,0.0,,,0.0,,,,,,False,False,Soriba Diaoune,,,,,,,,,,,True,False
Calvin Verdonk,calvin verdonk,LILLE,Ligue 1,0.16666666666666666,6,shots,shots,LILLE,LILLE,3,bottom,Calvin Verdonk,Ligue 1,mid,3,3,0,0,0.3333333333333333,0.3333333333333333,,,0.3333333333333333,,,,,,False,False,Calvin Verdonk,,,,,,,,,,,True,False
Hákon Haraldsson,hakon haraldsson,LILLE,Ligue 1,1.5714285714285714,7,shots,shots,LILLE,LILLE,1,top,Hákon Haraldsson,Ligue 1,mid,4,4,0,0,0.75,0.07083333333333336,,,0.07083333333333336,,,,,,False,False,Hákon Haraldsson,,,,,,,,,,,True,False
Nabil Bentaleb,nabil bentaleb,LILLE,Ligue 1,1.2,5,shots,shots,LILLE,LILLE,2,top,Nabil Bentaleb,Ligue 1,mid,2,2,0,0,0.0,-1.0833333333333335,,,-1.0833333333333335,,,,,,False,False,Nabil Bentaleb,,,,,,,,,,,True,False
Ethan Mbappé,ethan mbappe,LILLE,Ligue 1,1.125,8,shots,shots,LILLE,LILLE,3,top,Ethan Mbappé,Ligue 1,mid,5,5,0,0,0.8,1.1114285714285714,,,1.1114285714285714,,,,,,False,False,Ethan Mbappé,,,,,,,,,,,True,False
Berke Özer,berke ozer,LILLE,Ligue 1,0.0,8,shots_on_target,shots_on_target,LILLE,LILLE,1,bottom,Berke Özer,Ligue 1,mid,5,5,0,0,0.0,0.0,,,0.0,,,,,,False,False,Berke Özer,,,,,,,,,,,True,False
Calvin Verdonk,calvin verdonk,LILLE,Ligue 1,0.0,6,shots_on_target,shots_on_target,LILLE,LILLE,2,bottom,Calvin Verdonk,Ligue 1,mid,3,3,0,0,0.0,0.0,,,0.0,,,,,,False,False,Calvin Verdonk,,,,,,,,,,,True,False
Romain Perraud,romain perraud,LILLE,Ligue 1,0.0,9,shots_on_target,shots_on_target,LILLE,LILLE,3,bottom,Romain Perraud,Ligue 1,mid,6,6,0,0,0.0,0.0,,,0.0,,,,,,False,False,Romain Perraud,,,,,,,,,,,True,False
Hákon Haraldsson,hakon haraldsson,LILLE,Ligue 1,1.1428571428571428,7,shots_on_target,shots_on_target,LILLE,LILLE,1,top,Hákon Haraldsson,Ligue 1,mid,4,4,0,0,0.25,-0.05833333333333329,,,-0.05833333333333329,,,,,,False,False,Hákon Haraldsson,,,,,,,,,,,True,False
Ethan Mbappé,ethan mbappe,LILLE,Ligue 1,0.625,8,shots_on_target,shots_on_target,LILLE,LILLE,2,top,Ethan Mbappé,Ligue 1,mid,5,5,0,0,1.0,0.6557142857142857,,,0.6557142857142857,,,,,,False,False,Ethan Mbappé,,,,,,,,,,,True,False
Olivier Giroud,olivier giroud,LILLE,Ligue 1,0.625,8,shots_on_target,shots_on_target,LILLE,LILLE,3,top,Olivier Giroud,Ligue 1,mid,5,5,0,0,0.8,0.23714285714285718,,,0.23714285714285718,,,,,,False,False,Olivier Giroud,,,,,,,,,,,True,False
Berke Özer,berke ozer,LILLE,Ligue 1,0.0,5,tackles,tackles,LILLE,LILLE,1,bottom,Berke Özer,Ligue 1,mid,2,2,0,0,0.0,0.0,,,0.0,,,,,,False,False,Berke Özer,,,,,,,,,,,True,False
Olivier Giroud,olivier giroud,LILLE,Ligue 1,0.0,5,tackles,tackles,LILLE,LILLE,2,bottom,Olivier Giroud,Ligue 1,mid,2,2,0,0,0.0,0.0,,,0.0,,,,,,False,False,Olivier Giroud,,,,,,,,,,,True,False
Osame Sahraoui,osame sahraoui,LILLE,Ligue 1,0.14285714285714285,7,tackles,tackles,LILLE,LILLE,3,bottom,Osame Sahraoui,Ligue 1,mid,4,4,1,0,0.25,0.15833333333333333,0.0,,-0.18333333333333335,,,0.0,,,False,False,Osame Sahraoui,,,,,,,,,,,True,False
Benjamin André,benjamin andre,LILLE,Ligue 1,3.2,5,tackles,tackles,LILLE,LILLE,1,top,Benjamin André,Ligue 1,mid,2,2,0,0,0.5,-0.16666666666666674,,,1.0,,,,,,False,False,Benjamin André,,,,,,,,,,,True,False
Romain Perraud,romain perraud,LILLE,Ligue 1,1.3333333333333333,6,tackles,tackles,LILLE,LILLE,2,top,Romain Perraud,Ligue 1,mid,3,3,0,0,0.6666666666666666,0.5166666666666667,,,0.275,,,,,,False,False,Romain Perraud,,,,,,,,,,,True,False
Ethan Mbappé,ethan mbappe,LILLE,Ligue 1,1.0,5,tackles,tackles,LILLE,LILLE,3,top,Ethan Mbappé,Ligue 1,mid,2,2,0,0,0.0,-0.7916666666666666,,,-0.7916666666666666,,,,,,False,False,Ethan Mbappé,,,,,,,,,,,True,False
Gabin Bernardeau,gabin bernardeau,LORIENT,Ligue 1,0.0,5,assists,assists,LORIENT,LORIENT,1,bottom,Gabin Bernardeau,Ligue 1,mid,2,2,0,0,0.0,0.0,,,0.0,,,,,,False,False,Gabin Bernardeau,,,,,,,,,,,True,False
Jean-Victor Makengo,jean-victor makengo,LORIENT,Ligue 1,0.0,9,assists,assists,LORIENT,LORIENT,2,bottom,Jean-Victor Makengo,Ligue 1,elite,6,6,3,0,0.0,0.0,0.0,,0.0,,,0.0,,,False,False,Jean-Victor Makengo,,,,,,,,,,,True,False
Noah Cadiou,noah cadiou,LORIENT,Ligue 1,0.0,10,assists,assists,LORIENT,LORIENT,3,bottom,Noah Cadiou,Ligue 1,elite,7,7,3,0,0.0,0.0,0.0,,0.0,,,0.0,,,False,False,Noah Cadiou,,,,,,,,,,,True,False
Panos Katseris,panos katseris,LORIENT,Ligue 1,0.2727272727272727,11,assists,assists,LORIENT,LORIENT,1,top,Panos Katseris,Ligue 1,elite,8,8,3,0,0.25,-0.06557539682539681,-0.28968253968253965,,0.3555555555555556,0.7028858751738755,,0.0,,,False,False,Panos Katseris,,,,,,,,,,,True,False
Gabin Bernardeau,gabin bernardeau,LORIENT,Ligue 1,0.0,5,assists,assists,LORIENT,LORIENT,2,top,Gabin Bernardeau,Ligue 1,mid,2,2,0,0,0.0,0.0,,,0.0,,,,,,False,False,Gabin Bernardeau,,,,,,,,,,,True,False
Jean-Victor Makengo,jean-victor makengo,LORIENT,Ligue 1,0.0,9,assists,assists,LORIENT,LORIENT,3,top,Jean-Victor Makengo,Ligue 1,elite,6,6,3,0,0.0,0.0,0.0,,0.0,,,0.0,,,False,False,Jean-Victor Makengo,,,,,,,,,,,True,False
Noah Cadiou,noah cadiou,LORIENT,Ligue 1,0.4,5,goals,goals,LORIENT,LORIENT,1,bottom,Noah Cadiou,Ligue 1,mid,2,2,0,0,0.0,-0.5833333333333333,,,-0.5,,,,,,False,False,Noah Cadiou,,,,,,,,,,,True,False
Jean-Victor Makengo,jean-victor makengo,LORIENT,Ligue 1,0.6,5,goals,goals,LORIENT,LORIENT,2,bottom,Jean-Victor Makengo,Ligue 1,mid,2,2,0,0,0.5,-0.20833333333333331,,,-0.75,,,,,,False,False,Jean-Victor Makengo,,,,,,,,,,,True,False
Jean-Victor Makengo,jean-victor makengo,LORIENT,Ligue 1,0.6,5,goals,goals,LORIENT,LORIENT,1,top,Jean-Victor Makengo,Ligue 1,mid,2,2,0,0,0.5,-0.20833333333333331,,,-0.75,,,,,,False,False,Jean-Victor Makengo,,,,,,,,,,,True,False
Noah Cadiou,noah cadiou,LORIENT,Ligue 1,0.4,5,goals,goals,LORIENT,LORIENT,2,top,Noah Cadiou,Ligue 1,mid,2,2,0,0,0.0,-0.5833333333333333,,,-0.5,,,,,,False,False,Noah Cadiou,,,,,,,,,,,True,False
Bingourou Kamara,bingourou kamara,LORIENT,Ligue 1,0.0,7,passes,passes,LORIENT,LORIENT,1,bottom,Bingourou Kamara,Ligue 1,elite,4,4,2,0,0.0,0.0,0.0,,0.0,,,0.0,,,False,False,Bingourou Kamara,,,,,,,,,,,True,False
Panos Katseris,panos katseris,LORIENT,Ligue 1,19.75,8,passes,passes,LORIENT,LORIENT,2,bottom,Panos Katseris,Ligue 1,elite,5,5,2,0,0.4,0.5647619047619052,-13.821428571428571,,7.233333333333334,,,0.0,,,False,True,Panos Katseris,,,,,,,,,,,True,False
Théo Le Bris,theo le bris,LORIENT,Ligue 1,23.0,6,passes,passes,LORIENT,LORIENT,3,bottom,Théo Le Bris,Ligue 1,elite,3,3,3,0,0.3333333333333333,-3.305555555555556,-3.305555555555556,,,,,0.3333333333333333,,,False,True,Théo Le Bris,,,,,,,,,,,True,False
Noah Cadiou,noah cadiou,LORIENT,Ligue 1,58.714285714285715,7,passes,passes,LORIENT,LORIENT,1,top,Noah Cadiou,Ligue 1,elite,4,4,2,0,0.75,13.420833333333333,9.133333333333333,,15.75,,,0.5,,,False,False,Noah Cadiou,,,,,,,,,,,True,False
Jean-Victor Makengo,jean-victor makengo,LORIENT,Ligue 1,25.0,6,passes,passes,LORIENT,LORIENT,2,top,Jean-Victor Makengo,Ligue 1,elite,3,3,2,0,1.0,15.494444444444445,18.075,,10.333333333333334,,,1.0,,,False,False,Jean-Victor Makengo,,,,,,,,,,,True,False
Théo Le Bris,theo le bris,LORIENT,Ligue 1,23.0,6,passes,passes,LORIENT,LORIENT,3,top,Théo Le Bris,Ligue 1,elite,3,3,3,0,0.3333333333333333,-3.305555555555556,-3.305555555555556,,,,,0.3333333333333333,,,False,True,Théo Le Bris,,,,,,,,,,,True,False
Bingourou Kamara,bingourou kamara,LORIENT,Ligue 1,0.0,10,saves,saves,LORIENT,LORIENT,1,bottom,Bingourou Kamara,Ligue 1,elite,7,7,3,0,0.0,0.0,0.0,,0.0,,,0.0,,,False,False,Bingourou Kamara,,,,,,,,,,,True,False
Jean-Victor Makengo,jean-victor makengo,LORIENT,Ligue 1,0.0,6,saves,saves,LORIENT,LORIENT,2,bottom,Jean-Victor Makengo,Ligue 1,elite,3,3,2,0,0.0,0.0,0.0,,0.0,,,0.0,,,False,False,Jean-Victor Makengo,,,,,,,,,,,True,False
Noah Cadiou,noah cadiou,LORIENT,Ligue 1,0.0,7,saves,saves,LORIENT,LORIENT,3,bottom,Noah Cadiou,Ligue 1,elite,4,4,2,0,0.0,0.0,0.0,,0.0,,,0.0,,,False,False,Noah Cadiou,,,,,,,,,,,True,False
Yvon Mvogo,yvon mvogo,LORIENT,Ligue 1,1.6,5,saves,saves,LORIENT,LORIENT,1,top,Yvon Mvogo,Ligue 1,mid,2,2,0,0,0.5,2.4166666666666665,,,5.5,,,,,,False,False,Yvon Mvogo,,,,,,,,,,,True,False
Bingourou Kamara,bingourou kamara,LORIENT,Ligue 1,0.0,10,saves,saves,LORIENT,LORIENT,2,top,Bingourou Kamara,Ligue 1,elite,7,7,3,0,0.0,0.0,0.0,,0.0,,,0.0,,,False,False,Bingourou Kamara,,,,,,,,,,,True,False
Jean-Victor Makengo,jean-victor makengo,LORIENT,Ligue 1,0.0,6,saves,saves,LORIENT,LORIENT,3,top,Jean-Victor Makengo,Ligue 1,elite,3,3,2,0,0.0,0.0,0.0,,0.0,,,0.0,,,False,False,Jean-Victor Makengo,,,,,,,,,,,True,False
Bingourou Kamara,bingourou kamara,LORIENT,Ligue 1,0.0,10,shots,shots,LORIENT,LORIENT,1,bottom,Bingourou Kamara,Ligue 1,elite,7,7,3,0,0.0,0.0,0.0,,0.0,,,0.0,,,False,False,Bingourou Kamara,,,,,,,,,,,True,False
Noah Mbamba,noah mbamba,LORIENT,Ligue 1,0.0,5,shots,shots,LORIENT,LORIENT,2,bottom,Noah Mbamba,Ligue 1,mid,2,2,0,0,0.0,0.0,,,0.0,,,,,,False,False,Noah Mbamba,,,,,,,,,,,True,False
Yvon Mvogo,yvon mvogo,LORIENT,Ligue 1,0.0,5,shots,shots,LORIENT,LORIENT,3,bottom,Yvon Mvogo,Ligue 1,mid,2,2,0,0,0.0,0.0,,,0.0,,,,,,False,False,Yvon Mvogo,,,,,,,,,,,True,False
Jean-Victor Makengo,jean-victor makengo,LORIENT,Ligue 1,1.5555555555555556,9,shots,shots,LORIENT,LORIENT,1,top,Jean-Victor Makengo,Ligue 1,elite,6,6,3,0,0.5,0.32956349206349206,0.7722222222222221,,0.1875,-0.3050739248430069,,0.6666666666666666,,,False,False,Jean-Victor Makengo,,,,,,,,,,,True,False
Noah Cadiou,noah cadiou,LORIENT,Ligue 1,1.5,10,shots,shots,LORIENT,LORIENT,2,top,Noah Cadiou,Ligue 1,elite,7,7,3,0,0.7142857142857143,0.42607709750566897,0.6793650793650793,,0.2222222222222222,-0.47778605113612704,,1.0,,,False,False,Noah Cadiou,,,,,,,,,,,True,False
Gabin Bernardeau,gabin bernardeau,LORIENT,Ligue 1,1.2,5,shots,shots,LORIENT,LORIENT,3,top,Gabin Bernardeau,Ligue 1,mid,2,2,0,0,0.5,-0.41666666666666663,,,-1.5,,,,,,False,False,Gabin Bernardeau,,,,,,,,,,,True,False
Bingourou Kamara,bingourou kamara,LORIENT,Ligue 1,0.0,10,shots_on_target,shots_on_target,LORIENT,LORIENT,1,bottom,Bingourou Kamara,Ligue 1,elite,7,7,3,0,0.0,0.0,0.0,,0.0,,,0.0,,,False,False,Bingourou Kamara,,,,,,,,,,,True,False
Noah Mbamba,noah mbamba,LORIENT,Ligue 1,0.0,5,shots_on_target,shots_on_target,LORIENT,LORIENT,2,bottom,Noah Mbamba,Ligue 1,mid,2,2,0,0,0.0,0.0,,,0.0,,,,,,False,False,Noah Mbamba,,,,,,,,,,,True,False
Souleymane Faye,souleymane faye,LORIENT,Ligue 1,0.0,5,shots_on_target,shots_on_target,LORIENT,LORIENT,3,bottom,Souleymane Faye,Ligue 1,mid,2,2,0,0,0.0,0.0,,,0.0,,,,,,False,False,Souleymane Faye,,,,,,,,,,,True,False
Jean-Victor Makengo,jean-victor makengo,LORIENT,Ligue 1,0.6666666666666666,9,shots_on_target,shots_on_target,LORIENT,LORIENT,1,top,Jean-Victor Makengo,Ligue 1,elite,6,6,3,0,0.6666666666666666,0.017063492063492076,0.41111111111111115,,-0.7083333333333333,-0.9949796186156241,,1.0,,,False,False,Jean-Victor Makengo,,,,,,,,,,,True,False
Gabin Bernardeau,gabin bernardeau,LORIENT,Ligue 1,0.4,5,shots_on_target,shots_on_target,LORIENT,LORIENT,2,top,Gabin Bernardeau,Ligue 1,mid,2,2,0,0,0.0,-0.5833333333333333,,,-0.5,,,,,,False,False,Gabin Bernardeau,,,,,,,,,,,True,False
Théo Le Bris,theo le bris,LORIENT,Ligue 1,0.3333333333333333,9,shots_on_target,shots_on_target,LORIENT,LORIENT,3,top,Théo Le Bris,Ligue 1,elite,6,6,4,0,0.3333333333333333,0.06488095238095241,0.012500000000000011,,-0.375,-0.34191176470588236,,0.25,,,False,False,Théo Le Bris,,,,,,,,,,,True,False
Bingourou Kamara,bingourou kamara,LORIENT,Ligue 1,0.0,7,tackles,tackles,LORIENT,LORIENT,1,bottom,Bingourou Kamara,Ligue 1,elite,4,4,2,0,0.0,0.0,0.0,,0.0,,,0.0,,,False,False,Bingourou Kamara,,,,,,,,,,,True,False
Jean-Victor Makengo,jean-victor makengo,LORIENT,Ligue 1,0.6666666666666666,6,tackles,tackles,LORIENT,LORIENT,2,bottom,Jean-Victor Makengo,Ligue 1,elite,3,3,2,0,0.3333333333333333,-0.5166666666666667,-0.275,,-1.0,,,0.5,,,False,False,Jean-Victor Makengo,,,,,,,,,,,True,False
Noah Cadiou,noah cadiou,LORIENT,Ligue 1,1.0,7,tackles,tackles,LORIENT,LORIENT,3,bottom,Noah Cadiou,Ligue 1,elite,4,4,2,0,0.5,0.7333333333333333,2.05,,-0.5,,,1.0,,,False,False,Noah Cadiou,,,,,,,,,,,True,False
Théo Le Bris,theo le bris,LORIENT,Ligue 1,1.8333333333333333,6,tackles,tackles,LORIENT,LORIENT,1,top,Théo Le Bris,Ligue 1,elite,3,3,3,0,0.3333333333333333,-0.7111111111111112,-0.7111111111111112,,,,,0.3333333333333333,,,False,True,Théo Le Bris,,,,,,,,,,,True,False
Panos Katseris,panos katseris,LORIENT,Ligue 1,1.125,8,tackles,tackles,LORIENT,LORIENT,2,top,Panos Katseris,Ligue 1,elite,5,5,2,0,0.2,0.19142857142857156,-0.738095238095238,,1.4666666666666668,,,0.0,,,False,True,Panos Katseris,,,,,,,,,,,True,False
Noah Cadiou,noah cadiou,LORIENT,Ligue 1,1.0,7,tackles,tackles,LORIENT,LORIENT,3,top,Noah Cadiou,Ligue 1,elite,4,4,2,0,0.5,0.7333333333333333,2.05,,-0.5,,,1.0,,,False,False,Noah Cadiou,,,,,,,,,,,True,False
Adilson Malanda,adilson malanda,MIDDLESBROUGH,Championship,0.0,12,assists,assists,MIDDLESBROUGH,MIDDLESBROUGH,1,bottom,Adilson Malanda,Championship,elite,10,10,4,1,0.0,0.0,0.0,0.0,0.0,,0.0,0.0,0.0,0.0,False,False,Adilson Malanda,,,,,,,,,,,True,False
Aidan Morris,aidan morris,MIDDLESBROUGH,Championship,0.0,12,assists,assists,MIDDLESBROUGH,MIDDLESBROUGH,2,bottom,Aidan Morris,Championship,mid,10,10,3,0,0.0,0.0,0.0,,0.0,,,0.0,,,False,False,Aidan Morris,,,,,,,,,,,True,False
Alex Bangura,alex bangura,MIDDLESBROUGH,Championship,0.0,9,assists,assists,MIDDLESBROUGH,MIDDLESBROUGH,3,bottom,Alex Bangura,Championship,elite,6,6,3,0,0.0,0.0,0.0,,0.0,,,0.0,,,False,False,Alex Bangura,,,,,,,,,,,True,False
Morgan Whittaker,morgan whittaker,MIDDLESBROUGH,Championship,0.2222222222222222,9,assists,assists,MIDDLESBROUGH,MIDDLESBROUGH,1,top,Morgan Whittaker,Championship,elite,8,8,3,1,0.25,0.15316558441558442,-0.1272727272727273,0.0,0.9285714285714286,0.2298825201619845,0.0,0.0,0.1272727272727273,0.1272727272727273,False,False,Morgan Whittaker,Morgan Whittaker,COLORADO,MONTREAL,assists,0.5,24.0,Below Avg,0.2,0.2,morgan whittaker,True,False
Callum Brittain,callum brittain,MIDDLESBROUGH,Championship,0.18181818181818182,11,assists,assists,MIDDLESBROUGH,MIDDLESBROUGH,2,top,Callum Brittain,Championship,elite,10,10,4,1,0.1,-0.05690226440226438,0.09970862470862471,-0.2,-0.15476190476190477,-0.4738311399718169,0.0,0.25,-0.2997086247086247,-0.2997086247086247,False,False,Callum Brittain,,,,,,,,,,,True,False
Luke Ayling,luke ayling,MIDDLESBROUGH,Championship,0.18181818181818182,11,assists,assists,MIDDLESBROUGH,MIDDLESBROUGH,3,top,Luke Ayling,Championship,elite,10,10,4,1,0.2,0.15885780885780884,0.43881118881118886,0.0,0.0,-0.29198617077033245,0.0,0.5,-0.43881118881118886,-0.43881118881118886,False,False,Luke Ayling,,,,,,,,,,,True,False
Adilson Malanda,adilson malanda,MIDDLESBROUGH,Championship,0.0,5,goals,goals,MIDDLESBROUGH,MIDDLESBROUGH,1,bottom,Adilson Malanda,Championship,elite,2,2,1,0,0.0,0.0,0.0,,,,,0.0,,,False,False,Adilson Malanda,,,,,,,,,,,True,False
Callum Brittain,callum brittain,MIDDLESBROUGH,Championship,0.0,5,goals,goals,MIDDLESBROUGH,MIDDLESBROUGH,2,bottom,Callum Brittain,Championship,elite,3,3,2,0,0.0,0.0,0.0,,,,,0.0,,,False,False,Callum Brittain,,,,,,,,,,,True,False
Kyle Joseph,kyle joseph,MIDDLESBROUGH,Championship,0.0,5,goals,goals,MIDDLESBROUGH,MIDDLESBROUGH,3,bottom,Kyle Joseph,Championship,elite,3,3,2,0,0.0,-0.41111111111111115,-0.41666666666666663,,,,,0.0,,,False,True,Kyle Joseph,,,,,,,,,,,True,False
Will Lankshear,will lankshear,MIDDLESBROUGH,Championship,1.2857142857142858,7,goals,goals,MIDDLESBROUGH,MIDDLESBROUGH,1,top,Will Lankshear,Championship,elite,6,6,3,0,0.3333333333333333,-0.3277116402116403,0.4417989417989417,,-1.6666666666666667,,,0.6666666666666666,,,False,False,Will Lankshear,,,,,,,,,,,True,False
Tommy Conway,tommy conway,MIDDLESBROUGH,Championship,0.7142857142857143,7,goals,goals,MIDDLESBROUGH,MIDDLESBROUGH,2,top,Tommy Conway,Championship,elite,4,4,3,0,0.0,-0.8541666666666666,-0.8055555555555555,,,,,0.0,,,False,True,Tommy Conway,,,,,,,,,,,True,False
David Strelec,david strelec,MIDDLESBROUGH,Championship,0.4,5,goals,goals,MIDDLESBROUGH,MIDDLESBROUGH,3,top,David Strelec,Championship,elite,3,3,2,0,0.0,-0.5222222222222221,-0.5333333333333333,,,,,0.0,,,False,True,David Strelec,,,,,,,,,,,True,False
Jon McLaughlin,jon mclaughlin,MIDDLESBROUGH,Championship,0.0,8,passes,passes,MIDDLESBROUGH,MIDDLESBROUGH,1,bottom,Jon McLaughlin,EFL Cup,elite,7,7,3,3,0.0,0.0,0.0,0.0,0.0,,0.0,0.0,0.0,0.0,False,False,Jon McLaughlin,,,,,,,,,,,True,False
Leo Castledine,leo castledine,MIDDLESBROUGH,Championship,6.5,6,passes,passes,MIDDLESBROUGH,MIDDLESBROUGH,2,bottom,Leo Castledine,Championship,elite,5,5,2,1,0.6,6.693333333333333,3.666666666666666,13.5,-0.1999999999999993,,1.0,0.5,9.833333333333334,9.833333333333334,False,False,Leo Castledine,,,,,,,,,,,True,False
Sol Brynn,sol brynn,MIDDLESBROUGH,Championship,8.833333333333334,6,passes,passes,MIDDLESBROUGH,MIDDLESBROUGH,3,bottom,Sol Brynn,Championship,elite,5,5,2,1,0.2,-7.3861904761904755,-7.190476190476191,-17.25,-13.8,,0.0,0.0,-10.05952380952381,-10.05952380952381,False,True,Sol Brynn,,,,,,,,,,,True,False
Luke Ayling,luke ayling,MIDDLESBROUGH,Championship,84.33333333333333,6,passes,passes,MIDDLESBROUGH,MIDDLESBROUGH,1,top,Luke Ayling,Championship,elite,5,5,2,1,0.6,7.157619047619048,-10.38095238095238,4.75,34.8,,1.0,0.0,15.13095238095238,15.13095238095238,False,True,Luke Ayling,,,,,,,,,,,True,False
Aidan Morris,aidan morris,MIDDLESBROUGH,Championship,81.75,8,passes,passes,MIDDLESBROUGH,MIDDLESBROUGH,2,top,Aidan Morris,Championship,mid,6,6,1,0,0.5,-0.6968253968253961,-1.5,,4.944444444444443,,,0.0,,,False,False,Aidan Morris,,,,,,,,,,,True,False
Adilson Malanda,adilson malanda,MIDDLESBROUGH,Championship,73.71428571428571,7,passes,passes,MIDDLESBROUGH,MIDDLESBROUGH,3,top,Adilson Malanda,Championship,elite,5,5,2,1,0.8,14.066666666666668,1.5,18.0,28.0,,1.0,0.5,16.5,16.5,False,False,Adilson Malanda,,,,,,,,,,,True,False
Adilson Malanda,adilson malanda,MIDDLESBROUGH,Championship,0.0,7,saves,saves,MIDDLESBROUGH,MIDDLESBROUGH,1,bottom,Adilson Malanda,Championship,elite,5,5,2,1,0.0,0.0,0.0,0.0,0.0,,0.0,0.0,0.0,0.0,False,False,Adilson Malanda,,,,,,,,,,,True,False
Aidan Morris,aidan morris,MIDDLESBROUGH,Championship,0.0,8,saves,saves,MIDDLESBROUGH,MIDDLESBROUGH,2,bottom,Aidan Morris,Championship,mid,6,6,1,0,0.0,0.0,0.0,,0.0,,,0.0,,,False,False,Aidan Morris,,,,,,,,,,,True,False
Alex Bangura,alex bangura,MIDDLESBROUGH,Championship,0.0,10,saves,saves,MIDDLESBROUGH,MIDDLESBROUGH,3,bottom,Alex Bangura,Championship,elite,7,7,3,0,0.0,0.0,0.0,,0.0,,,0.0,,,False,False,Alex Bangura,,,,,,,,,,,True,False
Radek Vítek,radek vitek,MIDDLESBROUGH,Championship,1.875,8,saves,saves,MIDDLESBROUGH,MIDDLESBROUGH,1,top,Radek Vítek,Championship,elite,6,6,3,0,0.8333333333333334,1.283068783068783,2.121693121693122,,1.3333333333333335,,,1.0,,,False,False,Radek Vítek,,,,,,,,,,,True,False
Sol Brynn,sol brynn,MIDDLESBROUGH,Championship,0.8333333333333334,6,saves,saves,MIDDLESBROUGH,MIDDLESBROUGH,2,top,Sol Brynn,Championship,elite,5,5,2,1,0.4,-0.310952380952381,-0.6190476190476191,-1.75,-1.4,,0.0,0.5,-1.130952380952381,-1.130952380952381,False,True,Sol Brynn,,,,,,,,,,,True,False
Adilson Malanda,adilson malanda,MIDDLESBROUGH,Championship,0.0,7,saves,saves,MIDDLESBROUGH,MIDDLESBROUGH,3,top,Adilson Malanda,Championship,elite,5,5,2,1,0.0,0.0,0.0,0.0,0.0,,0.0,0.0,0.0,0.0,False,False,Adilson Malanda,,,,,,,,,,,True,False
Jon McLaughlin,jon mclaughlin,MIDDLESBROUGH,Championship,0.0,8,shots,shots,MIDDLESBROUGH,MIDDLESBROUGH,1,bottom,Jon McLaughlin,EFL Cup,elite,7,7,3,3,0.0,0.0,0.0,0.0,0.0,,0.0,0.0,0.0,0.0,False,False,Jon McLaughlin,,,,,,,,,,,True,False
Radek Vítek,radek vitek,MIDDLESBROUGH,Championship,0.0,8,shots,shots,MIDDLESBROUGH,MIDDLESBROUGH,2,bottom,Radek Vítek,Championship,elite,6,6,3,0,0.0,0.0,0.0,,0.0,,,0.0,,,False,False,Radek Vítek,,,,,,,,,,,True,False
Sol Brynn,sol brynn,MIDDLESBROUGH,Championship,0.0,6,shots,shots,MIDDLESBROUGH,MIDDLESBROUGH,3,bottom,Sol Brynn,Championship,elite,5,5,2,1,0.0,0.0,0.0,0.0,0.0,,0.0,0.0,0.0,0.0,False,False,Sol Brynn,,,,,,,,,,,True,False
Will Lankshear,will lankshear,MIDDLESBROUGH,Championship,3.875,8,shots,shots,MIDDLESBROUGH,MIDDLESBROUGH,1,top,Will Lankshear,Championship,elite,7,7,3,0,0.42857142857142855,-1.3553854875283446,0.22261904761904758,,-2.3333333333333335,-0.9479770039465608,,1.0,,,False,False,Will Lankshear,,,,,,,,,,,True,False
Morgan Whittaker,morgan whittaker,MIDDLESBROUGH,Championship,2.888888888888889,9,shots,shots,MIDDLESBROUGH,MIDDLESBROUGH,2,top,Morgan Whittaker,Championship,elite,8,8,3,1,0.125,-1.1804653679653678,-2.3050505050505046,-0.6000000000000001,-0.9642857142857142,0.8317973668608456,0.0,0.0,1.7050505050505045,1.7050505050505045,False,True,Morgan Whittaker,Morgan Whittaker,COLORADO,MONTREAL,shots,5.5,24.0,Below Avg,0.0,2.4,morgan whittaker,True,False
Morgan Whittaker,morgan whittaker,MIDDLESBROUGH,Championship,2.888888888888889,9,shots,shots,MIDDLESBROUGH,MIDDLESBROUGH,2,top,Morgan Whittaker,Championship,elite,8,8,3,1,0.125,-1.1804653679653678,-2.3050505050505046,-0.6000000000000001,-0.9642857142857142,0.8317973668608456,0.0,0.0,1.7050505050505045,1.7050505050505045,False,True,Morgan Whittaker,Morgan Whittaker,COLORADO,MONTREAL,shots,3.5,24.0,Below Avg,0.4,2.4,morgan whittaker,True,False
Morgan Whittaker,morgan whittaker,MIDDLESBROUGH,Championship,2.888888888888889,9,shots,shots,MIDDLESBROUGH,MIDDLESBROUGH,2,top,Morgan Whittaker,Championship,elite,8,8,3,1,0.125,-1.1804653679653678,-2.3050505050505046,-0.6000000000000001,-0.9642857142857142,0.8317973668608456,0.0,0.0,1.7050505050505045,1.7050505050505045,False,True,Morgan Whittaker,Morgan Whittaker,COLORADO,MONTREAL,shots,2.5,24.0,Below Avg,0.4,2.4,morgan whittaker,True,False
Morgan Whittaker,morgan whittaker,MIDDLESBROUGH,Championship,2.888888888888889,9,shots,shots,MIDDLESBROUGH,MIDDLESBROUGH,2,top,Morgan Whittaker,Championship,elite,8,8,3,1,0.125,-1.1804653679653678,-2.3050505050505046,-0.6000000000000001,-0.9642857142857142,0.8317973668608456,0.0,0.0,1.7050505050505045,1.7050505050505045,False,True,Morgan Whittaker,Morgan Whittaker,COLORADO,MONTREAL,shots,1.5,24.0,Below Avg,0.6,2.4,morgan whittaker,True,False
Tommy Conway,tommy conway,MIDDLESBROUGH,Championship,1.8461538461538463,13,shots,shots,MIDDLESBROUGH,MIDDLESBROUGH,3,top,Tommy Conway,Championship,elite,10,10,5,0,0.2,-1.1784559884559884,-1.2077777777777778,,-0.1607142857142858,0.29324712695528,,0.2,,,False,True,Tommy Conway,,,,,,,,,,,True,False
Jon McLaughlin,jon mclaughlin,MIDDLESBROUGH,Championship,0.0,8,shots_on_target,shots_on_target,MIDDLESBROUGH,MIDDLESBROUGH,1,bottom,Jon McLaughlin,EFL Cup,elite,7,7,3,3,0.0,0.0,0.0,0.0,0.0,,0.0,0.0,0.0,0.0,False,False,Jon McLaughlin,,,,,,,,,,,True,False
Max Arfsten,max arfsten,MIDDLESBROUGH,Championship,0.0,8,shots_on_target,shots_on_target,MIDDLESBROUGH,MIDDLESBROUGH,2,bottom,Max Arfsten,Championship,elite,7,7,3,0,0.0,0.0,0.0,,0.0,,,0.0,,,False,False,Max Arfsten,,,,,,,,,,,True,False
Neto Borges,neto borges,MIDDLESBROUGH,Championship,0.0,5,shots_on_target,shots_on_target,MIDDLESBROUGH,MIDDLESBROUGH,3,bottom,Neto Borges,Championship,elite,3,3,2,0,0.0,0.0,0.0,,,,,0.0,,,False,False,Neto Borges,,,,,,,,,,,True,False
Will Lankshear,will lankshear,MIDDLESBROUGH,Championship,1.625,8,shots_on_target,shots_on_target,MIDDLESBROUGH,MIDDLESBROUGH,1,top,Will Lankshear,Championship,elite,7,7,3,0,0.42857142857142855,-0.5929705215419501,0.8904761904761905,,-2.333333333333333,-0.985007554689648,,1.0,,,False,False,Will Lankshear,,,,,,,,,,,True,False
Tommy Conway,tommy conway,MIDDLESBROUGH,Championship,0.6153846153846154,13,shots_on_target,shots_on_target,MIDDLESBROUGH,MIDDLESBROUGH,2,top,Tommy Conway,Championship,elite,10,10,5,0,0.5,0.08132395382395385,0.17444444444444446,,0.2053571428571428,-0.02686426654477843,,0.6,,,False,False,Tommy Conway,,,,,,,,,,,True,False
Kyle Joseph,kyle joseph,MIDDLESBROUGH,Championship,0.5,8,shots_on_target,shots_on_target,MIDDLESBROUGH,MIDDLESBROUGH,3,top,Kyle Joseph,Championship,elite,7,7,3,0,0.42857142857142855,-0.14109977324263037,-0.1773809523809524,,-0.5833333333333333,-0.16887088569186512,,0.6666666666666666,,,False,False,Kyle Joseph,,,,,,,,,,,True,False
David Strelec,david strelec,MIDDLESBROUGH,Championship,0.0,7,tackles,tackles,MIDDLESBROUGH,MIDDLESBROUGH,1,bottom,David Strelec,Championship,mid,5,5,1,0,0.0,0.0,0.0,,0.0,,,0.0,,,False,False,David Strelec,,,,,,,,,,,True,False
Jon McLaughlin,jon mclaughlin,MIDDLESBROUGH,Championship,0.0,8,tackles,tackles,MIDDLESBROUGH,MIDDLESBROUGH,2,bottom,Jon McLaughlin,EFL Cup,elite,7,7,3,3,0.0,0.0,0.0,0.0,0.0,,0.0,0.0,0.0,0.0,False,False,Jon McLaughlin,,,,,,,,,,,True,False
Leo Castledine,leo castledine,MIDDLESBROUGH,Championship,0.0,6,tackles,tackles,MIDDLESBROUGH,MIDDLESBROUGH,3,bottom,Leo Castledine,Championship,elite,5,5,2,1,0.4,0.7819047619047619,0.5714285714285714,-0.5,-0.4,,0.0,0.5,-1.0714285714285714,-1.0714285714285714,False,False,Leo Castledine,,,,,,,,,,,True,False
Aidan Morris,aidan morris,MIDDLESBROUGH,Championship,2.5,8,tackles,tackles,MIDDLESBROUGH,MIDDLESBROUGH,1,top,Aidan Morris,Championship,mid,6,6,1,0,0.5,0.08650793650793649,-1.5,,1.1111111111111112,,,0.0,,,False,False,Aidan Morris,,,,,,,,,,,True,False
Callum Brittain,callum brittain,MIDDLESBROUGH,Championship,2.0,6,tackles,tackles,MIDDLESBROUGH,MIDDLESBROUGH,2,top,Callum Brittain,Championship,elite,5,5,2,1,0.2,-0.27523809523809517,0.4285714285714286,-0.5,-0.3999999999999999,,0.0,0.5,-0.9285714285714286,-0.9285714285714286,False,False,Callum Brittain,,,,,,,,,,,True,False
Luke Ayling,luke ayling,MIDDLESBROUGH,Championship,1.8333333333333333,6,tackles,tackles,MIDDLESBROUGH,MIDDLESBROUGH,3,top,Luke Ayling,Championship,elite,5,5,2,1,0.2,-0.9214285714285715,-1.2619047619047619,-1.25,-1.0,,0.0,0.0,0.011904761904761862,0.011904761904761862,False,True,Luke Ayling,,,,,,,,,,,True,False
Caleb Taylor,caleb taylor,MILLWALL,Championship,0.0,10,assists,assists,MILLWALL,MILLWALL,1,bottom,Caleb Taylor,Championship,weak,9,9,1,4,0.0,0.0,0.0,0.0,0.0,,0.0,0.0,0.0,0.0,False,False,Caleb Taylor,,,,,,,,,,,True,False
Daniel Kelly,daniel kelly,MILLWALL,Championship,0.0,12,assists,assists,MILLWALL,MILLWALL,2,bottom,Daniel Kelly,Championship,weak,11,11,1,5,0.0,0.0,0.0,0.0,0.0,,0.0,0.0,0.0,0.0,False,False,Daniel Kelly,,,,,,,,,,,True,False
Danny Batth,danny batth,MILLWALL,Championship,0.0,5,assists,assists,MILLWALL,MILLWALL,3,bottom,Danny Batth,EFL Cup,unknown,4,4,1,0,0.0,0.0,0.0,,0.0,,,0.0,,,False,False,Danny Batth,,,,,,,,,,,True,False
Jenson Metcalfe,jenson metcalfe,MILLWALL,Championship,0.375,8,assists,assists,MILLWALL,MILLWALL,1,top,Jenson Metcalfe,Championship,weak,8,8,1,3,0.25,-0.05258838383838382,-0.2,-0.07777777777777777,-0.2361111111111111,-0.08957507266225932,0.3333333333333333,0.0,0.12222222222222225,0.12222222222222225,False,False,Jenson Metcalfe,,,,,,,,,,,True,False
Camiel Neghli,camiel neghli,MILLWALL,Championship,0.25,8,assists,assists,MILLWALL,MILLWALL,2,top,Camiel Neghli,Championship,weak,8,8,1,3,0.25,0.07657828282828284,-0.2,0.6,-0.2361111111111111,0.8744996219294967,0.6666666666666666,0.0,0.8,0.8,True,False,Camiel Neghli,,,,,,,,,,,True,False
Jake Cooper,jake cooper,MILLWALL,Championship,0.25,8,assists,assists,MILLWALL,MILLWALL,3,top,Jake Cooper,Championship,weak,8,8,1,3,0.25,0.07657828282828284,-0.2,0.6,-0.2361111111111111,0.8744996219294967,0.6666666666666666,0.0,0.8,0.8,True,False,Jake Cooper,,,,,,,,,,,True,False
Daniel Kelly,daniel kelly,MILLWALL,Championship,0.0,5,goals,goals,MILLWALL,MILLWALL,1,bottom,Daniel Kelly,Championship,elite,3,3,1,0,0.0,0.0,0.0,,0.0,,,0.0,,,False,False,Daniel Kelly,,,,,,,,,,,True,False
Danny Batth,danny batth,MILLWALL,Championship,0.0,5,goals,goals,MILLWALL,MILLWALL,2,bottom,Danny Batth,Championship,elite,3,3,1,0,0.0,0.0,0.0,,0.0,,,0.0,,,False,False,Danny Batth,,,,,,,,,,,True,False
Elkan Baggott,elkan baggott,MILLWALL,Championship,0.0,5,goals,goals,MILLWALL,MILLWALL,3,bottom,Elkan Baggott,Championship,elite,3,3,1,0,0.0,0.0,0.0,,0.0,,,0.0,,,False,False,Elkan Baggott,,,,,,,,,,,True,False
Josh Coburn,josh coburn,MILLWALL,Championship,0.8,5,goals,goals,MILLWALL,MILLWALL,1,top,Josh Coburn,Championship,elite,3,3,1,1,0.0,-1.0444444444444443,-0.8,-1.3333333333333333,-1.0,,0.0,0.0,-0.5333333333333332,-0.5333333333333332,False,False,Josh Coburn,,,,,,,,,,,True,False
Taïryk Arconte,tairyk arconte,MILLWALL,Championship,0.8,5,goals,goals,MILLWALL,MILLWALL,2,top,Taïryk Arconte,Championship,mid,3,3,0,1,0.3333333333333333,-0.15555555555555553,,1.3333333333333335,-1.0,,1.0,,,,False,False,Taïryk Arconte,,,,,,,,,,,True,False
Lyndon Dykes,lyndon dykes,MILLWALL,Championship,0.4,5,goals,goals,MILLWALL,MILLWALL,3,top,Lyndon Dykes,Championship,elite,3,3,1,0,0.3333333333333333,0.6666666666666666,0.0,,0.0,,,0.0,,,False,False,Lyndon Dykes,,,,,,,,,,,True,False
Daniel Kelly,daniel kelly,MILLWALL,Championship,11.714285714285714,7,passes,passes,MILLWALL,MILLWALL,1,bottom,Daniel Kelly,Championship,weak,6,6,0,3,0.3333333333333333,0.16388888888888906,,1.4111111111111114,-4.5,,0.3333333333333333,,,,False,False,Daniel Kelly,,,,,,,,,,,True,False
Tristan Crama,tristan crama,MILLWALL,Championship,51.714285714285715,7,passes,passes,MILLWALL,MILLWALL,2,bottom,Tristan Crama,EFL Cup,unknown,5,5,0,0,0.8,8.917142857142856,,,,,,,,,False,False,Tristan Crama,,,,,,,,,,,True,False
Caleb Taylor,caleb taylor,MILLWALL,Championship,55.0,5,passes,passes,MILLWALL,MILLWALL,3,bottom,Caleb Taylor,Championship,weak,3,3,0,2,0.3333333333333333,2.0166666666666657,,4.125,-2.200000000000003,,0.5,,,,False,False,Caleb Taylor,,,,,,,,,,,True,False
Caleb Taylor,caleb taylor,MILLWALL,Championship,55.0,5,passes,passes,MILLWALL,MILLWALL,1,top,Caleb Taylor,Championship,weak,3,3,0,2,0.3333333333333333,2.0166666666666657,,4.125,-2.200000000000003,,0.5,,,,False,False,Caleb Taylor,,,,,,,,,,,True,False
Tristan Crama,tristan crama,MILLWALL,Championship,51.714285714285715,7,passes,passes,MILLWALL,MILLWALL,2,top,Tristan Crama,EFL Cup,unknown,5,5,0,0,0.8,8.917142857142856,,,,,,,,,False,False,Tristan Crama,,,,,,,,,,,True,False
Daniel Kelly,daniel kelly,MILLWALL,Championship,11.714285714285714,7,passes,passes,MILLWALL,MILLWALL,3,top,Daniel Kelly,Championship,weak,6,6,0,3,0.3333333333333333,0.16388888888888906,,1.4111111111111114,-4.5,,0.3333333333333333,,,,False,False,Daniel Kelly,,,,,,,,,,,True,False
Caleb Taylor,caleb taylor,MILLWALL,Championship,0.0,5,saves,saves,MILLWALL,MILLWALL,1,bottom,Caleb Taylor,Championship,weak,3,3,0,2,0.0,0.0,,0.0,0.0,,0.0,,,,False,False,Caleb Taylor,,,,,,,,,,,True,False
Daniel Kelly,daniel kelly,MILLWALL,Championship,0.0,7,saves,saves,MILLWALL,MILLWALL,2,bottom,Daniel Kelly,Championship,weak,6,6,0,3,0.0,0.0,,0.0,0.0,,0.0,,,,False,False,Daniel Kelly,,,,,,,,,,,True,False
Tristan Crama,tristan crama,MILLWALL,Championship,0.0,7,saves,saves,MILLWALL,MILLWALL,3,bottom,Tristan Crama,EFL Cup,unknown,5,5,0,0,0.0,0.0,,,,,,,,,False,False,Tristan Crama,,,,,,,,,,,True,False
Max Crocombe,max crocombe,MILLWALL,Championship,1.125,8,saves,saves,MILLWALL,MILLWALL,1,top,Max Crocombe,Championship,weak,8,8,1,3,0.625,1.0086489898989899,0.4,0.0,1.6527777777777777,-0.569811129933026,0.0,1.0,-0.4,-0.4,False,False,Max Crocombe,,,,,,,,,,,True,False
Caleb Taylor,caleb taylor,MILLWALL,Championship,0.0,5,saves,saves,MILLWALL,MILLWALL,2,top,Caleb Taylor,Championship,weak,3,3,0,2,0.0,0.0,,0.0,0.0,,0.0,,,,False,False,Caleb Taylor,,,,,,,,,,,True,False
Daniel Kelly,daniel kelly,MILLWALL,Championship,0.0,7,saves,saves,MILLWALL,MILLWALL,3,top,Daniel Kelly,Championship,weak,6,6,0,3,0.0,0.0,,0.0,0.0,,0.0,,,,False,False,Daniel Kelly,,,,,,,,,,,True,False
Danny Batth,danny batth,MILLWALL,Championship,0.0,8,shots,shots,MILLWALL,MILLWALL,1,bottom,Danny Batth,Championship,weak,8,8,1,3,0.125,0.07162247474747474,-0.1,0.0,-0.11805555555555555,0.867306281530827,0.0,0.0,0.1,0.1,False,False,Danny Batth,,,,,,,,,,,True,False
Max Crocombe,max crocombe,MILLWALL,Championship,0.0,8,shots,shots,MILLWALL,MILLWALL,2,bottom,Max Crocombe,Championship,weak,8,8,1,3,0.0,0.0,0.0,0.0,0.0,,0.0,0.0,0.0,0.0,False,False,Max Crocombe,,,,,,,,,,,True,False
Zak Sturge,zak sturge,MILLWALL,Championship,0.1111111111111111,9,shots,shots,MILLWALL,MILLWALL,3,bottom,Zak Sturge,Championship,weak,9,9,1,4,0.1111111111111111,0.1111111111111111,0.0,0.0,0.0,,0.0,0.0,0.0,0.0,False,False,Zak Sturge,,,,,,,,,,,True,False
Kyrell Lisbie,kyrell lisbie,MILLWALL,Championship,3.0,6,shots,shots,MILLWALL,MILLWALL,1,top,Kyrell Lisbie,Championship,weak,5,5,0,3,0.6,1.582857142857143,,2.844444444444445,-0.30952380952380953,0.982486168294799,1.0,,,,False,False,Kyrell Lisbie,,,,,,,,,,,True,False
Josh Coburn,josh coburn,MILLWALL,Championship,2.2857142857142856,7,shots,shots,MILLWALL,MILLWALL,2,top,Josh Coburn,Championship,weak,6,6,1,3,0.16666666666666666,0.11111111111111116,-2.0,0.888888888888889,0.0,0.510862384110543,0.3333333333333333,0.0,2.888888888888889,2.888888888888889,False,False,Josh Coburn,,,,,,,,,,,True,False
Taïryk Arconte,tairyk arconte,MILLWALL,Championship,2.2857142857142856,7,shots,shots,MILLWALL,MILLWALL,3,top,Taïryk Arconte,Championship,weak,6,6,0,3,0.8333333333333334,0.583531746031746,,0.9666666666666667,0.738095238095238,-0.14612214276479013,1.0,,,,False,False,Taïryk Arconte,,,,,,,,,,,True,False
Danny Batth,danny batth,MILLWALL,Championship,0.0,8,shots_on_target,shots_on_target,MILLWALL,MILLWALL,1,bottom,Danny Batth,Championship,weak,8,8,1,3,0.0,0.0,0.0,0.0,0.0,,0.0,0.0,0.0,0.0,False,False,Danny Batth,,,,,,,,,,,True,False
Elkan Baggott,elkan baggott,MILLWALL,Championship,0.0,8,shots_on_target,shots_on_target,MILLWALL,MILLWALL,2,bottom,Elkan Baggott,Championship,weak,8,8,1,3,0.0,0.0,0.0,0.0,0.0,,0.0,0.0,0.0,0.0,False,False,Elkan Baggott,,,,,,,,,,,True,False
Jake Cooper,jake cooper,MILLWALL,Championship,0.0,8,shots_on_target,shots_on_target,MILLWALL,MILLWALL,3,bottom,Jake Cooper,Championship,weak,8,8,1,3,0.125,0.018244949494949494,-0.2,0.0,-0.2361111111111111,0.867306281530827,0.0,0.0,0.2,0.2,False,False,Jake Cooper,,,,,,,,,,,True,False
Josh Coburn,josh coburn,MILLWALL,Championship,1.4285714285714286,7,shots_on_target,shots_on_target,MILLWALL,MILLWALL,1,top,Josh Coburn,Championship,weak,6,6,1,3,0.16666666666666666,-0.12817460317460316,-1.25,0.3666666666666667,-0.30952380952380953,0.33776081340256503,0.3333333333333333,0.0,1.6166666666666667,1.6166666666666667,False,False,Josh Coburn,,,,,,,,,,,True,False
Taïryk Arconte,tairyk arconte,MILLWALL,Championship,0.8571428571428571,7,shots_on_target,shots_on_target,MILLWALL,MILLWALL,2,top,Taïryk Arconte,Championship,weak,6,6,0,3,0.6666666666666666,0.5781746031746032,,1.2,0.30952380952380953,0.8069258605401871,0.6666666666666666,,,,False,False,Taïryk Arconte,,,,,,,,,,,True,False
Zak Lovelace,zak lovelace,MILLWALL,Championship,0.5714285714285714,7,shots_on_target,shots_on_target,MILLWALL,MILLWALL,3,top,Zak Lovelace,Championship,mid,7,7,1,2,0.2857142857142857,0.41507936507936505,-0.4444444444444444,0.0,1.875,-0.22853710061977267,0.0,0.0,0.4444444444444444,0.4444444444444444,False,False,Zak Lovelace,,,,,,,,,,,True,False
Daniel Kelly,daniel kelly,MILLWALL,Championship,0.5714285714285714,7,tackles,tackles,MILLWALL,MILLWALL,1,bottom,Daniel Kelly,Championship,weak,6,6,0,3,0.6666666666666666,0.20595238095238091,,-0.10000000000000002,-1.0,,0.6666666666666666,,,,False,False,Daniel Kelly,,,,,,,,,,,True,False
Caleb Taylor,caleb taylor,MILLWALL,Championship,0.6,5,tackles,tackles,MILLWALL,MILLWALL,2,bottom,Caleb Taylor,Championship,weak,3,3,0,2,0.3333333333333333,-0.3277777777777777,,0.20833333333333337,-1.4,,0.5,,,,False,False,Caleb Taylor,,,,,,,,,,,True,False
Tristan Crama,tristan crama,MILLWALL,Championship,1.2857142857142858,7,tackles,tackles,MILLWALL,MILLWALL,3,bottom,Tristan Crama,EFL Cup,unknown,5,5,0,0,0.2,-0.15380952380952378,,,,,,,,,False,False,Tristan Crama,,,,,,,,,,,True,False
Tristan Crama,tristan crama,MILLWALL,Championship,1.2857142857142858,7,tackles,tackles,MILLWALL,MILLWALL,1,top,Tristan Crama,EFL Cup,unknown,5,5,0,0,0.2,-0.15380952380952378,,,,,,,,,False,False,Tristan Crama,,,,,,,,,,,True,False
Caleb Taylor,caleb taylor,MILLWALL,Championship,0.6,5,tackles,tackles,MILLWALL,MILLWALL,2,top,Caleb Taylor,Championship,weak,3,3,0,2,0.3333333333333333,-0.3277777777777777,,0.20833333333333337,-1.4,,0.5,,,,False,False,Caleb Taylor,,,,,,,,,,,True,False
Daniel Kelly,daniel kelly,MILLWALL,Championship,0.5714285714285714,7,tackles,tackles,MILLWALL,MILLWALL,3,top,Daniel Kelly,Championship,weak,6,6,0,3,0.6666666666666666,0.20595238095238091,,-0.10000000000000002,-1.0,,0.6666666666666666,,,,False,False,Daniel Kelly,,,,,,,,,,,True,False
Alec Smir,alec smir,MINNESOTA,MLS,0.0,5,assists,assists,MINNESOTA,MINNESOTA,1,bottom,Alec Smir,MLS,mid,2,2,0,1,0.0,0.0,,0.0,0.0,,0.0,,,,False,False,Alec Smir,,,,,,,,,,,True,False
Aziel Jackson,aziel jackson,MINNESOTA,MLS,0.0,5,assists,assists,MINNESOTA,MINNESOTA,2,bottom,Aziel Jackson,MLS,mid,2,2,0,1,0.0,0.0,,0.0,0.0,,0.0,,,,False,False,Aziel Jackson,,,,,,,,,,,True,False
Drake Callender,drake callender,MINNESOTA,MLS,0.0,5,assists,assists,MINNESOTA,MINNESOTA,3,bottom,Drake Callender,MLS,mid,2,2,0,1,0.0,0.0,,0.0,0.0,,0.0,,,,False,False,Drake Callender,,,,,,,,,,,True,False
Joaquín Pereyra,joaquin pereyra,MINNESOTA,MLS,0.6,5,assists,assists,MINNESOTA,MINNESOTA,1,top,Joaquín Pereyra,MLS,weak,3,3,0,2,0.6666666666666666,0.1888888888888889,,0.5833333333333334,-0.6,,1.0,,,,False,False,Joaquín Pereyra,,,,,,,,,,,True,False
Kelvin Yeboah,kelvin yeboah,MINNESOTA,MLS,0.4,5,assists,assists,MINNESOTA,MINNESOTA,2,top,Kelvin Yeboah,MLS,mid,2,2,0,1,0.5,0.08333333333333337,,0.6666666666666667,-0.5,,1.0,,,,False,False,Kelvin Yeboah,,,,,,,,,,,True,False
Kyle Duncan,kyle duncan,MINNESOTA,MLS,0.4,5,assists,assists,MINNESOTA,MINNESOTA,3,top,Kyle Duncan,MLS,mid,2,2,0,1,0.0,-0.5833333333333333,,-0.6666666666666666,-0.5,,0.0,,,,False,False,Kyle Duncan,,,,,,,,,,,True,False
Alec Smir,alec smir,MINNESOTA,MLS,0.0,5,goals,goals,MINNESOTA,MINNESOTA,1,bottom,Alec Smir,MLS,mid,2,2,0,1,0.0,0.0,,0.0,0.0,,0.0,,,,False,False,Alec Smir,,,,,,,,,,,True,False
Aziel Jackson,aziel jackson,MINNESOTA,MLS,0.0,5,goals,goals,MINNESOTA,MINNESOTA,2,bottom,Aziel Jackson,MLS,mid,2,2,0,1,0.0,0.0,,0.0,0.0,,0.0,,,,False,False,Aziel Jackson,,,,,,,,,,,True,False
Carlos Harvey,carlos harvey,MINNESOTA,MLS,0.0,5,goals,goals,MINNESOTA,MINNESOTA,3,bottom,Carlos Harvey,MLS,mid,2,2,0,1,0.0,0.0,,0.0,0.0,,0.0,,,,False,False,Carlos Harvey,,,,,,,,,,,True,False
Kelvin Yeboah,kelvin yeboah,MINNESOTA,MLS,0.8,5,goals,goals,MINNESOTA,MINNESOTA,1,top,Kelvin Yeboah,MLS,mid,2,2,0,1,0.5,-0.375,,-1.0,0.25,,0.0,,,,False,False,Kelvin Yeboah,,,,,,,,,,,True,False
Marcus Caldeira,marcus caldeira,MINNESOTA,MLS,0.8,5,goals,goals,MINNESOTA,MINNESOTA,2,top,Marcus Caldeira,MLS,mid,2,2,0,1,0.5,0.16666666666666674,,1.3333333333333335,-1.0,,1.0,,,,False,False,Marcus Caldeira,,,,,,,,,,,True,False
Anthony Markanich,anthony markanich,MINNESOTA,MLS,0.6,5,goals,goals,MINNESOTA,MINNESOTA,3,top,Anthony Markanich,MLS,mid,2,2,0,1,0.5,-0.20833333333333331,,0.33333333333333337,-0.75,,1.0,,,,False,False,Anthony Markanich,,,,,,,,,,,True,False
Alec Smir,alec smir,MINNESOTA,MLS,0.4,5,saves,saves,MINNESOTA,MINNESOTA,1,bottom,Alec Smir,MLS,mid,2,2,0,1,0.0,-0.5833333333333333,,-0.6666666666666666,-0.5,,0.0,,,,False,False,Alec Smir,,,,,,,,,,,True,False
Drake Callender,drake callender,MINNESOTA,MLS,2.0,5,saves,saves,MINNESOTA,MINNESOTA,2,bottom,Drake Callender,MLS,mid,2,2,0,1,0.5,0.125,,-1.0,1.25,,0.0,,,,False,False,Drake Callender,,,,,,,,,,,True,False
Drake Callender,drake callender,MINNESOTA,MLS,2.0,5,saves,saves,MINNESOTA,MINNESOTA,1,top,Drake Callender,MLS,mid,2,2,0,1,0.5,0.125,,-1.0,1.25,,0.0,,,,False,False,Drake Callender,,,,,,,,,,,True,False
Alec Smir,alec smir,MINNESOTA,MLS,0.4,5,saves,saves,MINNESOTA,MINNESOTA,2,top,Alec Smir,MLS,mid,2,2,0,1,0.0,-0.5833333333333333,,-0.6666666666666666,-0.5,,0.0,,,,False,False,Alec Smir,,,,,,,,,,,True,False
Alec Smir,alec smir,MINNESOTA,MLS,0.0,5,shots,shots,MINNESOTA,MINNESOTA,1,bottom,Alec Smir,MLS,mid,2,2,0,1,0.0,0.0,,0.0,0.0,,0.0,,,,False,False,Alec Smir,,,,,,,,,,,True,False
Aziel Jackson,aziel jackson,MINNESOTA,MLS,0.0,5,shots,shots,MINNESOTA,MINNESOTA,2,bottom,Aziel Jackson,MLS,mid,2,2,0,1,0.0,0.0,,0.0,0.0,,0.0,,,,False,False,Aziel Jackson,,,,,,,,,,,True,False
Drake Callender,drake callender,MINNESOTA,MLS,0.0,5,shots,shots,MINNESOTA,MINNESOTA,3,bottom,Drake Callender,MLS,mid,2,2,0,1,0.0,0.0,,0.0,0.0,,0.0,,,,False,False,Drake Callender,,,,,,,,,,,True,False
Kelvin Yeboah,kelvin yeboah,MINNESOTA,MLS,3.2,5,shots,shots,MINNESOTA,MINNESOTA,1,top,Kelvin Yeboah,MLS,mid,2,2,0,1,0.0,-1.0833333333333333,,-0.6666666666666665,-1.5,,0.0,,,,False,False,Kelvin Yeboah,,,,,,,,,,,True,False
Anthony Markanich,anthony markanich,MINNESOTA,MLS,2.6,5,shots,shots,MINNESOTA,MINNESOTA,2,top,Anthony Markanich,MLS,mid,2,2,0,1,0.0,-2.333333333333333,,-2.6666666666666665,-2.0,,0.0,,,,False,False,Anthony Markanich,,,,,,,,,,,True,False
Marcus Caldeira,marcus caldeira,MINNESOTA,MLS,2.0,5,shots,shots,MINNESOTA,MINNESOTA,3,top,Marcus Caldeira,MLS,mid,2,2,0,1,1.0,0.7916666666666666,,0.33333333333333326,1.25,,1.0,,,,False,False,Marcus Caldeira,,,,,,,,,,,True,False
Alec Smir,alec smir,MINNESOTA,MLS,0.0,5,shots_on_target,shots_on_target,MINNESOTA,MINNESOTA,1,bottom,Alec Smir,MLS,mid,2,2,0,1,0.0,0.0,,0.0,0.0,,0.0,,,,False,False,Alec Smir,,,,,,,,,,,True,False
Aziel Jackson,aziel jackson,MINNESOTA,MLS,0.0,5,shots_on_target,shots_on_target,MINNESOTA,MINNESOTA,2,bottom,Aziel Jackson,MLS,mid,2,2,0,1,0.0,0.0,,0.0,0.0,,0.0,,,,False,False,Aziel Jackson,,,,,,,,,,,True,False
Carlos Harvey,carlos harvey,MINNESOTA,MLS,0.0,5,shots_on_target,shots_on_target,MINNESOTA,MINNESOTA,3,bottom,Carlos Harvey,MLS,mid,2,2,0,1,0.0,0.0,,0.0,0.0,,0.0,,,,False,False,Carlos Harvey,,,,,,,,,,,True,False
Kelvin Yeboah,kelvin yeboah,MINNESOTA,MLS,1.8,5,shots_on_target,shots_on_target,MINNESOTA,MINNESOTA,1,top,Kelvin Yeboah,MLS,mid,2,2,0,1,0.0,-0.5,,0.0,-1.0,,0.0,,,,False,False,Kelvin Yeboah,,,,,,,,,,,True,False
Anthony Markanich,anthony markanich,MINNESOTA,MLS,1.4,5,shots_on_target,shots_on_target,MINNESOTA,MINNESOTA,2,top,Anthony Markanich,MLS,mid,2,2,0,1,0.0,-1.375,,-1.0,-1.75,,0.0,,,,False,False,Anthony Markanich,,,,,,,,,,,True,False
Marcus Caldeira,marcus caldeira,MINNESOTA,MLS,1.0,5,shots_on_target,shots_on_target,MINNESOTA,MINNESOTA,3,top,Marcus Caldeira,MLS,mid,2,2,0,1,0.5,0.6666666666666667,,1.3333333333333335,0.0,,1.0,,,,False,False,Marcus Caldeira,,,,,,,,,,,True,False
Alesson,alesson,MIRASSOL,Brasileirão Betano,0.0,6,assists,assists,MIRASSOL,MIRASSOL,1,bottom,Alesson,Brasileirão Betano,elite,11,11,6,1,0.0,0.0,0.0,0.0,0.0,,0.0,0.0,0.0,0.0,False,False,Alesson,,,,,,,,,,,True,False
Bruno Santos,bruno santos,MIRASSOL,Brasileirão Betano,0.0,6,assists,assists,MIRASSOL,MIRASSOL,2,bottom,Bruno Santos,Brasileirão Betano,elite,11,11,6,1,0.0,0.0,0.0,0.0,0.0,,0.0,0.0,0.0,0.0,False,False,Bruno Santos,,,,,,,,,,,True,False
João Victor,joao victor,MIRASSOL,Brasileirão Betano,0.0,6,assists,assists,MIRASSOL,MIRASSOL,3,bottom,João Victor,Brasileirão Betano,elite,10,10,6,1,0.0,0.0,0.0,0.0,0.0,,0.0,0.0,0.0,0.0,False,False,João Victor,,,,,,,,,,,True,False
Reinaldo,reinaldo,MIRASSOL,Brasileirão Betano,0.42857142857142855,7,assists,assists,MIRASSOL,MIRASSOL,1,top,Reinaldo,Brasileirão Betano,elite,11,11,6,1,0.09090909090909091,-0.26795855659492024,-0.14724025974025975,-0.3333333333333333,-0.23076923076923078,-0.3907791789240337,0.0,0.16666666666666666,-0.18609307359307356,-0.18609307359307356,False,False,Reinaldo,,,,,,,,,,,True,False
Alesson,alesson,MIRASSOL,Brasileirão Betano,0.0,6,assists,assists,MIRASSOL,MIRASSOL,2,top,Alesson,Brasileirão Betano,elite,11,11,6,1,0.0,0.0,0.0,0.0,0.0,,0.0,0.0,0.0,0.0,False,False,Alesson,,,,,,,,,,,True,False
Bruno Santos,bruno santos,MIRASSOL,Brasileirão Betano,0.0,6,assists,assists,MIRASSOL,MIRASSOL,3,top,Bruno Santos,Brasileirão Betano,elite,11,11,6,1,0.0,0.0,0.0,0.0,0.0,,0.0,0.0,0.0,0.0,False,False,Bruno Santos,,,,,,,,,,,True,False
Bruno Santos,bruno santos,MIRASSOL,Brasileirão Betano,15.333333333333334,6,passes,passes,MIRASSOL,MIRASSOL,1,bottom,Bruno Santos,Brasileirão Betano,elite,7,7,4,0,0.5714285714285714,-1.6307256235827663,1.0486111111111112,,,,,0.75,,,False,False,Bruno Santos,,,,,,,,,,,True,False
Alesson,alesson,MIRASSOL,Brasileirão Betano,17.666666666666668,6,passes,passes,MIRASSOL,MIRASSOL,2,bottom,Alesson,Brasileirão Betano,elite,7,7,4,0,0.42857142857142855,-3.136791383219954,-2.4131944444444438,,,,,0.5,,,False,True,Alesson,,,,,,,,,,,True,False
Walter,walter,MIRASSOL,Brasileirão Betano,25.285714285714285,7,passes,passes,MIRASSOL,MIRASSOL,3,bottom,Walter,Brasileirão Betano,unknown,7,7,3,0,0.42857142857142855,0.08253968253968276,-0.0740740740740738,,,,,0.3333333333333333,,,False,False,Walter,,,,,,,,,,,True,False
João Victor,joao victor,MIRASSOL,Brasileirão Betano,45.166666666666664,6,passes,passes,MIRASSOL,MIRASSOL,1,top,João Victor,Brasileirão Betano,elite,7,7,4,0,0.2857142857142857,-13.46439909297052,-8.38888888888889,,,,,0.25,,,False,True,João Victor,,,,,,,,,,,True,False
Reinaldo,reinaldo,MIRASSOL,Brasileirão Betano,32.285714285714285,7,passes,passes,MIRASSOL,MIRASSOL,2,top,Reinaldo,Brasileirão Betano,elite,7,7,4,0,0.2857142857142857,-2.4297052154195,-8.356150793650793,,,,,0.0,,,False,True,Reinaldo,,,,,,,,,,,True,False
Willian Machado,willian machado,MIRASSOL,Brasileirão Betano,28.166666666666668,6,passes,passes,MIRASSOL,MIRASSOL,3,top,Willian Machado,Brasileirão Betano,elite,7,7,4,0,0.7142857142857143,15.013265306122449,15.6875,,,,,0.75,,,False,False,Willian Machado,,,,,,,,,,,True,False
Alesson,alesson,MIRASSOL,Brasileirão Betano,0.0,6,saves,saves,MIRASSOL,MIRASSOL,1,bottom,Alesson,Brasileirão Betano,elite,7,7,4,0,0.0,0.0,0.0,,,,,0.0,,,False,False,Alesson,,,,,,,,,,,True,False
Bruno Santos,bruno santos,MIRASSOL,Brasileirão Betano,0.0,6,saves,saves,MIRASSOL,MIRASSOL,2,bottom,Bruno Santos,Brasileirão Betano,elite,7,7,4,0,0.0,0.0,0.0,,,,,0.0,,,False,False,Bruno Santos,,,,,,,,,,,True,False
João Victor,joao victor,MIRASSOL,Brasileirão Betano,0.0,6,saves,saves,MIRASSOL,MIRASSOL,3,bottom,João Victor,Brasileirão Betano,elite,7,7,4,0,0.0,0.0,0.0,,,,,0.0,,,False,False,João Victor,,,,,,,,,,,True,False
Walter,walter,MIRASSOL,Brasileirão Betano,2.7142857142857144,7,saves,saves,MIRASSOL,MIRASSOL,1,top,Walter,Brasileirão Betano,elite,10,10,5,1,0.5,0.6061616161616163,0.3945454545454547,3.5555555555555554,,0.9257725687904127,1.0,0.4,3.161010101010101,3.161010101010101,False,False,Walter,,,,,,,,,,,True,False
Alesson,alesson,MIRASSOL,Brasileirão Betano,0.0,6,saves,saves,MIRASSOL,MIRASSOL,2,top,Alesson,Brasileirão Betano,elite,7,7,4,0,0.0,0.0,0.0,,,,,0.0,,,False,False,Alesson,,,,,,,,,,,True,False
Bruno Santos,bruno santos,MIRASSOL,Brasileirão Betano,0.0,6,saves,saves,MIRASSOL,MIRASSOL,3,top,Bruno Santos,Brasileirão Betano,elite,7,7,4,0,0.0,0.0,0.0,,,,,0.0,,,False,False,Bruno Santos,,,,,,,,,,,True,False
Walter,walter,MIRASSOL,Brasileirão Betano,0.0,7,shots,shots,MIRASSOL,MIRASSOL,1,bottom,Walter,Brasileirão Betano,elite,10,10,5,1,0.0,0.0,0.0,0.0,,,0.0,0.0,0.0,0.0,False,False,Walter,,,,,,,,,,,True,False
Willian Machado,willian machado,MIRASSOL,Brasileirão Betano,0.16666666666666666,6,shots,shots,MIRASSOL,MIRASSOL,2,bottom,Willian Machado,Brasileirão Betano,elite,11,11,6,1,0.09090909090909091,0.02453329498784045,0.10012626262626262,-0.1111111111111111,-0.07692307692307693,-0.29920091987994424,0.0,0.16666666666666666,-0.21123737373737372,-0.21123737373737372,False,False,Willian Machado,,,,,,,,,,,True,False
Alesson,alesson,MIRASSOL,Brasileirão Betano,0.6666666666666666,6,shots,shots,MIRASSOL,MIRASSOL,3,bottom,Alesson,Brasileirão Betano,elite,11,11,6,1,0.36363636363636365,-0.12599092826365554,-0.32007575757575757,-0.5555555555555556,1.4615384615384617,-0.26788335773346517,0.0,0.3333333333333333,-0.235479797979798,-0.235479797979798,False,True,Alesson,,,,,,,,,,,True,False
Reinaldo,reinaldo,MIRASSOL,Brasileirão Betano,1.7142857142857142,7,shots,shots,MIRASSOL,MIRASSOL,1,top,Reinaldo,Brasileirão Betano,elite,11,11,6,1,0.5454545454545454,-0.03943682580046214,-0.050577200577200575,-1.7777777777777777,0.23076923076923084,-0.5182235964371493,0.0,0.5,-1.7272005772005772,-1.7272005772005772,False,False,Reinaldo,,,,,,,,,,,True,False
Bruno Santos,bruno santos,MIRASSOL,Brasileirão Betano,1.5,6,shots,shots,MIRASSOL,MIRASSOL,2,top,Bruno Santos,Brasileirão Betano,elite,11,11,6,1,0.45454545454545453,0.12187938324301961,0.7087121212121211,-1.2222222222222223,0.6153846153846154,-0.7610752440968088,0.0,0.6666666666666666,-1.9309343434343433,-1.9309343434343433,False,False,Bruno Santos,,,,,,,,,,,True,False
João Victor,joao victor,MIRASSOL,Brasileirão Betano,1.0,6,shots,shots,MIRASSOL,MIRASSOL,3,top,João Victor,Brasileirão Betano,elite,11,11,6,1,0.7272727272727273,0.1385850260850261,0.26756461131461134,0.4,0.5,0.34003589117799937,1.0,0.8333333333333334,0.13243538868538868,0.13243538868538868,False,False,João Victor,,,,,,,,,,,True,False
Alesson,alesson,MIRASSOL,Brasileirão Betano,0.0,6,shots_on_target,shots_on_target,MIRASSOL,MIRASSOL,1,bottom,Alesson,Brasileirão Betano,elite,11,11,6,1,0.0,0.0,0.0,0.0,0.0,,0.0,0.0,0.0,0.0,False,False,Alesson,,,,,,,,,,,True,False
Walter,walter,MIRASSOL,Brasileirão Betano,0.0,7,shots_on_target,shots_on_target,MIRASSOL,MIRASSOL,2,bottom,Walter,Brasileirão Betano,elite,10,10,5,1,0.0,0.0,0.0,0.0,,,0.0,0.0,0.0,0.0,False,False,Walter,,,,,,,,,,,True,False
Willian Machado,willian machado,MIRASSOL,Brasileirão Betano,0.16666666666666666,6,shots_on_target,shots_on_target,MIRASSOL,MIRASSOL,3,bottom,Willian Machado,Brasileirão Betano,elite,11,11,6,1,0.09090909090909091,0.02453329498784045,0.10012626262626262,-0.1111111111111111,-0.07692307692307693,-0.29920091987994424,0.0,0.16666666666666666,-0.21123737373737372,-0.21123737373737372,False,False,Willian Machado,,,,,,,,,,,True,False
Bruno Santos,bruno santos,MIRASSOL,Brasileirão Betano,0.5,6,shots_on_target,shots_on_target,MIRASSOL,MIRASSOL,1,top,Bruno Santos,Brasileirão Betano,elite,11,11,6,1,0.45454545454545453,0.06282909010181739,0.38535353535353534,-0.4444444444444444,0.46153846153846156,-0.7897528565076224,0.0,0.6666666666666666,-0.8297979797979798,-0.8297979797979798,False,False,Bruno Santos,,,,,,,,,,,True,False
Reinaldo,reinaldo,MIRASSOL,Brasileirão Betano,0.42857142857142855,7,shots_on_target,shots_on_target,MIRASSOL,MIRASSOL,2,top,Reinaldo,Brasileirão Betano,elite,11,11,6,1,0.36363636363636365,0.3891232504868869,0.6571248196248197,-0.1111111111111111,0.6153846153846154,-0.4187356438550211,0.0,0.5,-0.7682359307359308,-0.7682359307359308,False,False,Reinaldo,,,,,,,,,,,True,False
João Victor,joao victor,MIRASSOL,Brasileirão Betano,0.3333333333333333,6,shots_on_target,shots_on_target,MIRASSOL,MIRASSOL,3,top,João Victor,Brasileirão Betano,elite,11,11,6,1,0.18181818181818182,-0.01734099234099234,-0.01009869759869759,-0.2,0.8888888888888888,-0.1516235398015763,0.0,0.16666666666666666,-0.18990130240130243,-0.18990130240130243,False,False,João Victor,,,,,,,,,,,True,False
Walter,walter,MIRASSOL,Brasileirão Betano,0.0,7,tackles,tackles,MIRASSOL,MIRASSOL,1,bottom,Walter,Brasileirão Betano,unknown,7,7,3,0,0.0,0.0,0.0,,,,,0.0,,,False,False,Walter,,,,,,,,,,,True,False
Bruno Santos,bruno santos,MIRASSOL,Brasileirão Betano,0.3333333333333333,6,tackles,tackles,MIRASSOL,MIRASSOL,2,bottom,Bruno Santos,Brasileirão Betano,elite,7,7,4,0,0.2857142857142857,0.1290249433106576,0.18055555555555558,,,,,0.25,,,False,False,Bruno Santos,,,,,,,,,,,True,False
Willian Machado,willian machado,MIRASSOL,Brasileirão Betano,0.5,6,tackles,tackles,MIRASSOL,MIRASSOL,3,bottom,Willian Machado,Brasileirão Betano,elite,7,7,4,0,0.42857142857142855,0.5226757369614513,0.4861111111111111,,,,,0.5,,,False,False,Willian Machado,,,,,,,,,,,True,False
Alesson,alesson,MIRASSOL,Brasileirão Betano,1.5,6,tackles,tackles,MIRASSOL,MIRASSOL,1,top,Alesson,Brasileirão Betano,elite,7,7,4,0,0.2857142857142857,-0.40992063492063485,-1.2673611111111112,,,,,0.0,,,False,True,Alesson,,,,,,,,,,,True,False
Reinaldo,reinaldo,MIRASSOL,Brasileirão Betano,1.2857142857142858,7,tackles,tackles,MIRASSOL,MIRASSOL,2,top,Reinaldo,Brasileirão Betano,elite,7,7,4,0,0.14285714285714285,-0.6447845804988662,-0.46170634920634923,,,,,0.0,,,False,True,Reinaldo,,,,,,,,,,,True,False
João Victor,joao victor,MIRASSOL,Brasileirão Betano,0.6666666666666666,6,tackles,tackles,MIRASSOL,MIRASSOL,3,top,João Victor,Brasileirão Betano,elite,7,7,4,0,0.5714285714285714,0.1977324263038549,0.22222222222222224,,,,,0.5,,,False,False,João Victor,,,,,,,,,,,True,False
Alexis Sánchez,alexis sanchez,MONTREAL,MLS,0.0,5,assists,assists,MONTREAL,MONTREAL,1,bottom,Alexis Sánchez,MLS,mid,2,2,0,1,0.0,0.0,,0.0,0.0,,0.0,,,,False,False,Alexis Sánchez,Alexis Sánchez,MONTRÉAL,COLORADO,assists,0.5,8.0,Above Avg,0.0,0.0,alexis sanchez,True,False
Brandan Craig,brandan craig,MONTREAL,MLS,0.0,5,assists,assists,MONTREAL,MONTREAL,2,bottom,Brandan Craig,MLS,mid,2,2,0,1,0.0,0.0,,0.0,0.0,,0.0,,,,False,False,Brandan Craig,,,,,,,,,,,True,False
Daniel Ríos,daniel rios,MONTREAL,MLS,0.0,5,assists,assists,MONTREAL,MONTREAL,3,bottom,Daniel Ríos,MLS,mid,2,2,0,1,0.0,0.0,,0.0,0.0,,0.0,,,,False,False,Daniel Ríos,Daniel Ríos,MONTRÉAL,COLORADO,assists,0.5,8.0,Above Avg,0.0,0.0,daniel rios,True,False
Luca Petrasso,luca petrasso,MONTREAL,MLS,0.4,5,assists,assists,MONTREAL,MONTREAL,1,top,Luca Petrasso,MLS,mid,2,2,0,1,0.5,0.20833333333333334,,-0.3333333333333333,0.75,,0.0,,,,False,False,Luca Petrasso,Luca Petrasso,MONTRÉAL,COLORADO,assists,0.5,8.0,Above Avg,0.4,0.4,luca petrasso,True,False
Brayan Vera,brayan vera,MONTREAL,MLS,0.2,5,assists,assists,MONTREAL,MONTREAL,2,top,Brayan Vera,MLS,mid,2,2,0,1,0.0,-0.29166666666666663,,-0.3333333333333333,-0.25,,0.0,,,,False,False,Brayan Vera,Brayan Vera,MONTRÉAL,COLORADO,assists,0.5,8.0,Above Avg,0.2,0.2,brayan vera,True,False
Noah Streit,noah streit,MONTREAL,MLS,0.2,5,assists,assists,MONTREAL,MONTREAL,3,top,Noah Streit,MLS,mid,2,2,0,1,0.0,-0.29166666666666663,,-0.3333333333333333,-0.25,,0.0,,,,False,False,Noah Streit,Noah Streit,MONTRÉAL,COLORADO,assists,0.5,8.0,Above Avg,0.2,0.2,noah streit,True,False
Alexis Sánchez,alexis sanchez,MONTREAL,MLS,0.0,5,goals,goals,MONTREAL,MONTREAL,1,bottom,Alexis Sánchez,MLS,mid,2,2,0,1,0.0,0.0,,0.0,0.0,,0.0,,,,False,False,Alexis Sánchez,Alexis Sánchez,MONTRÉAL,COLORADO,goals,0.5,8.0,Above Avg,0.0,0.0,alexis sanchez,True,False
Brandan Craig,brandan craig,MONTREAL,MLS,0.0,5,goals,goals,MONTREAL,MONTREAL,2,bottom,Brandan Craig,MLS,mid,2,2,0,1,0.0,0.0,,0.0,0.0,,0.0,,,,False,False,Brandan Craig,Brandan Craig,MONTRÉAL,COLORADO,goals,0.5,8.0,Above Avg,0.0,0.0,brandan craig,True,False
Brayan Vera,brayan vera,MONTREAL,MLS,0.0,5,goals,goals,MONTREAL,MONTREAL,3,bottom,Brayan Vera,MLS,mid,2,2,0,1,0.0,0.0,,0.0,0.0,,0.0,,,,False,False,Brayan Vera,Brayan Vera,MONTRÉAL,COLORADO,goals,0.5,8.0,Above Avg,0.0,0.0,brayan vera,True,False
Daniel Ríos,daniel rios,MONTREAL,MLS,0.4,5,goals,goals,MONTREAL,MONTREAL,1,top,Daniel Ríos,MLS,mid,2,2,0,1,0.5,0.20833333333333334,,-0.3333333333333333,0.75,,0.0,,,,False,False,Daniel Ríos,Daniel Ríos,MONTRÉAL,COLORADO,goals,1.5,8.0,Above Avg,0.0,0.4,daniel rios,True,False
Daniel Ríos,daniel rios,MONTREAL,MLS,0.4,5,goals,goals,MONTREAL,MONTREAL,1,top,Daniel Ríos,MLS,mid,2,2,0,1,0.5,0.20833333333333334,,-0.3333333333333333,0.75,,0.0,,,,False,False,Daniel Ríos,Daniel Ríos,MONTRÉAL,COLORADO,goals,0.5,8.0,Above Avg,0.4,0.4,daniel rios,True,False
Fabian Herbers,fabian herbers,MONTREAL,MLS,0.2,5,goals,goals,MONTREAL,MONTREAL,2,top,Fabian Herbers,MLS,mid,2,2,0,1,0.0,-0.29166666666666663,,-0.3333333333333333,-0.25,,0.0,,,,False,False,Fabian Herbers,Fabian Herbers,MONTRÉAL,COLORADO,goals,0.5,8.0,Above Avg,0.2,0.2,fabian herbers,True,False
Noah Streit,noah streit,MONTREAL,MLS,0.2,5,goals,goals,MONTREAL,MONTREAL,3,top,Noah Streit,MLS,mid,2,2,0,1,0.0,-0.29166666666666663,,-0.3333333333333333,-0.25,,0.0,,,,False,False,Noah Streit,Noah Streit,MONTRÉAL,COLORADO,goals,0.5,8.0,Above Avg,0.2,0.2,noah streit,True,False
Sébastian Breza,sebastian breza,MONTREAL,MLS,1.6,5,saves,saves,MONTREAL,MONTREAL,1,bottom,Sébastian Breza,MLS,mid,2,2,0,1,1.0,3.25,,6.0,0.5,,1.0,,,,False,False,Sébastian Breza,Sébastian Breza,MONTRÉAL,COLORADO,saves,3.0,8.0,Above Avg,0.2,1.6,sebastian breza,True,False
Sébastian Breza,sebastian breza,MONTREAL,MLS,1.6,5,saves,saves,MONTREAL,MONTREAL,1,bottom,Sébastian Breza,MLS,mid,2,2,0,1,1.0,3.25,,6.0,0.5,,1.0,,,,False,False,Sébastian Breza,Sébastian Breza,MONTRÉAL,COLORADO,saves,4.5,8.0,Above Avg,0.2,1.6,sebastian breza,True,False
Sébastian Breza,sebastian breza,MONTREAL,MLS,1.6,5,saves,saves,MONTREAL,MONTREAL,1,bottom,Sébastian Breza,MLS,mid,2,2,0,1,1.0,3.25,,6.0,0.5,,1.0,,,,False,False,Sébastian Breza,Sébastian Breza,MONTRÉAL,COLORADO,saves,3.5,8.0,Above Avg,0.2,1.6,sebastian breza,True,False
Sébastian Breza,sebastian breza,MONTREAL,MLS,1.6,5,saves,saves,MONTREAL,MONTREAL,1,bottom,Sébastian Breza,MLS,mid,2,2,0,1,1.0,3.25,,6.0,0.5,,1.0,,,,False,False,Sébastian Breza,Sébastian Breza,MONTRÉAL,COLORADO,saves,2.5,8.0,Above Avg,0.2,1.6,sebastian breza,True,False
Thomas Gillier,thomas gillier,MONTREAL,MLS,1.8,5,saves,saves,MONTREAL,MONTREAL,2,bottom,Thomas Gillier,MLS,mid,2,2,0,1,0.0,-2.625,,-3.0,-2.25,,0.0,,,,False,False,Thomas Gillier,,,,,,,,,,,True,False
Thomas Gillier,thomas gillier,MONTREAL,MLS,1.8,5,saves,saves,MONTREAL,MONTREAL,1,top,Thomas Gillier,MLS,mid,2,2,0,1,0.0,-2.625,,-3.0,-2.25,,0.0,,,,False,False,Thomas Gillier,,,,,,,,,,,True,False
Sébastian Breza,sebastian breza,MONTREAL,MLS,1.6,5,saves,saves,MONTREAL,MONTREAL,2,top,Sébastian Breza,MLS,mid,2,2,0,1,1.0,3.25,,6.0,0.5,,1.0,,,,False,False,Sébastian Breza,Sébastian Breza,MONTRÉAL,COLORADO,saves,3.0,8.0,Above Avg,0.2,1.6,sebastian breza,True,False
Sébastian Breza,sebastian breza,MONTREAL,MLS,1.6,5,saves,saves,MONTREAL,MONTREAL,2,top,Sébastian Breza,MLS,mid,2,2,0,1,1.0,3.25,,6.0,0.5,,1.0,,,,False,False,Sébastian Breza,Sébastian Breza,MONTRÉAL,COLORADO,saves,4.5,8.0,Above Avg,0.2,1.6,sebastian breza,True,False
Sébastian Breza,sebastian breza,MONTREAL,MLS,1.6,5,saves,saves,MONTREAL,MONTREAL,2,top,Sébastian Breza,MLS,mid,2,2,0,1,1.0,3.25,,6.0,0.5,,1.0,,,,False,False,Sébastian Breza,Sébastian Breza,MONTRÉAL,COLORADO,saves,3.5,8.0,Above Avg,0.2,1.6,sebastian breza,True,False
Sébastian Breza,sebastian breza,MONTREAL,MLS,1.6,5,saves,saves,MONTREAL,MONTREAL,2,top,Sébastian Breza,MLS,mid,2,2,0,1,1.0,3.25,,6.0,0.5,,1.0,,,,False,False,Sébastian Breza,Sébastian Breza,MONTRÉAL,COLORADO,saves,2.5,8.0,Above Avg,0.2,1.6,sebastian breza,True,False
Brayan Vera,brayan vera,MONTREAL,MLS,0.0,5,shots,shots,MONTREAL,MONTREAL,1,bottom,Brayan Vera,MLS,mid,2,2,0,1,0.0,0.0,,0.0,0.0,,0.0,,,,False,False,Brayan Vera,Brayan Vera,MONTRÉAL,COLORADO,shots,1.5,8.0,Above Avg,0.0,0.0,brayan vera,True,False
Samuel Piette,samuel piette,MONTREAL,MLS,0.0,5,shots,shots,MONTREAL,MONTREAL,2,bottom,Samuel Piette,MLS,mid,2,2,0,1,0.0,0.0,,0.0,0.0,,0.0,,,,False,False,Samuel Piette,Samuel Piette,MONTRÉAL,COLORADO,shots,1.5,8.0,Above Avg,0.0,0.0,samuel piette,True,False
Samuel Piette,samuel piette,MONTREAL,MLS,0.0,5,shots,shots,MONTREAL,MONTREAL,2,bottom,Samuel Piette,MLS,mid,2,2,0,1,0.0,0.0,,0.0,0.0,,0.0,,,,False,False,Samuel Piette,Samuel Piette,MONTRÉAL,COLORADO,shots,0.5,8.0,Above Avg,0.0,0.0,samuel piette,True,False
Sébastian Breza,sebastian breza,MONTREAL,MLS,0.0,5,shots,shots,MONTREAL,MONTREAL,3,bottom,Sébastian Breza,MLS,mid,2,2,0,1,0.0,0.0,,0.0,0.0,,0.0,,,,False,False,Sébastian Breza,,,,,,,,,,,True,False
Matthew Longstaff,matthew longstaff,MONTREAL,MLS,2.0,5,shots,shots,MONTREAL,MONTREAL,1,top,Matthew Longstaff,MLS,mid,2,2,0,1,0.0,-1.3333333333333333,,-2.6666666666666665,0.0,,0.0,,,,False,False,Matthew Longstaff,,,,,,,,,,,True,False
Noah Streit,noah streit,MONTREAL,MLS,1.2,5,shots,shots,MONTREAL,MONTREAL,2,top,Noah Streit,MLS,mid,2,2,0,1,0.0,-1.75,,-2.0,-1.5,,0.0,,,,False,False,Noah Streit,Noah Streit,MONTRÉAL,COLORADO,shots,3.5,8.0,Above Avg,0.0,1.2,noah streit,True,False
Noah Streit,noah streit,MONTREAL,MLS,1.2,5,shots,shots,MONTREAL,MONTREAL,2,top,Noah Streit,MLS,mid,2,2,0,1,0.0,-1.75,,-2.0,-1.5,,0.0,,,,False,False,Noah Streit,Noah Streit,MONTRÉAL,COLORADO,shots,2.5,8.0,Above Avg,0.4,1.2,noah streit,True,False
Noah Streit,noah streit,MONTREAL,MLS,1.2,5,shots,shots,MONTREAL,MONTREAL,2,top,Noah Streit,MLS,mid,2,2,0,1,0.0,-1.75,,-2.0,-1.5,,0.0,,,,False,False,Noah Streit,Noah Streit,MONTRÉAL,COLORADO,shots,0.5,8.0,Above Avg,0.4,1.2,noah streit,True,False
Alexis Sánchez,alexis sanchez,MONTREAL,MLS,0.8,5,shots,shots,MONTREAL,MONTREAL,3,top,Alexis Sánchez,MLS,mid,2,2,0,1,0.5,1.2083333333333333,,-0.3333333333333333,2.75,,0.0,,,,False,False,Alexis Sánchez,Alexis Sánchez,MONTRÉAL,COLORADO,shots,4.5,8.0,Above Avg,0.0,0.8,alexis sanchez,True,False
Alexis Sánchez,alexis sanchez,MONTREAL,MLS,0.8,5,shots,shots,MONTREAL,MONTREAL,3,top,Alexis Sánchez,MLS,mid,2,2,0,1,0.5,1.2083333333333333,,-0.3333333333333333,2.75,,0.0,,,,False,False,Alexis Sánchez,Alexis Sánchez,MONTRÉAL,COLORADO,shots,2.5,8.0,Above Avg,0.2,0.8,alexis sanchez,True,False
Alexis Sánchez,alexis sanchez,MONTREAL,MLS,0.8,5,shots,shots,MONTREAL,MONTREAL,3,top,Alexis Sánchez,MLS,mid,2,2,0,1,0.5,1.2083333333333333,,-0.3333333333333333,2.75,,0.0,,,,False,False,Alexis Sánchez,Alexis Sánchez,MONTRÉAL,COLORADO,shots,1.5,8.0,Above Avg,0.2,0.8,alexis sanchez,True,False
Alexis Sánchez,alexis sanchez,MONTREAL,MLS,0.0,5,shots_on_target,shots_on_target,MONTREAL,MONTREAL,1,bottom,Alexis Sánchez,MLS,mid,2,2,0,1,0.0,0.0,,0.0,0.0,,0.0,,,,False,False,Alexis Sánchez,Alexis Sánchez,MONTRÉAL,COLORADO,shots_on_target,0.5,8.0,Above Avg,0.0,0.0,alexis sanchez,True,False
Alexis Sánchez,alexis sanchez,MONTREAL,MLS,0.0,5,shots_on_target,shots_on_target,MONTREAL,MONTREAL,1,bottom,Alexis Sánchez,MLS,mid,2,2,0,1,0.0,0.0,,0.0,0.0,,0.0,,,,False,False,Alexis Sánchez,Alexis Sánchez,MONTRÉAL,COLORADO,shots_on_target,2.5,8.0,Above Avg,0.0,0.0,alexis sanchez,True,False
Alexis Sánchez,alexis sanchez,MONTREAL,MLS,0.0,5,shots_on_target,shots_on_target,MONTREAL,MONTREAL,1,bottom,Alexis Sánchez,MLS,mid,2,2,0,1,0.0,0.0,,0.0,0.0,,0.0,,,,False,False,Alexis Sánchez,Alexis Sánchez,MONTRÉAL,COLORADO,shots_on_target,1.5,8.0,Above Avg,0.0,0.0,alexis sanchez,True,False
Brandan Craig,brandan craig,MONTREAL,MLS,0.0,5,shots_on_target,shots_on_target,MONTREAL,MONTREAL,2,bottom,Brandan Craig,MLS,mid,2,2,0,1,0.0,0.0,,0.0,0.0,,0.0,,,,False,False,Brandan Craig,Brandan Craig,MONTRÉAL,COLORADO,shots_on_target,0.5,8.0,Above Avg,0.0,0.0,brandan craig,True,False
Brayan Vera,brayan vera,MONTREAL,MLS,0.0,5,shots_on_target,shots_on_target,MONTREAL,MONTREAL,3,bottom,Brayan Vera,MLS,mid,2,2,0,1,0.0,0.0,,0.0,0.0,,0.0,,,,False,False,Brayan Vera,Brayan Vera,MONTRÉAL,COLORADO,shots_on_target,1.5,8.0,Above Avg,0.0,0.0,brayan vera,True,False
Brayan Vera,brayan vera,MONTREAL,MLS,0.0,5,shots_on_target,shots_on_target,MONTREAL,MONTREAL,3,bottom,Brayan Vera,MLS,mid,2,2,0,1,0.0,0.0,,0.0,0.0,,0.0,,,,False,False,Brayan Vera,Brayan Vera,MONTRÉAL,COLORADO,shots_on_target,0.5,8.0,Above Avg,0.0,0.0,brayan vera,True,False
Matthew Longstaff,matthew longstaff,MONTREAL,MLS,1.0,5,shots_on_target,shots_on_target,MONTREAL,MONTREAL,1,top,Matthew Longstaff,MLS,mid,2,2,0,1,0.0,-0.6666666666666666,,-1.3333333333333333,0.0,,0.0,,,,False,False,Matthew Longstaff,,,,,,,,,,,True,False
Daniel Ríos,daniel rios,MONTREAL,MLS,0.6,5,shots_on_target,shots_on_target,MONTREAL,MONTREAL,2,top,Daniel Ríos,MLS,mid,2,2,0,1,0.5,-0.08333333333333331,,-0.6666666666666666,0.5,,0.0,,,,False,False,Daniel Ríos,Daniel Ríos,MONTRÉAL,COLORADO,shots_on_target,2.5,8.0,Above Avg,0.0,0.6,daniel rios,True,False
Daniel Ríos,daniel rios,MONTREAL,MLS,0.6,5,shots_on_target,shots_on_target,MONTREAL,MONTREAL,2,top,Daniel Ríos,MLS,mid,2,2,0,1,0.5,-0.08333333333333331,,-0.6666666666666666,0.5,,0.0,,,,False,False,Daniel Ríos,Daniel Ríos,MONTRÉAL,COLORADO,shots_on_target,1.5,8.0,Above Avg,0.2,0.6,daniel rios,True,False
Daniel Ríos,daniel rios,MONTREAL,MLS,0.6,5,shots_on_target,shots_on_target,MONTREAL,MONTREAL,2,top,Daniel Ríos,MLS,mid,2,2,0,1,0.5,-0.08333333333333331,,-0.6666666666666666,0.5,,0.0,,,,False,False,Daniel Ríos,Daniel Ríos,MONTRÉAL,COLORADO,shots_on_target,0.5,8.0,Above Avg,0.4,0.6,daniel rios,True,False
Noah Streit,noah streit,MONTREAL,MLS,0.4,5,shots_on_target,shots_on_target,MONTREAL,MONTREAL,3,top,Noah Streit,MLS,mid,2,2,0,1,0.0,-0.5833333333333333,,-0.6666666666666666,-0.5,,0.0,,,,False,False,Noah Streit,Noah Streit,MONTRÉAL,COLORADO,shots_on_target,1.5,8.0,Above Avg,0.0,0.4,noah streit,True,False
Noah Streit,noah streit,MONTREAL,MLS,0.4,5,shots_on_target,shots_on_target,MONTREAL,MONTREAL,3,top,Noah Streit,MLS,mid,2,2,0,1,0.0,-0.5833333333333333,,-0.6666666666666666,-0.5,,0.0,,,,False,False,Noah Streit,Noah Streit,MONTRÉAL,COLORADO,shots_on_target,0.5,8.0,Above Avg,0.4,0.4,noah streit,True,False
Ahmed Qasim,ahmed qasim,NASHVILLE,MLS,0.0,5,assists,assists,NASHVILLE,NASHVILLE,1,bottom,Ahmed Qasim,MLS,mid,2,2,0,1,0.0,0.0,,0.0,0.0,,0.0,,,,False,False,Ahmed Qasim,,,,,,,,,,,True,False
Alex Muyl,alex muyl,NASHVILLE,MLS,0.0,5,assists,assists,NASHVILLE,NASHVILLE,2,bottom,Alex Muyl,MLS,mid,2,2,0,1,0.0,0.0,,0.0,0.0,,0.0,,,,False,False,Alex Muyl,,,,,,,,,,,True,False
Andy Nájar,andy najar,NASHVILLE,MLS,0.0,5,assists,assists,NASHVILLE,NASHVILLE,3,bottom,Andy Nájar,MLS,mid,2,2,0,1,0.0,0.0,,0.0,0.0,,0.0,,,,False,False,Andy Nájar,,,,,,,,,,,True,False
Cristian Espinoza,cristian espinoza,NASHVILLE,MLS,0.4,5,assists,assists,NASHVILLE,NASHVILLE,1,top,Cristian Espinoza,MLS,mid,2,2,0,1,0.0,-0.5833333333333333,,-0.5,-0.6666666666666666,,0.0,,,,False,False,Cristian Espinoza,,,,,,,,,,,True,False
Hany Mukhtar,hany mukhtar,NASHVILLE,MLS,0.4,5,assists,assists,NASHVILLE,NASHVILLE,2,top,Hany Mukhtar,MLS,mid,2,2,0,1,0.0,-0.5833333333333333,,-0.5,-0.6666666666666666,,0.0,,,,False,False,Hany Mukhtar,,,,,,,,,,,True,False
Daniel Lovitz,daniel lovitz,NASHVILLE,MLS,0.2,5,assists,assists,NASHVILLE,NASHVILLE,3,top,Daniel Lovitz,MLS,mid,2,2,0,1,0.0,-0.29166666666666663,,-0.25,-0.3333333333333333,,0.0,,,,False,False,Daniel Lovitz,,,,,,,,,,,True,False
Alex Muyl,alex muyl,NASHVILLE,MLS,0.0,5,goals,goals,NASHVILLE,NASHVILLE,1,bottom,Alex Muyl,MLS,mid,2,2,0,1,0.0,0.0,,0.0,0.0,,0.0,,,,False,False,Alex Muyl,,,,,,,,,,,True,False
Brian Schwake,brian schwake,NASHVILLE,MLS,0.0,5,goals,goals,NASHVILLE,NASHVILLE,2,bottom,Brian Schwake,MLS,mid,2,2,0,1,0.0,0.0,,0.0,0.0,,0.0,,,,False,False,Brian Schwake,,,,,,,,,,,True,False
Cristian Espinoza,cristian espinoza,NASHVILLE,MLS,0.0,5,goals,goals,NASHVILLE,NASHVILLE,3,bottom,Cristian Espinoza,MLS,mid,2,2,0,1,0.0,0.0,,0.0,0.0,,0.0,,,,False,False,Cristian Espinoza,,,,,,,,,,,True,False
Hany Mukhtar,hany mukhtar,NASHVILLE,MLS,0.4,5,goals,goals,NASHVILLE,NASHVILLE,1,top,Hany Mukhtar,MLS,mid,2,2,0,1,0.0,-0.5833333333333333,,-0.5,-0.6666666666666666,,0.0,,,,False,False,Hany Mukhtar,,,,,,,,,,,True,False
Ahmed Qasim,ahmed qasim,NASHVILLE,MLS,0.2,5,goals,goals,NASHVILLE,NASHVILLE,2,top,Ahmed Qasim,MLS,mid,2,2,0,1,0.0,-0.29166666666666663,,-0.25,-0.3333333333333333,,0.0,,,,False,False,Ahmed Qasim,,,,,,,,,,,True,False
Andy Nájar,andy najar,NASHVILLE,MLS,0.2,5,goals,goals,NASHVILLE,NASHVILLE,3,top,Andy Nájar,MLS,mid,2,2,0,1,0.0,-0.29166666666666663,,-0.25,-0.3333333333333333,,0.0,,,,False,False,Andy Nájar,,,,,,,,,,,True,False
Joe Willis,joe willis,NASHVILLE,MLS,0.0,5,saves,saves,NASHVILLE,NASHVILLE,1,bottom,Joe Willis,MLS,mid,2,2,0,1,0.0,0.0,,0.0,0.0,,0.0,,,,False,False,Joe Willis,,,,,,,,,,,True,False
Brian Schwake,brian schwake,NASHVILLE,MLS,2.6,5,saves,saves,NASHVILLE,NASHVILLE,2,bottom,Brian Schwake,MLS,mid,2,2,0,1,0.5,0.8333333333333333,,3.0,-1.3333333333333335,,1.0,,,,False,False,Brian Schwake,,,,,,,,,,,True,False
Brian Schwake,brian schwake,NASHVILLE,MLS,2.6,5,saves,saves,NASHVILLE,NASHVILLE,1,top,Brian Schwake,MLS,mid,2,2,0,1,0.5,0.8333333333333333,,3.0,-1.3333333333333335,,1.0,,,,False,False,Brian Schwake,,,,,,,,,,,True,False
Joe Willis,joe willis,NASHVILLE,MLS,0.0,5,saves,saves,NASHVILLE,NASHVILLE,2,top,Joe Willis,MLS,mid,2,2,0,1,0.0,0.0,,0.0,0.0,,0.0,,,,False,False,Joe Willis,,,,,,,,,,,True,False
Alex Muyl,alex muyl,NASHVILLE,MLS,0.0,5,shots,shots,NASHVILLE,NASHVILLE,1,bottom,Alex Muyl,MLS,mid,2,2,0,1,0.0,0.0,,0.0,0.0,,0.0,,,,False,False,Alex Muyl,,,,,,,,,,,True,False
Brian Schwake,brian schwake,NASHVILLE,MLS,0.0,5,shots,shots,NASHVILLE,NASHVILLE,2,bottom,Brian Schwake,MLS,mid,2,2,0,1,0.0,0.0,,0.0,0.0,,0.0,,,,False,False,Brian Schwake,,,,,,,,,,,True,False
Daniel Lovitz,daniel lovitz,NASHVILLE,MLS,0.0,5,shots,shots,NASHVILLE,NASHVILLE,3,bottom,Daniel Lovitz,MLS,mid,2,2,0,1,0.0,0.0,,0.0,0.0,,0.0,,,,False,False,Daniel Lovitz,,,,,,,,,,,True,False
Hany Mukhtar,hany mukhtar,NASHVILLE,MLS,3.4,5,shots,shots,NASHVILLE,NASHVILLE,1,top,Hany Mukhtar,MLS,mid,2,2,0,1,0.5,-0.8333333333333333,,-3.0,1.3333333333333335,,0.0,,,,False,False,Hany Mukhtar,,,,,,,,,,,True,False
Sam Surridge,sam surridge,NASHVILLE,MLS,2.6,5,shots,shots,NASHVILLE,NASHVILLE,2,top,Sam Surridge,MLS,mid,2,2,0,1,1.0,1.25,,0.5,2.0,,1.0,,,,False,False,Sam Surridge,,,,,,,,,,,True,False
Elias Saad,elias saad,NASHVILLE,MLS,1.8,5,shots,shots,NASHVILLE,NASHVILLE,3,top,Elias Saad,MLS,mid,2,2,0,1,1.0,0.29166666666666663,,0.25,0.33333333333333326,,1.0,,,,False,False,Elias Saad,,,,,,,,,,,True,False
Alex Muyl,alex muyl,NASHVILLE,MLS,0.0,5,shots_on_target,shots_on_target,NASHVILLE,NASHVILLE,1,bottom,Alex Muyl,MLS,mid,2,2,0,1,0.0,0.0,,0.0,0.0,,0.0,,,,False,False,Alex Muyl,,,,,,,,,,,True,False
Brian Schwake,brian schwake,NASHVILLE,MLS,0.0,5,shots_on_target,shots_on_target,NASHVILLE,NASHVILLE,2,bottom,Brian Schwake,MLS,mid,2,2,0,1,0.0,0.0,,0.0,0.0,,0.0,,,,False,False,Brian Schwake,,,,,,,,,,,True,False
Daniel Lovitz,daniel lovitz,NASHVILLE,MLS,0.0,5,shots_on_target,shots_on_target,NASHVILLE,NASHVILLE,3,bottom,Daniel Lovitz,MLS,mid,2,2,0,1,0.0,0.0,,0.0,0.0,,0.0,,,,False,False,Daniel Lovitz,,,,,,,,,,,True,False
Hany Mukhtar,hany mukhtar,NASHVILLE,MLS,1.0,5,shots_on_target,shots_on_target,NASHVILLE,NASHVILLE,1,top,Hany Mukhtar,MLS,mid,2,2,0,1,0.0,-0.6666666666666666,,0.0,-1.3333333333333333,,0.0,,,,False,False,Hany Mukhtar,,,,,,,,,,,True,False
Elias Saad,elias saad,NASHVILLE,MLS,0.8,5,shots_on_target,shots_on_target,NASHVILLE,NASHVILLE,2,top,Elias Saad,MLS,mid,2,2,0,1,1.0,1.0833333333333335,,1.5,0.6666666666666667,,1.0,,,,False,False,Elias Saad,,,,,,,,,,,True,False
Sam Surridge,sam surridge,NASHVILLE,MLS,0.8,5,shots_on_target,shots_on_target,NASHVILLE,NASHVILLE,3,top,Sam Surridge,MLS,mid,2,2,0,1,1.0,0.2916666666666667,,0.25,0.33333333333333337,,1.0,,,,False,False,Sam Surridge,,,,,,,,,,,True,False
Abdulmalik Al Oyayari,abdulmalik al oyayari,NEOM,ksa.1,0.0,5,assists,assists,NEOM,NEOM,1,bottom,Abdulmalik Al Oyayari,ksa.1,unknown,2,2,0,0,0.0,0.0,,,,,,,,,False,False,Abdulmalik Al Oyayari,,,,,,,,,,,True,False
Ahmed Al Anazi,ahmed al anazi,NEOM,ksa.1,0.0,5,assists,assists,NEOM,NEOM,2,bottom,Ahmed Al Anazi,ksa.1,unknown,2,2,0,0,0.0,0.0,,,,,,,,,False,False,Ahmed Al Anazi,,,,,,,,,,,True,False
Alexandre Lacazette,alexandre lacazette,NEOM,ksa.1,0.0,5,assists,assists,NEOM,NEOM,3,bottom,Alexandre Lacazette,ksa.1,unknown,2,2,0,0,0.0,0.0,,,,,,,,,False,False,Alexandre Lacazette,,,,,,,,,,,True,False
Haroune Camara,haroune camara,NEOM,ksa.1,0.4,5,assists,assists,NEOM,NEOM,1,top,Haroune Camara,ksa.1,unknown,2,2,0,0,0.5,0.08333333333333337,,,,,,,,,False,False,Haroune Camara,,,,,,,,,,,True,False
Khalil Al-Absi,khalil al-absi,NEOM,ksa.1,0.4,5,assists,assists,NEOM,NEOM,2,top,Khalil Al-Absi,ksa.1,unknown,2,2,0,0,0.5,0.08333333333333337,,,,,,,,,False,False,Khalil Al-Absi,,,,,,,,,,,True,False
Amadou Koné,amadou kone,NEOM,ksa.1,0.2,5,assists,assists,NEOM,NEOM,3,top,Amadou Koné,ksa.1,unknown,2,2,0,0,0.5,0.375,,,,,,,,,False,False,Amadou Koné,,,,,,,,,,,True,False
Abdulmalik Al Oyayari,abdulmalik al oyayari,NEOM,ksa.1,0.0,5,goals,goals,NEOM,NEOM,1,bottom,Abdulmalik Al Oyayari,ksa.1,unknown,2,2,0,0,0.0,0.0,,,,,,,,,False,False,Abdulmalik Al Oyayari,,,,,,,,,,,True,False
Ahmed Al Anazi,ahmed al anazi,NEOM,ksa.1,0.0,5,goals,goals,NEOM,NEOM,2,bottom,Ahmed Al Anazi,ksa.1,unknown,2,2,0,0,0.0,0.0,,,,,,,,,False,False,Ahmed Al Anazi,,,,,,,,,,,True,False
Faisal Al-Ghamdi,faisal al-ghamdi,NEOM,ksa.1,0.0,5,goals,goals,NEOM,NEOM,3,bottom,Faisal Al-Ghamdi,ksa.1,unknown,2,2,0,0,0.0,0.0,,,,,,,,,False,False,Faisal Al-Ghamdi,,,,,,,,,,,True,False
Alexandre Lacazette,alexandre lacazette,NEOM,ksa.1,0.6,5,goals,goals,NEOM,NEOM,1,top,Alexandre Lacazette,ksa.1,unknown,2,2,0,0,0.5,-0.20833333333333331,,,,,,,,,False,False,Alexandre Lacazette,,,,,,,,,,,True,False
Amadou Koné,amadou kone,NEOM,ksa.1,0.4,5,goals,goals,NEOM,NEOM,2,top,Amadou Koné,ksa.1,unknown,2,2,0,0,1.0,0.875,,,,,,,,,False,False,Amadou Koné,,,,,,,,,,,True,False
Muhannad Al-Saad,muhannad al-saad,NEOM,ksa.1,0.2,5,goals,goals,NEOM,NEOM,3,top,Muhannad Al-Saad,ksa.1,unknown,2,2,0,0,0.5,0.375,,,,,,,,,False,False,Muhannad Al-Saad,,,,,,,,,,,True,False
Marcin Bulka,marcin bulka,NEOM,ksa.1,2.2,5,saves,saves,NEOM,NEOM,1,bottom,Marcin Bulka,ksa.1,unknown,2,2,0,0,0.5,0.75,,,,,,,,,False,False,Marcin Bulka,,,,,,,,,,,True,False
Marcin Bulka,marcin bulka,NEOM,ksa.1,2.2,5,saves,saves,NEOM,NEOM,1,top,Marcin Bulka,ksa.1,unknown,2,2,0,0,0.5,0.75,,,,,,,,,False,False,Marcin Bulka,,,,,,,,,,,True,False
Ahmed Al Anazi,ahmed al anazi,NEOM,ksa.1,0.0,5,shots,shots,NEOM,NEOM,1,bottom,Ahmed Al Anazi,ksa.1,unknown,2,2,0,0,0.0,0.0,,,,,,,,,False,False,Ahmed Al Anazi,,,,,,,,,,,True,False
Faisal Al-Ghamdi,faisal al-ghamdi,NEOM,ksa.1,0.0,5,shots,shots,NEOM,NEOM,2,bottom,Faisal Al-Ghamdi,ksa.1,unknown,2,2,0,0,0.0,0.0,,,,,,,,,False,False,Faisal Al-Ghamdi,,,,,,,,,,,True,False
Islam Hawsawi,islam hawsawi,NEOM,ksa.1,0.0,5,shots,shots,NEOM,NEOM,3,bottom,Islam Hawsawi,ksa.1,unknown,2,2,0,0,0.0,0.0,,,,,,,,,False,False,Islam Hawsawi,,,,,,,,,,,True,False
Alexandre Lacazette,alexandre lacazette,NEOM,ksa.1,1.6,5,shots,shots,NEOM,NEOM,1,top,Alexandre Lacazette,ksa.1,unknown,2,2,0,0,0.5,0.8333333333333334,,,,,,,,,False,False,Alexandre Lacazette,,,,,,,,,,,True,False
Amadou Koné,amadou kone,NEOM,ksa.1,1.4,5,shots,shots,NEOM,NEOM,2,top,Amadou Koné,ksa.1,unknown,2,2,0,0,0.5,-0.45833333333333337,,,,,,,,,False,False,Amadou Koné,,,,,,,,,,,True,False
Haroune Camara,haroune camara,NEOM,ksa.1,1.4,5,shots,shots,NEOM,NEOM,3,top,Haroune Camara,ksa.1,unknown,2,2,0,0,0.0,-1.25,,,,,,,,,False,False,Haroune Camara,,,,,,,,,,,True,False
Abdulmalik Al Oyayari,abdulmalik al oyayari,NEOM,ksa.1,0.0,5,shots_on_target,shots_on_target,NEOM,NEOM,1,bottom,Abdulmalik Al Oyayari,ksa.1,unknown,2,2,0,0,0.0,0.0,,,,,,,,,False,False,Abdulmalik Al Oyayari,,,,,,,,,,,True,False
Ahmed Al Anazi,ahmed al anazi,NEOM,ksa.1,0.0,5,shots_on_target,shots_on_target,NEOM,NEOM,2,bottom,Ahmed Al Anazi,ksa.1,unknown,2,2,0,0,0.0,0.0,,,,,,,,,False,False,Ahmed Al Anazi,,,,,,,,,,,True,False
Faisal Al-Ghamdi,faisal al-ghamdi,NEOM,ksa.1,0.0,5,shots_on_target,shots_on_target,NEOM,NEOM,3,bottom,Faisal Al-Ghamdi,ksa.1,unknown,2,2,0,0,0.0,0.0,,,,,,,,,False,False,Faisal Al-Ghamdi,,,,,,,,,,,True,False
Alexandre Lacazette,alexandre lacazette,NEOM,ksa.1,0.6,5,shots_on_target,shots_on_target,NEOM,NEOM,1,top,Alexandre Lacazette,ksa.1,unknown,2,2,0,0,0.5,-0.08333333333333331,,,,,,,,,False,False,Alexandre Lacazette,,,,,,,,,,,True,False
Amadou Koné,amadou kone,NEOM,ksa.1,0.6,5,shots_on_target,shots_on_target,NEOM,NEOM,2,top,Amadou Koné,ksa.1,unknown,2,2,0,0,0.5,-0.08333333333333331,,,,,,,,,False,False,Amadou Koné,,,,,,,,,,,True,False
Haroune Camara,haroune camara,NEOM,ksa.1,0.6,5,shots_on_target,shots_on_target,NEOM,NEOM,3,top,Haroune Camara,ksa.1,unknown,2,2,0,0,0.5,-0.08333333333333331,,,,,,,,,False,False,Haroune Camara,,,,,,,,,,,True,False
Alhassan Yusuf,alhassan yusuf,NEW ENGLAND,MLS,0.0,5,assists,assists,NEW ENGLAND,NEW ENGLAND,1,bottom,Alhassan Yusuf,MLS,mid,2,2,0,0,0.0,0.0,,,0.0,,,,,,False,False,Alhassan Yusuf,,,,,,,,,,,True,False
Diego Fagundez,diego fagundez,NEW ENGLAND,MLS,0.0,5,assists,assists,NEW ENGLAND,NEW ENGLAND,2,bottom,Diego Fagundez,MLS,mid,2,2,0,0,0.0,0.0,,,0.0,,,,,,False,False,Diego Fagundez,,,,,,,,,,,True,False
Dor Turgeman,dor turgeman,NEW ENGLAND,MLS,0.0,5,assists,assists,NEW ENGLAND,NEW ENGLAND,3,bottom,Dor Turgeman,MLS,mid,2,2,0,0,0.0,0.0,,,0.0,,,,,,False,False,Dor Turgeman,,,,,,,,,,,True,False
Peyton Miller,peyton miller,NEW ENGLAND,MLS,0.6,5,assists,assists,NEW ENGLAND,NEW ENGLAND,1,top,Peyton Miller,MLS,mid,2,2,0,0,0.0,-0.875,,,-0.875,,,,,,False,False,Peyton Miller,,,,,,,,,,,True,False
Jack Harrison,jack harrison,NEW ENGLAND,MLS,0.4,5,assists,assists,NEW ENGLAND,NEW ENGLAND,2,top,Jack Harrison,MLS,mid,2,2,0,0,0.0,-0.5833333333333333,,,-0.5833333333333333,,,,,,False,False,Jack Harrison,,,,,,,,,,,True,False
Carles Gil,carles gil,NEW ENGLAND,MLS,0.2,5,assists,assists,NEW ENGLAND,NEW ENGLAND,3,top,Carles Gil,MLS,mid,2,2,0,0,0.0,-0.29166666666666663,,,-0.29166666666666663,,,,,,False,False,Carles Gil,,,,,,,,,,,True,False
Diego Fagundez,diego fagundez,NEW ENGLAND,MLS,0.0,5,goals,goals,NEW ENGLAND,NEW ENGLAND,1,bottom,Diego Fagundez,MLS,mid,2,2,0,0,0.0,0.0,,,0.0,,,,,,False,False,Diego Fagundez,,,,,,,,,,,True,False
Ethan Kohler,ethan kohler,NEW ENGLAND,MLS,0.0,5,goals,goals,NEW ENGLAND,NEW ENGLAND,2,bottom,Ethan Kohler,MLS,mid,2,2,0,0,0.0,0.0,,,0.0,,,,,,False,False,Ethan Kohler,,,,,,,,,,,True,False
Griffin Yow,griffin yow,NEW ENGLAND,MLS,0.0,5,goals,goals,NEW ENGLAND,NEW ENGLAND,3,bottom,Griffin Yow,MLS,mid,2,2,0,0,0.0,0.0,,,0.0,,,,,,False,False,Griffin Yow,,,,,,,,,,,True,False
Alhassan Yusuf,alhassan yusuf,NEW ENGLAND,MLS,0.6,5,goals,goals,NEW ENGLAND,NEW ENGLAND,1,top,Alhassan Yusuf,MLS,mid,2,2,0,0,0.0,-0.875,,,-0.875,,,,,,False,False,Alhassan Yusuf,,,,,,,,,,,True,False
Carles Gil,carles gil,NEW ENGLAND,MLS,0.6,5,goals,goals,NEW ENGLAND,NEW ENGLAND,2,top,Carles Gil,MLS,mid,2,2,0,0,1.0,0.5833333333333334,,,0.5833333333333334,,,,,,False,False,Carles Gil,,,,,,,,,,,True,False
Dor Turgeman,dor turgeman,NEW ENGLAND,MLS,0.4,5,goals,goals,NEW ENGLAND,NEW ENGLAND,3,top,Dor Turgeman,MLS,mid,2,2,0,0,0.0,-0.5833333333333333,,,-0.5833333333333333,,,,,,False,False,Dor Turgeman,,,,,,,,,,,True,False
Matt Turner,matt turner,NEW ENGLAND,MLS,2.8,5,saves,saves,NEW ENGLAND,NEW ENGLAND,1,bottom,Matt Turner,MLS,mid,2,2,0,0,0.5,1.3333333333333333,,,1.3333333333333333,,,,,,False,False,Matt Turner,,,,,,,,,,,True,False
Matt Turner,matt turner,NEW ENGLAND,MLS,2.8,5,saves,saves,NEW ENGLAND,NEW ENGLAND,1,top,Matt Turner,MLS,mid,2,2,0,0,0.5,1.3333333333333333,,,1.3333333333333333,,,,,,False,False,Matt Turner,,,,,,,,,,,True,False
Diego Fagundez,diego fagundez,NEW ENGLAND,MLS,0.0,5,shots,shots,NEW ENGLAND,NEW ENGLAND,1,bottom,Diego Fagundez,MLS,mid,2,2,0,0,0.0,0.0,,,0.0,,,,,,False,False,Diego Fagundez,,,,,,,,,,,True,False
Griffin Yow,griffin yow,NEW ENGLAND,MLS,0.0,5,shots,shots,NEW ENGLAND,NEW ENGLAND,2,bottom,Griffin Yow,MLS,mid,2,2,0,0,0.0,0.0,,,0.0,,,,,,False,False,Griffin Yow,,,,,,,,,,,True,False
Matt Turner,matt turner,NEW ENGLAND,MLS,0.0,5,shots,shots,NEW ENGLAND,NEW ENGLAND,3,bottom,Matt Turner,MLS,mid,2,2,0,0,0.0,0.0,,,0.0,,,,,,False,False,Matt Turner,,,,,,,,,,,True,False
Peyton Miller,peyton miller,NEW ENGLAND,MLS,3.4,5,shots,shots,NEW ENGLAND,NEW ENGLAND,1,top,Peyton Miller,MLS,mid,2,2,0,0,0.5,-0.04166666666666674,,,-0.04166666666666674,,,,,,False,False,Peyton Miller,,,,,,,,,,,True,False
Dor Turgeman,dor turgeman,NEW ENGLAND,MLS,3.0,5,shots,shots,NEW ENGLAND,NEW ENGLAND,2,top,Dor Turgeman,MLS,mid,2,2,0,0,0.5,-0.25,,,-0.25,,,,,,False,False,Dor Turgeman,,,,,,,,,,,True,False
Carles Gil,carles gil,NEW ENGLAND,MLS,2.8,5,shots,shots,NEW ENGLAND,NEW ENGLAND,3,top,Carles Gil,MLS,mid,2,2,0,0,0.0,-1.2916666666666667,,,-1.2916666666666667,,,,,,False,False,Carles Gil,,,,,,,,,,,True,False
Diego Fagundez,diego fagundez,NEW ENGLAND,MLS,0.0,5,shots_on_target,shots_on_target,NEW ENGLAND,NEW ENGLAND,1,bottom,Diego Fagundez,MLS,mid,2,2,0,0,0.0,0.0,,,0.0,,,,,,False,False,Diego Fagundez,,,,,,,,,,,True,False
Griffin Yow,griffin yow,NEW ENGLAND,MLS,0.0,5,shots_on_target,shots_on_target,NEW ENGLAND,NEW ENGLAND,2,bottom,Griffin Yow,MLS,mid,2,2,0,0,0.0,0.0,,,0.0,,,,,,False,False,Griffin Yow,,,,,,,,,,,True,False
Mamadou Fofana,mamadou fofana,NEW ENGLAND,MLS,0.0,5,shots_on_target,shots_on_target,NEW ENGLAND,NEW ENGLAND,3,bottom,Mamadou Fofana,MLS,mid,2,2,0,0,0.0,0.0,,,0.0,,,,,,False,False,Mamadou Fofana,,,,,,,,,,,True,False
Carles Gil,carles gil,NEW ENGLAND,MLS,2.0,5,shots_on_target,shots_on_target,NEW ENGLAND,NEW ENGLAND,1,top,Carles Gil,MLS,mid,2,2,0,0,0.5,-0.125,,,-0.125,,,,,,False,False,Carles Gil,,,,,,,,,,,True,False
Peyton Miller,peyton miller,NEW ENGLAND,MLS,1.6,5,shots_on_target,shots_on_target,NEW ENGLAND,NEW ENGLAND,2,top,Peyton Miller,MLS,mid,2,2,0,0,0.0,-1.5416666666666667,,,-1.5416666666666667,,,,,,False,False,Peyton Miller,,,,,,,,,,,True,False
Dor Turgeman,dor turgeman,NEW ENGLAND,MLS,1.4,5,shots_on_target,shots_on_target,NEW ENGLAND,NEW ENGLAND,3,top,Dor Turgeman,MLS,mid,2,2,0,0,0.0,-1.375,,,-1.375,,,,,,False,False,Dor Turgeman,,,,,,,,,,,True,False
Antoine Mendy,antoine mendy,NICE,Ligue 1,0.0,5,assists,assists,NICE,NICE,1,bottom,Antoine Mendy,Ligue 1,elite,3,3,2,0,0.0,0.0,0.0,,,,,0.0,,,False,False,Antoine Mendy,,,,,,,,,,,True,False
Djibril Coulibaly,djibril coulibaly,NICE,Ligue 1,0.0,7,assists,assists,NICE,NICE,2,bottom,Djibril Coulibaly,Ligue 1,elite,6,6,5,0,0.0,0.0,0.0,,,,,0.0,,,False,False,Djibril Coulibaly,,,,,,,,,,,True,False
Gauthier Hein,gauthier hein,NICE,Ligue 1,0.0,6,assists,assists,NICE,NICE,3,bottom,Gauthier Hein,Ligue 1,elite,3,3,2,0,0.0,0.0,0.0,,,,,0.0,,,False,False,Gauthier Hein,,,,,,,,,,,True,False
Sofiane Diop,sofiane diop,NICE,Ligue 1,0.2857142857142857,7,assists,assists,NICE,NICE,1,top,Sofiane Diop,Ligue 1,elite,6,6,5,0,0.16666666666666666,-0.03630952380952379,-0.21857142857142856,,,,,0.0,,,False,False,Sofiane Diop,,,,,,,,,,,True,False
Antoine Mendy,antoine mendy,NICE,Ligue 1,0.0,5,assists,assists,NICE,NICE,2,top,Antoine Mendy,Ligue 1,elite,3,3,2,0,0.0,0.0,0.0,,,,,0.0,,,False,False,Antoine Mendy,,,,,,,,,,,True,False
Djibril Coulibaly,djibril coulibaly,NICE,Ligue 1,0.0,7,assists,assists,NICE,NICE,3,top,Djibril Coulibaly,Ligue 1,elite,6,6,5,0,0.0,0.0,0.0,,,,,0.0,,,False,False,Djibril Coulibaly,,,,,,,,,,,True,False
Isak Jansson,isak jansson,NICE,Ligue 1,3.0,6,passes,passes,NICE,NICE,1,bottom,Isak Jansson,Ligue 1,elite,4,4,3,0,0.5,1.025,2.6999999999999997,,,,,0.6666666666666666,,,False,False,Isak Jansson,,,,,,,,,,,True,False
Everton Pereira,everton pereira,NICE,Ligue 1,5.8,5,passes,passes,NICE,NICE,2,bottom,Everton Pereira,Ligue 1,elite,3,3,3,0,0.6666666666666666,9.383333333333333,9.383333333333333,,,,,0.6666666666666666,,,False,False,Everton Pereira,,,,,,,,,,,True,False
Youssouf Ndayishimiye,youssouf ndayishimiye,NICE,Ligue 1,48.4,5,passes,passes,NICE,NICE,3,bottom,Youssouf Ndayishimiye,Ligue 1,elite,3,3,3,0,1.0,77.41111111111111,77.41111111111111,,,,,1.0,,,False,False,Youssouf Ndayishimiye,,,,,,,,,,,True,False
Youssouf Ndayishimiye,youssouf ndayishimiye,NICE,Ligue 1,48.4,5,passes,passes,NICE,NICE,1,top,Youssouf Ndayishimiye,Ligue 1,elite,3,3,3,0,1.0,77.41111111111111,77.41111111111111,,,,,1.0,,,False,False,Youssouf Ndayishimiye,,,,,,,,,,,True,False
Everton Pereira,everton pereira,NICE,Ligue 1,5.8,5,passes,passes,NICE,NICE,2,top,Everton Pereira,Ligue 1,elite,3,3,3,0,0.6666666666666666,9.383333333333333,9.383333333333333,,,,,0.6666666666666666,,,False,False,Everton Pereira,,,,,,,,,,,True,False
Isak Jansson,isak jansson,NICE,Ligue 1,3.0,6,passes,passes,NICE,NICE,3,top,Isak Jansson,Ligue 1,elite,4,4,3,0,0.5,1.025,2.6999999999999997,,,,,0.6666666666666666,,,False,False,Isak Jansson,,,,,,,,,,,True,False
Everton Pereira,everton pereira,NICE,Ligue 1,0.0,5,saves,saves,NICE,NICE,1,bottom,Everton Pereira,Ligue 1,elite,3,3,3,0,0.0,0.0,0.0,,,,,0.0,,,False,False,Everton Pereira,,,,,,,,,,,True,False
Isak Jansson,isak jansson,NICE,Ligue 1,0.0,6,saves,saves,NICE,NICE,2,bottom,Isak Jansson,Ligue 1,elite,4,4,3,0,0.0,0.0,0.0,,,,,0.0,,,False,False,Isak Jansson,,,,,,,,,,,True,False
Youssouf Ndayishimiye,youssouf ndayishimiye,NICE,Ligue 1,0.0,5,saves,saves,NICE,NICE,3,bottom,Youssouf Ndayishimiye,Ligue 1,elite,3,3,3,0,0.0,0.0,0.0,,,,,0.0,,,False,False,Youssouf Ndayishimiye,,,,,,,,,,,True,False
Everton Pereira,everton pereira,NICE,Ligue 1,0.0,5,saves,saves,NICE,NICE,1,top,Everton Pereira,Ligue 1,elite,3,3,3,0,0.0,0.0,0.0,,,,,0.0,,,False,False,Everton Pereira,,,,,,,,,,,True,False
Isak Jansson,isak jansson,NICE,Ligue 1,0.0,6,saves,saves,NICE,NICE,2,top,Isak Jansson,Ligue 1,elite,4,4,3,0,0.0,0.0,0.0,,,,,0.0,,,False,False,Isak Jansson,,,,,,,,,,,True,False
Youssouf Ndayishimiye,youssouf ndayishimiye,NICE,Ligue 1,0.0,5,saves,saves,NICE,NICE,3,top,Youssouf Ndayishimiye,Ligue 1,elite,3,3,3,0,0.0,0.0,0.0,,,,,0.0,,,False,False,Youssouf Ndayishimiye,,,,,,,,,,,True,False
Everton Pereira,everton pereira,NICE,Ligue 1,0.0,8,shots,shots,NICE,NICE,1,bottom,Everton Pereira,Ligue 1,elite,6,6,5,0,0.0,0.0,0.0,,,,,0.0,,,False,False,Everton Pereira,,,,,,,,,,,True,False
Isak Jansson,isak jansson,NICE,Ligue 1,0.2222222222222222,9,shots,shots,NICE,NICE,2,bottom,Isak Jansson,Ligue 1,elite,7,7,5,0,0.0,-0.3797052154195012,-0.3538095238095238,,,,,0.0,,,False,True,Isak Jansson,,,,,,,,,,,True,False
Youssouf Ndayishimiye,youssouf ndayishimiye,NICE,Ligue 1,0.25,8,shots,shots,NICE,NICE,3,bottom,Youssouf Ndayishimiye,Ligue 1,elite,6,6,5,0,0.5,0.28710317460317464,0.4195238095238095,,,,,0.6,,,False,False,Youssouf Ndayishimiye,,,,,,,,,,,True,False
Jonathan Clauss,jonathan clauss,NICE,Ligue 1,3.0,7,shots,shots,NICE,NICE,1,top,Jonathan Clauss,Ligue 1,elite,6,6,5,0,0.3333333333333333,0.5666666666666668,1.08,,,,,0.4,,,False,False,Jonathan Clauss,,,,,,,,,,,True,False
Antoine Mendy,antoine mendy,NICE,Ligue 1,1.2,5,shots,shots,NICE,NICE,2,top,Antoine Mendy,Ligue 1,elite,3,3,2,0,0.0,-0.5944444444444444,-0.29166666666666663,,,,,0.0,,,False,False,Antoine Mendy,,,,,,,,,,,True,False
Gauthier Hein,gauthier hein,NICE,Ligue 1,0.8333333333333334,6,shots,shots,NICE,NICE,3,top,Gauthier Hein,Ligue 1,elite,3,3,2,0,0.0,-0.3333333333333333,0.0,,,,,0.0,,,False,False,Gauthier Hein,,,,,,,,,,,True,False
Antoine Mendy,antoine mendy,NICE,Ligue 1,0.0,5,shots_on_target,shots_on_target,NICE,NICE,1,bottom,Antoine Mendy,Ligue 1,elite,3,3,2,0,0.0,0.0,0.0,,,,,0.0,,,False,False,Antoine Mendy,,,,,,,,,,,True,False
Djibril Coulibaly,djibril coulibaly,NICE,Ligue 1,0.0,7,shots_on_target,shots_on_target,NICE,NICE,2,bottom,Djibril Coulibaly,Ligue 1,elite,6,6,5,0,0.0,-0.20297619047619045,-0.21857142857142856,,,,,0.0,,,False,False,Djibril Coulibaly,,,,,,,,,,,True,False
Everton Pereira,everton pereira,NICE,Ligue 1,0.0,8,shots_on_target,shots_on_target,NICE,NICE,3,bottom,Everton Pereira,Ligue 1,elite,6,6,5,0,0.0,0.0,0.0,,,,,0.0,,,False,False,Everton Pereira,,,,,,,,,,,True,False
Jonathan Clauss,jonathan clauss,NICE,Ligue 1,0.5714285714285714,7,shots_on_target,shots_on_target,NICE,NICE,1,top,Jonathan Clauss,Ligue 1,elite,6,6,5,0,0.5,0.23154761904761909,0.15285714285714289,,,,,0.4,,,False,False,Jonathan Clauss,,,,,,,,,,,True,False
Sofiane Diop,sofiane diop,NICE,Ligue 1,0.5714285714285714,7,shots_on_target,shots_on_target,NICE,NICE,2,top,Sofiane Diop,Ligue 1,elite,6,6,5,0,0.6666666666666666,0.017063492063492076,0.1704761904761905,,,,,0.8,,,False,False,Sofiane Diop,,,,,,,,,,,True,False
Isak Jansson,isak jansson,NICE,Ligue 1,0.2222222222222222,9,shots_on_target,shots_on_target,NICE,NICE,3,top,Isak Jansson,Ligue 1,elite,7,7,5,0,0.0,-0.3797052154195012,-0.3538095238095238,,,,,0.0,,,False,True,Isak Jansson,,,,,,,,,,,True,False
Everton Pereira,everton pereira,NICE,Ligue 1,0.4,5,tackles,tackles,NICE,NICE,1,bottom,Everton Pereira,Ligue 1,elite,3,3,3,0,0.3333333333333333,0.5333333333333333,0.5333333333333333,,,,,0.3333333333333333,,,False,False,Everton Pereira,,,,,,,,,,,True,False
Youssouf Ndayishimiye,youssouf ndayishimiye,NICE,Ligue 1,0.4,5,tackles,tackles,NICE,NICE,2,bottom,Youssouf Ndayishimiye,Ligue 1,elite,3,3,3,0,1.0,0.7833333333333333,0.7833333333333333,,,,,1.0,,,False,False,Youssouf Ndayishimiye,,,,,,,,,,,True,False
Isak Jansson,isak jansson,NICE,Ligue 1,0.6666666666666666,6,tackles,tackles,NICE,NICE,3,bottom,Isak Jansson,Ligue 1,elite,4,4,3,0,0.25,-0.4625,-0.2833333333333333,,,,,0.3333333333333333,,,False,False,Isak Jansson,,,,,,,,,,,True,False
Isak Jansson,isak jansson,NICE,Ligue 1,0.6666666666666666,6,tackles,tackles,NICE,NICE,1,top,Isak Jansson,Ligue 1,elite,4,4,3,0,0.25,-0.4625,-0.2833333333333333,,,,,0.3333333333333333,,,False,False,Isak Jansson,,,,,,,,,,,True,False
Everton Pereira,everton pereira,NICE,Ligue 1,0.4,5,tackles,tackles,NICE,NICE,2,top,Everton Pereira,Ligue 1,elite,3,3,3,0,0.3333333333333333,0.5333333333333333,0.5333333333333333,,,,,0.3333333333333333,,,False,False,Everton Pereira,,,,,,,,,,,True,False
Youssouf Ndayishimiye,youssouf ndayishimiye,NICE,Ligue 1,0.4,5,tackles,tackles,NICE,NICE,3,top,Youssouf Ndayishimiye,Ligue 1,elite,3,3,3,0,1.0,0.7833333333333333,0.7833333333333333,,,,,1.0,,,False,False,Youssouf Ndayishimiye,,,,,,,,,,,True,False
Benjamin Chrisene,benjamin chrisene,NORWICH,Championship,0.0,6,assists,assists,NORWICH,NORWICH,1,bottom,Benjamin Chrisene,Championship,elite,4,4,2,1,0.0,0.0,0.0,0.0,,,0.0,0.0,0.0,0.0,False,False,Benjamin Chrisene,,,,,,,,,,,True,False
Daniel Grimshaw,daniel grimshaw,NORWICH,Championship,0.0,6,assists,assists,NORWICH,NORWICH,2,bottom,Daniel Grimshaw,Championship,elite,4,4,2,1,0.0,0.0,0.0,0.0,,,0.0,0.0,0.0,0.0,False,False,Daniel Grimshaw,,,,,,,,,,,True,False
Darlin Yongwa,darlin yongwa,NORWICH,Championship,0.0,5,assists,assists,NORWICH,NORWICH,3,bottom,Darlin Yongwa,Championship,elite,3,3,2,1,0.0,0.0,0.0,0.0,,,0.0,0.0,0.0,0.0,False,False,Darlin Yongwa,,,,,,,,,,,True,False
Anis Slimane,anis slimane,NORWICH,Championship,0.2,5,assists,assists,NORWICH,NORWICH,1,top,Anis Slimane,Championship,elite,3,3,1,1,0.3333333333333333,0.3333333333333333,1.0,0.0,,,0.0,1.0,-1.0,-1.0,False,False,Anis Slimane,,,,,,,,,,,True,False
Anthony Musaba,anthony musaba,NORWICH,Championship,0.2,5,assists,assists,NORWICH,NORWICH,2,top,Anthony Musaba,Championship,elite,3,3,2,1,0.0,-0.26111111111111107,-0.225,-0.3333333333333333,,,0.0,0.0,-0.10833333333333331,-0.10833333333333331,False,False,Anthony Musaba,,,,,,,,,,,True,False
Andre Brooks,andre brooks,NORWICH,Championship,0.16666666666666666,6,assists,assists,NORWICH,NORWICH,3,top,Andre Brooks,Championship,elite,4,4,2,1,0.25,0.06011904761904763,0.3452380952380953,-0.2,,,0.0,0.5,-0.5452380952380953,-0.5452380952380953,False,False,Andre Brooks,,,,,,,,,,,True,False
Anis Slimane,anis slimane,NORWICH,Championship,0.0,5,goals,goals,NORWICH,NORWICH,1,bottom,Anis Slimane,Championship,elite,3,3,1,1,0.0,-0.20555555555555557,-0.16666666666666666,-0.2,,,0.0,0.0,-0.033333333333333354,-0.033333333333333354,False,False,Anis Slimane,,,,,,,,,,,True,False
Benjamin Chrisene,benjamin chrisene,NORWICH,Championship,0.0,6,goals,goals,NORWICH,NORWICH,2,bottom,Benjamin Chrisene,Championship,elite,4,4,2,1,0.0,-0.23749999999999996,-0.18333333333333335,-0.25,,,0.0,0.0,-0.06666666666666665,-0.06666666666666665,False,False,Benjamin Chrisene,,,,,,,,,,,True,False
Daniel Grimshaw,daniel grimshaw,NORWICH,Championship,0.0,6,goals,goals,NORWICH,NORWICH,3,bottom,Daniel Grimshaw,Championship,elite,4,4,2,1,0.0,0.0,0.0,0.0,,,0.0,0.0,0.0,0.0,False,False,Daniel Grimshaw,,,,,,,,,,,True,False
Mohamed Toure,mohamed toure,NORWICH,Championship,0.6,5,goals,goals,NORWICH,NORWICH,1,top,Mohamed Toure,Championship,elite,3,3,1,1,0.6666666666666666,0.43888888888888894,0.4,-0.75,,,0.0,1.0,-1.15,-1.15,False,False,Mohamed Toure,,,,,,,,,,,True,False
Andre Brooks,andre brooks,NORWICH,Championship,0.3333333333333333,6,goals,goals,NORWICH,NORWICH,2,top,Andre Brooks,Championship,elite,4,4,2,1,0.25,0.05535714285714284,-0.4642857142857143,-0.6,,,0.0,0.0,-0.13571428571428568,-0.13571428571428568,False,True,Andre Brooks,,,,,,,,,,,True,False
Mathias Kvistgaarden,mathias kvistgaarden,NORWICH,Championship,0.3333333333333333,6,goals,goals,NORWICH,NORWICH,3,top,Mathias Kvistgaarden,Championship,elite,4,4,2,1,0.25,-0.16547619047619044,0.1190476190476191,-0.4,,,0.0,0.5,-0.5190476190476191,-0.5190476190476191,False,False,Mathias Kvistgaarden,,,,,,,,,,,True,False
Daniel Grimshaw,daniel grimshaw,NORWICH,Championship,0.0,6,saves,saves,NORWICH,NORWICH,1,bottom,Daniel Grimshaw,Championship,elite,4,4,2,1,0.0,-0.37976190476190474,-0.30952380952380953,-0.4,,,0.0,0.0,-0.09047619047619049,-0.09047619047619049,False,True,Daniel Grimshaw,,,,,,,,,,,True,False
Vladan Kovacevic,vladan kovacevic,NORWICH,Championship,2.5,6,saves,saves,NORWICH,NORWICH,2,bottom,Vladan Kovacevic,Championship,elite,4,4,2,1,0.5,0.33690476190476193,0.27380952380952395,-0.20000000000000018,,,0.0,0.5,-0.4738095238095241,-0.4738095238095241,False,False,Vladan Kovacevic,,,,,,,,,,,True,False
Vladan Kovacevic,vladan kovacevic,NORWICH,Championship,2.5,6,saves,saves,NORWICH,NORWICH,1,top,Vladan Kovacevic,Championship,elite,4,4,2,1,0.5,0.33690476190476193,0.27380952380952395,-0.20000000000000018,,,0.0,0.5,-0.4738095238095241,-0.4738095238095241,False,False,Vladan Kovacevic,,,,,,,,,,,True,False
Daniel Grimshaw,daniel grimshaw,NORWICH,Championship,0.0,6,saves,saves,NORWICH,NORWICH,2,top,Daniel Grimshaw,Championship,elite,4,4,2,1,0.0,-0.37976190476190474,-0.30952380952380953,-0.4,,,0.0,0.0,-0.09047619047619049,-0.09047619047619049,False,True,Daniel Grimshaw,,,,,,,,,,,True,False
Daniel Grimshaw,daniel grimshaw,NORWICH,Championship,0.0,6,shots,shots,NORWICH,NORWICH,1,bottom,Daniel Grimshaw,Championship,elite,4,4,2,1,0.0,0.0,0.0,0.0,,,0.0,0.0,0.0,0.0,False,False,Daniel Grimshaw,,,,,,,,,,,True,False
Jack Stacey,jack stacey,NORWICH,Championship,0.0,6,shots,shots,NORWICH,NORWICH,2,bottom,Jack Stacey,Championship,elite,4,4,2,1,0.0,0.0,0.0,0.0,,,0.0,0.0,0.0,0.0,False,False,Jack Stacey,,,,,,,,,,,True,False
Vladan Kovacevic,vladan kovacevic,NORWICH,Championship,0.0,6,shots,shots,NORWICH,NORWICH,3,bottom,Vladan Kovacevic,Championship,elite,4,4,2,1,0.0,0.0,0.0,0.0,,,0.0,0.0,0.0,0.0,False,False,Vladan Kovacevic,,,,,,,,,,,True,False
Andre Brooks,andre brooks,NORWICH,Championship,2.6666666666666665,6,shots,shots,NORWICH,NORWICH,1,top,Andre Brooks,Championship,elite,4,4,2,1,0.75,1.067857142857143,0.7857142857142858,1.2,,,1.0,0.5,0.41428571428571415,0.41428571428571415,False,False,Andre Brooks,,,,,,,,,,,True,False
Anthony Musaba,anthony musaba,NORWICH,Championship,1.8,5,shots,shots,NORWICH,NORWICH,2,top,Anthony Musaba,Championship,elite,3,3,2,1,0.6666666666666666,0.37222222222222223,-0.275,1.6666666666666667,,,1.0,0.5,1.9416666666666669,1.9416666666666669,False,False,Anthony Musaba,,,,,,,,,,,True,False
Mohamed Toure,mohamed toure,NORWICH,Championship,1.6,5,shots,shots,NORWICH,NORWICH,3,top,Mohamed Toure,Championship,elite,3,3,1,1,0.3333333333333333,-0.8722222222222222,-0.20000000000000018,-2.75,,,0.0,0.0,-2.55,-2.55,False,False,Mohamed Toure,,,,,,,,,,,True,False
Anis Slimane,anis slimane,NORWICH,Championship,0.0,5,shots_on_target,shots_on_target,NORWICH,NORWICH,1,bottom,Anis Slimane,Championship,elite,3,3,1,1,0.0,-0.20555555555555557,-0.16666666666666666,-0.2,,,0.0,0.0,-0.033333333333333354,-0.033333333333333354,False,False,Anis Slimane,,,,,,,,,,,True,False
Daniel Grimshaw,daniel grimshaw,NORWICH,Championship,0.0,6,shots_on_target,shots_on_target,NORWICH,NORWICH,2,bottom,Daniel Grimshaw,Championship,elite,4,4,2,1,0.0,0.0,0.0,0.0,,,0.0,0.0,0.0,0.0,False,False,Daniel Grimshaw,,,,,,,,,,,True,False
Harry Darling,harry darling,NORWICH,Championship,0.0,6,shots_on_target,shots_on_target,NORWICH,NORWICH,3,bottom,Harry Darling,Championship,elite,4,4,2,1,0.0,0.0,0.0,0.0,,,0.0,0.0,0.0,0.0,False,False,Harry Darling,,,,,,,,,,,True,False
Andre Brooks,andre brooks,NORWICH,Championship,1.1666666666666667,6,shots_on_target,shots_on_target,NORWICH,NORWICH,1,top,Andre Brooks,Championship,elite,4,4,2,1,0.75,1.043452380952381,0.5119047619047619,1.4,,,1.0,0.5,0.888095238095238,0.888095238095238,False,False,Andre Brooks,,,,,,,,,,,True,False
Anthony Musaba,anthony musaba,NORWICH,Championship,0.8,5,shots_on_target,shots_on_target,NORWICH,NORWICH,2,top,Anthony Musaba,Championship,elite,3,3,2,1,1.0,1.05,1.075,1.0,,,1.0,1.0,-0.07499999999999996,-0.07499999999999996,False,False,Anthony Musaba,,,,,,,,,,,True,False
Mohamed Toure,mohamed toure,NORWICH,Championship,0.8,5,shots_on_target,shots_on_target,NORWICH,NORWICH,3,top,Mohamed Toure,Championship,elite,3,3,1,1,0.3333333333333333,-0.08333333333333333,0.0,-1.25,,,0.0,0.0,-1.25,-1.25,False,False,Mohamed Toure,,,,,,,,,,,True,False
Abdulelah Al-Amri,abdulelah al-amri,NSR,ksa.1,0.0,5,assists,assists,NSR,NSR,1,bottom,Abdulelah Al-Amri,ksa.1,unknown,2,2,0,0,0.0,0.0,,,,,,,,,False,False,Abdulelah Al-Amri,,,,,,,,,,,True,False
Abdullah Al-Hamdan,abdullah al-hamdan,NSR,ksa.1,0.0,5,assists,assists,NSR,NSR,2,bottom,Abdullah Al-Hamdan,ksa.1,unknown,2,2,0,0,0.0,0.0,,,,,,,,,False,False,Abdullah Al-Hamdan,,,,,,,,,,,True,False
Abdullah Al-Khaibari,abdullah al-khaibari,NSR,ksa.1,0.0,5,assists,assists,NSR,NSR,3,bottom,Abdullah Al-Khaibari,ksa.1,unknown,2,2,0,0,0.0,0.0,,,,,,,,,False,False,Abdullah Al-Khaibari,,,,,,,,,,,True,False
Ângelo Gabriel,angelo gabriel,NSR,ksa.1,0.4,5,assists,assists,NSR,NSR,1,top,Ângelo Gabriel,ksa.1,unknown,2,2,0,0,0.5,0.20833333333333334,,,,,,,,,False,False,Ângelo Gabriel,,,,,,,,,,,True,False
Aiman Yahya,aiman yahya,NSR,ksa.1,0.2,5,assists,assists,NSR,NSR,2,top,Aiman Yahya,ksa.1,unknown,2,2,0,0,0.0,-0.29166666666666663,,,,,,,,,False,False,Aiman Yahya,Aiman Yahya,NASSR,KHALEEJ,assists,0.5,,,,,aiman yahya,True,False
Sadio Mané,sadio mane,NSR,ksa.1,0.2,5,assists,assists,NSR,NSR,3,top,Sadio Mané,ksa.1,unknown,2,2,0,0,0.0,-0.29166666666666663,,,,,,,,,False,False,Sadio Mané,Sadio Mané,NASSR,KHALEEJ,assists,0.5,,,,,sadio mane,True,False
Abdullah Al-Khaibari,abdullah al-khaibari,NSR,ksa.1,0.0,5,goals,goals,NSR,NSR,1,bottom,Abdullah Al-Khaibari,ksa.1,unknown,2,2,0,0,0.0,0.0,,,,,,,,,False,False,Abdullah Al-Khaibari,,,,,,,,,,,True,False
Aiman Yahya,aiman yahya,NSR,ksa.1,0.0,5,goals,goals,NSR,NSR,2,bottom,Aiman Yahya,ksa.1,unknown,2,2,0,0,0.0,0.0,,,,,,,,,False,False,Aiman Yahya,Aiman Yahya,NASSR,KHALEEJ,goals,0.5,,,,,aiman yahya,True,False
Nader Al Sharari,nader al sharari,NSR,ksa.1,0.0,5,goals,goals,NSR,NSR,3,bottom,Nader Al Sharari,ksa.1,unknown,2,2,0,0,0.0,0.0,,,,,,,,,False,False,Nader Al Sharari,,,,,,,,,,,True,False
Cristiano Ronaldo,cristiano ronaldo,NSR,ksa.1,0.6,5,goals,goals,NSR,NSR,1,top,Cristiano Ronaldo,ksa.1,unknown,2,2,0,0,0.5,-0.08333333333333331,,,,,,,,,False,False,Cristiano Ronaldo,Cristiano Ronaldo,NASSR,KHALEEJ,goals,2.5,,,0.0,0.0,cristiano ronaldo,True,False
Cristiano Ronaldo,cristiano ronaldo,NSR,ksa.1,0.6,5,goals,goals,NSR,NSR,1,top,Cristiano Ronaldo,ksa.1,unknown,2,2,0,0,0.5,-0.08333333333333331,,,,,,,,,False,False,Cristiano Ronaldo,Cristiano Ronaldo,NASSR,KHALEEJ,goals,1.5,,,0.0,0.0,cristiano ronaldo,True,False
Cristiano Ronaldo,cristiano ronaldo,NSR,ksa.1,0.6,5,goals,goals,NSR,NSR,1,top,Cristiano Ronaldo,ksa.1,unknown,2,2,0,0,0.5,-0.08333333333333331,,,,,,,,,False,False,Cristiano Ronaldo,Cristiano Ronaldo,NASSR,KHALEEJ,goals,0.5,,,0.0,0.0,cristiano ronaldo,True,False
Abdulelah Al-Amri,abdulelah al-amri,NSR,ksa.1,0.4,5,goals,goals,NSR,NSR,2,top,Abdulelah Al-Amri,ksa.1,unknown,2,2,0,0,0.0,-0.5833333333333333,,,,,,,,,False,False,Abdulelah Al-Amri,,,,,,,,,,,True,False
Sadio Mané,sadio mane,NSR,ksa.1,0.4,5,goals,goals,NSR,NSR,3,top,Sadio Mané,ksa.1,unknown,2,2,0,0,0.0,-0.5833333333333333,,,,,,,,,False,False,Sadio Mané,Sadio Mané,NASSR,KHALEEJ,goals,1.5,,,,,sadio mane,True,False
Sadio Mané,sadio mane,NSR,ksa.1,0.4,5,goals,goals,NSR,NSR,3,top,Sadio Mané,ksa.1,unknown,2,2,0,0,0.0,-0.5833333333333333,,,,,,,,,False,False,Sadio Mané,Sadio Mané,NASSR,KHALEEJ,goals,0.5,,,,,sadio mane,True,False
Nader Al Sharari,nader al sharari,NSR,ksa.1,0.0,5,shots,shots,NSR,NSR,1,bottom,Nader Al Sharari,ksa.1,unknown,2,2,0,0,0.0,0.0,,,,,,,,,False,False,Nader Al Sharari,,,,,,,,,,,True,False
Nawaf Boushal,nawaf boushal,NSR,ksa.1,0.0,5,shots,shots,NSR,NSR,2,bottom,Nawaf Boushal,ksa.1,unknown,2,2,0,0,0.0,0.0,,,,,,,,,False,False,Nawaf Boushal,,,,,,,,,,,True,False
Salem Al Najdi,salem al najdi,NSR,ksa.1,0.0,5,shots,shots,NSR,NSR,3,bottom,Salem Al Najdi,ksa.1,unknown,2,2,0,0,0.0,0.0,,,,,,,,,False,False,Salem Al Najdi,,,,,,,,,,,True,False
Cristiano Ronaldo,cristiano ronaldo,NSR,ksa.1,3.4,5,shots,shots,NSR,NSR,1,top,Cristiano Ronaldo,ksa.1,unknown,2,2,0,0,0.5,2.708333333333333,,,,,,,,,False,False,Cristiano Ronaldo,Cristiano Ronaldo,NASSR,KHALEEJ,shots,11.5,,,0.0,0.333,cristiano ronaldo,True,False
Cristiano Ronaldo,cristiano ronaldo,NSR,ksa.1,3.4,5,shots,shots,NSR,NSR,1,top,Cristiano Ronaldo,ksa.1,unknown,2,2,0,0,0.5,2.708333333333333,,,,,,,,,False,False,Cristiano Ronaldo,Cristiano Ronaldo,NASSR,KHALEEJ,shots,6.5,,,0.0,0.333,cristiano ronaldo,True,False
Cristiano Ronaldo,cristiano ronaldo,NSR,ksa.1,3.4,5,shots,shots,NSR,NSR,1,top,Cristiano Ronaldo,ksa.1,unknown,2,2,0,0,0.5,2.708333333333333,,,,,,,,,False,False,Cristiano Ronaldo,Cristiano Ronaldo,NASSR,KHALEEJ,shots,5.5,,,0.0,0.333,cristiano ronaldo,True,False
Sadio Mané,sadio mane,NSR,ksa.1,2.2,5,shots,shots,NSR,NSR,2,top,Sadio Mané,ksa.1,unknown,2,2,0,0,0.0,-0.9583333333333333,,,,,,,,,False,False,Sadio Mané,Sadio Mané,NASSR,KHALEEJ,shots,6.5,,,,,sadio mane,True,False
Sadio Mané,sadio mane,NSR,ksa.1,2.2,5,shots,shots,NSR,NSR,2,top,Sadio Mané,ksa.1,unknown,2,2,0,0,0.0,-0.9583333333333333,,,,,,,,,False,False,Sadio Mané,Sadio Mané,NASSR,KHALEEJ,shots,3.5,,,,,sadio mane,True,False
Sadio Mané,sadio mane,NSR,ksa.1,2.2,5,shots,shots,NSR,NSR,2,top,Sadio Mané,ksa.1,unknown,2,2,0,0,0.0,-0.9583333333333333,,,,,,,,,False,False,Sadio Mané,Sadio Mané,NASSR,KHALEEJ,shots,2.5,,,,,sadio mane,True,False
Sadio Mané,sadio mane,NSR,ksa.1,2.2,5,shots,shots,NSR,NSR,2,top,Sadio Mané,ksa.1,unknown,2,2,0,0,0.0,-0.9583333333333333,,,,,,,,,False,False,Sadio Mané,Sadio Mané,NASSR,KHALEEJ,shots,1.5,,,,,sadio mane,True,False
Ângelo Gabriel,angelo gabriel,NSR,ksa.1,2.0,5,shots,shots,NSR,NSR,3,top,Ângelo Gabriel,ksa.1,unknown,2,2,0,0,0.5,0.6666666666666666,,,,,,,,,False,False,Ângelo Gabriel,,,,,,,,,,,True,False
Abdullah Al-Khaibari,abdullah al-khaibari,NSR,ksa.1,0.0,5,shots_on_target,shots_on_target,NSR,NSR,1,bottom,Abdullah Al-Khaibari,ksa.1,unknown,2,2,0,0,0.0,0.0,,,,,,,,,False,False,Abdullah Al-Khaibari,,,,,,,,,,,True,False
Aiman Yahya,aiman yahya,NSR,ksa.1,0.0,5,shots_on_target,shots_on_target,NSR,NSR,2,bottom,Aiman Yahya,ksa.1,unknown,2,2,0,0,0.0,0.0,,,,,,,,,False,False,Aiman Yahya,Aiman Yahya,NASSR,KHALEEJ,shots_on_target,3.5,,,,,aiman yahya,True,False
Aiman Yahya,aiman yahya,NSR,ksa.1,0.0,5,shots_on_target,shots_on_target,NSR,NSR,2,bottom,Aiman Yahya,ksa.1,unknown,2,2,0,0,0.0,0.0,,,,,,,,,False,False,Aiman Yahya,Aiman Yahya,NASSR,KHALEEJ,shots_on_target,1.5,,,,,aiman yahya,True,False
Aiman Yahya,aiman yahya,NSR,ksa.1,0.0,5,shots_on_target,shots_on_target,NSR,NSR,2,bottom,Aiman Yahya,ksa.1,unknown,2,2,0,0,0.0,0.0,,,,,,,,,False,False,Aiman Yahya,Aiman Yahya,NASSR,KHALEEJ,shots_on_target,0.5,,,,,aiman yahya,True,False
Nader Al Sharari,nader al sharari,NSR,ksa.1,0.0,5,shots_on_target,shots_on_target,NSR,NSR,3,bottom,Nader Al Sharari,ksa.1,unknown,2,2,0,0,0.0,0.0,,,,,,,,,False,False,Nader Al Sharari,,,,,,,,,,,True,False
Cristiano Ronaldo,cristiano ronaldo,NSR,ksa.1,2.0,5,shots_on_target,shots_on_target,NSR,NSR,1,top,Cristiano Ronaldo,ksa.1,unknown,2,2,0,0,1.0,1.5833333333333335,,,,,,,,,False,False,Cristiano Ronaldo,Cristiano Ronaldo,NASSR,KHALEEJ,shots_on_target,5.5,,,0.0,0.0,cristiano ronaldo,True,False
Cristiano Ronaldo,cristiano ronaldo,NSR,ksa.1,2.0,5,shots_on_target,shots_on_target,NSR,NSR,1,top,Cristiano Ronaldo,ksa.1,unknown,2,2,0,0,1.0,1.5833333333333335,,,,,,,,,False,False,Cristiano Ronaldo,Cristiano Ronaldo,NASSR,KHALEEJ,shots_on_target,3.5,,,0.0,0.0,cristiano ronaldo,True,False
Cristiano Ronaldo,cristiano ronaldo,NSR,ksa.1,2.0,5,shots_on_target,shots_on_target,NSR,NSR,1,top,Cristiano Ronaldo,ksa.1,unknown,2,2,0,0,1.0,1.5833333333333335,,,,,,,,,False,False,Cristiano Ronaldo,Cristiano Ronaldo,NASSR,KHALEEJ,shots_on_target,1.5,,,0.0,0.0,cristiano ronaldo,True,False
Sadio Mané,sadio mane,NSR,ksa.1,1.0,5,shots_on_target,shots_on_target,NSR,NSR,2,top,Sadio Mané,ksa.1,unknown,2,2,0,0,0.0,-0.7916666666666666,,,,,,,,,False,False,Sadio Mané,Sadio Mané,NASSR,KHALEEJ,shots_on_target,3.5,,,,,sadio mane,True,False
Sadio Mané,sadio mane,NSR,ksa.1,1.0,5,shots_on_target,shots_on_target,NSR,NSR,2,top,Sadio Mané,ksa.1,unknown,2,2,0,0,0.0,-0.7916666666666666,,,,,,,,,False,False,Sadio Mané,Sadio Mané,NASSR,KHALEEJ,shots_on_target,1.5,,,,,sadio mane,True,False
Sadio Mané,sadio mane,NSR,ksa.1,1.0,5,shots_on_target,shots_on_target,NSR,NSR,2,top,Sadio Mané,ksa.1,unknown,2,2,0,0,0.0,-0.7916666666666666,,,,,,,,,False,False,Sadio Mané,Sadio Mané,NASSR,KHALEEJ,shots_on_target,0.5,,,,,sadio mane,True,False
Ângelo Gabriel,angelo gabriel,NSR,ksa.1,0.6,5,shots_on_target,shots_on_target,NSR,NSR,3,top,Ângelo Gabriel,ksa.1,unknown,2,2,0,0,1.0,0.5833333333333334,,,,,,,,,False,False,Ângelo Gabriel,,,,,,,,,,,True,False
Andrés Perea,andres perea,NYCFC,MLS,0.0,5,assists,assists,NYCFC,NYCFC,1,bottom,Andrés Perea,MLS,elite,2,2,2,0,0.0,0.0,0.0,,,,,0.0,,,False,False,Andrés Perea,,,,,,,,,,,True,False
Bénie Traoré,benie traore,NYCFC,MLS,0.0,5,assists,assists,NYCFC,NYCFC,2,bottom,Bénie Traoré,MLS,elite,2,2,2,0,0.0,0.0,0.0,,,,,0.0,,,False,False,Bénie Traoré,,,,,,,,,,,True,False
James Sands,james sands,NYCFC,MLS,0.0,5,assists,assists,NYCFC,NYCFC,3,bottom,James Sands,MLS,elite,2,2,2,0,0.0,0.0,0.0,,,,,0.0,,,False,False,James Sands,,,,,,,,,,,True,False
Agustin Ojeda,agustin ojeda,NYCFC,MLS,0.4,5,assists,assists,NYCFC,NYCFC,1,top,Agustin Ojeda,MLS,elite,2,2,2,0,0.0,-0.5833333333333333,-0.5833333333333333,,,,,0.0,,,False,True,Agustin Ojeda,,,,,,,,,,,True,False
Nicolás Fernández,nicolas fernandez,NYCFC,MLS,0.2,5,assists,assists,NYCFC,NYCFC,2,top,Nicolás Fernández,MLS,elite,3,3,2,1,0.3333333333333333,0.3333333333333333,0.5,0.0,,,0.0,0.5,-0.5,-0.5,False,False,Nicolás Fernández,,,,,,,,,,,True,False
Andrés Perea,andres perea,NYCFC,MLS,0.0,5,assists,assists,NYCFC,NYCFC,3,top,Andrés Perea,MLS,elite,2,2,2,0,0.0,0.0,0.0,,,,,0.0,,,False,False,Andrés Perea,,,,,,,,,,,True,False
Agustin Ojeda,agustin ojeda,NYCFC,MLS,0.0,5,goals,goals,NYCFC,NYCFC,1,bottom,Agustin Ojeda,MLS,elite,2,2,2,0,0.0,0.0,0.0,,,,,0.0,,,False,False,Agustin Ojeda,,,,,,,,,,,True,False
Andrés Perea,andres perea,NYCFC,MLS,0.0,5,goals,goals,NYCFC,NYCFC,2,bottom,Andrés Perea,MLS,elite,2,2,2,0,0.0,0.0,0.0,,,,,0.0,,,False,False,Andrés Perea,,,,,,,,,,,True,False
Bénie Traoré,benie traore,NYCFC,MLS,0.0,5,goals,goals,NYCFC,NYCFC,3,bottom,Bénie Traoré,MLS,elite,2,2,2,0,0.0,0.0,0.0,,,,,0.0,,,False,False,Bénie Traoré,,,,,,,,,,,True,False
Luighi Hanri,luighi hanri,NYCFC,MLS,0.4,5,goals,goals,NYCFC,NYCFC,1,top,Luighi Hanri,MLS,elite,2,2,2,0,0.5,0.20833333333333334,0.20833333333333334,,,,,0.5,,,False,False,Luighi Hanri,,,,,,,,,,,True,False
James Sands,james sands,NYCFC,MLS,0.2,5,goals,goals,NYCFC,NYCFC,2,top,James Sands,MLS,elite,2,2,2,0,0.0,-0.29166666666666663,-0.29166666666666663,,,,,0.0,,,False,False,James Sands,,,,,,,,,,,True,False
Nicolás Fernández,nicolas fernandez,NYCFC,MLS,0.2,5,goals,goals,NYCFC,NYCFC,3,top,Nicolás Fernández,MLS,elite,3,3,2,1,0.3333333333333333,0.17142857142857146,-0.24285714285714285,1.0,,,1.0,0.0,1.2428571428571429,1.2428571428571429,False,False,Nicolás Fernández,,,,,,,,,,,True,False
Tomas Romero,tomas romero,NYCFC,MLS,0.0,5,saves,saves,NYCFC,NYCFC,1,bottom,Tomas Romero,MLS,elite,2,2,2,0,0.0,0.0,0.0,,,,,0.0,,,False,False,Tomas Romero,,,,,,,,,,,True,False
Matt Freese,matt freese,NYCFC,MLS,4.0,5,saves,saves,NYCFC,NYCFC,2,bottom,Matt Freese,MLS,elite,2,2,2,0,0.0,-0.6666666666666665,-0.6666666666666665,,,,,0.0,,,False,True,Matt Freese,,,,,,,,,,,True,False
Matt Freese,matt freese,NYCFC,MLS,4.0,5,saves,saves,NYCFC,NYCFC,1,top,Matt Freese,MLS,elite,2,2,2,0,0.0,-0.6666666666666665,-0.6666666666666665,,,,,0.0,,,False,True,Matt Freese,,,,,,,,,,,True,False
Tomas Romero,tomas romero,NYCFC,MLS,0.0,5,saves,saves,NYCFC,NYCFC,2,top,Tomas Romero,MLS,elite,2,2,2,0,0.0,0.0,0.0,,,,,0.0,,,False,False,Tomas Romero,,,,,,,,,,,True,False
Matt Freese,matt freese,NYCFC,MLS,0.0,5,shots,shots,NYCFC,NYCFC,1,bottom,Matt Freese,MLS,elite,2,2,2,0,0.0,0.0,0.0,,,,,0.0,,,False,False,Matt Freese,,,,,,,,,,,True,False
Max Murray,max murray,NYCFC,MLS,0.0,5,shots,shots,NYCFC,NYCFC,2,bottom,Max Murray,MLS,elite,2,2,2,0,0.0,0.0,0.0,,,,,0.0,,,False,False,Max Murray,,,,,,,,,,,True,False
Nico Cavallo,nico cavallo,NYCFC,MLS,0.0,5,shots,shots,NYCFC,NYCFC,3,bottom,Nico Cavallo,MLS,elite,2,2,2,0,0.0,0.0,0.0,,,,,0.0,,,False,False,Nico Cavallo,,,,,,,,,,,True,False
Luighi Hanri,luighi hanri,NYCFC,MLS,2.4,5,shots,shots,NYCFC,NYCFC,1,top,Luighi Hanri,MLS,elite,2,2,2,0,0.0,-0.5833333333333333,-0.5833333333333333,,,,,0.0,,,False,True,Luighi Hanri,,,,,,,,,,,True,False
Nicolás Fernández,nicolas fernandez,NYCFC,MLS,2.4,5,shots,shots,NYCFC,NYCFC,2,top,Nicolás Fernández,MLS,elite,3,3,2,1,0.0,-1.3095238095238095,-0.7142857142857142,-2.5,,,0.0,0.0,-1.7857142857142858,-1.7857142857142858,False,True,Nicolás Fernández,,,,,,,,,,,True,False
Bénie Traoré,benie traore,NYCFC,MLS,1.2,5,shots,shots,NYCFC,NYCFC,3,top,Bénie Traoré,MLS,elite,2,2,2,0,1.0,2.0833333333333335,2.0833333333333335,,,,,1.0,,,False,False,Bénie Traoré,,,,,,,,,,,True,False
Kevin O'Toole,kevin o'toole,NYCFC,MLS,0.0,5,shots_on_target,shots_on_target,NYCFC,NYCFC,1,bottom,Kevin O'Toole,MLS,elite,2,2,2,0,0.0,0.0,0.0,,,,,0.0,,,False,False,Kevin O'Toole,,,,,,,,,,,True,False
Malachi Jones,malachi jones,NYCFC,MLS,0.0,5,shots_on_target,shots_on_target,NYCFC,NYCFC,2,bottom,Malachi Jones,MLS,elite,2,2,2,0,0.0,0.0,0.0,,,,,0.0,,,False,False,Malachi Jones,,,,,,,,,,,True,False
Matt Freese,matt freese,NYCFC,MLS,0.0,5,shots_on_target,shots_on_target,NYCFC,NYCFC,3,bottom,Matt Freese,MLS,elite,2,2,2,0,0.0,0.0,0.0,,,,,0.0,,,False,False,Matt Freese,,,,,,,,,,,True,False
Luighi Hanri,luighi hanri,NYCFC,MLS,1.0,5,shots_on_target,shots_on_target,NYCFC,NYCFC,1,top,Luighi Hanri,MLS,elite,2,2,2,0,0.5,0.125,0.125,,,,,0.5,,,False,False,Luighi Hanri,,,,,,,,,,,True,False
Nicolás Fernández,nicolas fernandez,NYCFC,MLS,1.0,5,shots_on_target,shots_on_target,NYCFC,NYCFC,2,top,Nicolás Fernández,MLS,elite,3,3,2,1,0.0,-0.4761904761904762,-0.7142857142857143,0.0,,,0.0,0.0,0.7142857142857143,0.7142857142857143,False,True,Nicolás Fernández,,,,,,,,,,,True,False
Andrés Perea,andres perea,NYCFC,MLS,0.4,5,shots_on_target,shots_on_target,NYCFC,NYCFC,3,top,Andrés Perea,MLS,elite,2,2,2,0,0.5,0.20833333333333334,0.20833333333333334,,,,,0.5,,,False,False,Andrés Perea,,,,,,,,,,,True,False
Daryl Dike,daryl dike,ORLANDO,MLS,0.0,5,assists,assists,ORLANDO,ORLANDO,1,bottom,Daryl Dike,MLS,mid,2,2,0,1,0.0,0.0,,0.0,0.0,,0.0,,,,False,False,Daryl Dike,,,,,,,,,,,True,False
David Brekalo,david brekalo,ORLANDO,MLS,0.0,5,assists,assists,ORLANDO,ORLANDO,2,bottom,David Brekalo,MLS,mid,2,2,0,1,0.0,0.0,,0.0,0.0,,0.0,,,,False,False,David Brekalo,,,,,,,,,,,True,False
Eduard Atuesta,eduard atuesta,ORLANDO,MLS,0.0,5,assists,assists,ORLANDO,ORLANDO,3,bottom,Eduard Atuesta,MLS,mid,2,2,0,1,0.0,0.0,,0.0,0.0,,0.0,,,,False,False,Eduard Atuesta,,,,,,,,,,,True,False
Justin Ellis,justin ellis,ORLANDO,MLS,0.6,5,assists,assists,ORLANDO,ORLANDO,1,top,Justin Ellis,MLS,mid,2,2,0,1,1.0,0.5833333333333334,,0.5,0.6666666666666667,,1.0,,,,False,False,Justin Ellis,,,,,,,,,,,True,False
Antoine Griezmann,antoine griezmann,ORLANDO,MLS,0.4,5,assists,assists,ORLANDO,ORLANDO,2,top,Antoine Griezmann,MLS,mid,2,2,0,1,0.0,-0.5833333333333333,,-0.5,-0.6666666666666666,,0.0,,,,False,False,Antoine Griezmann,,,,,,,,,,,True,False
Joran Gerbet,joran gerbet,ORLANDO,MLS,0.2,5,assists,assists,ORLANDO,ORLANDO,3,top,Joran Gerbet,MLS,mid,2,2,0,1,0.5,0.5,,1.0,0.0,,1.0,,,,False,False,Joran Gerbet,,,,,,,,,,,True,False
Eduard Atuesta,eduard atuesta,ORLANDO,MLS,0.0,5,goals,goals,ORLANDO,ORLANDO,1,bottom,Eduard Atuesta,MLS,mid,2,2,0,1,0.0,0.0,,0.0,0.0,,0.0,,,,False,False,Eduard Atuesta,,,,,,,,,,,True,False
Griffin Dorsey,griffin dorsey,ORLANDO,MLS,0.0,5,goals,goals,ORLANDO,ORLANDO,2,bottom,Griffin Dorsey,MLS,mid,2,2,0,1,0.0,0.0,,0.0,0.0,,0.0,,,,False,False,Griffin Dorsey,,,,,,,,,,,True,False
Iago Teodoro,iago teodoro,ORLANDO,MLS,0.0,5,goals,goals,ORLANDO,ORLANDO,3,bottom,Iago Teodoro,MLS,mid,2,2,0,1,0.0,0.0,,0.0,0.0,,0.0,,,,False,False,Iago Teodoro,,,,,,,,,,,True,False
Antoine Griezmann,antoine griezmann,ORLANDO,MLS,1.2,5,goals,goals,ORLANDO,ORLANDO,1,top,Antoine Griezmann,MLS,mid,2,2,0,1,0.5,0.5,,1.0,0.0,,1.0,,,,False,False,Antoine Griezmann,,,,,,,,,,,True,False
Daryl Dike,daryl dike,ORLANDO,MLS,0.2,5,goals,goals,ORLANDO,ORLANDO,2,top,Daryl Dike,MLS,mid,2,2,0,1,0.0,-0.29166666666666663,,-0.25,-0.3333333333333333,,0.0,,,,False,False,Daryl Dike,,,,,,,,,,,True,False
David Brekalo,david brekalo,ORLANDO,MLS,0.2,5,goals,goals,ORLANDO,ORLANDO,3,top,David Brekalo,MLS,mid,2,2,0,1,0.0,-0.29166666666666663,,-0.25,-0.3333333333333333,,0.0,,,,False,False,David Brekalo,,,,,,,,,,,True,False
Javier Otero,javier otero,ORLANDO,MLS,0.0,5,saves,saves,ORLANDO,ORLANDO,1,bottom,Javier Otero,MLS,mid,2,2,0,1,0.0,0.0,,0.0,0.0,,0.0,,,,False,False,Javier Otero,,,,,,,,,,,True,False
Maxime Crépeau,maxime crepeau,ORLANDO,MLS,2.4,5,saves,saves,ORLANDO,ORLANDO,2,bottom,Maxime Crépeau,MLS,mid,2,2,0,1,0.0,-1.375,,-1.75,-1.0,,0.0,,,,False,False,Maxime Crépeau,,,,,,,,,,,True,False
Maxime Crépeau,maxime crepeau,ORLANDO,MLS,2.4,5,saves,saves,ORLANDO,ORLANDO,1,top,Maxime Crépeau,MLS,mid,2,2,0,1,0.0,-1.375,,-1.75,-1.0,,0.0,,,,False,False,Maxime Crépeau,,,,,,,,,,,True,False
Javier Otero,javier otero,ORLANDO,MLS,0.0,5,saves,saves,ORLANDO,ORLANDO,2,top,Javier Otero,MLS,mid,2,2,0,1,0.0,0.0,,0.0,0.0,,0.0,,,,False,False,Javier Otero,,,,,,,,,,,True,False
Eduard Atuesta,eduard atuesta,ORLANDO,MLS,0.0,5,shots,shots,ORLANDO,ORLANDO,1,bottom,Eduard Atuesta,MLS,mid,2,2,0,1,0.0,0.0,,0.0,0.0,,0.0,,,,False,False,Eduard Atuesta,,,,,,,,,,,True,False
Iago Teodoro,iago teodoro,ORLANDO,MLS,0.0,5,shots,shots,ORLANDO,ORLANDO,2,bottom,Iago Teodoro,MLS,mid,2,2,0,1,0.0,0.0,,0.0,0.0,,0.0,,,,False,False,Iago Teodoro,,,,,,,,,,,True,False
Javier Otero,javier otero,ORLANDO,MLS,0.0,5,shots,shots,ORLANDO,ORLANDO,3,bottom,Javier Otero,MLS,mid,2,2,0,1,0.0,0.0,,0.0,0.0,,0.0,,,,False,False,Javier Otero,,,,,,,,,,,True,False
Antoine Griezmann,antoine griezmann,ORLANDO,MLS,3.4,5,shots,shots,ORLANDO,ORLANDO,1,top,Antoine Griezmann,MLS,mid,2,2,0,1,0.0,-0.5833333333333333,,-0.5,-0.6666666666666665,,0.0,,,,False,False,Antoine Griezmann,,,,,,,,,,,True,False
Justin Ellis,justin ellis,ORLANDO,MLS,1.4,5,shots,shots,ORLANDO,ORLANDO,2,top,Justin Ellis,MLS,mid,2,2,0,1,0.5,-0.7083333333333334,,-1.75,0.33333333333333326,,0.0,,,,False,False,Justin Ellis,,,,,,,,,,,True,False
Daryl Dike,daryl dike,ORLANDO,MLS,1.0,5,shots,shots,ORLANDO,ORLANDO,3,top,Daryl Dike,MLS,mid,2,2,0,1,0.5,-0.125,,-1.25,1.0,,0.0,,,,False,False,Daryl Dike,,,,,,,,,,,True,False
Eduard Atuesta,eduard atuesta,ORLANDO,MLS,0.0,5,shots_on_target,shots_on_target,ORLANDO,ORLANDO,1,bottom,Eduard Atuesta,MLS,mid,2,2,0,1,0.0,0.0,,0.0,0.0,,0.0,,,,False,False,Eduard Atuesta,,,,,,,,,,,True,False
Griffin Dorsey,griffin dorsey,ORLANDO,MLS,0.0,5,shots_on_target,shots_on_target,ORLANDO,ORLANDO,2,bottom,Griffin Dorsey,MLS,mid,2,2,0,1,0.0,0.0,,0.0,0.0,,0.0,,,,False,False,Griffin Dorsey,,,,,,,,,,,True,False
Iago Teodoro,iago teodoro,ORLANDO,MLS,0.0,5,shots_on_target,shots_on_target,ORLANDO,ORLANDO,3,bottom,Iago Teodoro,MLS,mid,2,2,0,1,0.0,0.0,,0.0,0.0,,0.0,,,,False,False,Iago Teodoro,,,,,,,,,,,True,False
Antoine Griezmann,antoine griezmann,ORLANDO,MLS,2.2,5,shots_on_target,shots_on_target,ORLANDO,ORLANDO,1,top,Antoine Griezmann,MLS,mid,2,2,0,1,1.0,1.1666666666666665,,1.0,1.3333333333333333,,1.0,,,,False,False,Antoine Griezmann,,,,,,,,,,,True,False
Daryl Dike,daryl dike,ORLANDO,MLS,0.4,5,shots_on_target,shots_on_target,ORLANDO,ORLANDO,2,top,Daryl Dike,MLS,mid,2,2,0,1,0.0,-0.5833333333333333,,-0.5,-0.6666666666666666,,0.0,,,,False,False,Daryl Dike,,,,,,,,,,,True,False
David Brekalo,david brekalo,ORLANDO,MLS,0.4,5,shots_on_target,shots_on_target,ORLANDO,ORLANDO,3,top,David Brekalo,MLS,mid,2,2,0,1,0.0,-0.5833333333333333,,-0.5,-0.6666666666666666,,0.0,,,,False,False,David Brekalo,,,,,,,,,,,True,False
Andre Blake,andre blake,PHILADELPHIA,MLS,0.0,5,assists,assists,PHILADELPHIA,PHILADELPHIA,1,bottom,Andre Blake,MLS,weak,2,2,0,2,0.0,0.0,,0.0,,,0.0,,,,False,False,Andre Blake,,,,,,,,,,,True,False
Andrew Rick,andrew rick,PHILADELPHIA,MLS,0.0,5,assists,assists,PHILADELPHIA,PHILADELPHIA,2,bottom,Andrew Rick,MLS,weak,2,2,0,2,0.0,0.0,,0.0,,,0.0,,,,False,False,Andrew Rick,,,,,,,,,,,True,False
Ben Bender,ben bender,PHILADELPHIA,MLS,0.0,5,assists,assists,PHILADELPHIA,PHILADELPHIA,3,bottom,Ben Bender,MLS,weak,2,2,0,2,0.0,0.0,,0.0,,,0.0,,,,False,False,Ben Bender,,,,,,,,,,,True,False
Cavan Sullivan,cavan sullivan,PHILADELPHIA,MLS,0.4,5,assists,assists,PHILADELPHIA,PHILADELPHIA,1,top,Cavan Sullivan,MLS,weak,2,2,0,2,0.5,1.0,,1.0,,,0.5,,,,False,False,Cavan Sullivan,,,,,,,,,,,True,False
Bruno Damiani,bruno damiani,PHILADELPHIA,MLS,0.2,5,assists,assists,PHILADELPHIA,PHILADELPHIA,2,top,Bruno Damiani,MLS,weak,2,2,0,2,0.0,-0.29166666666666663,,-0.29166666666666663,,,0.0,,,,False,False,Bruno Damiani,,,,,,,,,,,True,False
Danley Jean Jacques,danley jean jacques,PHILADELPHIA,MLS,0.2,5,assists,assists,PHILADELPHIA,PHILADELPHIA,3,top,Danley Jean Jacques,MLS,weak,2,2,0,2,0.0,-0.29166666666666663,,-0.29166666666666663,,,0.0,,,,False,False,Danley Jean Jacques,,,,,,,,,,,True,False
Andre Blake,andre blake,PHILADELPHIA,MLS,0.0,5,goals,goals,PHILADELPHIA,PHILADELPHIA,1,bottom,Andre Blake,MLS,weak,2,2,0,2,0.0,0.0,,0.0,,,0.0,,,,False,False,Andre Blake,,,,,,,,,,,True,False
Andrew Rick,andrew rick,PHILADELPHIA,MLS,0.0,5,goals,goals,PHILADELPHIA,PHILADELPHIA,2,bottom,Andrew Rick,MLS,weak,2,2,0,2,0.0,0.0,,0.0,,,0.0,,,,False,False,Andrew Rick,,,,,,,,,,,True,False
Ben Bender,ben bender,PHILADELPHIA,MLS,0.0,5,goals,goals,PHILADELPHIA,PHILADELPHIA,3,bottom,Ben Bender,MLS,weak,2,2,0,2,0.0,0.0,,0.0,,,0.0,,,,False,False,Ben Bender,,,,,,,,,,,True,False
Bruno Damiani,bruno damiani,PHILADELPHIA,MLS,0.6,5,goals,goals,PHILADELPHIA,PHILADELPHIA,1,top,Bruno Damiani,MLS,weak,2,2,0,2,0.5,1.5,,1.5,,,0.5,,,,False,False,Bruno Damiani,,,,,,,,,,,True,False
Cavan Sullivan,cavan sullivan,PHILADELPHIA,MLS,0.6,5,goals,goals,PHILADELPHIA,PHILADELPHIA,2,top,Cavan Sullivan,MLS,weak,2,2,0,2,0.5,-0.20833333333333331,,-0.20833333333333331,,,0.5,,,,False,False,Cavan Sullivan,,,,,,,,,,,True,False
Milan Iloski,milan iloski,PHILADELPHIA,MLS,0.4,5,goals,goals,PHILADELPHIA,PHILADELPHIA,3,top,Milan Iloski,MLS,weak,2,2,0,2,0.5,0.20833333333333334,,0.20833333333333334,,,0.5,,,,False,False,Milan Iloski,,,,,,,,,,,True,False
Andrew Rick,andrew rick,PHILADELPHIA,MLS,0.0,5,saves,saves,PHILADELPHIA,PHILADELPHIA,1,bottom,Andrew Rick,MLS,weak,2,2,0,2,0.0,0.0,,0.0,,,0.0,,,,False,False,Andrew Rick,,,,,,,,,,,True,False
Andre Blake,andre blake,PHILADELPHIA,MLS,2.2,5,saves,saves,PHILADELPHIA,PHILADELPHIA,2,bottom,Andre Blake,MLS,weak,2,2,0,2,0.0,-1.875,,-1.875,,,0.0,,,,False,False,Andre Blake,,,,,,,,,,,True,False
Andre Blake,andre blake,PHILADELPHIA,MLS,2.2,5,saves,saves,PHILADELPHIA,PHILADELPHIA,1,top,Andre Blake,MLS,weak,2,2,0,2,0.0,-1.875,,-1.875,,,0.0,,,,False,False,Andre Blake,,,,,,,,,,,True,False
Andrew Rick,andrew rick,PHILADELPHIA,MLS,0.0,5,saves,saves,PHILADELPHIA,PHILADELPHIA,2,top,Andrew Rick,MLS,weak,2,2,0,2,0.0,0.0,,0.0,,,0.0,,,,False,False,Andrew Rick,,,,,,,,,,,True,False
Andre Blake,andre blake,PHILADELPHIA,MLS,0.0,5,shots,shots,PHILADELPHIA,PHILADELPHIA,1,bottom,Andre Blake,MLS,weak,2,2,0,2,0.0,0.0,,0.0,,,0.0,,,,False,False,Andre Blake,,,,,,,,,,,True,False
Andrew Rick,andrew rick,PHILADELPHIA,MLS,0.0,5,shots,shots,PHILADELPHIA,PHILADELPHIA,2,bottom,Andrew Rick,MLS,weak,2,2,0,2,0.0,0.0,,0.0,,,0.0,,,,False,False,Andrew Rick,,,,,,,,,,,True,False
Ben Bender,ben bender,PHILADELPHIA,MLS,0.0,5,shots,shots,PHILADELPHIA,PHILADELPHIA,3,bottom,Ben Bender,MLS,weak,2,2,0,2,0.0,0.0,,0.0,,,0.0,,,,False,False,Ben Bender,,,,,,,,,,,True,False
Milan Iloski,milan iloski,PHILADELPHIA,MLS,3.6,5,shots,shots,PHILADELPHIA,PHILADELPHIA,1,top,Milan Iloski,MLS,weak,2,2,0,2,0.0,-0.875,,-0.875,,,0.0,,,,False,False,Milan Iloski,,,,,,,,,,,True,False
Cavan Sullivan,cavan sullivan,PHILADELPHIA,MLS,2.8,5,shots,shots,PHILADELPHIA,PHILADELPHIA,2,top,Cavan Sullivan,MLS,weak,2,2,0,2,1.0,0.29166666666666674,,0.29166666666666674,,,1.0,,,,False,False,Cavan Sullivan,,,,,,,,,,,True,False
Bruno Damiani,bruno damiani,PHILADELPHIA,MLS,2.6,5,shots,shots,PHILADELPHIA,PHILADELPHIA,3,top,Bruno Damiani,MLS,weak,2,2,0,2,1.0,2.1666666666666665,,2.1666666666666665,,,1.0,,,,False,False,Bruno Damiani,,,,,,,,,,,True,False
Andre Blake,andre blake,PHILADELPHIA,MLS,0.0,5,shots_on_target,shots_on_target,PHILADELPHIA,PHILADELPHIA,1,bottom,Andre Blake,MLS,weak,2,2,0,2,0.0,0.0,,0.0,,,0.0,,,,False,False,Andre Blake,,,,,,,,,,,True,False
Andrew Rick,andrew rick,PHILADELPHIA,MLS,0.0,5,shots_on_target,shots_on_target,PHILADELPHIA,PHILADELPHIA,2,bottom,Andrew Rick,MLS,weak,2,2,0,2,0.0,0.0,,0.0,,,0.0,,,,False,False,Andrew Rick,,,,,,,,,,,True,False
Ben Bender,ben bender,PHILADELPHIA,MLS,0.0,5,shots_on_target,shots_on_target,PHILADELPHIA,PHILADELPHIA,3,bottom,Ben Bender,MLS,weak,2,2,0,2,0.0,0.0,,0.0,,,0.0,,,,False,False,Ben Bender,,,,,,,,,,,True,False
Cavan Sullivan,cavan sullivan,PHILADELPHIA,MLS,1.2,5,shots_on_target,shots_on_target,PHILADELPHIA,PHILADELPHIA,1,top,Cavan Sullivan,MLS,weak,2,2,0,2,0.5,0.25,,0.25,,,0.5,,,,False,False,Cavan Sullivan,,,,,,,,,,,True,False
Milan Iloski,milan iloski,PHILADELPHIA,MLS,1.2,5,shots_on_target,shots_on_target,PHILADELPHIA,PHILADELPHIA,2,top,Milan Iloski,MLS,weak,2,2,0,2,0.0,-0.29166666666666663,,-0.29166666666666663,,,0.0,,,,False,False,Milan Iloski,,,,,,,,,,,True,False
Quinn Sullivan,quinn sullivan,PHILADELPHIA,MLS,1.0,5,shots_on_target,shots_on_target,PHILADELPHIA,PHILADELPHIA,3,top,Quinn Sullivan,MLS,weak,2,2,0,2,0.5,0.6666666666666667,,0.6666666666666667,,,0.5,,,,False,False,Quinn Sullivan,,,,,,,,,,,True,False
Eric Miller,eric miller,PORTLAND,MLS,0.0,5,assists,assists,PORTLAND,PORTLAND,1,bottom,Eric Miller,MLS,elite,2,2,2,0,0.0,0.0,0.0,,,,,0.0,,,False,False,Eric Miller,Eric Miller,PORTLAND,FC DALLAS,assists,0.5,17.0,Avg,0.0,0.0,eric miller,True,False
Finn Surman,finn surman,PORTLAND,MLS,0.0,5,assists,assists,PORTLAND,PORTLAND,2,bottom,Finn Surman,MLS,elite,2,2,2,0,0.0,0.0,0.0,,,,,0.0,,,False,False,Finn Surman,Finn Surman,PORTLAND,FC DALLAS,assists,0.5,17.0,Avg,0.0,0.0,finn surman,True,False
Gage Guerra,gage guerra,PORTLAND,MLS,0.0,5,assists,assists,PORTLAND,PORTLAND,3,bottom,Gage Guerra,MLS,elite,2,2,2,0,0.0,0.0,0.0,,,,,0.0,,,False,False,Gage Guerra,,,,,,,,,,,True,False
Cole Bassett,cole bassett,PORTLAND,MLS,0.4,5,assists,assists,PORTLAND,PORTLAND,1,top,Cole Bassett,MLS,elite,2,2,2,0,0.5,0.20833333333333334,0.20833333333333334,,,,,0.5,,,False,False,Cole Bassett,Cole Bassett,PORTLAND,FC DALLAS,assists,0.5,17.0,Avg,0.4,0.4,cole bassett,True,False
Kristoffer Velde,kristoffer velde,PORTLAND,MLS,0.4,5,assists,assists,PORTLAND,PORTLAND,2,top,Kristoffer Velde,MLS,elite,2,2,2,0,0.0,-0.5833333333333333,-0.5833333333333333,,,,,0.0,,,False,True,Kristoffer Velde,Kristoffer Velde,PORTLAND,FC DALLAS,assists,0.5,17.0,Avg,0.4,0.4,kristoffer velde,True,False
Antony,antony,PORTLAND,MLS,0.2,5,assists,assists,PORTLAND,PORTLAND,3,top,Antony,MLS,elite,3,3,2,1,0.3333333333333333,0.2962962962962963,0.4444444444444444,0.0,,,0.0,0.5,-0.4444444444444444,-0.4444444444444444,False,False,Antony,Antony,PORTLAND,FC DALLAS,assists,0.5,17.0,Avg,0.2,0.2,antony,True,False
Cole Bassett,cole bassett,PORTLAND,MLS,0.0,5,goals,goals,PORTLAND,PORTLAND,1,bottom,Cole Bassett,MLS,elite,2,2,2,0,0.0,0.0,0.0,,,,,0.0,,,False,False,Cole Bassett,Cole Bassett,PORTLAND,FC DALLAS,goals,0.5,17.0,Avg,0.0,0.0,cole bassett,True,False
Eric Miller,eric miller,PORTLAND,MLS,0.0,5,goals,goals,PORTLAND,PORTLAND,2,bottom,Eric Miller,MLS,elite,2,2,2,0,0.0,0.0,0.0,,,,,0.0,,,False,False,Eric Miller,Eric Miller,PORTLAND,FC DALLAS,goals,0.5,17.0,Avg,0.0,0.0,eric miller,True,False
Finn Surman,finn surman,PORTLAND,MLS,0.0,5,goals,goals,PORTLAND,PORTLAND,3,bottom,Finn Surman,MLS,elite,2,2,2,0,0.0,0.0,0.0,,,,,0.0,,,False,False,Finn Surman,Finn Surman,PORTLAND,FC DALLAS,goals,0.5,17.0,Avg,0.0,0.0,finn surman,True,False
Kristoffer Velde,kristoffer velde,PORTLAND,MLS,0.8,5,goals,goals,PORTLAND,PORTLAND,1,top,Kristoffer Velde,MLS,elite,2,2,2,0,1.0,1.0833333333333335,1.0833333333333335,,,,,1.0,,,False,False,Kristoffer Velde,Kristoffer Velde,PORTLAND,FC DALLAS,goals,1.5,17.0,Avg,0.2,0.8,kristoffer velde,True,False
Kristoffer Velde,kristoffer velde,PORTLAND,MLS,0.8,5,goals,goals,PORTLAND,PORTLAND,1,top,Kristoffer Velde,MLS,elite,2,2,2,0,1.0,1.0833333333333335,1.0833333333333335,,,,,1.0,,,False,False,Kristoffer Velde,Kristoffer Velde,PORTLAND,FC DALLAS,goals,0.5,17.0,Avg,0.6,0.8,kristoffer velde,True,False
David Da Costa,david da costa,PORTLAND,MLS,0.4,5,goals,goals,PORTLAND,PORTLAND,2,top,David Da Costa,MLS,elite,2,2,2,0,0.0,-0.5833333333333333,-0.5833333333333333,,,,,0.0,,,False,True,David Da Costa,David da Costa,PORTLAND,FC DALLAS,goals,0.5,17.0,Avg,0.4,0.4,david da costa,True,False
Antony,antony,PORTLAND,MLS,0.2,5,goals,goals,PORTLAND,PORTLAND,3,top,Antony,MLS,elite,3,3,2,1,0.3333333333333333,0.2486772486772487,-0.12698412698412698,1.0,,,1.0,0.0,1.126984126984127,1.126984126984127,False,False,Antony,Antony,PORTLAND,FC DALLAS,goals,0.5,17.0,Avg,0.2,0.2,antony,True,False
James Pantemis,james pantemis,PORTLAND,MLS,4.4,5,saves,saves,PORTLAND,PORTLAND,1,bottom,James Pantemis,MLS,elite,2,2,2,0,0.0,-2.1666666666666665,-2.1666666666666665,,,,,0.0,,,False,True,James Pantemis,James Pantemis,PORTLAND,FC DALLAS,saves,3.5,17.0,Avg,0.6,4.4,james pantemis,True,False
James Pantemis,james pantemis,PORTLAND,MLS,4.4,5,saves,saves,PORTLAND,PORTLAND,1,bottom,James Pantemis,MLS,elite,2,2,2,0,0.0,-2.1666666666666665,-2.1666666666666665,,,,,0.0,,,False,True,James Pantemis,James Pantemis,PORTLAND,FC DALLAS,saves,4.5,17.0,Avg,0.4,4.4,james pantemis,True,False
James Pantemis,james pantemis,PORTLAND,MLS,4.4,5,saves,saves,PORTLAND,PORTLAND,1,bottom,James Pantemis,MLS,elite,2,2,2,0,0.0,-2.1666666666666665,-2.1666666666666665,,,,,0.0,,,False,True,James Pantemis,James Pantemis,PORTLAND,FC DALLAS,saves,2.5,17.0,Avg,0.6,4.4,james pantemis,True,False
James Pantemis,james pantemis,PORTLAND,MLS,4.4,5,saves,saves,PORTLAND,PORTLAND,1,top,James Pantemis,MLS,elite,2,2,2,0,0.0,-2.1666666666666665,-2.1666666666666665,,,,,0.0,,,False,True,James Pantemis,James Pantemis,PORTLAND,FC DALLAS,saves,3.5,17.0,Avg,0.6,4.4,james pantemis,True,False
James Pantemis,james pantemis,PORTLAND,MLS,4.4,5,saves,saves,PORTLAND,PORTLAND,1,top,James Pantemis,MLS,elite,2,2,2,0,0.0,-2.1666666666666665,-2.1666666666666665,,,,,0.0,,,False,True,James Pantemis,James Pantemis,PORTLAND,FC DALLAS,saves,4.5,17.0,Avg,0.4,4.4,james pantemis,True,False
James Pantemis,james pantemis,PORTLAND,MLS,4.4,5,saves,saves,PORTLAND,PORTLAND,1,top,James Pantemis,MLS,elite,2,2,2,0,0.0,-2.1666666666666665,-2.1666666666666665,,,,,0.0,,,False,True,James Pantemis,James Pantemis,PORTLAND,FC DALLAS,saves,2.5,17.0,Avg,0.6,4.4,james pantemis,True,False
Finn Surman,finn surman,PORTLAND,MLS,0.0,5,shots,shots,PORTLAND,PORTLAND,1,bottom,Finn Surman,MLS,elite,2,2,2,0,0.0,0.0,0.0,,,,,0.0,,,False,False,Finn Surman,Finn Surman,PORTLAND,FC DALLAS,shots,1.5,17.0,Avg,0.0,0.0,finn surman,True,False
Finn Surman,finn surman,PORTLAND,MLS,0.0,5,shots,shots,PORTLAND,PORTLAND,1,bottom,Finn Surman,MLS,elite,2,2,2,0,0.0,0.0,0.0,,,,,0.0,,,False,False,Finn Surman,Finn Surman,PORTLAND,FC DALLAS,shots,2.5,17.0,Avg,0.0,0.0,finn surman,True,False
Finn Surman,finn surman,PORTLAND,MLS,0.0,5,shots,shots,PORTLAND,PORTLAND,1,bottom,Finn Surman,MLS,elite,2,2,2,0,0.0,0.0,0.0,,,,,0.0,,,False,False,Finn Surman,Finn Surman,PORTLAND,FC DALLAS,shots,0.5,17.0,Avg,0.0,0.0,finn surman,True,False
Ian Smith,ian smith,PORTLAND,MLS,0.0,5,shots,shots,PORTLAND,PORTLAND,2,bottom,Ian Smith,MLS,elite,2,2,2,0,0.0,0.0,0.0,,,,,0.0,,,False,False,Ian Smith,Ian Smith,PORTLAND,FC DALLAS,shots,0.5,17.0,Avg,0.0,0.0,ian smith,True,False
Ian Smith,ian smith,PORTLAND,MLS,0.0,5,shots,shots,PORTLAND,PORTLAND,2,bottom,Ian Smith,MLS,elite,2,2,2,0,0.0,0.0,0.0,,,,,0.0,,,False,False,Ian Smith,Ian Smith,PORTLAND,FC DALLAS,shots,1.5,17.0,Avg,0.0,0.0,ian smith,True,False
James Pantemis,james pantemis,PORTLAND,MLS,0.0,5,shots,shots,PORTLAND,PORTLAND,3,bottom,James Pantemis,MLS,elite,2,2,2,0,0.0,0.0,0.0,,,,,0.0,,,False,False,James Pantemis,,,,,,,,,,,True,False
Kristoffer Velde,kristoffer velde,PORTLAND,MLS,3.0,5,shots,shots,PORTLAND,PORTLAND,1,top,Kristoffer Velde,MLS,elite,2,2,2,0,1.0,2.375,2.375,,,,,1.0,,,False,False,Kristoffer Velde,Kristoffer Velde,PORTLAND,FC DALLAS,shots,5.5,17.0,Avg,0.2,3.0,kristoffer velde,True,False
Kristoffer Velde,kristoffer velde,PORTLAND,MLS,3.0,5,shots,shots,PORTLAND,PORTLAND,1,top,Kristoffer Velde,MLS,elite,2,2,2,0,1.0,2.375,2.375,,,,,1.0,,,False,False,Kristoffer Velde,Kristoffer Velde,PORTLAND,FC DALLAS,shots,7.5,17.0,Avg,0.0,3.0,kristoffer velde,True,False
Kristoffer Velde,kristoffer velde,PORTLAND,MLS,3.0,5,shots,shots,PORTLAND,PORTLAND,1,top,Kristoffer Velde,MLS,elite,2,2,2,0,1.0,2.375,2.375,,,,,1.0,,,False,False,Kristoffer Velde,Kristoffer Velde,PORTLAND,FC DALLAS,shots,3.5,17.0,Avg,0.2,3.0,kristoffer velde,True,False
Kristoffer Velde,kristoffer velde,PORTLAND,MLS,3.0,5,shots,shots,PORTLAND,PORTLAND,1,top,Kristoffer Velde,MLS,elite,2,2,2,0,1.0,2.375,2.375,,,,,1.0,,,False,False,Kristoffer Velde,Kristoffer Velde,PORTLAND,FC DALLAS,shots,2.5,17.0,Avg,0.6,3.0,kristoffer velde,True,False
Kristoffer Velde,kristoffer velde,PORTLAND,MLS,3.0,5,shots,shots,PORTLAND,PORTLAND,1,top,Kristoffer Velde,MLS,elite,2,2,2,0,1.0,2.375,2.375,,,,,1.0,,,False,False,Kristoffer Velde,Kristoffer Velde,PORTLAND,FC DALLAS,shots,1.5,17.0,Avg,0.8,3.0,kristoffer velde,True,False
Cole Bassett,cole bassett,PORTLAND,MLS,1.8,5,shots,shots,PORTLAND,PORTLAND,2,top,Cole Bassett,MLS,elite,2,2,2,0,0.5,1.2083333333333335,1.2083333333333335,,,,,0.5,,,False,False,Cole Bassett,Cole Bassett,PORTLAND,FC DALLAS,shots,4.5,17.0,Avg,0.0,1.8,cole bassett,True,False
Cole Bassett,cole bassett,PORTLAND,MLS,1.8,5,shots,shots,PORTLAND,PORTLAND,2,top,Cole Bassett,MLS,elite,2,2,2,0,0.5,1.2083333333333335,1.2083333333333335,,,,,0.5,,,False,False,Cole Bassett,Cole Bassett,PORTLAND,FC DALLAS,shots,5.5,17.0,Avg,0.0,1.8,cole bassett,True,False
Cole Bassett,cole bassett,PORTLAND,MLS,1.8,5,shots,shots,PORTLAND,PORTLAND,2,top,Cole Bassett,MLS,elite,2,2,2,0,0.5,1.2083333333333335,1.2083333333333335,,,,,0.5,,,False,False,Cole Bassett,Cole Bassett,PORTLAND,FC DALLAS,shots,2.5,17.0,Avg,0.2,1.8,cole bassett,True,False
Cole Bassett,cole bassett,PORTLAND,MLS,1.8,5,shots,shots,PORTLAND,PORTLAND,2,top,Cole Bassett,MLS,elite,2,2,2,0,0.5,1.2083333333333335,1.2083333333333335,,,,,0.5,,,False,False,Cole Bassett,Cole Bassett,PORTLAND,FC DALLAS,shots,1.5,17.0,Avg,0.4,1.8,cole bassett,True,False
Ariel Lassiter,ariel lassiter,PORTLAND,MLS,1.6,5,shots,shots,PORTLAND,PORTLAND,3,top,Ariel Lassiter,MLS,elite,2,2,2,0,0.5,-0.08333333333333337,-0.08333333333333337,,,,,0.5,,,False,False,Ariel Lassiter,Ariel Lassiter,PORTLAND,FC DALLAS,shots,4.5,17.0,Avg,0.0,1.6,ariel lassiter,True,False
Ariel Lassiter,ariel lassiter,PORTLAND,MLS,1.6,5,shots,shots,PORTLAND,PORTLAND,3,top,Ariel Lassiter,MLS,elite,2,2,2,0,0.5,-0.08333333333333337,-0.08333333333333337,,,,,0.5,,,False,False,Ariel Lassiter,Ariel Lassiter,PORTLAND,FC DALLAS,shots,5.5,17.0,Avg,0.0,1.6,ariel lassiter,True,False
Ariel Lassiter,ariel lassiter,PORTLAND,MLS,1.6,5,shots,shots,PORTLAND,PORTLAND,3,top,Ariel Lassiter,MLS,elite,2,2,2,0,0.5,-0.08333333333333337,-0.08333333333333337,,,,,0.5,,,False,False,Ariel Lassiter,Ariel Lassiter,PORTLAND,FC DALLAS,shots,2.5,17.0,Avg,0.2,1.6,ariel lassiter,True,False
Ariel Lassiter,ariel lassiter,PORTLAND,MLS,1.6,5,shots,shots,PORTLAND,PORTLAND,3,top,Ariel Lassiter,MLS,elite,2,2,2,0,0.5,-0.08333333333333337,-0.08333333333333337,,,,,0.5,,,False,False,Ariel Lassiter,Ariel Lassiter,PORTLAND,FC DALLAS,shots,1.5,17.0,Avg,0.6,1.6,ariel lassiter,True,False
Eric Miller,eric miller,PORTLAND,MLS,0.0,5,shots_on_target,shots_on_target,PORTLAND,PORTLAND,1,bottom,Eric Miller,MLS,elite,2,2,2,0,0.0,0.0,0.0,,,,,0.0,,,False,False,Eric Miller,Eric Miller,PORTLAND,FC DALLAS,shots_on_target,1.5,17.0,Avg,0.0,0.0,eric miller,True,False
Eric Miller,eric miller,PORTLAND,MLS,0.0,5,shots_on_target,shots_on_target,PORTLAND,PORTLAND,1,bottom,Eric Miller,MLS,elite,2,2,2,0,0.0,0.0,0.0,,,,,0.0,,,False,False,Eric Miller,Eric Miller,PORTLAND,FC DALLAS,shots_on_target,0.5,17.0,Avg,0.0,0.0,eric miller,True,False
Finn Surman,finn surman,PORTLAND,MLS,0.0,5,shots_on_target,shots_on_target,PORTLAND,PORTLAND,2,bottom,Finn Surman,MLS,elite,2,2,2,0,0.0,0.0,0.0,,,,,0.0,,,False,False,Finn Surman,Finn Surman,PORTLAND,FC DALLAS,shots_on_target,0.5,17.0,Avg,0.0,0.0,finn surman,True,False
Gage Guerra,gage guerra,PORTLAND,MLS,0.0,5,shots_on_target,shots_on_target,PORTLAND,PORTLAND,3,bottom,Gage Guerra,MLS,elite,2,2,2,0,0.0,0.0,0.0,,,,,0.0,,,False,False,Gage Guerra,,,,,,,,,,,True,False
Kristoffer Velde,kristoffer velde,PORTLAND,MLS,1.0,5,shots_on_target,shots_on_target,PORTLAND,PORTLAND,1,top,Kristoffer Velde,MLS,elite,2,2,2,0,1.0,0.7916666666666667,0.7916666666666667,,,,,1.0,,,False,False,Kristoffer Velde,Kristoffer Velde,PORTLAND,FC DALLAS,shots_on_target,2.5,17.0,Avg,0.0,1.0,kristoffer velde,True,False
Kristoffer Velde,kristoffer velde,PORTLAND,MLS,1.0,5,shots_on_target,shots_on_target,PORTLAND,PORTLAND,1,top,Kristoffer Velde,MLS,elite,2,2,2,0,1.0,0.7916666666666667,0.7916666666666667,,,,,1.0,,,False,False,Kristoffer Velde,Kristoffer Velde,PORTLAND,FC DALLAS,shots_on_target,1.5,17.0,Avg,0.2,1.0,kristoffer velde,True,False
Kristoffer Velde,kristoffer velde,PORTLAND,MLS,1.0,5,shots_on_target,shots_on_target,PORTLAND,PORTLAND,1,top,Kristoffer Velde,MLS,elite,2,2,2,0,1.0,0.7916666666666667,0.7916666666666667,,,,,1.0,,,False,False,Kristoffer Velde,Kristoffer Velde,PORTLAND,FC DALLAS,shots_on_target,0.5,17.0,Avg,0.8,1.0,kristoffer velde,True,False
Ariel Lassiter,ariel lassiter,PORTLAND,MLS,0.6,5,shots_on_target,shots_on_target,PORTLAND,PORTLAND,2,top,Ariel Lassiter,MLS,elite,2,2,2,0,0.0,-0.875,-0.875,,,,,0.0,,,False,True,Ariel Lassiter,Ariel Lassiter,PORTLAND,FC DALLAS,shots_on_target,2.5,17.0,Avg,0.0,0.6,ariel lassiter,True,False
Ariel Lassiter,ariel lassiter,PORTLAND,MLS,0.6,5,shots_on_target,shots_on_target,PORTLAND,PORTLAND,2,top,Ariel Lassiter,MLS,elite,2,2,2,0,0.0,-0.875,-0.875,,,,,0.0,,,False,True,Ariel Lassiter,Ariel Lassiter,PORTLAND,FC DALLAS,shots_on_target,1.5,17.0,Avg,0.2,0.6,ariel lassiter,True,False
Ariel Lassiter,ariel lassiter,PORTLAND,MLS,0.6,5,shots_on_target,shots_on_target,PORTLAND,PORTLAND,2,top,Ariel Lassiter,MLS,elite,2,2,2,0,0.0,-0.875,-0.875,,,,,0.0,,,False,True,Ariel Lassiter,Ariel Lassiter,PORTLAND,FC DALLAS,shots_on_target,0.5,17.0,Avg,0.4,0.6,ariel lassiter,True,False
David Da Costa,david da costa,PORTLAND,MLS,0.6,5,shots_on_target,shots_on_target,PORTLAND,PORTLAND,3,top,David Da Costa,MLS,elite,2,2,2,0,0.0,-0.875,-0.875,,,,,0.0,,,False,True,David Da Costa,David da Costa,PORTLAND,FC DALLAS,shots_on_target,2.5,17.0,Avg,0.0,0.6,david da costa,True,False
David Da Costa,david da costa,PORTLAND,MLS,0.6,5,shots_on_target,shots_on_target,PORTLAND,PORTLAND,3,top,David Da Costa,MLS,elite,2,2,2,0,0.0,-0.875,-0.875,,,,,0.0,,,False,True,David Da Costa,David da Costa,PORTLAND,FC DALLAS,shots_on_target,0.5,17.0,Avg,0.6,0.6,david da costa,True,False
Benjamin Arthur,benjamin arthur,PORTSMOUTH,Championship,0.0,8,assists,assists,PORTSMOUTH,PORTSMOUTH,1,bottom,Benjamin Arthur,Championship,weak,5,5,0,3,0.0,0.0,,0.0,,,0.0,,,,False,False,Benjamin Arthur,,,,,,,,,,,True,False
Colby Bishop,colby bishop,PORTSMOUTH,Championship,0.0,10,assists,assists,PORTSMOUTH,PORTSMOUTH,2,bottom,Colby Bishop,Championship,weak,8,8,2,4,0.0,0.0,0.0,0.0,,,0.0,0.0,0.0,0.0,False,False,Colby Bishop,,,,,,,,,,,True,False
Conor Shaughnessy,conor shaughnessy,PORTSMOUTH,Championship,0.0,10,assists,assists,PORTSMOUTH,PORTSMOUTH,3,bottom,Conor Shaughnessy,Championship,unknown,8,8,2,3,0.0,0.0,0.0,0.0,,,0.0,0.0,0.0,0.0,False,False,Conor Shaughnessy,,,,,,,,,,,True,False
Abu Kamara,abu kamara,PORTSMOUTH,Championship,0.25,8,assists,assists,PORTSMOUTH,PORTSMOUTH,1,top,Abu Kamara,Championship,weak,5,5,0,3,0.2,-0.17047619047619048,,-0.41111111111111115,,,0.0,,,,False,False,Abu Kamara,,,,,,,,,,,True,False
Ebou Adams,ebou adams,PORTSMOUTH,Championship,0.2,5,assists,assists,PORTSMOUTH,PORTSMOUTH,2,top,Ebou Adams,Championship,weak,3,3,1,2,0.3333333333333333,0.18333333333333335,1.0,-0.225,,,0.0,1.0,-1.225,-1.225,False,False,Ebou Adams,,,,,,,,,,,True,False
Ebrima Adams,ebrima adams,PORTSMOUTH,Championship,0.2,5,assists,assists,PORTSMOUTH,PORTSMOUTH,3,top,Ebrima Adams,Championship,weak,3,3,0,2,0.0,-0.26111111111111107,,-0.29166666666666663,,,0.0,,,,False,False,Ebrima Adams,,,,,,,,,,,True,False
Abu Kamara,abu kamara,PORTSMOUTH,Championship,0.0,5,goals,goals,PORTSMOUTH,PORTSMOUTH,1,bottom,Abu Kamara,Championship,unknown,2,2,0,1,0.0,0.0,,0.0,,,0.0,,,,False,False,Abu Kamara,,,,,,,,,,,True,False
Benjamin Arthur,benjamin arthur,PORTSMOUTH,Championship,0.0,5,goals,goals,PORTSMOUTH,PORTSMOUTH,2,bottom,Benjamin Arthur,Championship,unknown,2,2,0,1,0.0,0.0,,0.0,,,0.0,,,,False,False,Benjamin Arthur,,,,,,,,,,,True,False
Colby Bishop,colby bishop,PORTSMOUTH,Championship,0.0,5,goals,goals,PORTSMOUTH,PORTSMOUTH,3,bottom,Colby Bishop,Championship,weak,3,3,0,2,0.0,0.0,,0.0,,,0.0,,,,False,False,Colby Bishop,,,,,,,,,,,True,False
Adrian Segecic,adrian segecic,PORTSMOUTH,Championship,0.42857142857142855,7,goals,goals,PORTSMOUTH,PORTSMOUTH,1,top,Adrian Segecic,Championship,weak,6,6,1,3,0.3333333333333333,-0.4537698412698414,-1.0,-0.43253968253968256,,,0.3333333333333333,0.0,0.5674603174603174,0.5674603174603174,False,False,Adrian Segecic,,,,,,,,,,,True,False
Marko Milovanovic,marko milovanovic,PORTSMOUTH,Championship,0.4,5,goals,goals,PORTSMOUTH,PORTSMOUTH,2,top,Marko Milovanovic,Championship,weak,3,3,0,2,0.6666666666666666,0.5166666666666667,,0.375,,,0.5,,,,False,False,Marko Milovanovic,,,,,,,,,,,True,False
Terry Devlin,terry devlin,PORTSMOUTH,Championship,0.3333333333333333,6,goals,goals,PORTSMOUTH,PORTSMOUTH,3,top,Terry Devlin,Championship,unknown,4,4,0,2,0.0,-0.475,,-0.45,,,0.0,,,,False,False,Terry Devlin,,,,,,,,,,,True,False
Harvey Blair,harvey blair,PORTSMOUTH,Championship,1.2857142857142858,7,passes,passes,PORTSMOUTH,PORTSMOUTH,1,bottom,Harvey Blair,Championship,weak,4,4,0,3,0.5,2.0,,2.6666666666666665,,,0.6666666666666666,,,,False,False,Harvey Blair,,,,,,,,,,,True,False
John Swift,john swift,PORTSMOUTH,Championship,13.2,5,passes,passes,PORTSMOUTH,PORTSMOUTH,2,bottom,John Swift,Championship,weak,3,3,1,2,0.0,-16.51111111111111,-25.333333333333332,-12.1,,,0.0,0.0,13.233333333333333,13.233333333333333,False,False,John Swift,,,,,,,,,,,True,False
Ebou Adams,ebou adams,PORTSMOUTH,Championship,14.285714285714286,7,passes,passes,PORTSMOUTH,PORTSMOUTH,3,bottom,Ebou Adams,Championship,elite,5,5,2,2,0.8,13.875714285714285,10.766666666666666,5.0476190476190474,,,1.0,0.5,-5.719047619047618,-5.719047619047618,False,False,Ebou Adams,,,,,,,,,,,True,False
Zak Swanson,zak swanson,PORTSMOUTH,Championship,44.25,8,passes,passes,PORTSMOUTH,PORTSMOUTH,1,top,Zak Swanson,Championship,weak,6,6,2,3,0.5,-11.755357142857141,-22.916666666666668,-2.2996031746031727,,0.532542818559917,0.6666666666666666,0.5,20.617063492063494,20.617063492063494,True,True,Zak Swanson,,,,,,,,,,,True,False
Nicolas Schmid,nicolas schmid,PORTSMOUTH,Championship,32.6,5,passes,passes,PORTSMOUTH,PORTSMOUTH,2,top,Nicolas Schmid,Championship,weak,3,3,1,2,1.0,12.588888888888889,12.666666666666668,12.55,,,1.0,1.0,-0.11666666666666714,-0.11666666666666714,False,False,Nicolas Schmid,,,,,,,,,,,True,False
Conor Shaughnessy,conor shaughnessy,PORTSMOUTH,Championship,32.0,6,passes,passes,PORTSMOUTH,PORTSMOUTH,3,top,Conor Shaughnessy,Championship,weak,4,4,1,2,1.0,22.0,42.5,10.416666666666666,,,1.0,1.0,-32.083333333333336,-32.083333333333336,False,False,Conor Shaughnessy,,,,,,,,,,,True,False
Colby Bishop,colby bishop,PORTSMOUTH,Championship,0.0,5,saves,saves,PORTSMOUTH,PORTSMOUTH,1,bottom,Colby Bishop,Championship,weak,3,3,1,2,0.0,0.0,0.0,0.0,,,0.0,0.0,0.0,0.0,False,False,Colby Bishop,,,,,,,,,,,True,False
Conor Shaughnessy,conor shaughnessy,PORTSMOUTH,Championship,0.0,6,saves,saves,PORTSMOUTH,PORTSMOUTH,2,bottom,Conor Shaughnessy,Championship,weak,4,4,1,2,0.0,0.0,0.0,0.0,,,0.0,0.0,0.0,0.0,False,False,Conor Shaughnessy,,,,,,,,,,,True,False
Ebou Adams,ebou adams,PORTSMOUTH,Championship,0.0,7,saves,saves,PORTSMOUTH,PORTSMOUTH,3,bottom,Ebou Adams,Championship,elite,5,5,2,2,0.0,0.0,0.0,0.0,,,0.0,0.0,0.0,0.0,False,False,Ebou Adams,,,,,,,,,,,True,False
Nicolas Schmid,nicolas schmid,PORTSMOUTH,Championship,1.7,10,saves,saves,PORTSMOUTH,PORTSMOUTH,1,top,Nicolas Schmid,Championship,weak,8,8,2,4,0.5,-0.72441829004329,0.44999999999999996,-1.427083333333333,,-0.5579705417160561,0.25,1.0,-1.877083333333333,-1.877083333333333,False,False,Nicolas Schmid,,,,,,,,,,,True,False
Daniel Bielica,daniel bielica,PORTSMOUTH,Championship,1.6,5,saves,saves,PORTSMOUTH,PORTSMOUTH,2,top,Daniel Bielica,Championship,weak,3,3,0,2,0.6666666666666666,2.466666666666667,,1.5,,,0.5,,,,False,False,Daniel Bielica,,,,,,,,,,,True,False
Colby Bishop,colby bishop,PORTSMOUTH,Championship,0.0,5,saves,saves,PORTSMOUTH,PORTSMOUTH,3,top,Colby Bishop,Championship,weak,3,3,1,2,0.0,0.0,0.0,0.0,,,0.0,0.0,0.0,0.0,False,False,Colby Bishop,,,,,,,,,,,True,False
Daniel Bielica,daniel bielica,PORTSMOUTH,Championship,0.0,5,shots,shots,PORTSMOUTH,PORTSMOUTH,1,bottom,Daniel Bielica,Championship,weak,3,3,0,2,0.0,0.0,,0.0,,,0.0,,,,False,False,Daniel Bielica,,,,,,,,,,,True,False
John Swift,john swift,PORTSMOUTH,Championship,0.0,9,shots,shots,PORTSMOUTH,PORTSMOUTH,2,bottom,John Swift,Championship,weak,7,7,2,4,0.0,0.0,0.0,0.0,,,0.0,0.0,0.0,0.0,False,False,John Swift,,,,,,,,,,,True,False
Luke Le Roux,luke le roux,PORTSMOUTH,Championship,0.0,6,shots,shots,PORTSMOUTH,PORTSMOUTH,3,bottom,Luke Le Roux,Championship,elite,4,4,3,0,0.0,0.0,0.0,,,,,0.0,,,False,False,Luke Le Roux,,,,,,,,,,,True,False
Adrian Segecic,adrian segecic,PORTSMOUTH,Championship,3.6666666666666665,9,shots,shots,PORTSMOUTH,PORTSMOUTH,1,top,Adrian Segecic,Championship,weak,8,8,2,4,0.125,-0.6888392857142858,-0.5833333333333335,-0.20267857142857149,,0.14316271140788026,0.25,0.0,0.380654761904762,0.380654761904762,False,True,Adrian Segecic,,,,,,,,,,,True,False
Ryan Kavuma-Mcqueen,ryan kavuma-mcqueen,PORTSMOUTH,Championship,2.2,5,shots,shots,PORTSMOUTH,PORTSMOUTH,2,top,Ryan Kavuma-McQueen,Championship,weak,5,5,0,3,0.4,0.005714285714285694,,0.9777777777777779,,,0.6666666666666666,,,,False,False,Ryan Kavuma-Mcqueen,,,,,,,,,,,True,False
Abu Kamara,abu kamara,PORTSMOUTH,Championship,2.0,8,shots,shots,PORTSMOUTH,PORTSMOUTH,3,top,Abu Kamara,Championship,weak,5,5,0,3,0.6,0.4019047619047619,,-0.15555555555555559,,,0.3333333333333333,,,,False,False,Abu Kamara,,,,,,,,,,,True,False
Benjamin Arthur,benjamin arthur,PORTSMOUTH,Championship,0.0,8,shots_on_target,shots_on_target,PORTSMOUTH,PORTSMOUTH,1,bottom,Benjamin Arthur,Championship,weak,5,5,0,3,0.0,0.0,,0.0,,,0.0,,,,False,False,Benjamin Arthur,,,,,,,,,,,True,False
Daniel Bielica,daniel bielica,PORTSMOUTH,Championship,0.0,5,shots_on_target,shots_on_target,PORTSMOUTH,PORTSMOUTH,2,bottom,Daniel Bielica,Championship,weak,3,3,0,2,0.0,0.0,,0.0,,,0.0,,,,False,False,Daniel Bielica,,,,,,,,,,,True,False
John Swift,john swift,PORTSMOUTH,Championship,0.0,9,shots_on_target,shots_on_target,PORTSMOUTH,PORTSMOUTH,3,bottom,John Swift,Championship,weak,7,7,2,4,0.0,0.0,0.0,0.0,,,0.0,0.0,0.0,0.0,False,False,John Swift,,,,,,,,,,,True,False
Marko Milovanovic,marko milovanovic,PORTSMOUTH,Championship,1.0,5,shots_on_target,shots_on_target,PORTSMOUTH,PORTSMOUTH,1,top,Marko Milovanovic,Championship,weak,3,3,0,2,1.0,0.7888888888888891,,1.0833333333333335,,,1.0,,,,False,False,Marko Milovanovic,,,,,,,,,,,True,False
Adrian Segecic,adrian segecic,PORTSMOUTH,Championship,0.6666666666666666,9,shots_on_target,shots_on_target,PORTSMOUTH,PORTSMOUTH,2,top,Adrian Segecic,Championship,weak,8,8,2,4,0.25,-0.918998015873016,-2.041666666666667,-0.6421626984126985,,0.7741593794010687,0.25,0.0,1.3995039682539685,1.3995039682539685,False,True,Adrian Segecic,,,,,,,,,,,True,False
Colby Bishop,colby bishop,PORTSMOUTH,Championship,0.6,10,shots_on_target,shots_on_target,PORTSMOUTH,PORTSMOUTH,3,top,Colby Bishop,Championship,weak,8,8,2,4,0.25,0.37616341991341995,0.0,0.24583333333333332,,0.2954674774542749,0.25,0.0,0.24583333333333332,0.24583333333333332,False,False,Colby Bishop,,,,,,,,,,,True,False
John Swift,john swift,PORTSMOUTH,Championship,0.0,5,tackles,tackles,PORTSMOUTH,PORTSMOUTH,1,bottom,John Swift,Championship,weak,3,3,1,2,0.0,0.0,0.0,0.0,,,0.0,0.0,0.0,0.0,False,False,John Swift,,,,,,,,,,,True,False
Nicolas Schmid,nicolas schmid,PORTSMOUTH,Championship,0.0,5,tackles,tackles,PORTSMOUTH,PORTSMOUTH,2,bottom,Nicolas Schmid,Championship,weak,3,3,1,2,0.0,0.0,0.0,0.0,,,0.0,0.0,0.0,0.0,False,False,Nicolas Schmid,,,,,,,,,,,True,False
Harvey Blair,harvey blair,PORTSMOUTH,Championship,0.14285714285714285,7,tackles,tackles,PORTSMOUTH,PORTSMOUTH,3,bottom,Harvey Blair,Championship,weak,4,4,0,3,0.25,0.20833333333333334,,0.2777777777777778,,,0.3333333333333333,,,,False,False,Harvey Blair,,,,,,,,,,,True,False
Terry Devlin,terry devlin,PORTSMOUTH,Championship,2.4285714285714284,7,tackles,tackles,PORTSMOUTH,PORTSMOUTH,1,top,Terry Devlin,Championship,unknown,5,5,1,2,0.4,-0.3276190476190476,0.6000000000000001,-0.5357142857142858,,,0.5,1.0,-1.135714285714286,-1.135714285714286,False,False,Terry Devlin,,,,,,,,,,,True,False
Luke Le Roux,luke le roux,PORTSMOUTH,Championship,2.4,5,tackles,tackles,PORTSMOUTH,PORTSMOUTH,2,top,Luke Le Roux,Championship,elite,3,3,2,0,0.3333333333333333,0.9555555555555557,1.9333333333333336,,,,,0.5,,,False,False,Luke Le Roux,,,,,,,,,,,True,False
Zak Swanson,zak swanson,PORTSMOUTH,Championship,1.75,8,tackles,tackles,PORTSMOUTH,PORTSMOUTH,3,top,Zak Swanson,Championship,weak,6,6,2,3,0.16666666666666666,-0.4152777777777778,-0.7083333333333333,-0.2916666666666667,,0.1525101134366178,0.3333333333333333,0.0,0.4166666666666666,0.4166666666666666,False,True,Zak Swanson,,,,,,,,,,,True,False
Alfie Devine,alfie devine,PRESTON,Championship,0.0,6,assists,assists,PRESTON,PRESTON,1,bottom,Alfie Devine,Championship,elite,4,4,2,1,0.0,0.0,0.0,0.0,0.0,,0.0,0.0,0.0,0.0,False,False,Alfie Devine,,,,,,,,,,,True,False
Andy Moran,andy moran,PRESTON,Championship,0.0,6,assists,assists,PRESTON,PRESTON,2,bottom,Andy Moran,Championship,elite,4,4,2,1,0.0,0.0,0.0,0.0,0.0,,0.0,0.0,0.0,0.0,False,False,Andy Moran,,,,,,,,,,,True,False
Callum Lang,callum lang,PRESTON,Championship,0.0,6,assists,assists,PRESTON,PRESTON,3,bottom,Callum Lang,Championship,elite,4,4,2,1,0.0,0.0,0.0,0.0,0.0,,0.0,0.0,0.0,0.0,False,False,Callum Lang,,,,,,,,,,,True,False
Delano Burgzorg,delano burgzorg,PRESTON,Championship,0.3333333333333333,6,assists,assists,PRESTON,PRESTON,1,top,Delano Burgzorg,Championship,elite,4,4,2,1,0.25,-0.16547619047619044,-0.4642857142857143,-0.4,0.6666666666666667,,0.0,0.0,0.06428571428571428,0.06428571428571428,False,True,Delano Burgzorg,,,,,,,,,,,True,False
Andrija Vukcevic,andrija vukcevic,PRESTON,Championship,0.16666666666666666,6,assists,assists,PRESTON,PRESTON,2,top,Andrija Vukcevic,Championship,elite,4,4,2,1,0.0,-0.18988095238095237,-0.19642857142857142,-0.2,-0.16666666666666666,,0.0,0.0,-0.0035714285714285865,-0.0035714285714285865,False,False,Andrija Vukcevic,,,,,,,,,,,True,False
Jordan Thompson,jordan thompson,PRESTON,Championship,0.16666666666666666,6,assists,assists,PRESTON,PRESTON,3,top,Jordan Thompson,Championship,elite,4,4,2,1,0.25,0.2142857142857143,-0.07142857142857142,0.0,1.0,,0.0,0.0,0.07142857142857142,0.07142857142857142,False,False,Jordan Thompson,,,,,,,,,,,True,False
Alfie Devine,alfie devine,PRESTON,Championship,0.0,6,goals,goals,PRESTON,PRESTON,1,bottom,Alfie Devine,Championship,elite,4,4,2,1,0.0,0.0,0.0,0.0,0.0,,0.0,0.0,0.0,0.0,False,False,Alfie Devine,,,,,,,,,,,True,False
Andrija Vukcevic,andrija vukcevic,PRESTON,Championship,0.0,6,goals,goals,PRESTON,PRESTON,2,bottom,Andrija Vukcevic,Championship,elite,4,4,2,1,0.0,0.0,0.0,0.0,0.0,,0.0,0.0,0.0,0.0,False,False,Andrija Vukcevic,,,,,,,,,,,True,False
Andy Moran,andy moran,PRESTON,Championship,0.0,6,goals,goals,PRESTON,PRESTON,3,bottom,Andy Moran,Championship,elite,4,4,2,1,0.0,0.0,0.0,0.0,0.0,,0.0,0.0,0.0,0.0,False,False,Andy Moran,,,,,,,,,,,True,False
Callum Lang,callum lang,PRESTON,Championship,0.5,6,goals,goals,PRESTON,PRESTON,1,top,Callum Lang,Championship,elite,4,4,2,1,0.5,0.6785714285714286,0.35714285714285715,0.0,2.0,,0.0,0.5,-0.35714285714285715,-0.35714285714285715,False,False,Callum Lang,,,,,,,,,,,True,False
Jordan Thompson,jordan thompson,PRESTON,Championship,0.16666666666666666,6,goals,goals,PRESTON,PRESTON,2,top,Jordan Thompson,Championship,elite,4,4,2,1,0.0,-0.18988095238095237,-0.19642857142857142,-0.2,-0.16666666666666666,,0.0,0.0,-0.0035714285714285865,-0.0035714285714285865,False,False,Jordan Thompson,,,,,,,,,,,True,False
Jusef Erabi,jusef erabi,PRESTON,Championship,0.16666666666666666,6,goals,goals,PRESTON,PRESTON,3,top,Jusef Erabi,Championship,elite,4,4,2,1,0.0,-0.37976190476190474,-0.39285714285714285,-0.4,-0.3333333333333333,,0.0,0.0,-0.007142857142857173,-0.007142857142857173,False,True,Jusef Erabi,,,,,,,,,,,True,False
Lee Nicholls,lee nicholls,PRESTON,Championship,0.0,6,saves,saves,PRESTON,PRESTON,1,bottom,Lee Nicholls,Championship,elite,4,4,2,1,0.0,-1.1392857142857142,-1.1785714285714286,-1.2,-1.0,,0.0,0.0,-0.021428571428571352,-0.021428571428571352,False,True,Lee Nicholls,,,,,,,,,,,True,False
Daniel Iversen,daniel iversen,PRESTON,Championship,3.0,6,saves,saves,PRESTON,PRESTON,2,bottom,Daniel Iversen,Championship,elite,4,4,2,1,0.75,1.4952380952380955,0.1071428571428572,2.6,3.166666666666667,,1.0,0.5,2.492857142857143,2.492857142857143,False,False,Daniel Iversen,,,,,,,,,,,True,False
Daniel Iversen,daniel iversen,PRESTON,Championship,3.0,6,saves,saves,PRESTON,PRESTON,1,top,Daniel Iversen,Championship,elite,4,4,2,1,0.75,1.4952380952380955,0.1071428571428572,2.6,3.166666666666667,,1.0,0.5,2.492857142857143,2.492857142857143,False,False,Daniel Iversen,,,,,,,,,,,True,False
Lee Nicholls,lee nicholls,PRESTON,Championship,0.0,6,saves,saves,PRESTON,PRESTON,2,top,Lee Nicholls,Championship,elite,4,4,2,1,0.0,-1.1392857142857142,-1.1785714285714286,-1.2,-1.0,,0.0,0.0,-0.021428571428571352,-0.021428571428571352,False,True,Lee Nicholls,,,,,,,,,,,True,False
Andy Moran,andy moran,PRESTON,Championship,0.0,6,shots,shots,PRESTON,PRESTON,1,bottom,Andy Moran,Championship,elite,4,4,2,1,0.0,0.0,0.0,0.0,0.0,,0.0,0.0,0.0,0.0,False,False,Andy Moran,,,,,,,,,,,True,False
Daniel Iversen,daniel iversen,PRESTON,Championship,0.0,6,shots,shots,PRESTON,PRESTON,2,bottom,Daniel Iversen,Championship,elite,4,4,2,1,0.0,0.0,0.0,0.0,0.0,,0.0,0.0,0.0,0.0,False,False,Daniel Iversen,,,,,,,,,,,True,False
Lee Nicholls,lee nicholls,PRESTON,Championship,0.0,6,shots,shots,PRESTON,PRESTON,3,bottom,Lee Nicholls,Championship,elite,4,4,2,1,0.0,0.0,0.0,0.0,0.0,,0.0,0.0,0.0,0.0,False,False,Lee Nicholls,,,,,,,,,,,True,False
Jusef Erabi,jusef erabi,PRESTON,Championship,2.0,6,shots,shots,PRESTON,PRESTON,1,top,Jusef Erabi,Championship,elite,4,4,2,1,0.5,0.07559523809523816,-0.7321428571428571,2.6,-0.8333333333333333,,1.0,0.5,3.3321428571428573,3.3321428571428573,False,True,Jusef Erabi,,,,,,,,,,,True,False
Callum Lang,callum lang,PRESTON,Championship,1.8333333333333333,6,shots,shots,PRESTON,PRESTON,2,top,Callum Lang,Championship,elite,4,4,2,1,0.25,-0.11250000000000004,0.375,-1.2000000000000002,0.0,,0.0,0.5,-1.5750000000000002,-1.5750000000000002,False,False,Callum Lang,,,,,,,,,,,True,False
Alfie Devine,alfie devine,PRESTON,Championship,1.3333333333333333,6,shots,shots,PRESTON,PRESTON,3,top,Alfie Devine,Championship,elite,4,4,2,1,1.0,0.7523809523809524,1.3214285714285714,0.19999999999999996,0.16666666666666663,,1.0,1.0,-1.1214285714285714,-1.1214285714285714,False,False,Alfie Devine,,,,,,,,,,,True,False
Andrija Vukcevic,andrija vukcevic,PRESTON,Championship,0.0,6,shots_on_target,shots_on_target,PRESTON,PRESTON,1,bottom,Andrija Vukcevic,Championship,elite,4,4,2,1,0.0,0.0,0.0,0.0,0.0,,0.0,0.0,0.0,0.0,False,False,Andrija Vukcevic,,,,,,,,,,,True,False
Andy Moran,andy moran,PRESTON,Championship,0.0,6,shots_on_target,shots_on_target,PRESTON,PRESTON,2,bottom,Andy Moran,Championship,elite,4,4,2,1,0.0,0.0,0.0,0.0,0.0,,0.0,0.0,0.0,0.0,False,False,Andy Moran,,,,,,,,,,,True,False
Daniel Iversen,daniel iversen,PRESTON,Championship,0.0,6,shots_on_target,shots_on_target,PRESTON,PRESTON,3,bottom,Daniel Iversen,Championship,elite,4,4,2,1,0.0,0.0,0.0,0.0,0.0,,0.0,0.0,0.0,0.0,False,False,Daniel Iversen,,,,,,,,,,,True,False
Callum Lang,callum lang,PRESTON,Championship,1.0,6,shots_on_target,shots_on_target,PRESTON,PRESTON,1,top,Callum Lang,Championship,elite,4,4,2,1,0.5,0.16904761904761906,0.0714285714285714,-0.8,1.3333333333333335,,0.0,0.5,-0.8714285714285714,-0.8714285714285714,False,False,Callum Lang,,,,,,,,,,,True,False
Delano Burgzorg,delano burgzorg,PRESTON,Championship,0.5,6,shots_on_target,shots_on_target,PRESTON,PRESTON,2,top,Delano Burgzorg,Championship,elite,4,4,2,1,0.75,0.5869047619047619,0.8571428571428572,-0.2,0.8333333333333334,,0.0,1.0,-1.0571428571428572,-1.0571428571428572,False,False,Delano Burgzorg,,,,,,,,,,,True,False
Jordan Thompson,jordan thompson,PRESTON,Championship,0.5,6,shots_on_target,shots_on_target,PRESTON,PRESTON,3,top,Jordan Thompson,Championship,elite,4,4,2,1,0.5,0.23273809523809524,0.23214285714285715,0.8,-0.3333333333333333,,1.0,0.5,0.5678571428571428,0.5678571428571428,False,False,Jordan Thompson,,,,,,,,,,,True,False
Abdullah Al-Salem,abdullah al-salem,QAD,ksa.1,0.0,5,assists,assists,QAD,QAD,1,bottom,Abdullah Al-Salem,ksa.1,unknown,2,2,0,0,0.0,0.0,,,,,,,,,False,False,Abdullah Al-Salem,,,,,,,,,,,True,False
Ahmed Al-Kassar,ahmed al-kassar,QAD,ksa.1,0.0,5,assists,assists,QAD,QAD,2,bottom,Ahmed Al-Kassar,ksa.1,unknown,2,2,0,0,0.0,0.0,,,,,,,,,False,False,Ahmed Al-Kassar,,,,,,,,,,,True,False
Eyad Houssa,eyad houssa,QAD,ksa.1,0.0,5,assists,assists,QAD,QAD,3,bottom,Eyad Houssa,ksa.1,unknown,2,2,0,0,0.0,0.0,,,,,,,,,False,False,Eyad Houssa,,,,,,,,,,,True,False
Musab Al-Juwayr,musab al-juwayr,QAD,ksa.1,0.4,5,assists,assists,QAD,QAD,1,top,Musab Al-Juwayr,ksa.1,unknown,2,2,0,0,0.5,0.20833333333333334,,,,,,,,,False,False,Musab Al-Juwayr,,,,,,,,,,,True,False
Christopher Bonsu Baah,christopher bonsu baah,QAD,ksa.1,0.2,5,assists,assists,QAD,QAD,2,top,Christopher Bonsu Baah,ksa.1,unknown,2,2,0,0,0.5,0.5,,,,,,,,,False,False,Christopher Bonsu Baah,Christopher Bonsu Baah,QADSIAH,ETTIFAQ,assists,0.5,,,0.2,0.2,christopher bonsu baah,True,False
Gastón Álvarez,gaston alvarez,QAD,ksa.1,0.2,5,assists,assists,QAD,QAD,3,top,Gastón Álvarez,ksa.1,unknown,2,2,0,0,0.0,-0.29166666666666663,,,,,,,,,False,False,Gastón Álvarez,Gastón Álvarez,QADSIAH,ETTIFAQ,assists,0.5,,,0.0,0.0,gaston alvarez,True,False
Abdullah Al-Salem,abdullah al-salem,QAD,ksa.1,0.0,5,goals,goals,QAD,QAD,1,bottom,Abdullah Al-Salem,ksa.1,unknown,2,2,0,0,0.0,0.0,,,,,,,,,False,False,Abdullah Al-Salem,,,,,,,,,,,True,False
Ahmed Al-Kassar,ahmed al-kassar,QAD,ksa.1,0.0,5,goals,goals,QAD,QAD,2,bottom,Ahmed Al-Kassar,ksa.1,unknown,2,2,0,0,0.0,0.0,,,,,,,,,False,False,Ahmed Al-Kassar,,,,,,,,,,,True,False
Christopher Bonsu Baah,christopher bonsu baah,QAD,ksa.1,0.0,5,goals,goals,QAD,QAD,3,bottom,Christopher Bonsu Baah,ksa.1,unknown,2,2,0,0,0.0,0.0,,,,,,,,,False,False,Christopher Bonsu Baah,Christopher Bonsu Baah,QADSIAH,ETTIFAQ,goals,0.5,,,0.5,0.5,christopher bonsu baah,True,False
Mateo Retegui,mateo retegui,QAD,ksa.1,0.6,5,goals,goals,QAD,QAD,1,top,Mateo Retegui,ksa.1,unknown,2,2,0,0,0.5,-0.20833333333333331,,,,,,,,,False,False,Mateo Retegui,Mateo Retegui,QADSIAH,ETTIFAQ,goals,2.5,,,,,mateo retegui,True,False
Mateo Retegui,mateo retegui,QAD,ksa.1,0.6,5,goals,goals,QAD,QAD,1,top,Mateo Retegui,ksa.1,unknown,2,2,0,0,0.5,-0.20833333333333331,,,,,,,,,False,False,Mateo Retegui,Mateo Retegui,QADSIAH,ETTIFAQ,goals,1.5,,,,,mateo retegui,True,False
Mateo Retegui,mateo retegui,QAD,ksa.1,0.6,5,goals,goals,QAD,QAD,1,top,Mateo Retegui,ksa.1,unknown,2,2,0,0,0.5,-0.20833333333333331,,,,,,,,,False,False,Mateo Retegui,Mateo Retegui,QADSIAH,ETTIFAQ,goals,0.5,,,,,mateo retegui,True,False
Mohammed Abu Al-Shamat,mohammed abu al-shamat,QAD,ksa.1,0.4,5,goals,goals,QAD,QAD,2,top,Mohammed Abu Al-Shamat,ksa.1,unknown,2,2,0,0,0.5,0.20833333333333334,,,,,,,,,False,False,Mohammed Abu Al-Shamat,,,,,,,,,,,True,False
Julián Quiñones,julian quinones,QAD,ksa.1,0.2,5,goals,goals,QAD,QAD,3,top,Julián Quiñones,ksa.1,unknown,2,2,0,0,0.5,0.375,,,,,,,,,False,False,Julián Quiñones,Julián Quiñones,QADSIAH,ETTIFAQ,goals,2.5,,,,,julian quinones,True,False
Julián Quiñones,julian quinones,QAD,ksa.1,0.2,5,goals,goals,QAD,QAD,3,top,Julián Quiñones,ksa.1,unknown,2,2,0,0,0.5,0.375,,,,,,,,,False,False,Julián Quiñones,Julián Quiñones,QADSIAH,ETTIFAQ,goals,1.5,,,,,julian quinones,True,False
Julián Quiñones,julian quinones,QAD,ksa.1,0.2,5,goals,goals,QAD,QAD,3,top,Julián Quiñones,ksa.1,unknown,2,2,0,0,0.5,0.375,,,,,,,,,False,False,Julián Quiñones,Julián Quiñones,QADSIAH,ETTIFAQ,goals,0.5,,,,,julian quinones,True,False
Ahmed Al-Kassar,ahmed al-kassar,QAD,ksa.1,0.0,5,shots,shots,QAD,QAD,1,bottom,Ahmed Al-Kassar,ksa.1,unknown,2,2,0,0,0.0,0.0,,,,,,,,,False,False,Ahmed Al-Kassar,,,,,,,,,,,True,False
Christopher Bonsu Baah,christopher bonsu baah,QAD,ksa.1,0.0,5,shots,shots,QAD,QAD,2,bottom,Christopher Bonsu Baah,ksa.1,unknown,2,2,0,0,0.0,0.0,,,,,,,,,False,False,Christopher Bonsu Baah,Christopher Bonsu Baah,QADSIAH,ETTIFAQ,shots,6.5,,,0.0,0.6,christopher bonsu baah,True,False
Christopher Bonsu Baah,christopher bonsu baah,QAD,ksa.1,0.0,5,shots,shots,QAD,QAD,2,bottom,Christopher Bonsu Baah,ksa.1,unknown,2,2,0,0,0.0,0.0,,,,,,,,,False,False,Christopher Bonsu Baah,Christopher Bonsu Baah,QADSIAH,ETTIFAQ,shots,3.5,,,0.0,0.6,christopher bonsu baah,True,False
Christopher Bonsu Baah,christopher bonsu baah,QAD,ksa.1,0.0,5,shots,shots,QAD,QAD,2,bottom,Christopher Bonsu Baah,ksa.1,unknown,2,2,0,0,0.0,0.0,,,,,,,,,False,False,Christopher Bonsu Baah,Christopher Bonsu Baah,QADSIAH,ETTIFAQ,shots,2.5,,,0.0,0.6,christopher bonsu baah,True,False
Christopher Bonsu Baah,christopher bonsu baah,QAD,ksa.1,0.0,5,shots,shots,QAD,QAD,2,bottom,Christopher Bonsu Baah,ksa.1,unknown,2,2,0,0,0.0,0.0,,,,,,,,,False,False,Christopher Bonsu Baah,Christopher Bonsu Baah,QADSIAH,ETTIFAQ,shots,1.5,,,0.2,0.6,christopher bonsu baah,True,False
Jehad Thakri,jehad thakri,QAD,ksa.1,0.0,5,shots,shots,QAD,QAD,3,bottom,Jehad Thakri,ksa.1,unknown,2,2,0,0,0.0,0.0,,,,,,,,,False,False,Jehad Thakri,Jehad Thakri,QADSIAH,ETTIFAQ,shots,2.5,,,,,jehad thakri,True,False
Jehad Thakri,jehad thakri,QAD,ksa.1,0.0,5,shots,shots,QAD,QAD,3,bottom,Jehad Thakri,ksa.1,unknown,2,2,0,0,0.0,0.0,,,,,,,,,False,False,Jehad Thakri,Jehad Thakri,QADSIAH,ETTIFAQ,shots,1.5,,,,,jehad thakri,True,False
Jehad Thakri,jehad thakri,QAD,ksa.1,0.0,5,shots,shots,QAD,QAD,3,bottom,Jehad Thakri,ksa.1,unknown,2,2,0,0,0.0,0.0,,,,,,,,,False,False,Jehad Thakri,Jehad Thakri,QADSIAH,ETTIFAQ,shots,0.5,,,,,jehad thakri,True,False
Julián Quiñones,julian quinones,QAD,ksa.1,2.4,5,shots,shots,QAD,QAD,1,top,Julián Quiñones,ksa.1,unknown,2,2,0,0,0.0,-1.9166666666666667,,,,,,,,,False,False,Julián Quiñones,Julián Quiñones,QADSIAH,ETTIFAQ,shots,3.5,,,,,julian quinones,True,False
Julián Quiñones,julian quinones,QAD,ksa.1,2.4,5,shots,shots,QAD,QAD,1,top,Julián Quiñones,ksa.1,unknown,2,2,0,0,0.0,-1.9166666666666667,,,,,,,,,False,False,Julián Quiñones,Julián Quiñones,QADSIAH,ETTIFAQ,shots,6.5,,,,,julian quinones,True,False
Musab Al-Juwayr,musab al-juwayr,QAD,ksa.1,1.6,5,shots,shots,QAD,QAD,2,top,Musab Al-Juwayr,ksa.1,unknown,2,2,0,0,0.5,-0.75,,,,,,,,,False,False,Musab Al-Juwayr,,,,,,,,,,,True,False
Mateo Retegui,mateo retegui,QAD,ksa.1,1.2,5,shots,shots,QAD,QAD,3,top,Mateo Retegui,ksa.1,unknown,2,2,0,0,0.0,-1.75,,,,,,,,,False,False,Mateo Retegui,Mateo Retegui,QADSIAH,ETTIFAQ,shots,8.5,,,,,mateo retegui,True,False
Mateo Retegui,mateo retegui,QAD,ksa.1,1.2,5,shots,shots,QAD,QAD,3,top,Mateo Retegui,ksa.1,unknown,2,2,0,0,0.0,-1.75,,,,,,,,,False,False,Mateo Retegui,Mateo Retegui,QADSIAH,ETTIFAQ,shots,4.5,,,,,mateo retegui,True,False
Mateo Retegui,mateo retegui,QAD,ksa.1,1.2,5,shots,shots,QAD,QAD,3,top,Mateo Retegui,ksa.1,unknown,2,2,0,0,0.0,-1.75,,,,,,,,,False,False,Mateo Retegui,Mateo Retegui,QADSIAH,ETTIFAQ,shots,3.5,,,,,mateo retegui,True,False
Mateo Retegui,mateo retegui,QAD,ksa.1,1.2,5,shots,shots,QAD,QAD,3,top,Mateo Retegui,ksa.1,unknown,2,2,0,0,0.0,-1.75,,,,,,,,,False,False,Mateo Retegui,Mateo Retegui,QADSIAH,ETTIFAQ,shots,2.5,,,,,mateo retegui,True,False
Abdullah Al-Salem,abdullah al-salem,QAD,ksa.1,0.0,5,shots_on_target,shots_on_target,QAD,QAD,1,bottom,Abdullah Al-Salem,ksa.1,unknown,2,2,0,0,0.0,0.0,,,,,,,,,False,False,Abdullah Al-Salem,,,,,,,,,,,True,False
Ahmed Al-Kassar,ahmed al-kassar,QAD,ksa.1,0.0,5,shots_on_target,shots_on_target,QAD,QAD,2,bottom,Ahmed Al-Kassar,ksa.1,unknown,2,2,0,0,0.0,0.0,,,,,,,,,False,False,Ahmed Al-Kassar,,,,,,,,,,,True,False
Christopher Bonsu Baah,christopher bonsu baah,QAD,ksa.1,0.0,5,shots_on_target,shots_on_target,QAD,QAD,3,bottom,Christopher Bonsu Baah,ksa.1,unknown,2,2,0,0,0.0,0.0,,,,,,,,,False,False,Christopher Bonsu Baah,Christopher Bonsu Baah,QADSIAH,ETTIFAQ,shots_on_target,3.5,,,0.0,0.2,christopher bonsu baah,True,False
Christopher Bonsu Baah,christopher bonsu baah,QAD,ksa.1,0.0,5,shots_on_target,shots_on_target,QAD,QAD,3,bottom,Christopher Bonsu Baah,ksa.1,unknown,2,2,0,0,0.0,0.0,,,,,,,,,False,False,Christopher Bonsu Baah,Christopher Bonsu Baah,QADSIAH,ETTIFAQ,shots_on_target,1.5,,,0.0,0.2,christopher bonsu baah,True,False
Julián Quiñones,julian quinones,QAD,ksa.1,1.0,5,shots_on_target,shots_on_target,QAD,QAD,1,top,Julián Quiñones,ksa.1,unknown,2,2,0,0,0.5,0.125,,,,,,,,,False,False,Julián Quiñones,Julián Quiñones,QADSIAH,ETTIFAQ,shots_on_target,5.5,,,,,julian quinones,True,False
Julián Quiñones,julian quinones,QAD,ksa.1,1.0,5,shots_on_target,shots_on_target,QAD,QAD,1,top,Julián Quiñones,ksa.1,unknown,2,2,0,0,0.5,0.125,,,,,,,,,False,False,Julián Quiñones,Julián Quiñones,QADSIAH,ETTIFAQ,shots_on_target,2.5,,,,,julian quinones,True,False
Julián Quiñones,julian quinones,QAD,ksa.1,1.0,5,shots_on_target,shots_on_target,QAD,QAD,1,top,Julián Quiñones,ksa.1,unknown,2,2,0,0,0.5,0.125,,,,,,,,,False,False,Julián Quiñones,Julián Quiñones,QADSIAH,ETTIFAQ,shots_on_target,1.5,,,,,julian quinones,True,False
Mateo Retegui,mateo retegui,QAD,ksa.1,0.6,5,shots_on_target,shots_on_target,QAD,QAD,2,top,Mateo Retegui,ksa.1,unknown,2,2,0,0,0.0,-0.875,,,,,,,,,False,False,Mateo Retegui,Mateo Retegui,QADSIAH,ETTIFAQ,shots_on_target,4.5,,,,,mateo retegui,True,False
Mateo Retegui,mateo retegui,QAD,ksa.1,0.6,5,shots_on_target,shots_on_target,QAD,QAD,2,top,Mateo Retegui,ksa.1,unknown,2,2,0,0,0.0,-0.875,,,,,,,,,False,False,Mateo Retegui,Mateo Retegui,QADSIAH,ETTIFAQ,shots_on_target,2.5,,,,,mateo retegui,True,False
Mateo Retegui,mateo retegui,QAD,ksa.1,0.6,5,shots_on_target,shots_on_target,QAD,QAD,2,top,Mateo Retegui,ksa.1,unknown,2,2,0,0,0.0,-0.875,,,,,,,,,False,False,Mateo Retegui,Mateo Retegui,QADSIAH,ETTIFAQ,shots_on_target,1.5,,,,,mateo retegui,True,False
Mateo Retegui,mateo retegui,QAD,ksa.1,0.6,5,shots_on_target,shots_on_target,QAD,QAD,2,top,Mateo Retegui,ksa.1,unknown,2,2,0,0,0.0,-0.875,,,,,,,,,False,False,Mateo Retegui,Mateo Retegui,QADSIAH,ETTIFAQ,shots_on_target,0.5,,,,,mateo retegui,True,False
Mohammed Abu Al-Shamat,mohammed abu al-shamat,QAD,ksa.1,0.6,5,shots_on_target,shots_on_target,QAD,QAD,3,top,Mohammed Abu Al-Shamat,ksa.1,unknown,2,2,0,0,0.5,0.7083333333333334,,,,,,,,,False,False,Mohammed Abu Al-Shamat,,,,,,,,,,,True,False
Alfie Lloyd,alfie lloyd,QPR,Championship,0.0,6,assists,assists,QPR,QPR,1,bottom,Alfie Lloyd,Championship,mid,4,4,1,0,0.0,0.0,0.0,,0.0,,,0.0,,,False,False,Alfie Lloyd,,,,,,,,,,,True,False
Calum Ward,calum ward,QPR,Championship,0.0,6,assists,assists,QPR,QPR,2,bottom,Calum Ward,Championship,mid,4,4,1,0,0.0,0.0,0.0,,0.0,,,0.0,,,False,False,Calum Ward,,,,,,,,,,,True,False
Dennis Cirkin,dennis cirkin,QPR,Championship,0.0,5,assists,assists,QPR,QPR,3,bottom,Dennis Cirkin,Championship,elite,2,2,1,0,0.0,0.0,0.0,,0.0,,,0.0,,,False,False,Dennis Cirkin,,,,,,,,,,,True,False
Ilias Chair,ilias chair,QPR,Championship,0.2,5,assists,assists,QPR,QPR,1,top,Ilias Chair,Championship,mid,3,3,0,0,0.0,-0.26111111111111107,,,-0.26666666666666666,,,,,,False,False,Ilias Chair,,,,,,,,,,,True,False
Tariq Lamptey,tariq lamptey,QPR,Championship,0.2,5,assists,assists,QPR,QPR,2,top,Tariq Lamptey,Championship,elite,2,2,1,0,0.0,-0.29166666666666663,-0.25,,-0.3333333333333333,,,0.0,,,False,False,Tariq Lamptey,,,,,,,,,,,True,False
Amadou Salif Mbengue,amadou salif mbengue,QPR,Championship,0.16666666666666666,6,assists,assists,QPR,QPR,3,top,Amadou Salif Mbengue,Championship,mid,4,4,1,0,0.0,-0.23749999999999996,-0.16666666666666666,,-0.26666666666666666,,,0.0,,,False,False,Amadou Salif Mbengue,,,,,,,,,,,True,False
Alfie Lloyd,alfie lloyd,QPR,Championship,0.0,6,goals,goals,QPR,QPR,1,bottom,Alfie Lloyd,Championship,mid,4,4,1,0,0.0,0.0,0.0,,0.0,,,0.0,,,False,False,Alfie Lloyd,,,,,,,,,,,True,False
Amadou Salif Mbengue,amadou salif mbengue,QPR,Championship,0.0,6,goals,goals,QPR,QPR,2,bottom,Amadou Salif Mbengue,Championship,mid,4,4,1,0,0.0,0.0,0.0,,0.0,,,0.0,,,False,False,Amadou Salif Mbengue,,,,,,,,,,,True,False
Calum Ward,calum ward,QPR,Championship,0.0,6,goals,goals,QPR,QPR,3,bottom,Calum Ward,Championship,mid,4,4,1,0,0.0,0.0,0.0,,0.0,,,0.0,,,False,False,Calum Ward,,,,,,,,,,,True,False
Ilias Chair,ilias chair,QPR,Championship,0.4,5,goals,goals,QPR,QPR,1,top,Ilias Chair,Championship,mid,3,3,0,0,0.0,-0.5222222222222221,,,-0.5333333333333333,,,,,,False,False,Ilias Chair,,,,,,,,,,,True,False
Rumarn Burrell,rumarn burrell,QPR,Championship,0.3333333333333333,6,goals,goals,QPR,QPR,2,top,Rumarn Burrell,Championship,mid,4,4,1,0,0.25,0.3166666666666667,-0.3333333333333333,,-0.2,,,0.0,,,False,False,Rumarn Burrell,,,,,,,,,,,True,False
Koki Saito,koki saito,QPR,Championship,0.2,5,goals,goals,QPR,QPR,3,top,Koki Saito,Championship,mid,3,3,0,0,0.0,-0.26111111111111107,,,-0.26666666666666666,,,,,,False,False,Koki Saito,,,,,,,,,,,True,False
Calum Ward,calum ward,QPR,Championship,0.0,6,saves,saves,QPR,QPR,1,bottom,Calum Ward,Championship,mid,4,4,1,0,0.0,0.0,0.0,,0.0,,,0.0,,,False,False,Calum Ward,,,,,,,,,,,True,False
Pierce Charles,pierce charles,QPR,Championship,2.1666666666666665,6,saves,saves,QPR,QPR,2,bottom,Pierce Charles,Championship,mid,4,4,1,0,0.5,0.029166666666666674,-2.3333333333333335,,1.1,,,0.0,,,False,False,Pierce Charles,,,,,,,,,,,True,False
Pierce Charles,pierce charles,QPR,Championship,2.1666666666666665,6,saves,saves,QPR,QPR,1,top,Pierce Charles,Championship,mid,4,4,1,0,0.5,0.029166666666666674,-2.3333333333333335,,1.1,,,0.0,,,False,False,Pierce Charles,,,,,,,,,,,True,False
Calum Ward,calum ward,QPR,Championship,0.0,6,saves,saves,QPR,QPR,2,top,Calum Ward,Championship,mid,4,4,1,0,0.0,0.0,0.0,,0.0,,,0.0,,,False,False,Calum Ward,,,,,,,,,,,True,False
Calum Ward,calum ward,QPR,Championship,0.0,6,shots,shots,QPR,QPR,1,bottom,Calum Ward,Championship,mid,4,4,1,0,0.0,0.0,0.0,,0.0,,,0.0,,,False,False,Calum Ward,,,,,,,,,,,True,False
Jake Clark-Salter,jake clark-salter,QPR,Championship,0.0,6,shots,shots,QPR,QPR,2,bottom,Jake Clark-Salter,Championship,mid,4,4,1,0,0.0,0.0,0.0,,0.0,,,0.0,,,False,False,Jake Clark-Salter,,,,,,,,,,,True,False
Pierce Charles,pierce charles,QPR,Championship,0.0,6,shots,shots,QPR,QPR,3,bottom,Pierce Charles,Championship,mid,4,4,1,0,0.0,0.0,0.0,,0.0,,,0.0,,,False,False,Pierce Charles,,,,,,,,,,,True,False
Harvey Vale,harvey vale,QPR,Championship,2.8333333333333335,6,shots,shots,QPR,QPR,1,top,Harvey Vale,Championship,mid,4,4,1,0,0.5,-0.22083333333333333,-0.8333333333333335,,-1.4,,,0.0,,,False,False,Harvey Vale,,,,,,,,,,,True,False
Ilias Chair,ilias chair,QPR,Championship,2.0,5,shots,shots,QPR,QPR,2,top,Ilias Chair,Championship,mid,3,3,0,0,0.0,-1.9777777777777779,,,-1.9666666666666668,,,,,,False,False,Ilias Chair,,,,,,,,,,,True,False
Rumarn Burrell,rumarn burrell,QPR,Championship,2.0,6,shots,shots,QPR,QPR,3,top,Rumarn Burrell,Championship,mid,4,4,1,0,1.0,2.0583333333333336,0.33333333333333326,,1.2,,,1.0,,,False,False,Rumarn Burrell,,,,,,,,,,,True,False
Calum Ward,calum ward,QPR,Championship,0.0,6,shots_on_target,shots_on_target,QPR,QPR,1,bottom,Calum Ward,Championship,mid,4,4,1,0,0.0,0.0,0.0,,0.0,,,0.0,,,False,False,Calum Ward,,,,,,,,,,,True,False
Jake Clark-Salter,jake clark-salter,QPR,Championship,0.0,6,shots_on_target,shots_on_target,QPR,QPR,2,bottom,Jake Clark-Salter,Championship,mid,4,4,1,0,0.0,0.0,0.0,,0.0,,,0.0,,,False,False,Jake Clark-Salter,,,,,,,,,,,True,False
Jonathan Varane,jonathan varane,QPR,Championship,0.0,6,shots_on_target,shots_on_target,QPR,QPR,3,bottom,Jonathan Varane,Championship,mid,4,4,1,0,0.0,0.0,0.0,,0.0,,,0.0,,,False,False,Jonathan Varane,,,,,,,,,,,True,False
Ilias Chair,ilias chair,QPR,Championship,1.0,5,shots_on_target,shots_on_target,QPR,QPR,1,top,Ilias Chair,Championship,mid,3,3,0,0,0.3333333333333333,-0.6777777777777777,,,-0.2666666666666666,,,,,,False,False,Ilias Chair,,,,,,,,,,,True,False
Richard Kone,richard kone,QPR,Championship,0.8,5,shots_on_target,shots_on_target,QPR,QPR,2,top,Richard Kone,Championship,mid,3,3,0,0,0.0,-1.0444444444444443,,,-1.0666666666666667,,,,,,False,False,Richard Kone,,,,,,,,,,,True,False
Harvey Vale,harvey vale,QPR,Championship,0.6666666666666666,6,shots_on_target,shots_on_target,QPR,QPR,3,top,Harvey Vale,Championship,mid,4,4,1,0,0.0,-0.9499999999999998,-0.6666666666666666,,-1.0666666666666667,,,0.0,,,False,False,Harvey Vale,,,,,,,,,,,True,False
Dean Huijsen,dean huijsen,REAL MADRID,LaLiga,0.0,5,assists,assists,REAL MADRID,REAL MADRID,1,bottom,Dean Huijsen,LaLiga,elite,10,10,6,0,0.0,0.0,0.0,,,,,0.0,,,False,False,Dean Huijsen,Dean Huijsen,REAL MADRID,RAYO,assists,0.5,12.0,Avg,0.0,0.0,dean huijsen,True,False
Dean Huijsen,dean huijsen,REAL MADRID,LaLiga,0.0,5,assists,assists,REAL MADRID,REAL MADRID,1,top,Dean Huijsen,LaLiga,elite,10,10,6,0,0.0,0.0,0.0,,,,,0.0,,,False,False,Dean Huijsen,Dean Huijsen,REAL MADRID,RAYO,assists,0.5,12.0,Avg,0.0,0.0,dean huijsen,True,False
Eduardo Camavinga,eduardo camavinga,REAL MADRID,LaLiga,22.2,5,passes,passes,REAL MADRID,REAL MADRID,1,bottom,Eduardo Camavinga,LaLiga,unknown,6,6,2,0,0.5,12.064087301587302,-20.095238095238095,,,,,0.0,,,False,True,Eduardo Camavinga,,,,,,,,,,,True,False
Trent Alexander-Arnold,trent alexander-arnold,REAL MADRID,LaLiga,29.4,5,passes,passes,REAL MADRID,REAL MADRID,2,bottom,Trent Alexander-Arnold,LaLiga,unknown,6,6,2,0,0.5,2.8117063492063488,-29.952380952380953,,,,,0.0,,,False,True,Trent Alexander-Arnold,,,,,,,,,,,True,False
Dean Huijsen,dean huijsen,REAL MADRID,LaLiga,48.666666666666664,6,passes,passes,REAL MADRID,REAL MADRID,3,bottom,Dean Huijsen,LaLiga,unknown,6,6,2,0,0.8333333333333334,25.483730158730157,15.642857142857142,,,,,1.0,,,False,False,Dean Huijsen,,,,,,,,,,,True,False
Dean Huijsen,dean huijsen,REAL MADRID,LaLiga,48.666666666666664,6,passes,passes,REAL MADRID,REAL MADRID,1,top,Dean Huijsen,LaLiga,unknown,6,6,2,0,0.8333333333333334,25.483730158730157,15.642857142857142,,,,,1.0,,,False,False,Dean Huijsen,,,,,,,,,,,True,False
Trent Alexander-Arnold,trent alexander-arnold,REAL MADRID,LaLiga,29.4,5,passes,passes,REAL MADRID,REAL MADRID,2,top,Trent Alexander-Arnold,LaLiga,unknown,6,6,2,0,0.5,2.8117063492063488,-29.952380952380953,,,,,0.0,,,False,True,Trent Alexander-Arnold,,,,,,,,,,,True,False
Eduardo Camavinga,eduardo camavinga,REAL MADRID,LaLiga,22.2,5,passes,passes,REAL MADRID,REAL MADRID,3,top,Eduardo Camavinga,LaLiga,unknown,6,6,2,0,0.5,12.064087301587302,-20.095238095238095,,,,,0.0,,,False,True,Eduardo Camavinga,,,,,,,,,,,True,False
Dean Huijsen,dean huijsen,REAL MADRID,LaLiga,0.0,6,saves,saves,REAL MADRID,REAL MADRID,1,bottom,Dean Huijsen,LaLiga,unknown,6,6,2,0,0.0,0.0,0.0,,,,,0.0,,,False,False,Dean Huijsen,,,,,,,,,,,True,False
Eduardo Camavinga,eduardo camavinga,REAL MADRID,LaLiga,0.0,5,saves,saves,REAL MADRID,REAL MADRID,2,bottom,Eduardo Camavinga,LaLiga,unknown,6,6,2,0,0.0,0.0,0.0,,,,,0.0,,,False,False,Eduardo Camavinga,,,,,,,,,,,True,False
Trent Alexander-Arnold,trent alexander-arnold,REAL MADRID,LaLiga,0.0,5,saves,saves,REAL MADRID,REAL MADRID,3,bottom,Trent Alexander-Arnold,LaLiga,unknown,6,6,2,0,0.0,0.0,0.0,,,,,0.0,,,False,False,Trent Alexander-Arnold,,,,,,,,,,,True,False
Dean Huijsen,dean huijsen,REAL MADRID,LaLiga,0.0,6,saves,saves,REAL MADRID,REAL MADRID,1,top,Dean Huijsen,LaLiga,unknown,6,6,2,0,0.0,0.0,0.0,,,,,0.0,,,False,False,Dean Huijsen,,,,,,,,,,,True,False
Eduardo Camavinga,eduardo camavinga,REAL MADRID,LaLiga,0.0,5,saves,saves,REAL MADRID,REAL MADRID,2,top,Eduardo Camavinga,LaLiga,unknown,6,6,2,0,0.0,0.0,0.0,,,,,0.0,,,False,False,Eduardo Camavinga,,,,,,,,,,,True,False
Trent Alexander-Arnold,trent alexander-arnold,REAL MADRID,LaLiga,0.0,5,saves,saves,REAL MADRID,REAL MADRID,3,top,Trent Alexander-Arnold,LaLiga,unknown,6,6,2,0,0.0,0.0,0.0,,,,,0.0,,,False,False,Trent Alexander-Arnold,,,,,,,,,,,True,False
Eduardo Camavinga,eduardo camavinga,REAL MADRID,LaLiga,0.0,5,shots,shots,REAL MADRID,REAL MADRID,1,bottom,Eduardo Camavinga,LaLiga,elite,10,10,5,0,0.2,-0.030963203463203463,-0.3773809523809524,,,-0.7524025337442783,,0.0,,,False,True,Eduardo Camavinga,Eduardo Camavinga,REAL MADRID,RAYO,shots,4.5,12.0,Avg,0.0,0.0,eduardo camavinga,True,False
Eduardo Camavinga,eduardo camavinga,REAL MADRID,LaLiga,0.0,5,shots,shots,REAL MADRID,REAL MADRID,1,bottom,Eduardo Camavinga,LaLiga,elite,10,10,5,0,0.2,-0.030963203463203463,-0.3773809523809524,,,-0.7524025337442783,,0.0,,,False,True,Eduardo Camavinga,Eduardo Camavinga,REAL MADRID,RAYO,shots,2.5,12.0,Avg,0.0,0.0,eduardo camavinga,True,False
Eduardo Camavinga,eduardo camavinga,REAL MADRID,LaLiga,0.0,5,shots,shots,REAL MADRID,REAL MADRID,1,bottom,Eduardo Camavinga,LaLiga,elite,10,10,5,0,0.2,-0.030963203463203463,-0.3773809523809524,,,-0.7524025337442783,,0.0,,,False,True,Eduardo Camavinga,Eduardo Camavinga,REAL MADRID,RAYO,shots,0.5,12.0,Avg,0.0,0.0,eduardo camavinga,True,False
Dean Huijsen,dean huijsen,REAL MADRID,LaLiga,0.5,6,shots,shots,REAL MADRID,REAL MADRID,2,bottom,Dean Huijsen,LaLiga,elite,11,11,6,0,0.6363636363636364,0.4467870513325059,0.5372914122914123,,,0.275807674940756,,0.8333333333333334,,,False,False,Dean Huijsen,Dean Huijsen,REAL MADRID,RAYO,shots,3.5,12.0,Avg,0.0,0.8,dean huijsen,True,False
Dean Huijsen,dean huijsen,REAL MADRID,LaLiga,0.5,6,shots,shots,REAL MADRID,REAL MADRID,2,bottom,Dean Huijsen,LaLiga,elite,11,11,6,0,0.6363636363636364,0.4467870513325059,0.5372914122914123,,,0.275807674940756,,0.8333333333333334,,,False,False,Dean Huijsen,Dean Huijsen,REAL MADRID,RAYO,shots,1.5,12.0,Avg,0.4,0.8,dean huijsen,True,False
Dean Huijsen,dean huijsen,REAL MADRID,LaLiga,0.5,6,shots,shots,REAL MADRID,REAL MADRID,2,bottom,Dean Huijsen,LaLiga,elite,11,11,6,0,0.6363636363636364,0.4467870513325059,0.5372914122914123,,,0.275807674940756,,0.8333333333333334,,,False,False,Dean Huijsen,Dean Huijsen,REAL MADRID,RAYO,shots,0.5,12.0,Avg,0.4,0.8,dean huijsen,True,False
Trent Alexander-Arnold,trent alexander-arnold,REAL MADRID,LaLiga,0.8,5,shots,shots,REAL MADRID,REAL MADRID,3,bottom,Trent Alexander-Arnold,LaLiga,elite,11,11,6,0,0.2727272727272727,-0.3839556907738727,-0.528413715913716,,,-0.45315021183612647,,0.16666666666666666,,,False,True,Trent Alexander-Arnold,Trent Alexander-Arnold,REAL MADRID,RAYO,shots,5.5,12.0,Avg,0.0,1.0,trent alexander-arnold,True,False
Trent Alexander-Arnold,trent alexander-arnold,REAL MADRID,LaLiga,0.8,5,shots,shots,REAL MADRID,REAL MADRID,3,bottom,Trent Alexander-Arnold,LaLiga,elite,11,11,6,0,0.2727272727272727,-0.3839556907738727,-0.528413715913716,,,-0.45315021183612647,,0.16666666666666666,,,False,True,Trent Alexander-Arnold,Trent Alexander-Arnold,REAL MADRID,RAYO,shots,2.5,12.0,Avg,0.0,1.0,trent alexander-arnold,True,False
Trent Alexander-Arnold,trent alexander-arnold,REAL MADRID,LaLiga,0.8,5,shots,shots,REAL MADRID,REAL MADRID,3,bottom,Trent Alexander-Arnold,LaLiga,elite,11,11,6,0,0.2727272727272727,-0.3839556907738727,-0.528413715913716,,,-0.45315021183612647,,0.16666666666666666,,,False,True,Trent Alexander-Arnold,Trent Alexander-Arnold,REAL MADRID,RAYO,shots,0.5,12.0,Avg,0.6,1.0,trent alexander-arnold,True,False
Trent Alexander-Arnold,trent alexander-arnold,REAL MADRID,LaLiga,0.8,5,shots,shots,REAL MADRID,REAL MADRID,1,top,Trent Alexander-Arnold,LaLiga,elite,11,11,6,0,0.2727272727272727,-0.3839556907738727,-0.528413715913716,,,-0.45315021183612647,,0.16666666666666666,,,False,True,Trent Alexander-Arnold,Trent Alexander-Arnold,REAL MADRID,RAYO,shots,5.5,12.0,Avg,0.0,1.0,trent alexander-arnold,True,False
Trent Alexander-Arnold,trent alexander-arnold,REAL MADRID,LaLiga,0.8,5,shots,shots,REAL MADRID,REAL MADRID,1,top,Trent Alexander-Arnold,LaLiga,elite,11,11,6,0,0.2727272727272727,-0.3839556907738727,-0.528413715913716,,,-0.45315021183612647,,0.16666666666666666,,,False,True,Trent Alexander-Arnold,Trent Alexander-Arnold,REAL MADRID,RAYO,shots,2.5,12.0,Avg,0.0,1.0,trent alexander-arnold,True,False
Trent Alexander-Arnold,trent alexander-arnold,REAL MADRID,LaLiga,0.8,5,shots,shots,REAL MADRID,REAL MADRID,1,top,Trent Alexander-Arnold,LaLiga,elite,11,11,6,0,0.2727272727272727,-0.3839556907738727,-0.528413715913716,,,-0.45315021183612647,,0.16666666666666666,,,False,True,Trent Alexander-Arnold,Trent Alexander-Arnold,REAL MADRID,RAYO,shots,0.5,12.0,Avg,0.6,1.0,trent alexander-arnold,True,False
Dean Huijsen,dean huijsen,REAL MADRID,LaLiga,0.5,6,shots,shots,REAL MADRID,REAL MADRID,2,top,Dean Huijsen,LaLiga,elite,11,11,6,0,0.6363636363636364,0.4467870513325059,0.5372914122914123,,,0.275807674940756,,0.8333333333333334,,,False,False,Dean Huijsen,Dean Huijsen,REAL MADRID,RAYO,shots,3.5,12.0,Avg,0.0,0.8,dean huijsen,True,False
Dean Huijsen,dean huijsen,REAL MADRID,LaLiga,0.5,6,shots,shots,REAL MADRID,REAL MADRID,2,top,Dean Huijsen,LaLiga,elite,11,11,6,0,0.6363636363636364,0.4467870513325059,0.5372914122914123,,,0.275807674940756,,0.8333333333333334,,,False,False,Dean Huijsen,Dean Huijsen,REAL MADRID,RAYO,shots,1.5,12.0,Avg,0.4,0.8,dean huijsen,True,False
Dean Huijsen,dean huijsen,REAL MADRID,LaLiga,0.5,6,shots,shots,REAL MADRID,REAL MADRID,2,top,Dean Huijsen,LaLiga,elite,11,11,6,0,0.6363636363636364,0.4467870513325059,0.5372914122914123,,,0.275807674940756,,0.8333333333333334,,,False,False,Dean Huijsen,Dean Huijsen,REAL MADRID,RAYO,shots,0.5,12.0,Avg,0.4,0.8,dean huijsen,True,False
Eduardo Camavinga,eduardo camavinga,REAL MADRID,LaLiga,0.0,5,shots,shots,REAL MADRID,REAL MADRID,3,top,Eduardo Camavinga,LaLiga,elite,10,10,5,0,0.2,-0.030963203463203463,-0.3773809523809524,,,-0.7524025337442783,,0.0,,,False,True,Eduardo Camavinga,Eduardo Camavinga,REAL MADRID,RAYO,shots,4.5,12.0,Avg,0.0,0.0,eduardo camavinga,True,False
Eduardo Camavinga,eduardo camavinga,REAL MADRID,LaLiga,0.0,5,shots,shots,REAL MADRID,REAL MADRID,3,top,Eduardo Camavinga,LaLiga,elite,10,10,5,0,0.2,-0.030963203463203463,-0.3773809523809524,,,-0.7524025337442783,,0.0,,,False,True,Eduardo Camavinga,Eduardo Camavinga,REAL MADRID,RAYO,shots,2.5,12.0,Avg,0.0,0.0,eduardo camavinga,True,False
Eduardo Camavinga,eduardo camavinga,REAL MADRID,LaLiga,0.0,5,shots,shots,REAL MADRID,REAL MADRID,3,top,Eduardo Camavinga,LaLiga,elite,10,10,5,0,0.2,-0.030963203463203463,-0.3773809523809524,,,-0.7524025337442783,,0.0,,,False,True,Eduardo Camavinga,Eduardo Camavinga,REAL MADRID,RAYO,shots,0.5,12.0,Avg,0.0,0.0,eduardo camavinga,True,False
Dean Huijsen,dean huijsen,REAL MADRID,LaLiga,0.0,6,shots_on_target,shots_on_target,REAL MADRID,REAL MADRID,1,bottom,Dean Huijsen,LaLiga,elite,11,11,6,0,0.18181818181818182,0.1026796435887345,-0.08145095645095643,,,-0.7536142064310063,,0.16666666666666666,,,False,False,Dean Huijsen,Dean Huijsen,REAL MADRID,RAYO,shots_on_target,1.5,12.0,Avg,0.0,0.2,dean huijsen,True,False
Dean Huijsen,dean huijsen,REAL MADRID,LaLiga,0.0,6,shots_on_target,shots_on_target,REAL MADRID,REAL MADRID,1,bottom,Dean Huijsen,LaLiga,elite,11,11,6,0,0.18181818181818182,0.1026796435887345,-0.08145095645095643,,,-0.7536142064310063,,0.16666666666666666,,,False,False,Dean Huijsen,Dean Huijsen,REAL MADRID,RAYO,shots_on_target,0.5,12.0,Avg,0.2,0.2,dean huijsen,True,False
Eduardo Camavinga,eduardo camavinga,REAL MADRID,LaLiga,0.0,5,shots_on_target,shots_on_target,REAL MADRID,REAL MADRID,2,bottom,Eduardo Camavinga,LaLiga,elite,10,10,5,0,0.1,-0.001987734487734484,-0.1257936507936508,,,-0.7524025337442787,,0.0,,,False,False,Eduardo Camavinga,Eduardo Camavinga,REAL MADRID,RAYO,shots_on_target,1.5,12.0,Avg,0.0,0.0,eduardo camavinga,True,False
Eduardo Camavinga,eduardo camavinga,REAL MADRID,LaLiga,0.0,5,shots_on_target,shots_on_target,REAL MADRID,REAL MADRID,2,bottom,Eduardo Camavinga,LaLiga,elite,10,10,5,0,0.1,-0.001987734487734484,-0.1257936507936508,,,-0.7524025337442787,,0.0,,,False,False,Eduardo Camavinga,Eduardo Camavinga,REAL MADRID,RAYO,shots_on_target,0.5,12.0,Avg,0.0,0.0,eduardo camavinga,True,False
Trent Alexander-Arnold,trent alexander-arnold,REAL MADRID,LaLiga,0.4,5,shots_on_target,shots_on_target,REAL MADRID,REAL MADRID,3,bottom,Trent Alexander-Arnold,LaLiga,elite,11,11,6,0,0.18181818181818182,-0.00832324241415151,-0.17106735856735855,,,0.945386727574937,,0.0,,,False,False,Trent Alexander-Arnold,Trent Alexander-Arnold,REAL MADRID,RAYO,shots_on_target,1.5,12.0,Avg,0.0,0.4,trent alexander-arnold,True,False
Trent Alexander-Arnold,trent alexander-arnold,REAL MADRID,LaLiga,0.4,5,shots_on_target,shots_on_target,REAL MADRID,REAL MADRID,3,bottom,Trent Alexander-Arnold,LaLiga,elite,11,11,6,0,0.18181818181818182,-0.00832324241415151,-0.17106735856735855,,,0.945386727574937,,0.0,,,False,False,Trent Alexander-Arnold,Trent Alexander-Arnold,REAL MADRID,RAYO,shots_on_target,0.5,12.0,Avg,0.4,0.4,trent alexander-arnold,True,False
Trent Alexander-Arnold,trent alexander-arnold,REAL MADRID,LaLiga,0.4,5,shots_on_target,shots_on_target,REAL MADRID,REAL MADRID,1,top,Trent Alexander-Arnold,LaLiga,elite,11,11,6,0,0.18181818181818182,-0.00832324241415151,-0.17106735856735855,,,0.945386727574937,,0.0,,,False,False,Trent Alexander-Arnold,Trent Alexander-Arnold,REAL MADRID,RAYO,shots_on_target,1.5,12.0,Avg,0.0,0.4,trent alexander-arnold,True,False
Trent Alexander-Arnold,trent alexander-arnold,REAL MADRID,LaLiga,0.4,5,shots_on_target,shots_on_target,REAL MADRID,REAL MADRID,1,top,Trent Alexander-Arnold,LaLiga,elite,11,11,6,0,0.18181818181818182,-0.00832324241415151,-0.17106735856735855,,,0.945386727574937,,0.0,,,False,False,Trent Alexander-Arnold,Trent Alexander-Arnold,REAL MADRID,RAYO,shots_on_target,0.5,12.0,Avg,0.4,0.4,trent alexander-arnold,True,False
Dean Huijsen,dean huijsen,REAL MADRID,LaLiga,0.0,6,shots_on_target,shots_on_target,REAL MADRID,REAL MADRID,2,top,Dean Huijsen,LaLiga,elite,11,11,6,0,0.18181818181818182,0.1026796435887345,-0.08145095645095643,,,-0.7536142064310063,,0.16666666666666666,,,False,False,Dean Huijsen,Dean Huijsen,REAL MADRID,RAYO,shots_on_target,1.5,12.0,Avg,0.0,0.2,dean huijsen,True,False
Dean Huijsen,dean huijsen,REAL MADRID,LaLiga,0.0,6,shots_on_target,shots_on_target,REAL MADRID,REAL MADRID,2,top,Dean Huijsen,LaLiga,elite,11,11,6,0,0.18181818181818182,0.1026796435887345,-0.08145095645095643,,,-0.7536142064310063,,0.16666666666666666,,,False,False,Dean Huijsen,Dean Huijsen,REAL MADRID,RAYO,shots_on_target,0.5,12.0,Avg,0.2,0.2,dean huijsen,True,False
Eduardo Camavinga,eduardo camavinga,REAL MADRID,LaLiga,0.0,5,shots_on_target,shots_on_target,REAL MADRID,REAL MADRID,3,top,Eduardo Camavinga,LaLiga,elite,10,10,5,0,0.1,-0.001987734487734484,-0.1257936507936508,,,-0.7524025337442787,,0.0,,,False,False,Eduardo Camavinga,Eduardo Camavinga,REAL MADRID,RAYO,shots_on_target,1.5,12.0,Avg,0.0,0.0,eduardo camavinga,True,False
Eduardo Camavinga,eduardo camavinga,REAL MADRID,LaLiga,0.0,5,shots_on_target,shots_on_target,REAL MADRID,REAL MADRID,3,top,Eduardo Camavinga,LaLiga,elite,10,10,5,0,0.1,-0.001987734487734484,-0.1257936507936508,,,-0.7524025337442787,,0.0,,,False,False,Eduardo Camavinga,Eduardo Camavinga,REAL MADRID,RAYO,shots_on_target,0.5,12.0,Avg,0.0,0.0,eduardo camavinga,True,False
Trent Alexander-Arnold,trent alexander-arnold,REAL MADRID,LaLiga,0.2,5,tackles,tackles,REAL MADRID,REAL MADRID,1,bottom,Trent Alexander-Arnold,LaLiga,unknown,6,6,2,0,0.3333333333333333,0.1412698412698413,0.27380952380952384,,,,,0.5,,,False,False,Trent Alexander-Arnold,Trent Alexander-Arnold,REAL MADRID,RAYO,tackles,5.5,12.0,Avg,,,trent alexander-arnold,True,False
Trent Alexander-Arnold,trent alexander-arnold,REAL MADRID,LaLiga,0.2,5,tackles,tackles,REAL MADRID,REAL MADRID,1,bottom,Trent Alexander-Arnold,LaLiga,unknown,6,6,2,0,0.3333333333333333,0.1412698412698413,0.27380952380952384,,,,,0.5,,,False,False,Trent Alexander-Arnold,Trent Alexander-Arnold,REAL MADRID,RAYO,tackles,3.5,12.0,Avg,,,trent alexander-arnold,True,False
Trent Alexander-Arnold,trent alexander-arnold,REAL MADRID,LaLiga,0.2,5,tackles,tackles,REAL MADRID,REAL MADRID,1,bottom,Trent Alexander-Arnold,LaLiga,unknown,6,6,2,0,0.3333333333333333,0.1412698412698413,0.27380952380952384,,,,,0.5,,,False,False,Trent Alexander-Arnold,Trent Alexander-Arnold,REAL MADRID,RAYO,tackles,2.5,12.0,Avg,,,trent alexander-arnold,True,False
Trent Alexander-Arnold,trent alexander-arnold,REAL MADRID,LaLiga,0.2,5,tackles,tackles,REAL MADRID,REAL MADRID,1,bottom,Trent Alexander-Arnold,LaLiga,unknown,6,6,2,0,0.3333333333333333,0.1412698412698413,0.27380952380952384,,,,,0.5,,,False,False,Trent Alexander-Arnold,Trent Alexander-Arnold,REAL MADRID,RAYO,tackles,0.5,12.0,Avg,,,trent alexander-arnold,True,False
Dean Huijsen,dean huijsen,REAL MADRID,LaLiga,0.6666666666666666,6,tackles,tackles,REAL MADRID,REAL MADRID,2,bottom,Dean Huijsen,LaLiga,unknown,6,6,2,0,0.8333333333333334,0.839484126984127,-0.11904761904761901,,,,,0.5,,,False,False,Dean Huijsen,Dean Huijsen,REAL MADRID,RAYO,tackles,5.5,12.0,Avg,,,dean huijsen,True,False
Dean Huijsen,dean huijsen,REAL MADRID,LaLiga,0.6666666666666666,6,tackles,tackles,REAL MADRID,REAL MADRID,2,bottom,Dean Huijsen,LaLiga,unknown,6,6,2,0,0.8333333333333334,0.839484126984127,-0.11904761904761901,,,,,0.5,,,False,False,Dean Huijsen,Dean Huijsen,REAL MADRID,RAYO,tackles,2.5,12.0,Avg,,,dean huijsen,True,False
Dean Huijsen,dean huijsen,REAL MADRID,LaLiga,0.6666666666666666,6,tackles,tackles,REAL MADRID,REAL MADRID,2,bottom,Dean Huijsen,LaLiga,unknown,6,6,2,0,0.8333333333333334,0.839484126984127,-0.11904761904761901,,,,,0.5,,,False,False,Dean Huijsen,Dean Huijsen,REAL MADRID,RAYO,tackles,1.5,12.0,Avg,,,dean huijsen,True,False
Dean Huijsen,dean huijsen,REAL MADRID,LaLiga,0.6666666666666666,6,tackles,tackles,REAL MADRID,REAL MADRID,2,bottom,Dean Huijsen,LaLiga,unknown,6,6,2,0,0.8333333333333334,0.839484126984127,-0.11904761904761901,,,,,0.5,,,False,False,Dean Huijsen,Dean Huijsen,REAL MADRID,RAYO,tackles,0.5,12.0,Avg,,,dean huijsen,True,False
Eduardo Camavinga,eduardo camavinga,REAL MADRID,LaLiga,0.8,5,tackles,tackles,REAL MADRID,REAL MADRID,3,bottom,Eduardo Camavinga,LaLiga,unknown,6,6,2,0,0.5,-0.11607142857142856,-1.119047619047619,,,,,0.0,,,False,True,Eduardo Camavinga,Eduardo Camavinga,REAL MADRID,RAYO,tackles,7.5,12.0,Avg,,,eduardo camavinga,True,False
Eduardo Camavinga,eduardo camavinga,REAL MADRID,LaLiga,0.8,5,tackles,tackles,REAL MADRID,REAL MADRID,3,bottom,Eduardo Camavinga,LaLiga,unknown,6,6,2,0,0.5,-0.11607142857142856,-1.119047619047619,,,,,0.0,,,False,True,Eduardo Camavinga,Eduardo Camavinga,REAL MADRID,RAYO,tackles,4.5,12.0,Avg,,,eduardo camavinga,True,False
Eduardo Camavinga,eduardo camavinga,REAL MADRID,LaLiga,0.8,5,tackles,tackles,REAL MADRID,REAL MADRID,3,bottom,Eduardo Camavinga,LaLiga,unknown,6,6,2,0,0.5,-0.11607142857142856,-1.119047619047619,,,,,0.0,,,False,True,Eduardo Camavinga,Eduardo Camavinga,REAL MADRID,RAYO,tackles,3.5,12.0,Avg,,,eduardo camavinga,True,False
Eduardo Camavinga,eduardo camavinga,REAL MADRID,LaLiga,0.8,5,tackles,tackles,REAL MADRID,REAL MADRID,3,bottom,Eduardo Camavinga,LaLiga,unknown,6,6,2,0,0.5,-0.11607142857142856,-1.119047619047619,,,,,0.0,,,False,True,Eduardo Camavinga,Eduardo Camavinga,REAL MADRID,RAYO,tackles,2.5,12.0,Avg,,,eduardo camavinga,True,False
Eduardo Camavinga,eduardo camavinga,REAL MADRID,LaLiga,0.8,5,tackles,tackles,REAL MADRID,REAL MADRID,3,bottom,Eduardo Camavinga,LaLiga,unknown,6,6,2,0,0.5,-0.11607142857142856,-1.119047619047619,,,,,0.0,,,False,True,Eduardo Camavinga,Eduardo Camavinga,REAL MADRID,RAYO,tackles,1.5,12.0,Avg,,,eduardo camavinga,True,False
Eduardo Camavinga,eduardo camavinga,REAL MADRID,LaLiga,0.8,5,tackles,tackles,REAL MADRID,REAL MADRID,1,top,Eduardo Camavinga,LaLiga,unknown,6,6,2,0,0.5,-0.11607142857142856,-1.119047619047619,,,,,0.0,,,False,True,Eduardo Camavinga,Eduardo Camavinga,REAL MADRID,RAYO,tackles,7.5,12.0,Avg,,,eduardo camavinga,True,False
Eduardo Camavinga,eduardo camavinga,REAL MADRID,LaLiga,0.8,5,tackles,tackles,REAL MADRID,REAL MADRID,1,top,Eduardo Camavinga,LaLiga,unknown,6,6,2,0,0.5,-0.11607142857142856,-1.119047619047619,,,,,0.0,,,False,True,Eduardo Camavinga,Eduardo Camavinga,REAL MADRID,RAYO,tackles,4.5,12.0,Avg,,,eduardo camavinga,True,False
Eduardo Camavinga,eduardo camavinga,REAL MADRID,LaLiga,0.8,5,tackles,tackles,REAL MADRID,REAL MADRID,1,top,Eduardo Camavinga,LaLiga,unknown,6,6,2,0,0.5,-0.11607142857142856,-1.119047619047619,,,,,0.0,,,False,True,Eduardo Camavinga,Eduardo Camavinga,REAL MADRID,RAYO,tackles,3.5,12.0,Avg,,,eduardo camavinga,True,False
Eduardo Camavinga,eduardo camavinga,REAL MADRID,LaLiga,0.8,5,tackles,tackles,REAL MADRID,REAL MADRID,1,top,Eduardo Camavinga,LaLiga,unknown,6,6,2,0,0.5,-0.11607142857142856,-1.119047619047619,,,,,0.0,,,False,True,Eduardo Camavinga,Eduardo Camavinga,REAL MADRID,RAYO,tackles,2.5,12.0,Avg,,,eduardo camavinga,True,False
Eduardo Camavinga,eduardo camavinga,REAL MADRID,LaLiga,0.8,5,tackles,tackles,REAL MADRID,REAL MADRID,1,top,Eduardo Camavinga,LaLiga,unknown,6,6,2,0,0.5,-0.11607142857142856,-1.119047619047619,,,,,0.0,,,False,True,Eduardo Camavinga,Eduardo Camavinga,REAL MADRID,RAYO,tackles,1.5,12.0,Avg,,,eduardo camavinga,True,False
Dean Huijsen,dean huijsen,REAL MADRID,LaLiga,0.6666666666666666,6,tackles,tackles,REAL MADRID,REAL MADRID,2,top,Dean Huijsen,LaLiga,unknown,6,6,2,0,0.8333333333333334,0.839484126984127,-0.11904761904761901,,,,,0.5,,,False,False,Dean Huijsen,Dean Huijsen,REAL MADRID,RAYO,tackles,5.5,12.0,Avg,,,dean huijsen,True,False
Dean Huijsen,dean huijsen,REAL MADRID,LaLiga,0.6666666666666666,6,tackles,tackles,REAL MADRID,REAL MADRID,2,top,Dean Huijsen,LaLiga,unknown,6,6,2,0,0.8333333333333334,0.839484126984127,-0.11904761904761901,,,,,0.5,,,False,False,Dean Huijsen,Dean Huijsen,REAL MADRID,RAYO,tackles,2.5,12.0,Avg,,,dean huijsen,True,False
Dean Huijsen,dean huijsen,REAL MADRID,LaLiga,0.6666666666666666,6,tackles,tackles,REAL MADRID,REAL MADRID,2,top,Dean Huijsen,LaLiga,unknown,6,6,2,0,0.8333333333333334,0.839484126984127,-0.11904761904761901,,,,,0.5,,,False,False,Dean Huijsen,Dean Huijsen,REAL MADRID,RAYO,tackles,1.5,12.0,Avg,,,dean huijsen,True,False
Dean Huijsen,dean huijsen,REAL MADRID,LaLiga,0.6666666666666666,6,tackles,tackles,REAL MADRID,REAL MADRID,2,top,Dean Huijsen,LaLiga,unknown,6,6,2,0,0.8333333333333334,0.839484126984127,-0.11904761904761901,,,,,0.5,,,False,False,Dean Huijsen,Dean Huijsen,REAL MADRID,RAYO,tackles,0.5,12.0,Avg,,,dean huijsen,True,False
Trent Alexander-Arnold,trent alexander-arnold,REAL MADRID,LaLiga,0.2,5,tackles,tackles,REAL MADRID,REAL MADRID,3,top,Trent Alexander-Arnold,LaLiga,unknown,6,6,2,0,0.3333333333333333,0.1412698412698413,0.27380952380952384,,,,,0.5,,,False,False,Trent Alexander-Arnold,Trent Alexander-Arnold,REAL MADRID,RAYO,tackles,5.5,12.0,Avg,,,trent alexander-arnold,True,False
Trent Alexander-Arnold,trent alexander-arnold,REAL MADRID,LaLiga,0.2,5,tackles,tackles,REAL MADRID,REAL MADRID,3,top,Trent Alexander-Arnold,LaLiga,unknown,6,6,2,0,0.3333333333333333,0.1412698412698413,0.27380952380952384,,,,,0.5,,,False,False,Trent Alexander-Arnold,Trent Alexander-Arnold,REAL MADRID,RAYO,tackles,3.5,12.0,Avg,,,trent alexander-arnold,True,False
Trent Alexander-Arnold,trent alexander-arnold,REAL MADRID,LaLiga,0.2,5,tackles,tackles,REAL MADRID,REAL MADRID,3,top,Trent Alexander-Arnold,LaLiga,unknown,6,6,2,0,0.3333333333333333,0.1412698412698413,0.27380952380952384,,,,,0.5,,,False,False,Trent Alexander-Arnold,Trent Alexander-Arnold,REAL MADRID,RAYO,tackles,2.5,12.0,Avg,,,trent alexander-arnold,True,False
Trent Alexander-Arnold,trent alexander-arnold,REAL MADRID,LaLiga,0.2,5,tackles,tackles,REAL MADRID,REAL MADRID,3,top,Trent Alexander-Arnold,LaLiga,unknown,6,6,2,0,0.3333333333333333,0.1412698412698413,0.27380952380952384,,,,,0.5,,,False,False,Trent Alexander-Arnold,Trent Alexander-Arnold,REAL MADRID,RAYO,tackles,0.5,12.0,Avg,,,trent alexander-arnold,True,False
Aiden Hezarkhani,aiden hezarkhani,REAL SALT LAKE,MLS,0.0,5,assists,assists,REAL SALT LAKE,REAL SALT LAKE,1,bottom,Aiden Hezarkhani,MLS,elite,2,2,2,0,0.0,0.0,0.0,,,,,0.0,,,False,False,Aiden Hezarkhani,,,,,,,,,,,True,False
Alexandros Katranis,alexandros katranis,REAL SALT LAKE,MLS,0.0,5,assists,assists,REAL SALT LAKE,REAL SALT LAKE,2,bottom,Alexandros Katranis,MLS,elite,2,2,2,0,0.0,0.0,0.0,,,,,0.0,,,False,False,Alexandros Katranis,,,,,,,,,,,True,False
Juan Arias,juan arias,REAL SALT LAKE,MLS,0.0,5,assists,assists,REAL SALT LAKE,REAL SALT LAKE,3,bottom,Juan Arias,MLS,elite,2,2,2,0,0.0,0.0,0.0,,,,,0.0,,,False,False,Juan Arias,,,,,,,,,,,True,False
Diego Luna,diego luna,REAL SALT LAKE,MLS,0.2,5,assists,assists,REAL SALT LAKE,REAL SALT LAKE,1,top,Diego Luna,MLS,elite,2,2,2,0,0.0,-0.29166666666666663,-0.29166666666666663,,,,,0.0,,,False,False,Diego Luna,,,,,,,,,,,True,False
Lineker Rodrigues,lineker rodrigues,REAL SALT LAKE,MLS,0.2,5,assists,assists,REAL SALT LAKE,REAL SALT LAKE,2,top,Lineker Rodrigues,MLS,elite,2,2,2,0,0.5,0.5,0.5,,,,,0.5,,,False,False,Lineker Rodrigues,,,,,,,,,,,True,False
Noel Caliskan,noel caliskan,REAL SALT LAKE,MLS,0.2,5,assists,assists,REAL SALT LAKE,REAL SALT LAKE,3,top,Noel Caliskan,MLS,elite,2,2,2,0,0.0,-0.29166666666666663,-0.29166666666666663,,,,,0.0,,,False,False,Noel Caliskan,,,,,,,,,,,True,False
Aiden Hezarkhani,aiden hezarkhani,REAL SALT LAKE,MLS,0.0,5,goals,goals,REAL SALT LAKE,REAL SALT LAKE,1,bottom,Aiden Hezarkhani,MLS,elite,2,2,2,0,0.0,0.0,0.0,,,,,0.0,,,False,False,Aiden Hezarkhani,,,,,,,,,,,True,False
Alexandros Katranis,alexandros katranis,REAL SALT LAKE,MLS,0.0,5,goals,goals,REAL SALT LAKE,REAL SALT LAKE,2,bottom,Alexandros Katranis,MLS,elite,2,2,2,0,0.0,0.0,0.0,,,,,0.0,,,False,False,Alexandros Katranis,,,,,,,,,,,True,False
Juan Arias,juan arias,REAL SALT LAKE,MLS,0.0,5,goals,goals,REAL SALT LAKE,REAL SALT LAKE,3,bottom,Juan Arias,MLS,elite,2,2,2,0,0.0,0.0,0.0,,,,,0.0,,,False,False,Juan Arias,,,,,,,,,,,True,False
Saba Lobjanidze,saba lobjanidze,REAL SALT LAKE,MLS,0.4,5,goals,goals,REAL SALT LAKE,REAL SALT LAKE,1,top,Saba Lobjanidze,MLS,elite,2,2,2,0,1.0,0.875,0.875,,,,,1.0,,,False,False,Saba Lobjanidze,,,,,,,,,,,True,False
Diego Luna,diego luna,REAL SALT LAKE,MLS,0.2,5,goals,goals,REAL SALT LAKE,REAL SALT LAKE,2,top,Diego Luna,MLS,elite,2,2,2,0,0.0,-0.29166666666666663,-0.29166666666666663,,,,,0.0,,,False,False,Diego Luna,,,,,,,,,,,True,False
Noel Caliskan,noel caliskan,REAL SALT LAKE,MLS,0.2,5,goals,goals,REAL SALT LAKE,REAL SALT LAKE,3,top,Noel Caliskan,MLS,elite,2,2,2,0,0.5,0.375,0.375,,,,,0.5,,,False,False,Noel Caliskan,,,,,,,,,,,True,False
Mason Stajduhar,mason stajduhar,REAL SALT LAKE,MLS,0.2,5,saves,saves,REAL SALT LAKE,REAL SALT LAKE,1,bottom,Mason Stajduhar,MLS,elite,2,2,2,0,0.0,-0.29166666666666663,-0.29166666666666663,,,,,0.0,,,False,False,Mason Stajduhar,,,,,,,,,,,True,False
Rafael,rafael,REAL SALT LAKE,MLS,2.2,5,saves,saves,REAL SALT LAKE,REAL SALT LAKE,2,bottom,Rafael,MLS,elite,3,3,3,0,1.0,1.7174603174603174,1.7174603174603174,,,,,1.0,,,False,False,Rafael,,,,,,,,,,,True,False
Rafael,rafael,REAL SALT LAKE,MLS,2.2,5,saves,saves,REAL SALT LAKE,REAL SALT LAKE,1,top,Rafael,MLS,elite,3,3,3,0,1.0,1.7174603174603174,1.7174603174603174,,,,,1.0,,,False,False,Rafael,,,,,,,,,,,True,False
Mason Stajduhar,mason stajduhar,REAL SALT LAKE,MLS,0.2,5,saves,saves,REAL SALT LAKE,REAL SALT LAKE,2,top,Mason Stajduhar,MLS,elite,2,2,2,0,0.0,-0.29166666666666663,-0.29166666666666663,,,,,0.0,,,False,False,Mason Stajduhar,,,,,,,,,,,True,False
Juan Arias,juan arias,REAL SALT LAKE,MLS,0.0,5,shots,shots,REAL SALT LAKE,REAL SALT LAKE,1,bottom,Juan Arias,MLS,elite,2,2,2,0,0.0,0.0,0.0,,,,,0.0,,,False,False,Juan Arias,,,,,,,,,,,True,False
Kobi Henry,kobi henry,REAL SALT LAKE,MLS,0.0,5,shots,shots,REAL SALT LAKE,REAL SALT LAKE,2,bottom,Kobi Henry,MLS,elite,2,2,2,0,0.0,0.0,0.0,,,,,0.0,,,False,False,Kobi Henry,,,,,,,,,,,True,False
Mason Stajduhar,mason stajduhar,REAL SALT LAKE,MLS,0.0,5,shots,shots,REAL SALT LAKE,REAL SALT LAKE,3,bottom,Mason Stajduhar,MLS,elite,2,2,2,0,0.0,0.0,0.0,,,,,0.0,,,False,False,Mason Stajduhar,,,,,,,,,,,True,False
Diego Luna,diego luna,REAL SALT LAKE,MLS,2.4,5,shots,shots,REAL SALT LAKE,REAL SALT LAKE,1,top,Diego Luna,MLS,elite,2,2,2,0,0.5,1.4166666666666665,1.4166666666666665,,,,,0.5,,,False,False,Diego Luna,,,,,,,,,,,True,False
Noel Caliskan,noel caliskan,REAL SALT LAKE,MLS,1.4,5,shots,shots,REAL SALT LAKE,REAL SALT LAKE,2,top,Noel Caliskan,MLS,elite,2,2,2,0,0.5,1.4166666666666667,1.4166666666666667,,,,,0.5,,,False,False,Noel Caliskan,,,,,,,,,,,True,False
Saba Lobjanidze,saba lobjanidze,REAL SALT LAKE,MLS,1.0,5,shots,shots,REAL SALT LAKE,REAL SALT LAKE,3,top,Saba Lobjanidze,MLS,elite,2,2,2,0,0.5,2.0,2.0,,,,,0.5,,,False,False,Saba Lobjanidze,,,,,,,,,,,True,False
Alexandros Katranis,alexandros katranis,REAL SALT LAKE,MLS,0.0,5,shots_on_target,shots_on_target,REAL SALT LAKE,REAL SALT LAKE,1,bottom,Alexandros Katranis,MLS,elite,2,2,2,0,0.0,0.0,0.0,,,,,0.0,,,False,False,Alexandros Katranis,,,,,,,,,,,True,False
Juan Arias,juan arias,REAL SALT LAKE,MLS,0.0,5,shots_on_target,shots_on_target,REAL SALT LAKE,REAL SALT LAKE,2,bottom,Juan Arias,MLS,elite,2,2,2,0,0.0,0.0,0.0,,,,,0.0,,,False,False,Juan Arias,,,,,,,,,,,True,False
Juan Manuel Sanabria,juan manuel sanabria,REAL SALT LAKE,MLS,0.0,5,shots_on_target,shots_on_target,REAL SALT LAKE,REAL SALT LAKE,3,bottom,Juan Manuel Sanabria,MLS,elite,2,2,2,0,0.0,0.0,0.0,,,,,0.0,,,False,False,Juan Manuel Sanabria,,,,,,,,,,,True,False
Diego Luna,diego luna,REAL SALT LAKE,MLS,1.0,5,shots_on_target,shots_on_target,REAL SALT LAKE,REAL SALT LAKE,1,top,Diego Luna,MLS,elite,2,2,2,0,0.5,0.6666666666666667,0.6666666666666667,,,,,0.5,,,False,False,Diego Luna,,,,,,,,,,,True,False
Noel Caliskan,noel caliskan,REAL SALT LAKE,MLS,0.6,5,shots_on_target,shots_on_target,REAL SALT LAKE,REAL SALT LAKE,2,top,Noel Caliskan,MLS,elite,2,2,2,0,0.5,0.45833333333333337,0.45833333333333337,,,,,0.5,,,False,False,Noel Caliskan,,,,,,,,,,,True,False
Saba Lobjanidze,saba lobjanidze,REAL SALT LAKE,MLS,0.6,5,shots_on_target,shots_on_target,REAL SALT LAKE,REAL SALT LAKE,3,top,Saba Lobjanidze,MLS,elite,2,2,2,0,1.0,1.25,1.25,,,,,1.0,,,False,False,Saba Lobjanidze,,,,,,,,,,,True,False
Aihen Muñoz,aihen munoz,REAL SOCIEDAD,La Liga,0.0,5,assists,assists,REAL SOCIEDAD,REAL SOCIEDAD,1,bottom,Aihen Muñoz,La Liga,elite,5,5,4,1,0.0,0.0,0.0,0.0,,,0.0,0.0,0.0,0.0,False,False,Aihen Muñoz,,,,,,,,,,,True,False
Jon Gorrotxategi,jon gorrotxategi,REAL SOCIEDAD,LaLiga,0.0,7,assists,assists,REAL SOCIEDAD,REAL SOCIEDAD,1,bottom,Jon Gorrotxategi,LaLiga,elite,8,8,4,1,0.0,0.0,0.0,0.0,,,0.0,0.0,0.0,0.0,False,False,Jon Gorrotxategi,,,,,,,,,,,True,False
Alex Marchal,alex marchal,REAL SOCIEDAD,La Liga,0.0,5,assists,assists,REAL SOCIEDAD,REAL SOCIEDAD,2,bottom,Alex Marchal,LaLiga,elite,5,5,4,1,0.0,0.0,0.0,0.0,,,0.0,0.0,0.0,0.0,False,False,Alex Marchal,,,,,,,,,,,True,False
Pablo Marín,pablo marin,REAL SOCIEDAD,LaLiga,0.0,8,assists,assists,REAL SOCIEDAD,REAL SOCIEDAD,2,bottom,Pablo Marín,Club Friendly Games,elite,7,7,4,0,0.0,0.0,0.0,,,,,0.0,,,False,False,Pablo Marín,,,,,,,,,,,True,False
Ander Barrenetxea,ander barrenetxea,REAL SOCIEDAD,La Liga,0.0,5,assists,assists,REAL SOCIEDAD,REAL SOCIEDAD,3,bottom,Ander Barrenetxea,LaLiga,elite,7,7,6,1,0.0,0.0,0.0,0.0,,,0.0,0.0,0.0,0.0,False,False,Ander Barrenetxea,,,,,,,,,,,True,False
Álex Remiro,alex remiro,REAL SOCIEDAD,LaLiga,0.0,6,assists,assists,REAL SOCIEDAD,REAL SOCIEDAD,3,bottom,Álex Remiro,LaLiga,elite,9,9,7,1,0.0,0.0,0.0,0.0,,,0.0,0.0,0.0,0.0,False,False,Álex Remiro,,,,,,,,,,,True,False
Job Ochieng,job ochieng,REAL SOCIEDAD,La Liga,0.4,5,assists,assists,REAL SOCIEDAD,REAL SOCIEDAD,1,top,Job Ochieng,La Liga,elite,4,4,3,1,0.25,0.5,0.0,2.0,,,1.0,0.0,2.0,2.0,False,False,Job Ochieng,,,,,,,,,,,True,False
Sergio Gómez,sergio gomez,REAL SOCIEDAD,LaLiga,0.2,5,assists,assists,REAL SOCIEDAD,REAL SOCIEDAD,1,top,Sergio Gómez,LaLiga,elite,8,8,6,1,0.0,-0.17862103174603175,-0.16593915343915344,-0.1,,0.5033388846279848,0.0,0.0,0.06593915343915344,0.06593915343915344,False,False,Sergio Gómez,,,,,,,,,,,True,False
Mikel Oyarzabal,mikel oyarzabal,REAL SOCIEDAD,La Liga,0.4,5,assists,assists,REAL SOCIEDAD,REAL SOCIEDAD,2,top,Mikel Oyarzabal,LaLiga,elite,6,6,5,1,0.3333333333333333,0.4325396825396826,0.6190476190476192,-0.5,,-0.17733883096573402,0.0,0.4,-1.119047619047619,-1.119047619047619,False,False,Mikel Oyarzabal,,,,,,,,,,,True,False
Jon Gorrotxategi,jon gorrotxategi,REAL SOCIEDAD,LaLiga,0.0,7,assists,assists,REAL SOCIEDAD,REAL SOCIEDAD,2,top,Jon Gorrotxategi,LaLiga,elite,8,8,4,1,0.0,0.0,0.0,0.0,,,0.0,0.0,0.0,0.0,False,False,Jon Gorrotxategi,,,,,,,,,,,True,False
Carlos Soler,carlos soler,REAL SOCIEDAD,La Liga,0.2,5,assists,assists,REAL SOCIEDAD,REAL SOCIEDAD,3,top,Carlos Soler,LaLiga,elite,7,7,6,1,0.14285714285714285,0.14285714285714285,0.0,1.0,,0.8971651128347828,1.0,0.0,1.0,1.0,False,False,Carlos Soler,,,,,,,,,,,True,False
Pablo Marín,pablo marin,REAL SOCIEDAD,LaLiga,0.0,8,assists,assists,REAL SOCIEDAD,REAL SOCIEDAD,3,top,Pablo Marín,Club Friendly Games,elite,7,7,4,0,0.0,0.0,0.0,,,,,0.0,,,False,False,Pablo Marín,,,,,,,,,,,True,False
Aihen Muñoz,aihen munoz,REAL SOCIEDAD,La Liga,0.0,5,goals,goals,REAL SOCIEDAD,REAL SOCIEDAD,1,bottom,Aihen Muñoz,La Liga,elite,2,2,1,1,0.0,0.0,0.0,0.0,,,0.0,0.0,0.0,0.0,False,False,Aihen Muñoz,,,,,,,,,,,True,False
Alex Marchal,alex marchal,REAL SOCIEDAD,La Liga,0.0,5,goals,goals,REAL SOCIEDAD,REAL SOCIEDAD,2,bottom,Alex Marchal,La Liga,elite,2,2,1,1,0.0,0.0,0.0,0.0,,,0.0,0.0,0.0,0.0,False,False,Alex Marchal,,,,,,,,,,,True,False
Arsen Zakharyan,arsen zakharyan,REAL SOCIEDAD,La Liga,0.0,5,goals,goals,REAL SOCIEDAD,REAL SOCIEDAD,3,bottom,Arsen Zakharyan,La Liga,elite,2,2,1,1,0.0,0.0,0.0,0.0,,,0.0,0.0,0.0,0.0,False,False,Arsen Zakharyan,,,,,,,,,,,True,False
Luka Sucic,luka sucic,REAL SOCIEDAD,La Liga,0.4,5,goals,goals,REAL SOCIEDAD,REAL SOCIEDAD,1,top,Luka Sucic,La Liga,elite,3,3,2,1,0.3333333333333333,-0.18888888888888886,-0.5833333333333333,0.6,,,1.0,0.0,1.1833333333333331,1.1833333333333331,False,True,Luka Sucic,,,,,,,,,,,True,False
Ander Barrenetxea,ander barrenetxea,REAL SOCIEDAD,La Liga,0.2,5,goals,goals,REAL SOCIEDAD,REAL SOCIEDAD,2,top,Ander Barrenetxea,La Liga,elite,3,3,2,1,0.3333333333333333,-0.07777777777777777,0.08333333333333337,-0.4,,,0.0,0.5,-0.4833333333333334,-0.4833333333333334,False,False,Ander Barrenetxea,,,,,,,,,,,True,False
Job Ochieng,job ochieng,REAL SOCIEDAD,La Liga,0.2,5,goals,goals,REAL SOCIEDAD,REAL SOCIEDAD,3,top,Job Ochieng,La Liga,elite,2,2,1,1,0.5,0.5,0.0,1.0,,,1.0,0.0,1.0,1.0,False,False,Job Ochieng,,,,,,,,,,,True,False
Takefusa Kubo,takefusa kubo,REAL SOCIEDAD,LaLiga,6.6,5,passes,passes,REAL SOCIEDAD,REAL SOCIEDAD,1,bottom,Takefusa Kubo,LaLiga,elite,3,3,2,0,0.6666666666666666,3.6166666666666667,-0.07500000000000018,,,,,0.5,,,False,False,Takefusa Kubo,,,,,,,,,,,True,False
Unai Marrero,unai marrero,REAL SOCIEDAD,LaLiga,7.6,5,passes,passes,REAL SOCIEDAD,REAL SOCIEDAD,2,bottom,Unai Marrero,LaLiga,elite,3,3,2,0,0.0,-9.922222222222222,-8.55,,,,,0.0,,,False,True,Unai Marrero,,,,,,,,,,,True,False
Pablo Marín,pablo marin,REAL SOCIEDAD,LaLiga,9.0,8,passes,passes,REAL SOCIEDAD,REAL SOCIEDAD,3,bottom,Pablo Marín,Club Friendly Games,elite,7,7,4,0,0.2857142857142857,-1.009410430839002,-1.9831349206349205,,,,,0.25,,,False,True,Pablo Marín,,,,,,,,,,,True,False
Álex Remiro,alex remiro,REAL SOCIEDAD,LaLiga,41.0,6,passes,passes,REAL SOCIEDAD,REAL SOCIEDAD,1,top,Álex Remiro,LaLiga,elite,4,4,3,0,0.5,-0.2666666666666675,-3.5222222222222235,,,,,0.3333333333333333,,,False,True,Álex Remiro,,,,,,,,,,,True,False
Sergio Gómez,sergio gomez,REAL SOCIEDAD,LaLiga,38.6,5,passes,passes,REAL SOCIEDAD,REAL SOCIEDAD,2,top,Sergio Gómez,LaLiga,elite,3,3,2,0,0.6666666666666666,15.916666666666666,25.375,,,,,1.0,,,False,False,Sergio Gómez,,,,,,,,,,,True,False
Jon Gorrotxategi,jon gorrotxategi,REAL SOCIEDAD,LaLiga,24.666666666666668,9,passes,passes,REAL SOCIEDAD,REAL SOCIEDAD,3,top,Jon Gorrotxategi,LaLiga,elite,7,7,4,0,0.7142857142857143,9.115362811791384,4.340277777777778,,,,,0.75,,,False,False,Jon Gorrotxategi,,,,,,,,,,,True,False
Jon Gorrotxategi,jon gorrotxategi,REAL SOCIEDAD,LaLiga,0.0,9,saves,saves,REAL SOCIEDAD,REAL SOCIEDAD,1,bottom,Jon Gorrotxategi,LaLiga,elite,7,7,4,0,0.0,0.0,0.0,,,,,0.0,,,False,False,Jon Gorrotxategi,,,,,,,,,,,True,False
Unai Marrero,unai marrero,REAL SOCIEDAD,La Liga,1.6,5,saves,saves,REAL SOCIEDAD,REAL SOCIEDAD,1,bottom,Unai Marrero,LaLiga,elite,8,8,6,1,0.125,-0.2503472222222223,-1.161574074074074,7.3,,0.9023277605702245,1.0,0.0,8.461574074074074,8.461574074074074,False,True,Unai Marrero,,,,,,,,,,,True,False
Pablo Marín,pablo marin,REAL SOCIEDAD,LaLiga,0.0,8,saves,saves,REAL SOCIEDAD,REAL SOCIEDAD,2,bottom,Pablo Marín,Club Friendly Games,elite,7,7,4,0,0.0,0.0,0.0,,,,,0.0,,,False,False,Pablo Marín,,,,,,,,,,,True,False
Álex Remiro,alex remiro,REAL SOCIEDAD,La Liga,3.4,5,saves,saves,REAL SOCIEDAD,REAL SOCIEDAD,2,bottom,Álex Remiro,LaLiga,elite,9,9,7,1,0.4444444444444444,-0.1951499118165786,-0.10804988662131532,-4.0,,-0.4722396309282611,0.0,0.42857142857142855,-3.8919501133786847,-3.8919501133786847,False,False,Álex Remiro,,,,,,,,,,,True,False
Sergio Gómez,sergio gomez,REAL SOCIEDAD,LaLiga,0.0,5,saves,saves,REAL SOCIEDAD,REAL SOCIEDAD,3,bottom,Sergio Gómez,LaLiga,elite,3,3,2,0,0.0,0.0,0.0,,,,,0.0,,,False,False,Sergio Gómez,,,,,,,,,,,True,False
Álex Remiro,alex remiro,REAL SOCIEDAD,LaLiga,4.166666666666667,6,saves,saves,REAL SOCIEDAD,REAL SOCIEDAD,1,top,Álex Remiro,LaLiga,elite,9,9,7,1,0.4444444444444444,-0.1951499118165786,-0.10804988662131532,-4.0,,-0.4722396309282611,0.0,0.42857142857142855,-3.8919501133786847,-3.8919501133786847,False,False,Álex Remiro,,,,,,,,,,,True,False
Álex Remiro,alex remiro,REAL SOCIEDAD,La Liga,3.4,5,saves,saves,REAL SOCIEDAD,REAL SOCIEDAD,1,top,Álex Remiro,LaLiga,elite,9,9,7,1,0.4444444444444444,-0.1951499118165786,-0.10804988662131532,-4.0,,-0.4722396309282611,0.0,0.42857142857142855,-3.8919501133786847,-3.8919501133786847,False,False,Álex Remiro,,,,,,,,,,,True,False
Unai Marrero,unai marrero,REAL SOCIEDAD,LaLiga,1.4,5,saves,saves,REAL SOCIEDAD,REAL SOCIEDAD,2,top,Unai Marrero,LaLiga,elite,8,8,6,1,0.125,-0.2503472222222223,-1.161574074074074,7.3,,0.9023277605702245,1.0,0.0,8.461574074074074,8.461574074074074,False,True,Unai Marrero,,,,,,,,,,,True,False
Unai Marrero,unai marrero,REAL SOCIEDAD,La Liga,1.6,5,saves,saves,REAL SOCIEDAD,REAL SOCIEDAD,2,top,Unai Marrero,LaLiga,elite,8,8,6,1,0.125,-0.2503472222222223,-1.161574074074074,7.3,,0.9023277605702245,1.0,0.0,8.461574074074074,8.461574074074074,False,True,Unai Marrero,,,,,,,,,,,True,False
Jon Gorrotxategi,jon gorrotxategi,REAL SOCIEDAD,LaLiga,0.0,9,saves,saves,REAL SOCIEDAD,REAL SOCIEDAD,3,top,Jon Gorrotxategi,LaLiga,elite,7,7,4,0,0.0,0.0,0.0,,,,,0.0,,,False,False,Jon Gorrotxategi,,,,,,,,,,,True,False
Aihen Muñoz,aihen munoz,REAL SOCIEDAD,La Liga,0.0,5,shots,shots,REAL SOCIEDAD,REAL SOCIEDAD,1,bottom,Aihen Muñoz,LaLiga,elite,7,7,6,1,0.0,0.0,0.0,0.0,,,0.0,0.0,0.0,0.0,False,False,Aihen Muñoz,,,,,,,,,,,True,False
Unai Marrero,unai marrero,REAL SOCIEDAD,LaLiga,0.0,5,shots,shots,REAL SOCIEDAD,REAL SOCIEDAD,1,bottom,Unai Marrero,LaLiga,elite,8,8,6,1,0.0,0.0,0.0,0.0,,,0.0,0.0,0.0,0.0,False,False,Unai Marrero,,,,,,,,,,,True,False
Arsen Zakharyan,arsen zakharyan,REAL SOCIEDAD,La Liga,0.0,5,shots,shots,REAL SOCIEDAD,REAL SOCIEDAD,2,bottom,Arsen Zakharyan,LaLiga,elite,7,7,6,1,0.0,0.0,0.0,0.0,,,0.0,0.0,0.0,0.0,False,False,Arsen Zakharyan,,,,,,,,,,,True,False
Álex Remiro,alex remiro,REAL SOCIEDAD,LaLiga,0.0,6,shots,shots,REAL SOCIEDAD,REAL SOCIEDAD,2,bottom,Álex Remiro,LaLiga,elite,9,9,7,1,0.0,0.0,0.0,0.0,,,0.0,0.0,0.0,0.0,False,False,Álex Remiro,,,,,,,,,,,True,False
Igor Zubeldia,igor zubeldia,REAL SOCIEDAD,La Liga,0.0,5,shots,shots,REAL SOCIEDAD,REAL SOCIEDAD,3,bottom,Igor Zubeldia,LaLiga,elite,7,7,6,1,0.0,0.0,0.0,0.0,,,0.0,0.0,0.0,0.0,False,False,Igor Zubeldia,,,,,,,,,,,True,False
Pablo Marín,pablo marin,REAL SOCIEDAD,LaLiga,0.125,8,shots,shots,REAL SOCIEDAD,REAL SOCIEDAD,3,bottom,Pablo Marín,Club Friendly Games,elite,7,7,4,0,0.14285714285714285,0.0649092970521542,-0.09474206349206349,,,,,0.0,,,False,False,Pablo Marín,,,,,,,,,,,True,False
Luka Sucic,luka sucic,REAL SOCIEDAD,La Liga,2.2,5,shots,shots,REAL SOCIEDAD,REAL SOCIEDAD,1,top,Luka Sucic,LaLiga,elite,6,6,5,1,0.6666666666666666,0.3200396825396825,-0.09095238095238098,2.375,,0.7331631724080481,1.0,0.6,2.465952380952381,2.465952380952381,False,False,Luka Sucic,,,,,,,,,,,True,False
Sergio Gómez,sergio gomez,REAL SOCIEDAD,LaLiga,0.8,5,shots,shots,REAL SOCIEDAD,REAL SOCIEDAD,1,top,Sergio Gómez,LaLiga,elite,8,8,6,1,0.5,0.047569444444444414,0.06898148148148144,-0.7,,-0.18932179765573517,0.0,0.5,-0.7689814814814814,-0.7689814814814814,False,False,Sergio Gómez,,,,,,,,,,,True,False
Orri Óskarsson,orri oskarsson,REAL SOCIEDAD,La Liga,1.6,5,shots,shots,REAL SOCIEDAD,REAL SOCIEDAD,2,top,Orri Óskarsson,La Liga,elite,2,2,1,1,0.0,-1.6666666666666667,-1.3333333333333335,-2.0,,,0.0,0.0,-0.6666666666666665,-0.6666666666666665,False,False,Orri Óskarsson,,,,,,,,,,,True,False
Jon Gorrotxategi,jon gorrotxategi,REAL SOCIEDAD,LaLiga,0.2222222222222222,9,shots,shots,REAL SOCIEDAD,REAL SOCIEDAD,2,top,Jon Gorrotxategi,LaLiga,elite,10,10,6,1,0.2,0.08364357864357864,0.06599326599326598,-0.16666666666666666,,-0.09699117345015058,0.0,0.16666666666666666,-0.23265993265993262,-0.23265993265993262,False,False,Jon Gorrotxategi,,,,,,,,,,,True,False
Mikel Oyarzabal,mikel oyarzabal,REAL SOCIEDAD,La Liga,1.4,5,shots,shots,REAL SOCIEDAD,REAL SOCIEDAD,3,top,Mikel Oyarzabal,LaLiga,elite,6,6,5,1,0.5,0.6279761904761904,1.1285714285714286,-1.875,,-0.5236581997072527,0.0,0.6,-3.0035714285714286,-3.0035714285714286,False,False,Mikel Oyarzabal,,,,,,,,,,,True,False
Takefusa Kubo,takefusa kubo,REAL SOCIEDAD,LaLiga,0.2,5,shots,shots,REAL SOCIEDAD,REAL SOCIEDAD,3,top,Takefusa Kubo,LaLiga,elite,8,8,6,1,0.125,-0.594642857142857,-0.6206349206349205,-0.7,,-0.4519698200114289,0.0,0.16666666666666666,-0.07936507936507942,-0.07936507936507942,False,True,Takefusa Kubo,,,,,,,,,,,True,False
Aihen Muñoz,aihen munoz,REAL SOCIEDAD,La Liga,0.0,5,shots_on_target,shots_on_target,REAL SOCIEDAD,REAL SOCIEDAD,1,bottom,Aihen Muñoz,LaLiga,elite,7,7,6,1,0.0,0.0,0.0,0.0,,,0.0,0.0,0.0,0.0,False,False,Aihen Muñoz,,,,,,,,,,,True,False
Jon Gorrotxategi,jon gorrotxategi,REAL SOCIEDAD,LaLiga,0.0,9,shots_on_target,shots_on_target,REAL SOCIEDAD,REAL SOCIEDAD,1,bottom,Jon Gorrotxategi,LaLiga,elite,10,10,6,1,0.0,0.0,0.0,0.0,,,0.0,0.0,0.0,0.0,False,False,Jon Gorrotxategi,,,,,,,,,,,True,False
Arsen Zakharyan,arsen zakharyan,REAL SOCIEDAD,La Liga,0.0,5,shots_on_target,shots_on_target,REAL SOCIEDAD,REAL SOCIEDAD,2,bottom,Arsen Zakharyan,LaLiga,elite,7,7,6,1,0.0,0.0,0.0,0.0,,,0.0,0.0,0.0,0.0,False,False,Arsen Zakharyan,,,,,,,,,,,True,False
Pablo Marín,pablo marin,REAL SOCIEDAD,LaLiga,0.0,8,shots_on_target,shots_on_target,REAL SOCIEDAD,REAL SOCIEDAD,2,bottom,Pablo Marín,Club Friendly Games,elite,7,7,4,0,0.0,0.0,0.0,,,,,0.0,,,False,False,Pablo Marín,,,,,,,,,,,True,False
Carlos Soler,carlos soler,REAL SOCIEDAD,La Liga,0.0,5,shots_on_target,shots_on_target,REAL SOCIEDAD,REAL SOCIEDAD,3,bottom,Carlos Soler,LaLiga,elite,7,7,6,1,0.0,0.0,0.0,0.0,,,0.0,0.0,0.0,0.0,False,False,Carlos Soler,,,,,,,,,,,True,False
Sergio Gómez,sergio gomez,REAL SOCIEDAD,LaLiga,0.0,5,shots_on_target,shots_on_target,REAL SOCIEDAD,REAL SOCIEDAD,3,bottom,Sergio Gómez,LaLiga,elite,8,8,6,1,0.0,0.0,0.0,0.0,,,0.0,0.0,0.0,0.0,False,False,Sergio Gómez,,,,,,,,,,,True,False
Luka Sucic,luka sucic,REAL SOCIEDAD,La Liga,0.8,5,shots_on_target,shots_on_target,REAL SOCIEDAD,REAL SOCIEDAD,1,top,Luka Sucic,LaLiga,elite,6,6,5,1,0.5,0.00753968253968255,-0.29095238095238096,1.5,,0.8335298520773823,1.0,0.4,1.790952380952381,1.790952380952381,False,False,Luka Sucic,,,,,,,,,,,True,False
Jon Gorrotxategi,jon gorrotxategi,REAL SOCIEDAD,LaLiga,0.0,9,shots_on_target,shots_on_target,REAL SOCIEDAD,REAL SOCIEDAD,1,top,Jon Gorrotxategi,LaLiga,elite,10,10,6,1,0.0,0.0,0.0,0.0,,,0.0,0.0,0.0,0.0,False,False,Jon Gorrotxategi,,,,,,,,,,,True,False
Mikel Oyarzabal,mikel oyarzabal,REAL SOCIEDAD,La Liga,0.8,5,shots_on_target,shots_on_target,REAL SOCIEDAD,REAL SOCIEDAD,2,top,Mikel Oyarzabal,LaLiga,elite,6,6,5,1,0.8333333333333334,0.6585317460317461,0.9652380952380953,-0.875,,-0.5976163251203175,0.0,1.0,-1.8402380952380955,-1.8402380952380955,False,False,Mikel Oyarzabal,,,,,,,,,,,True,False
Pablo Marín,pablo marin,REAL SOCIEDAD,LaLiga,0.0,8,shots_on_target,shots_on_target,REAL SOCIEDAD,REAL SOCIEDAD,2,top,Pablo Marín,Club Friendly Games,elite,7,7,4,0,0.0,0.0,0.0,,,,,0.0,,,False,False,Pablo Marín,,,,,,,,,,,True,False
Orri Óskarsson,orri oskarsson,REAL SOCIEDAD,La Liga,0.8,5,shots_on_target,shots_on_target,REAL SOCIEDAD,REAL SOCIEDAD,3,top,Orri Óskarsson,La Liga,elite,2,2,1,1,0.0,-1.1666666666666665,-1.3333333333333333,-1.0,,,0.0,0.0,0.33333333333333326,0.33333333333333326,False,False,Orri Óskarsson,,,,,,,,,,,True,False
Sergio Gómez,sergio gomez,REAL SOCIEDAD,LaLiga,0.0,5,shots_on_target,shots_on_target,REAL SOCIEDAD,REAL SOCIEDAD,3,top,Sergio Gómez,LaLiga,elite,8,8,6,1,0.0,0.0,0.0,0.0,,,0.0,0.0,0.0,0.0,False,False,Sergio Gómez,,,,,,,,,,,True,False
Unai Marrero,unai marrero,REAL SOCIEDAD,LaLiga,0.0,5,tackles,tackles,REAL SOCIEDAD,REAL SOCIEDAD,1,bottom,Unai Marrero,LaLiga,elite,3,3,2,0,0.0,0.0,0.0,,,,,0.0,,,False,False,Unai Marrero,,,,,,,,,,,True,False
Álex Remiro,alex remiro,REAL SOCIEDAD,LaLiga,0.0,6,tackles,tackles,REAL SOCIEDAD,REAL SOCIEDAD,2,bottom,Álex Remiro,LaLiga,elite,4,4,3,0,0.0,0.0,0.0,,,,,0.0,,,False,False,Álex Remiro,,,,,,,,,,,True,False
Takefusa Kubo,takefusa kubo,REAL SOCIEDAD,LaLiga,0.4,5,tackles,tackles,REAL SOCIEDAD,REAL SOCIEDAD,3,bottom,Takefusa Kubo,LaLiga,elite,3,3,2,0,0.6666666666666666,0.2555555555555556,0.04999999999999999,,,,,0.5,,,False,False,Takefusa Kubo,,,,,,,,,,,True,False
Sergio Gómez,sergio gomez,REAL SOCIEDAD,LaLiga,1.0,5,tackles,tackles,REAL SOCIEDAD,REAL SOCIEDAD,1,top,Sergio Gómez,LaLiga,elite,3,3,2,0,0.3333333333333333,-0.07777777777777772,-0.44999999999999996,,,,,0.0,,,False,True,Sergio Gómez,,,,,,,,,,,True,False
Jon Gorrotxategi,jon gorrotxategi,REAL SOCIEDAD,LaLiga,0.6666666666666666,9,tackles,tackles,REAL SOCIEDAD,REAL SOCIEDAD,2,top,Jon Gorrotxategi,LaLiga,elite,7,7,4,0,0.7142857142857143,0.5602607709750567,0.7777777777777778,,,,,0.75,,,False,False,Jon Gorrotxategi,,,,,,,,,,,True,False
Pablo Marín,pablo marin,REAL SOCIEDAD,LaLiga,0.625,8,tackles,tackles,REAL SOCIEDAD,REAL SOCIEDAD,3,top,Pablo Marín,Club Friendly Games,elite,7,7,4,0,0.42857142857142855,-0.12482993197278913,-0.44345238095238093,,,,,0.25,,,False,True,Pablo Marín,,,,,,,,,,,True,False
Adri Mehmeti,adri mehmeti,RED BULL NEW YORK,MLS,0.0,5,assists,assists,RED BULL NEW YORK,RED BULL NEW YORK,1,bottom,Adri Mehmeti,MLS,elite,2,2,2,0,0.0,0.0,0.0,,,,,0.0,,,False,False,Adri Mehmeti,,,,,,,,,,,True,False
Cade Cowell,cade cowell,RED BULL NEW YORK,MLS,0.0,5,assists,assists,RED BULL NEW YORK,RED BULL NEW YORK,2,bottom,Cade Cowell,MLS,elite,2,2,2,0,0.0,0.0,0.0,,,,,0.0,,,False,False,Cade Cowell,,,,,,,,,,,True,False
Cameron Harper,cameron harper,RED BULL NEW YORK,MLS,0.0,5,assists,assists,RED BULL NEW YORK,RED BULL NEW YORK,3,bottom,Cameron Harper,MLS,elite,2,2,2,0,0.0,0.0,0.0,,,,,0.0,,,False,False,Cameron Harper,,,,,,,,,,,True,False
Eric Maxim Choupo-Moting,eric maxim choupo-moting,RED BULL NEW YORK,MLS,0.2,5,assists,assists,RED BULL NEW YORK,RED BULL NEW YORK,1,top,Eric Maxim Choupo-Moting,MLS,elite,2,2,2,0,0.0,-0.29166666666666663,-0.29166666666666663,,,,,0.0,,,False,False,Eric Maxim Choupo-Moting,,,,,,,,,,,True,False
Mohammed Sofo,mohammed sofo,RED BULL NEW YORK,MLS,0.2,5,assists,assists,RED BULL NEW YORK,RED BULL NEW YORK,2,top,Mohammed Sofo,MLS,elite,2,2,2,0,0.0,-0.29166666666666663,-0.29166666666666663,,,,,0.0,,,False,False,Mohammed Sofo,,,,,,,,,,,True,False
Adri Mehmeti,adri mehmeti,RED BULL NEW YORK,MLS,0.0,5,assists,assists,RED BULL NEW YORK,RED BULL NEW YORK,3,top,Adri Mehmeti,MLS,elite,2,2,2,0,0.0,0.0,0.0,,,,,0.0,,,False,False,Adri Mehmeti,,,,,,,,,,,True,False
Adri Mehmeti,adri mehmeti,RED BULL NEW YORK,MLS,0.0,5,goals,goals,RED BULL NEW YORK,RED BULL NEW YORK,1,bottom,Adri Mehmeti,MLS,elite,2,2,2,0,0.0,0.0,0.0,,,,,0.0,,,False,False,Adri Mehmeti,,,,,,,,,,,True,False
Cade Cowell,cade cowell,RED BULL NEW YORK,MLS,0.0,5,goals,goals,RED BULL NEW YORK,RED BULL NEW YORK,2,bottom,Cade Cowell,MLS,elite,2,2,2,0,0.0,0.0,0.0,,,,,0.0,,,False,False,Cade Cowell,,,,,,,,,,,True,False
Dylan Nealis,dylan nealis,RED BULL NEW YORK,MLS,0.0,5,goals,goals,RED BULL NEW YORK,RED BULL NEW YORK,3,bottom,Dylan Nealis,MLS,elite,2,2,2,0,0.0,0.0,0.0,,,,,0.0,,,False,False,Dylan Nealis,,,,,,,,,,,True,False
Cameron Harper,cameron harper,RED BULL NEW YORK,MLS,0.2,5,goals,goals,RED BULL NEW YORK,RED BULL NEW YORK,1,top,Cameron Harper,MLS,elite,2,2,2,0,0.0,-0.29166666666666663,-0.29166666666666663,,,,,0.0,,,False,False,Cameron Harper,,,,,,,,,,,True,False
Eric Maxim Choupo-Moting,eric maxim choupo-moting,RED BULL NEW YORK,MLS,0.2,5,goals,goals,RED BULL NEW YORK,RED BULL NEW YORK,2,top,Eric Maxim Choupo-Moting,MLS,elite,2,2,2,0,0.0,-0.29166666666666663,-0.29166666666666663,,,,,0.0,,,False,False,Eric Maxim Choupo-Moting,,,,,,,,,,,True,False
Adri Mehmeti,adri mehmeti,RED BULL NEW YORK,MLS,0.0,5,goals,goals,RED BULL NEW YORK,RED BULL NEW YORK,3,top,Adri Mehmeti,MLS,elite,2,2,2,0,0.0,0.0,0.0,,,,,0.0,,,False,False,Adri Mehmeti,,,,,,,,,,,True,False
John McCarthy,john mccarthy,RED BULL NEW YORK,MLS,0.0,5,saves,saves,RED BULL NEW YORK,RED BULL NEW YORK,1,bottom,John McCarthy,MLS,elite,2,2,2,0,0.0,0.0,0.0,,,,,0.0,,,False,False,John McCarthy,,,,,,,,,,,True,False
Ethan Horvath,ethan horvath,RED BULL NEW YORK,MLS,3.8,5,saves,saves,RED BULL NEW YORK,RED BULL NEW YORK,2,bottom,Ethan Horvath,MLS,elite,2,2,2,0,1.0,3.208333333333333,3.208333333333333,,,,,1.0,,,False,False,Ethan Horvath,,,,,,,,,,,True,False
Ethan Horvath,ethan horvath,RED BULL NEW YORK,MLS,3.8,5,saves,saves,RED BULL NEW YORK,RED BULL NEW YORK,1,top,Ethan Horvath,MLS,elite,2,2,2,0,1.0,3.208333333333333,3.208333333333333,,,,,1.0,,,False,False,Ethan Horvath,,,,,,,,,,,True,False
John McCarthy,john mccarthy,RED BULL NEW YORK,MLS,0.0,5,saves,saves,RED BULL NEW YORK,RED BULL NEW YORK,2,top,John McCarthy,MLS,elite,2,2,2,0,0.0,0.0,0.0,,,,,0.0,,,False,False,John McCarthy,,,,,,,,,,,True,False
Dylan Nealis,dylan nealis,RED BULL NEW YORK,MLS,0.0,5,shots,shots,RED BULL NEW YORK,RED BULL NEW YORK,1,bottom,Dylan Nealis,MLS,elite,2,2,2,0,0.0,0.0,0.0,,,,,0.0,,,False,False,Dylan Nealis,,,,,,,,,,,True,False
Ethan Horvath,ethan horvath,RED BULL NEW YORK,MLS,0.0,5,shots,shots,RED BULL NEW YORK,RED BULL NEW YORK,2,bottom,Ethan Horvath,MLS,elite,2,2,2,0,0.0,0.0,0.0,,,,,0.0,,,False,False,Ethan Horvath,,,,,,,,,,,True,False
Jahkeele Marshall-Rutty,jahkeele marshall-rutty,RED BULL NEW YORK,MLS,0.0,5,shots,shots,RED BULL NEW YORK,RED BULL NEW YORK,3,bottom,Jahkeele Marshall-Rutty,MLS,elite,2,2,2,0,0.0,0.0,0.0,,,,,0.0,,,False,False,Jahkeele Marshall-Rutty,,,,,,,,,,,True,False
Julian Hall,julian hall,RED BULL NEW YORK,MLS,2.0,5,shots,shots,RED BULL NEW YORK,RED BULL NEW YORK,1,top,Julian Hall,MLS,elite,2,2,2,0,0.0,-1.5833333333333333,-1.5833333333333333,,,,,0.0,,,False,True,Julian Hall,,,,,,,,,,,True,False
Eric Maxim Choupo-Moting,eric maxim choupo-moting,RED BULL NEW YORK,MLS,1.6,5,shots,shots,RED BULL NEW YORK,RED BULL NEW YORK,2,top,Eric Maxim Choupo-Moting,MLS,elite,2,2,2,0,0.5,0.7083333333333334,0.7083333333333334,,,,,0.5,,,False,False,Eric Maxim Choupo-Moting,,,,,,,,,,,True,False
Adri Mehmeti,adri mehmeti,RED BULL NEW YORK,MLS,1.2,5,shots,shots,RED BULL NEW YORK,RED BULL NEW YORK,3,top,Adri Mehmeti,MLS,elite,2,2,2,0,0.0,-1.75,-1.75,,,,,0.0,,,False,True,Adri Mehmeti,,,,,,,,,,,True,False
Adri Mehmeti,adri mehmeti,RED BULL NEW YORK,MLS,0.0,5,shots_on_target,shots_on_target,RED BULL NEW YORK,RED BULL NEW YORK,1,bottom,Adri Mehmeti,MLS,elite,2,2,2,0,0.0,0.0,0.0,,,,,0.0,,,False,False,Adri Mehmeti,,,,,,,,,,,True,False
Dylan Nealis,dylan nealis,RED BULL NEW YORK,MLS,0.0,5,shots_on_target,shots_on_target,RED BULL NEW YORK,RED BULL NEW YORK,2,bottom,Dylan Nealis,MLS,elite,2,2,2,0,0.0,0.0,0.0,,,,,0.0,,,False,False,Dylan Nealis,,,,,,,,,,,True,False
Ethan Horvath,ethan horvath,RED BULL NEW YORK,MLS,0.0,5,shots_on_target,shots_on_target,RED BULL NEW YORK,RED BULL NEW YORK,3,bottom,Ethan Horvath,MLS,elite,2,2,2,0,0.0,0.0,0.0,,,,,0.0,,,False,False,Ethan Horvath,,,,,,,,,,,True,False
Eric Maxim Choupo-Moting,eric maxim choupo-moting,RED BULL NEW YORK,MLS,0.8,5,shots_on_target,shots_on_target,RED BULL NEW YORK,RED BULL NEW YORK,1,top,Eric Maxim Choupo-Moting,MLS,elite,2,2,2,0,1.0,0.2916666666666667,0.2916666666666667,,,,,1.0,,,False,False,Eric Maxim Choupo-Moting,,,,,,,,,,,True,False
Julian Hall,julian hall,RED BULL NEW YORK,MLS,0.8,5,shots_on_target,shots_on_target,RED BULL NEW YORK,RED BULL NEW YORK,2,top,Julian Hall,MLS,elite,2,2,2,0,0.5,0.16666666666666674,0.16666666666666674,,,,,0.5,,,False,False,Julian Hall,,,,,,,,,,,True,False
Cade Cowell,cade cowell,RED BULL NEW YORK,MLS,0.4,5,shots_on_target,shots_on_target,RED BULL NEW YORK,RED BULL NEW YORK,3,top,Cade Cowell,MLS,elite,2,2,2,0,0.5,0.08333333333333337,0.08333333333333337,,,,,0.5,,,False,False,Cade Cowell,,,,,,,,,,,True,False
Emad Fidaa,emad fidaa,RIY,ksa.1,0.0,5,assists,assists,RIY,RIY,1,bottom,Emad Fidaa,ksa.1,unknown,2,2,0,0,0.0,0.0,,,,,,,,,False,False,Emad Fidaa,,,,,,,,,,,True,False
Essam Bahri,essam bahri,RIY,ksa.1,0.0,5,assists,assists,RIY,RIY,2,bottom,Essam Bahri,ksa.1,unknown,2,2,0,0,0.0,0.0,,,,,,,,,False,False,Essam Bahri,,,,,,,,,,,True,False
Fahad Al Jayzani,fahad al jayzani,RIY,ksa.1,0.0,5,assists,assists,RIY,RIY,3,bottom,Fahad Al Jayzani,ksa.1,unknown,2,2,0,0,0.0,0.0,,,,,,,,,False,False,Fahad Al Jayzani,,,,,,,,,,,True,False
Emad Fidaa,emad fidaa,RIY,ksa.1,0.0,5,assists,assists,RIY,RIY,1,top,Emad Fidaa,ksa.1,unknown,2,2,0,0,0.0,0.0,,,,,,,,,False,False,Emad Fidaa,,,,,,,,,,,True,False
Essam Bahri,essam bahri,RIY,ksa.1,0.0,5,assists,assists,RIY,RIY,2,top,Essam Bahri,ksa.1,unknown,2,2,0,0,0.0,0.0,,,,,,,,,False,False,Essam Bahri,,,,,,,,,,,True,False
Fahad Al Jayzani,fahad al jayzani,RIY,ksa.1,0.0,5,assists,assists,RIY,RIY,3,top,Fahad Al Jayzani,ksa.1,unknown,2,2,0,0,0.0,0.0,,,,,,,,,False,False,Fahad Al Jayzani,,,,,,,,,,,True,False
Emad Fidaa,emad fidaa,RIY,ksa.1,0.0,5,goals,goals,RIY,RIY,1,bottom,Emad Fidaa,ksa.1,unknown,2,2,0,0,0.0,0.0,,,,,,,,,False,False,Emad Fidaa,,,,,,,,,,,True,False
Essam Bahri,essam bahri,RIY,ksa.1,0.0,5,goals,goals,RIY,RIY,2,bottom,Essam Bahri,ksa.1,unknown,2,2,0,0,0.0,0.0,,,,,,,,,False,False,Essam Bahri,,,,,,,,,,,True,False
Fahad Al Jayzani,fahad al jayzani,RIY,ksa.1,0.0,5,goals,goals,RIY,RIY,3,bottom,Fahad Al Jayzani,ksa.1,unknown,2,2,0,0,0.0,0.0,,,,,,,,,False,False,Fahad Al Jayzani,,,,,,,,,,,True,False
Teddy Okou,teddy okou,RIY,ksa.1,0.4,5,goals,goals,RIY,RIY,1,top,Teddy Okou,ksa.1,unknown,2,2,0,0,0.0,-0.5833333333333333,,,,,,,,,False,False,Teddy Okou,,,,,,,,,,,True,False
Emad Fidaa,emad fidaa,RIY,ksa.1,0.0,5,goals,goals,RIY,RIY,2,top,Emad Fidaa,ksa.1,unknown,2,2,0,0,0.0,0.0,,,,,,,,,False,False,Emad Fidaa,,,,,,,,,,,True,False
Essam Bahri,essam bahri,RIY,ksa.1,0.0,5,goals,goals,RIY,RIY,3,top,Essam Bahri,ksa.1,unknown,2,2,0,0,0.0,0.0,,,,,,,,,False,False,Essam Bahri,,,,,,,,,,,True,False
Emad Fidaa,emad fidaa,RIY,ksa.1,0.0,5,saves,saves,RIY,RIY,1,bottom,Emad Fidaa,ksa.1,unknown,2,2,0,0,0.0,0.0,,,,,,,,,False,False,Emad Fidaa,,,,,,,,,,,True,False
Milan Borjan,milan borjan,RIY,ksa.1,2.4,5,saves,saves,RIY,RIY,2,bottom,Milan Borjan,ksa.1,unknown,2,2,0,0,0.0,-1.9166666666666667,,,,,,,,,False,False,Milan Borjan,,,,,,,,,,,True,False
Milan Borjan,milan borjan,RIY,ksa.1,2.4,5,saves,saves,RIY,RIY,1,top,Milan Borjan,ksa.1,unknown,2,2,0,0,0.0,-1.9166666666666667,,,,,,,,,False,False,Milan Borjan,,,,,,,,,,,True,False
Emad Fidaa,emad fidaa,RIY,ksa.1,0.0,5,saves,saves,RIY,RIY,2,top,Emad Fidaa,ksa.1,unknown,2,2,0,0,0.0,0.0,,,,,,,,,False,False,Emad Fidaa,,,,,,,,,,,True,False
Emad Fidaa,emad fidaa,RIY,ksa.1,0.0,5,shots,shots,RIY,RIY,1,bottom,Emad Fidaa,ksa.1,unknown,2,2,0,0,0.0,0.0,,,,,,,,,False,False,Emad Fidaa,,,,,,,,,,,True,False
Faisal Al Subhi,faisal al subhi,RIY,ksa.1,0.0,5,shots,shots,RIY,RIY,2,bottom,Faisal Al Subhi,ksa.1,unknown,2,2,0,0,0.0,0.0,,,,,,,,,False,False,Faisal Al Subhi,,,,,,,,,,,True,False
Hossam Majrashi,hossam majrashi,RIY,ksa.1,0.0,5,shots,shots,RIY,RIY,3,bottom,Hossam Majrashi,ksa.1,unknown,2,2,0,0,0.0,0.0,,,,,,,,,False,False,Hossam Majrashi,,,,,,,,,,,True,False
Teddy Okou,teddy okou,RIY,ksa.1,1.4,5,shots,shots,RIY,RIY,1,top,Teddy Okou,ksa.1,unknown,2,2,0,0,0.0,-1.25,,,,,,,,,False,False,Teddy Okou,,,,,,,,,,,True,False
Hassan Hashim Al Ali,hassan hashim al ali,RIY,ksa.1,0.6,5,shots,shots,RIY,RIY,2,top,Hassan Hashim Al Ali,ksa.1,unknown,2,2,0,0,0.5,0.7083333333333334,,,,,,,,,False,False,Hassan Hashim Al Ali,,,,,,,,,,,True,False
Fahad Al Jayzani,fahad al jayzani,RIY,ksa.1,0.4,5,shots,shots,RIY,RIY,3,top,Fahad Al Jayzani,ksa.1,unknown,2,2,0,0,0.5,0.20833333333333334,,,,,,,,,False,False,Fahad Al Jayzani,,,,,,,,,,,True,False
Emad Fidaa,emad fidaa,RIY,ksa.1,0.0,5,shots_on_target,shots_on_target,RIY,RIY,1,bottom,Emad Fidaa,ksa.1,unknown,2,2,0,0,0.0,0.0,,,,,,,,,False,False,Emad Fidaa,,,,,,,,,,,True,False
Essam Bahri,essam bahri,RIY,ksa.1,0.0,5,shots_on_target,shots_on_target,RIY,RIY,2,bottom,Essam Bahri,ksa.1,unknown,2,2,0,0,0.0,0.0,,,,,,,,,False,False,Essam Bahri,,,,,,,,,,,True,False
Fahad Al Jayzani,fahad al jayzani,RIY,ksa.1,0.0,5,shots_on_target,shots_on_target,RIY,RIY,3,bottom,Fahad Al Jayzani,ksa.1,unknown,2,2,0,0,0.0,0.0,,,,,,,,,False,False,Fahad Al Jayzani,,,,,,,,,,,True,False
Teddy Okou,teddy okou,RIY,ksa.1,0.4,5,shots_on_target,shots_on_target,RIY,RIY,1,top,Teddy Okou,ksa.1,unknown,2,2,0,0,0.0,-0.5833333333333333,,,,,,,,,False,False,Teddy Okou,,,,,,,,,,,True,False
Emad Fidaa,emad fidaa,RIY,ksa.1,0.0,5,shots_on_target,shots_on_target,RIY,RIY,2,top,Emad Fidaa,ksa.1,unknown,2,2,0,0,0.0,0.0,,,,,,,,,False,False,Emad Fidaa,,,,,,,,,,,True,False
Essam Bahri,essam bahri,RIY,ksa.1,0.0,5,shots_on_target,shots_on_target,RIY,RIY,3,top,Essam Bahri,ksa.1,unknown,2,2,0,0,0.0,0.0,,,,,,,,,False,False,Essam Bahri,,,,,,,,,,,True,False
Alejandro Alvarado Jr.,alejandro alvarado jr.,SAN DIEGO,MLS,0.0,5,assists,assists,SAN DIEGO,SAN DIEGO,1,bottom,Alejandro Alvarado Jr.,MLS,mid,2,2,0,1,0.0,0.0,,0.0,0.0,,0.0,,,,False,False,Alejandro Alvarado Jr.,,,,,,,,,,,True,False
Amahl Pellegrino,amahl pellegrino,SAN DIEGO,MLS,0.0,5,assists,assists,SAN DIEGO,SAN DIEGO,2,bottom,Amahl Pellegrino,MLS,mid,2,2,0,1,0.0,0.0,,0.0,0.0,,0.0,,,,False,False,Amahl Pellegrino,,,,,,,,,,,True,False
Aníbal Godoy,anibal godoy,SAN DIEGO,MLS,0.0,5,assists,assists,SAN DIEGO,SAN DIEGO,3,bottom,Aníbal Godoy,MLS,mid,2,2,0,1,0.0,0.0,,0.0,0.0,,0.0,,,,False,False,Aníbal Godoy,,,,,,,,,,,True,False
Onni Valakari,onni valakari,SAN DIEGO,MLS,0.2,5,assists,assists,SAN DIEGO,SAN DIEGO,1,top,Onni Valakari,MLS,mid,2,2,0,1,0.5,0.5,,0.0,1.0,,0.0,,,,False,False,Onni Valakari,,,,,,,,,,,True,False
Alejandro Alvarado Jr.,alejandro alvarado jr.,SAN DIEGO,MLS,0.0,5,assists,assists,SAN DIEGO,SAN DIEGO,2,top,Alejandro Alvarado Jr.,MLS,mid,2,2,0,1,0.0,0.0,,0.0,0.0,,0.0,,,,False,False,Alejandro Alvarado Jr.,,,,,,,,,,,True,False
Amahl Pellegrino,amahl pellegrino,SAN DIEGO,MLS,0.0,5,assists,assists,SAN DIEGO,SAN DIEGO,3,top,Amahl Pellegrino,MLS,mid,2,2,0,1,0.0,0.0,,0.0,0.0,,0.0,,,,False,False,Amahl Pellegrino,,,,,,,,,,,True,False
Alejandro Alvarado Jr.,alejandro alvarado jr.,SAN DIEGO,MLS,0.0,5,goals,goals,SAN DIEGO,SAN DIEGO,1,bottom,Alejandro Alvarado Jr.,MLS,mid,2,2,0,1,0.0,0.0,,0.0,0.0,,0.0,,,,False,False,Alejandro Alvarado Jr.,,,,,,,,,,,True,False
Aníbal Godoy,anibal godoy,SAN DIEGO,MLS,0.0,5,goals,goals,SAN DIEGO,SAN DIEGO,2,bottom,Aníbal Godoy,MLS,mid,2,2,0,1,0.0,0.0,,0.0,0.0,,0.0,,,,False,False,Aníbal Godoy,,,,,,,,,,,True,False
CJ dos Santos,cj dos santos,SAN DIEGO,MLS,0.0,5,goals,goals,SAN DIEGO,SAN DIEGO,3,bottom,CJ dos Santos,MLS,mid,2,2,0,1,0.0,0.0,,0.0,0.0,,0.0,,,,False,False,CJ dos Santos,,,,,,,,,,,True,False
Elias Achouri,elias achouri,SAN DIEGO,MLS,0.4,5,goals,goals,SAN DIEGO,SAN DIEGO,1,top,Elias Achouri,MLS,mid,2,2,0,1,0.0,-0.5833333333333333,,-0.6666666666666666,-0.5,,0.0,,,,False,False,Elias Achouri,,,,,,,,,,,True,False
Gabriel Pirani,gabriel pirani,SAN DIEGO,MLS,0.4,5,goals,goals,SAN DIEGO,SAN DIEGO,2,top,Gabriel Pirani,MLS,mid,2,2,0,1,0.0,-0.5833333333333333,,-0.6666666666666666,-0.5,,0.0,,,,False,False,Gabriel Pirani,,,,,,,,,,,True,False
Amahl Pellegrino,amahl pellegrino,SAN DIEGO,MLS,0.2,5,goals,goals,SAN DIEGO,SAN DIEGO,3,top,Amahl Pellegrino,MLS,mid,2,2,0,1,0.0,-0.29166666666666663,,-0.3333333333333333,-0.25,,0.0,,,,False,False,Amahl Pellegrino,,,,,,,,,,,True,False
Duran Ferree,duran ferree,SAN DIEGO,MLS,0.2,5,saves,saves,SAN DIEGO,SAN DIEGO,1,bottom,Duran Ferree,MLS,mid,2,2,0,1,0.5,0.5,,0.0,1.0,,0.0,,,,False,False,Duran Ferree,,,,,,,,,,,True,False
CJ dos Santos,cj dos santos,SAN DIEGO,MLS,3.0,5,saves,saves,SAN DIEGO,SAN DIEGO,2,bottom,CJ dos Santos,MLS,mid,2,2,0,1,0.0,-0.7916666666666667,,-0.3333333333333335,-1.25,,0.0,,,,False,False,CJ dos Santos,,,,,,,,,,,True,False
CJ dos Santos,cj dos santos,SAN DIEGO,MLS,3.0,5,saves,saves,SAN DIEGO,SAN DIEGO,1,top,CJ dos Santos,MLS,mid,2,2,0,1,0.0,-0.7916666666666667,,-0.3333333333333335,-1.25,,0.0,,,,False,False,CJ dos Santos,,,,,,,,,,,True,False
Duran Ferree,duran ferree,SAN DIEGO,MLS,0.2,5,saves,saves,SAN DIEGO,SAN DIEGO,2,top,Duran Ferree,MLS,mid,2,2,0,1,0.5,0.5,,0.0,1.0,,0.0,,,,False,False,Duran Ferree,,,,,,,,,,,True,False
CJ dos Santos,cj dos santos,SAN DIEGO,MLS,0.0,5,shots,shots,SAN DIEGO,SAN DIEGO,1,bottom,CJ dos Santos,MLS,mid,2,2,0,1,0.0,0.0,,0.0,0.0,,0.0,,,,False,False,CJ dos Santos,,,,,,,,,,,True,False
Christopher McVey,christopher mcvey,SAN DIEGO,MLS,0.0,5,shots,shots,SAN DIEGO,SAN DIEGO,2,bottom,Christopher McVey,MLS,mid,2,2,0,1,0.0,0.0,,0.0,0.0,,0.0,,,,False,False,Christopher McVey,,,,,,,,,,,True,False
Dagur Thórhallsson,dagur thorhallsson,SAN DIEGO,MLS,0.0,5,shots,shots,SAN DIEGO,SAN DIEGO,3,bottom,Dagur Thórhallsson,MLS,mid,2,2,0,1,0.0,0.0,,0.0,0.0,,0.0,,,,False,False,Dagur Thórhallsson,,,,,,,,,,,True,False
Elias Achouri,elias achouri,SAN DIEGO,MLS,2.6,5,shots,shots,SAN DIEGO,SAN DIEGO,1,top,Elias Achouri,MLS,mid,2,2,0,1,0.5,0.04166666666666674,,-1.6666666666666665,1.75,,0.0,,,,False,False,Elias Achouri,,,,,,,,,,,True,False
Gabriel Pirani,gabriel pirani,SAN DIEGO,MLS,2.2,5,shots,shots,SAN DIEGO,SAN DIEGO,2,top,Gabriel Pirani,MLS,mid,2,2,0,1,0.0,-2.541666666666667,,-2.3333333333333335,-2.75,,0.0,,,,False,False,Gabriel Pirani,,,,,,,,,,,True,False
Amahl Pellegrino,amahl pellegrino,SAN DIEGO,MLS,0.6,5,shots,shots,SAN DIEGO,SAN DIEGO,3,top,Amahl Pellegrino,MLS,mid,2,2,0,1,0.5,0.7083333333333334,,-0.3333333333333333,1.75,,0.0,,,,False,False,Amahl Pellegrino,,,,,,,,,,,True,False
Alejandro Alvarado Jr.,alejandro alvarado jr.,SAN DIEGO,MLS,0.0,5,shots_on_target,shots_on_target,SAN DIEGO,SAN DIEGO,1,bottom,Alejandro Alvarado Jr.,MLS,mid,2,2,0,1,0.0,0.0,,0.0,0.0,,0.0,,,,False,False,Alejandro Alvarado Jr.,,,,,,,,,,,True,False
Aníbal Godoy,anibal godoy,SAN DIEGO,MLS,0.0,5,shots_on_target,shots_on_target,SAN DIEGO,SAN DIEGO,2,bottom,Aníbal Godoy,MLS,mid,2,2,0,1,0.0,0.0,,0.0,0.0,,0.0,,,,False,False,Aníbal Godoy,,,,,,,,,,,True,False
CJ dos Santos,cj dos santos,SAN DIEGO,MLS,0.0,5,shots_on_target,shots_on_target,SAN DIEGO,SAN DIEGO,3,bottom,CJ dos Santos,MLS,mid,2,2,0,1,0.0,0.0,,0.0,0.0,,0.0,,,,False,False,CJ dos Santos,,,,,,,,,,,True,False
Elias Achouri,elias achouri,SAN DIEGO,MLS,1.0,5,shots_on_target,shots_on_target,SAN DIEGO,SAN DIEGO,1,top,Elias Achouri,MLS,mid,2,2,0,1,1.0,0.7916666666666667,,0.33333333333333337,1.25,,1.0,,,,False,False,Elias Achouri,,,,,,,,,,,True,False
Gabriel Pirani,gabriel pirani,SAN DIEGO,MLS,1.0,5,shots_on_target,shots_on_target,SAN DIEGO,SAN DIEGO,2,top,Gabriel Pirani,MLS,mid,2,2,0,1,0.0,-1.4583333333333335,,-1.6666666666666667,-1.25,,0.0,,,,False,False,Gabriel Pirani,,,,,,,,,,,True,False
Amahl Pellegrino,amahl pellegrino,SAN DIEGO,MLS,0.6,5,shots_on_target,shots_on_target,SAN DIEGO,SAN DIEGO,3,top,Amahl Pellegrino,MLS,mid,2,2,0,1,0.5,0.7083333333333334,,-0.3333333333333333,1.75,,0.0,,,,False,False,Amahl Pellegrino,,,,,,,,,,,True,False
Angus Gunn,angus gunn,SAN JOSE,MLS,0.0,5,assists,assists,SAN JOSE,SAN JOSE,1,bottom,Angus Gunn,MLS,mid,2,2,0,1,0.0,0.0,,0.0,0.0,,0.0,,,,False,False,Angus Gunn,,,,,,,,,,,True,False
Daniel Munie,daniel munie,SAN JOSE,MLS,0.0,5,assists,assists,SAN JOSE,SAN JOSE,2,bottom,Daniel Munie,MLS,mid,2,2,0,1,0.0,0.0,,0.0,0.0,,0.0,,,,False,False,Daniel Munie,Daniel Munie,EARTHQUAKES,HOUSTON,assists,0.5,4.0,Elite,0.0,0.0,daniel munie,True,False
Dave Romney,dave romney,SAN JOSE,MLS,0.0,5,assists,assists,SAN JOSE,SAN JOSE,3,bottom,Dave Romney,MLS,mid,2,2,0,1,0.0,0.0,,0.0,0.0,,0.0,,,,False,False,Dave Romney,Dave Romney,EARTHQUAKES,HOUSTON,assists,0.5,4.0,Elite,0.0,0.0,dave romney,True,False
Niko Tsakiris,niko tsakiris,SAN JOSE,MLS,0.6,5,assists,assists,SAN JOSE,SAN JOSE,1,top,Niko Tsakiris,MLS,mid,2,2,0,1,1.0,1.375,,1.0,1.75,,1.0,,,,False,False,Niko Tsakiris,Niko Tsakiris,EARTHQUAKES,HOUSTON,assists,0.5,4.0,Elite,0.4,0.6,niko tsakiris,True,False
Beau Leroux,beau leroux,SAN JOSE,MLS,0.2,5,assists,assists,SAN JOSE,SAN JOSE,2,top,Beau Leroux,MLS,mid,2,2,0,1,0.5,0.5,,0.0,1.0,,0.0,,,,False,False,Beau Leroux,Beau Leroux,EARTHQUAKES,HOUSTON,assists,0.5,4.0,Elite,0.2,0.2,beau leroux,True,False
Angus Gunn,angus gunn,SAN JOSE,MLS,0.0,5,assists,assists,SAN JOSE,SAN JOSE,3,top,Angus Gunn,MLS,mid,2,2,0,1,0.0,0.0,,0.0,0.0,,0.0,,,,False,False,Angus Gunn,,,,,,,,,,,True,False
Angus Gunn,angus gunn,SAN JOSE,MLS,0.0,5,goals,goals,SAN JOSE,SAN JOSE,1,bottom,Angus Gunn,MLS,mid,2,2,0,1,0.0,0.0,,0.0,0.0,,0.0,,,,False,False,Angus Gunn,,,,,,,,,,,True,False
Daniel Munie,daniel munie,SAN JOSE,MLS,0.0,5,goals,goals,SAN JOSE,SAN JOSE,2,bottom,Daniel Munie,MLS,mid,2,2,0,1,0.0,0.0,,0.0,0.0,,0.0,,,,False,False,Daniel Munie,Daniel Munie,EARTHQUAKES,HOUSTON,goals,0.5,4.0,Elite,0.0,0.0,daniel munie,True,False
Dave Romney,dave romney,SAN JOSE,MLS,0.0,5,goals,goals,SAN JOSE,SAN JOSE,3,bottom,Dave Romney,MLS,mid,2,2,0,1,0.0,0.0,,0.0,0.0,,0.0,,,,False,False,Dave Romney,Dave Romney,EARTHQUAKES,HOUSTON,goals,0.5,4.0,Elite,0.0,0.0,dave romney,True,False
Beau Leroux,beau leroux,SAN JOSE,MLS,0.2,5,goals,goals,SAN JOSE,SAN JOSE,1,top,Beau Leroux,MLS,mid,2,2,0,1,0.5,0.375,,1.0,-0.25,,1.0,,,,False,False,Beau Leroux,Beau Leroux,EARTHQUAKES,HOUSTON,goals,0.5,4.0,Elite,0.2,0.2,beau leroux,True,False
Niko Tsakiris,niko tsakiris,SAN JOSE,MLS,0.2,5,goals,goals,SAN JOSE,SAN JOSE,2,top,Niko Tsakiris,MLS,mid,2,2,0,1,0.5,0.5,,0.0,1.0,,0.0,,,,False,False,Niko Tsakiris,Niko Tsakiris,EARTHQUAKES,HOUSTON,goals,0.5,4.0,Elite,0.2,0.2,niko tsakiris,True,False
Ousseni Bouda,ousseni bouda,SAN JOSE,MLS,0.2,5,goals,goals,SAN JOSE,SAN JOSE,3,top,Ousseni Bouda,MLS,mid,2,2,0,1,0.5,0.5,,0.0,1.0,,0.0,,,,False,False,Ousseni Bouda,Ousseni Bouda,EARTHQUAKES,HOUSTON,goals,1.5,4.0,Elite,0.0,0.2,ousseni bouda,True,False
Ousseni Bouda,ousseni bouda,SAN JOSE,MLS,0.2,5,goals,goals,SAN JOSE,SAN JOSE,3,top,Ousseni Bouda,MLS,mid,2,2,0,1,0.5,0.5,,0.0,1.0,,0.0,,,,False,False,Ousseni Bouda,Ousseni Bouda,EARTHQUAKES,HOUSTON,goals,0.5,4.0,Elite,0.2,0.2,ousseni bouda,True,False
Francesco Montali,francesco montali,SAN JOSE,MLS,0.0,5,saves,saves,SAN JOSE,SAN JOSE,1,bottom,Francesco Montali,MLS,mid,2,2,0,1,0.0,0.0,,0.0,0.0,,0.0,,,,False,False,Francesco Montali,,,,,,,,,,,True,False
Angus Gunn,angus gunn,SAN JOSE,MLS,2.6,5,saves,saves,SAN JOSE,SAN JOSE,2,bottom,Angus Gunn,MLS,mid,2,2,0,1,0.5,0.7083333333333333,,-0.3333333333333335,1.75,,0.0,,,,False,False,Angus Gunn,Angus Gunn,EARTHQUAKES,HOUSTON,saves,3.0,4.0,Elite,,,angus gunn,True,False
Angus Gunn,angus gunn,SAN JOSE,MLS,2.6,5,saves,saves,SAN JOSE,SAN JOSE,2,bottom,Angus Gunn,MLS,mid,2,2,0,1,0.5,0.7083333333333333,,-0.3333333333333335,1.75,,0.0,,,,False,False,Angus Gunn,Angus Gunn,EARTHQUAKES,HOUSTON,saves,4.5,4.0,Elite,,,angus gunn,True,False
Angus Gunn,angus gunn,SAN JOSE,MLS,2.6,5,saves,saves,SAN JOSE,SAN JOSE,2,bottom,Angus Gunn,MLS,mid,2,2,0,1,0.5,0.7083333333333333,,-0.3333333333333335,1.75,,0.0,,,,False,False,Angus Gunn,Angus Gunn,EARTHQUAKES,HOUSTON,saves,3.5,4.0,Elite,,,angus gunn,True,False
Angus Gunn,angus gunn,SAN JOSE,MLS,2.6,5,saves,saves,SAN JOSE,SAN JOSE,2,bottom,Angus Gunn,MLS,mid,2,2,0,1,0.5,0.7083333333333333,,-0.3333333333333335,1.75,,0.0,,,,False,False,Angus Gunn,Angus Gunn,EARTHQUAKES,HOUSTON,saves,2.5,4.0,Elite,,,angus gunn,True,False
Angus Gunn,angus gunn,SAN JOSE,MLS,2.6,5,saves,saves,SAN JOSE,SAN JOSE,2,bottom,Angus Gunn,MLS,mid,2,2,0,1,0.5,0.7083333333333333,,-0.3333333333333335,1.75,,0.0,,,,False,False,Angus Gunn,Angus Gunn,EARTHQUAKES,HOUSTON,saves,1.5,4.0,Elite,,,angus gunn,True,False
Angus Gunn,angus gunn,SAN JOSE,MLS,2.6,5,saves,saves,SAN JOSE,SAN JOSE,1,top,Angus Gunn,MLS,mid,2,2,0,1,0.5,0.7083333333333333,,-0.3333333333333335,1.75,,0.0,,,,False,False,Angus Gunn,Angus Gunn,EARTHQUAKES,HOUSTON,saves,3.0,4.0,Elite,,,angus gunn,True,False
Angus Gunn,angus gunn,SAN JOSE,MLS,2.6,5,saves,saves,SAN JOSE,SAN JOSE,1,top,Angus Gunn,MLS,mid,2,2,0,1,0.5,0.7083333333333333,,-0.3333333333333335,1.75,,0.0,,,,False,False,Angus Gunn,Angus Gunn,EARTHQUAKES,HOUSTON,saves,4.5,4.0,Elite,,,angus gunn,True,False
Angus Gunn,angus gunn,SAN JOSE,MLS,2.6,5,saves,saves,SAN JOSE,SAN JOSE,1,top,Angus Gunn,MLS,mid,2,2,0,1,0.5,0.7083333333333333,,-0.3333333333333335,1.75,,0.0,,,,False,False,Angus Gunn,Angus Gunn,EARTHQUAKES,HOUSTON,saves,3.5,4.0,Elite,,,angus gunn,True,False
Angus Gunn,angus gunn,SAN JOSE,MLS,2.6,5,saves,saves,SAN JOSE,SAN JOSE,1,top,Angus Gunn,MLS,mid,2,2,0,1,0.5,0.7083333333333333,,-0.3333333333333335,1.75,,0.0,,,,False,False,Angus Gunn,Angus Gunn,EARTHQUAKES,HOUSTON,saves,2.5,4.0,Elite,,,angus gunn,True,False
Angus Gunn,angus gunn,SAN JOSE,MLS,2.6,5,saves,saves,SAN JOSE,SAN JOSE,1,top,Angus Gunn,MLS,mid,2,2,0,1,0.5,0.7083333333333333,,-0.3333333333333335,1.75,,0.0,,,,False,False,Angus Gunn,Angus Gunn,EARTHQUAKES,HOUSTON,saves,1.5,4.0,Elite,,,angus gunn,True,False
Francesco Montali,francesco montali,SAN JOSE,MLS,0.0,5,saves,saves,SAN JOSE,SAN JOSE,2,top,Francesco Montali,MLS,mid,2,2,0,1,0.0,0.0,,0.0,0.0,,0.0,,,,False,False,Francesco Montali,,,,,,,,,,,True,False
Angus Gunn,angus gunn,SAN JOSE,MLS,0.0,5,shots,shots,SAN JOSE,SAN JOSE,1,bottom,Angus Gunn,MLS,mid,2,2,0,1,0.0,0.0,,0.0,0.0,,0.0,,,,False,False,Angus Gunn,,,,,,,,,,,True,False
Dave Romney,dave romney,SAN JOSE,MLS,0.0,5,shots,shots,SAN JOSE,SAN JOSE,2,bottom,Dave Romney,MLS,mid,2,2,0,1,0.0,0.0,,0.0,0.0,,0.0,,,,False,False,Dave Romney,Dave Romney,EARTHQUAKES,HOUSTON,shots,1.5,4.0,Elite,0.0,0.0,dave romney,True,False
Francesco Montali,francesco montali,SAN JOSE,MLS,0.0,5,shots,shots,SAN JOSE,SAN JOSE,3,bottom,Francesco Montali,MLS,mid,2,2,0,1,0.0,0.0,,0.0,0.0,,0.0,,,,False,False,Francesco Montali,,,,,,,,,,,True,False
Beau Leroux,beau leroux,SAN JOSE,MLS,2.4,5,shots,shots,SAN JOSE,SAN JOSE,1,top,Beau Leroux,MLS,mid,2,2,0,1,0.5,0.75,,2.0,-0.5,,1.0,,,,False,False,Beau Leroux,Beau Leroux,EARTHQUAKES,HOUSTON,shots,3.5,4.0,Elite,0.2,2.4,beau leroux,True,False
Beau Leroux,beau leroux,SAN JOSE,MLS,2.4,5,shots,shots,SAN JOSE,SAN JOSE,1,top,Beau Leroux,MLS,mid,2,2,0,1,0.5,0.75,,2.0,-0.5,,1.0,,,,False,False,Beau Leroux,Beau Leroux,EARTHQUAKES,HOUSTON,shots,4.5,4.0,Elite,0.0,2.4,beau leroux,True,False
Beau Leroux,beau leroux,SAN JOSE,MLS,2.4,5,shots,shots,SAN JOSE,SAN JOSE,1,top,Beau Leroux,MLS,mid,2,2,0,1,0.5,0.75,,2.0,-0.5,,1.0,,,,False,False,Beau Leroux,Beau Leroux,EARTHQUAKES,HOUSTON,shots,5.5,4.0,Elite,0.0,2.4,beau leroux,True,False
Beau Leroux,beau leroux,SAN JOSE,MLS,2.4,5,shots,shots,SAN JOSE,SAN JOSE,1,top,Beau Leroux,MLS,mid,2,2,0,1,0.5,0.75,,2.0,-0.5,,1.0,,,,False,False,Beau Leroux,Beau Leroux,EARTHQUAKES,HOUSTON,shots,2.5,4.0,Elite,0.4,2.4,beau leroux,True,False
Beau Leroux,beau leroux,SAN JOSE,MLS,2.4,5,shots,shots,SAN JOSE,SAN JOSE,1,top,Beau Leroux,MLS,mid,2,2,0,1,0.5,0.75,,2.0,-0.5,,1.0,,,,False,False,Beau Leroux,Beau Leroux,EARTHQUAKES,HOUSTON,shots,1.5,4.0,Elite,0.8,2.4,beau leroux,True,False
Ousseni Bouda,ousseni bouda,SAN JOSE,MLS,1.4,5,shots,shots,SAN JOSE,SAN JOSE,2,top,Ousseni Bouda,MLS,mid,2,2,0,1,0.0,-0.5833333333333334,,-0.6666666666666667,-0.5,,0.0,,,,False,False,Ousseni Bouda,Ousseni Bouda,EARTHQUAKES,HOUSTON,shots,2.5,4.0,Elite,0.0,1.4,ousseni bouda,True,False
Ousseni Bouda,ousseni bouda,SAN JOSE,MLS,1.4,5,shots,shots,SAN JOSE,SAN JOSE,2,top,Ousseni Bouda,MLS,mid,2,2,0,1,0.0,-0.5833333333333334,,-0.6666666666666667,-0.5,,0.0,,,,False,False,Ousseni Bouda,Ousseni Bouda,EARTHQUAKES,HOUSTON,shots,5.5,4.0,Elite,0.0,1.4,ousseni bouda,True,False
Ousseni Bouda,ousseni bouda,SAN JOSE,MLS,1.4,5,shots,shots,SAN JOSE,SAN JOSE,2,top,Ousseni Bouda,MLS,mid,2,2,0,1,0.0,-0.5833333333333334,,-0.6666666666666667,-0.5,,0.0,,,,False,False,Ousseni Bouda,Ousseni Bouda,EARTHQUAKES,HOUSTON,shots,3.5,4.0,Elite,0.0,1.4,ousseni bouda,True,False
Ousseni Bouda,ousseni bouda,SAN JOSE,MLS,1.4,5,shots,shots,SAN JOSE,SAN JOSE,2,top,Ousseni Bouda,MLS,mid,2,2,0,1,0.0,-0.5833333333333334,,-0.6666666666666667,-0.5,,0.0,,,,False,False,Ousseni Bouda,Ousseni Bouda,EARTHQUAKES,HOUSTON,shots,1.5,4.0,Elite,0.4,1.4,ousseni bouda,True,False
Preston Judd,preston judd,SAN JOSE,MLS,1.4,5,shots,shots,SAN JOSE,SAN JOSE,3,top,Preston Judd,MLS,mid,2,2,0,1,0.0,-0.5833333333333334,,-0.6666666666666667,-0.5,,0.0,,,,False,False,Preston Judd,Preston Judd,EARTHQUAKES,HOUSTON,shots,4.5,4.0,Elite,0.0,1.4,preston judd,True,False
Preston Judd,preston judd,SAN JOSE,MLS,1.4,5,shots,shots,SAN JOSE,SAN JOSE,3,top,Preston Judd,MLS,mid,2,2,0,1,0.0,-0.5833333333333334,,-0.6666666666666667,-0.5,,0.0,,,,False,False,Preston Judd,Preston Judd,EARTHQUAKES,HOUSTON,shots,2.5,4.0,Elite,0.2,1.4,preston judd,True,False
Angus Gunn,angus gunn,SAN JOSE,MLS,0.0,5,shots_on_target,shots_on_target,SAN JOSE,SAN JOSE,1,bottom,Angus Gunn,MLS,mid,2,2,0,1,0.0,0.0,,0.0,0.0,,0.0,,,,False,False,Angus Gunn,,,,,,,,,,,True,False
Dave Romney,dave romney,SAN JOSE,MLS,0.0,5,shots_on_target,shots_on_target,SAN JOSE,SAN JOSE,2,bottom,Dave Romney,MLS,mid,2,2,0,1,0.0,0.0,,0.0,0.0,,0.0,,,,False,False,Dave Romney,Dave Romney,EARTHQUAKES,HOUSTON,shots_on_target,0.5,4.0,Elite,0.0,0.0,dave romney,True,False
Francesco Montali,francesco montali,SAN JOSE,MLS,0.0,5,shots_on_target,shots_on_target,SAN JOSE,SAN JOSE,3,bottom,Francesco Montali,MLS,mid,2,2,0,1,0.0,0.0,,0.0,0.0,,0.0,,,,False,False,Francesco Montali,,,,,,,,,,,True,False
Ousseni Bouda,ousseni bouda,SAN JOSE,MLS,0.8,5,shots_on_target,shots_on_target,SAN JOSE,SAN JOSE,1,top,Ousseni Bouda,MLS,mid,2,2,0,1,0.5,-0.375,,-1.0,0.25,,0.0,,,,False,False,Ousseni Bouda,Ousseni Bouda,EARTHQUAKES,HOUSTON,shots_on_target,2.5,4.0,Elite,0.0,0.8,ousseni bouda,True,False
Ousseni Bouda,ousseni bouda,SAN JOSE,MLS,0.8,5,shots_on_target,shots_on_target,SAN JOSE,SAN JOSE,1,top,Ousseni Bouda,MLS,mid,2,2,0,1,0.5,-0.375,,-1.0,0.25,,0.0,,,,False,False,Ousseni Bouda,Ousseni Bouda,EARTHQUAKES,HOUSTON,shots_on_target,1.5,4.0,Elite,0.2,0.8,ousseni bouda,True,False
Ousseni Bouda,ousseni bouda,SAN JOSE,MLS,0.8,5,shots_on_target,shots_on_target,SAN JOSE,SAN JOSE,1,top,Ousseni Bouda,MLS,mid,2,2,0,1,0.5,-0.375,,-1.0,0.25,,0.0,,,,False,False,Ousseni Bouda,Ousseni Bouda,EARTHQUAKES,HOUSTON,shots_on_target,0.5,4.0,Elite,0.6,0.8,ousseni bouda,True,False
Preston Judd,preston judd,SAN JOSE,MLS,0.6,5,shots_on_target,shots_on_target,SAN JOSE,SAN JOSE,2,top,Preston Judd,MLS,mid,2,2,0,1,0.5,-0.08333333333333331,,-0.6666666666666666,0.5,,0.0,,,,False,False,Preston Judd,Preston Judd,EARTHQUAKES,HOUSTON,shots_on_target,3.5,4.0,Elite,0.0,0.6,preston judd,True,False
Preston Judd,preston judd,SAN JOSE,MLS,0.6,5,shots_on_target,shots_on_target,SAN JOSE,SAN JOSE,2,top,Preston Judd,MLS,mid,2,2,0,1,0.5,-0.08333333333333331,,-0.6666666666666666,0.5,,0.0,,,,False,False,Preston Judd,Preston Judd,EARTHQUAKES,HOUSTON,shots_on_target,1.5,4.0,Elite,0.0,0.6,preston judd,True,False
Preston Judd,preston judd,SAN JOSE,MLS,0.6,5,shots_on_target,shots_on_target,SAN JOSE,SAN JOSE,2,top,Preston Judd,MLS,mid,2,2,0,1,0.5,-0.08333333333333331,,-0.6666666666666666,0.5,,0.0,,,,False,False,Preston Judd,Preston Judd,EARTHQUAKES,HOUSTON,shots_on_target,0.5,4.0,Elite,0.6,0.6,preston judd,True,False
Beau Leroux,beau leroux,SAN JOSE,MLS,0.4,5,shots_on_target,shots_on_target,SAN JOSE,SAN JOSE,3,top,Beau Leroux,MLS,mid,2,2,0,1,1.0,0.875,,1.0,0.75,,1.0,,,,False,False,Beau Leroux,Beau Leroux,EARTHQUAKES,HOUSTON,shots_on_target,1.5,4.0,Elite,0.0,0.4,beau leroux,True,False
Beau Leroux,beau leroux,SAN JOSE,MLS,0.4,5,shots_on_target,shots_on_target,SAN JOSE,SAN JOSE,3,top,Beau Leroux,MLS,mid,2,2,0,1,1.0,0.875,,1.0,0.75,,1.0,,,,False,False,Beau Leroux,Beau Leroux,EARTHQUAKES,HOUSTON,shots_on_target,2.5,4.0,Elite,0.0,0.4,beau leroux,True,False
Beau Leroux,beau leroux,SAN JOSE,MLS,0.4,5,shots_on_target,shots_on_target,SAN JOSE,SAN JOSE,3,top,Beau Leroux,MLS,mid,2,2,0,1,1.0,0.875,,1.0,0.75,,1.0,,,,False,False,Beau Leroux,Beau Leroux,EARTHQUAKES,HOUSTON,shots_on_target,0.5,4.0,Elite,0.4,0.4,beau leroux,True,False
Diego Churín,diego churin,SARMIENTO,Liga Profesional de Fútbol,0.0,8,assists,assists,SARMIENTO,SARMIENTO,1,bottom,Diego Churín,Argentina,unknown,9,9,2,1,0.0,0.0,0.0,0.0,0.0,,0.0,0.0,0.0,0.0,False,False,Diego Churín,,,,,,,,,,,True,False
Jonathan Herrera,jonathan herrera,SARMIENTO,Liga Profesional de Fútbol,0.0,7,assists,assists,SARMIENTO,SARMIENTO,2,bottom,Jonathan Herrera,Argentina,unknown,7,7,1,1,0.0,0.0,0.0,0.0,0.0,,0.0,0.0,0.0,0.0,False,False,Jonathan Herrera,,,,,,,,,,,True,False
Junior Marabel,junior marabel,SARMIENTO,Liga Profesional de Fútbol,0.1111111111111111,9,assists,assists,SARMIENTO,SARMIENTO,3,bottom,Junior Marabel,Argentina,unknown,10,10,3,1,0.2,0.13404040404040402,0.0,-0.2,0.4166666666666667,0.07088783330420934,0.0,0.0,-0.2,-0.2,False,False,Junior Marabel,,,,,,,,,,,True,False
Julián Mavilla,julian mavilla,SARMIENTO,Liga Profesional de Fútbol,0.16666666666666666,6,assists,assists,SARMIENTO,SARMIENTO,1,top,Julián Mavilla,Argentina,unknown,7,7,1,1,0.2857142857142857,0.1536281179138322,0.0,-0.2857142857142857,0.3888888888888889,,0.0,0.0,-0.2857142857142857,-0.2857142857142857,False,False,Julián Mavilla,,,,,,,,,,,True,False
Junior Marabel,junior marabel,SARMIENTO,Liga Profesional de Fútbol,0.1111111111111111,9,assists,assists,SARMIENTO,SARMIENTO,2,top,Junior Marabel,Argentina,unknown,10,10,3,1,0.2,0.13404040404040402,0.0,-0.2,0.4166666666666667,0.07088783330420934,0.0,0.0,-0.2,-0.2,False,False,Junior Marabel,,,,,,,,,,,True,False
Diego Churín,diego churin,SARMIENTO,Liga Profesional de Fútbol,0.0,8,assists,assists,SARMIENTO,SARMIENTO,3,top,Diego Churín,Argentina,unknown,9,9,2,1,0.0,0.0,0.0,0.0,0.0,,0.0,0.0,0.0,0.0,False,False,Diego Churín,,,,,,,,,,,True,False
Diego Churín,diego churin,SARMIENTO,Liga Profesional de Fútbol,5.333333333333333,9,passes,passes,SARMIENTO,SARMIENTO,1,bottom,Diego Churín,Liga Profesional de Fútbol,unknown,7,7,3,0,0.42857142857142855,-0.1651927437641724,0.04047619047619033,,,,,0.6666666666666666,,,False,False,Diego Churín,,,,,,,,,,,True,False
Jonathan Herrera,jonathan herrera,SARMIENTO,Liga Profesional de Fútbol,9.428571428571429,7,passes,passes,SARMIENTO,SARMIENTO,2,bottom,Jonathan Herrera,Liga Profesional de Fútbol,unknown,4,4,1,0,0.5,-0.08749999999999991,-0.75,,,,,0.0,,,False,False,Jonathan Herrera,,,,,,,,,,,True,False
Julián Mavilla,julian mavilla,SARMIENTO,Liga Profesional de Fútbol,14.285714285714286,7,passes,passes,SARMIENTO,SARMIENTO,3,bottom,Julián Mavilla,Liga Profesional de Fútbol,unknown,5,5,2,0,1.0,12.31904761904762,11.833333333333332,,,,,1.0,,,False,False,Julián Mavilla,,,,,,,,,,,True,False
Junior Marabel,junior marabel,SARMIENTO,Liga Profesional de Fútbol,16.77777777777778,9,passes,passes,SARMIENTO,SARMIENTO,1,top,Junior Marabel,Liga Profesional de Fútbol,unknown,7,7,3,0,0.7142857142857143,1.9167233560090704,2.504761904761905,,,,,0.6666666666666666,,,False,False,Junior Marabel,,,,,,,,,,,True,False
Julián Mavilla,julian mavilla,SARMIENTO,Liga Profesional de Fútbol,14.285714285714286,7,passes,passes,SARMIENTO,SARMIENTO,2,top,Julián Mavilla,Liga Profesional de Fútbol,unknown,5,5,2,0,1.0,12.31904761904762,11.833333333333332,,,,,1.0,,,False,False,Julián Mavilla,,,,,,,,,,,True,False
Jonathan Herrera,jonathan herrera,SARMIENTO,Liga Profesional de Fútbol,9.428571428571429,7,passes,passes,SARMIENTO,SARMIENTO,3,top,Jonathan Herrera,Liga Profesional de Fútbol,unknown,4,4,1,0,0.5,-0.08749999999999991,-0.75,,,,,0.0,,,False,False,Jonathan Herrera,,,,,,,,,,,True,False
Diego Churín,diego churin,SARMIENTO,Liga Profesional de Fútbol,0.0,9,saves,saves,SARMIENTO,SARMIENTO,1,bottom,Diego Churín,Liga Profesional de Fútbol,unknown,7,7,3,0,0.0,0.0,0.0,,,,,0.0,,,False,False,Diego Churín,,,,,,,,,,,True,False
Jonathan Herrera,jonathan herrera,SARMIENTO,Liga Profesional de Fútbol,0.0,7,saves,saves,SARMIENTO,SARMIENTO,2,bottom,Jonathan Herrera,Liga Profesional de Fútbol,unknown,4,4,1,0,0.0,0.0,0.0,,,,,0.0,,,False,False,Jonathan Herrera,,,,,,,,,,,True,False
Julián Mavilla,julian mavilla,SARMIENTO,Liga Profesional de Fútbol,0.0,7,saves,saves,SARMIENTO,SARMIENTO,3,bottom,Julián Mavilla,Liga Profesional de Fútbol,unknown,5,5,2,0,0.0,0.0,0.0,,,,,0.0,,,False,False,Julián Mavilla,,,,,,,,,,,True,False
Diego Churín,diego churin,SARMIENTO,Liga Profesional de Fútbol,0.0,9,saves,saves,SARMIENTO,SARMIENTO,1,top,Diego Churín,Liga Profesional de Fútbol,unknown,7,7,3,0,0.0,0.0,0.0,,,,,0.0,,,False,False,Diego Churín,,,,,,,,,,,True,False
Jonathan Herrera,jonathan herrera,SARMIENTO,Liga Profesional de Fútbol,0.0,7,saves,saves,SARMIENTO,SARMIENTO,2,top,Jonathan Herrera,Liga Profesional de Fútbol,unknown,4,4,1,0,0.0,0.0,0.0,,,,,0.0,,,False,False,Jonathan Herrera,,,,,,,,,,,True,False
Julián Mavilla,julian mavilla,SARMIENTO,Liga Profesional de Fútbol,0.0,7,saves,saves,SARMIENTO,SARMIENTO,3,top,Julián Mavilla,Liga Profesional de Fútbol,unknown,5,5,2,0,0.0,0.0,0.0,,,,,0.0,,,False,False,Julián Mavilla,,,,,,,,,,,True,False
Diego Churín,diego churin,SARMIENTO,Liga Profesional de Fútbol,0.5555555555555556,9,shots,shots,SARMIENTO,SARMIENTO,1,bottom,Diego Churín,Argentina,unknown,10,10,3,1,0.4,-0.19557720057720057,-0.3071428571428571,-0.6,0.0,-0.0365367986349041,0.0,0.3333333333333333,-0.29285714285714287,-0.29285714285714287,False,True,Diego Churín,,,,,,,,,,,True,False
Jonathan Herrera,jonathan herrera,SARMIENTO,Liga Profesional de Fútbol,0.8571428571428571,7,shots,shots,SARMIENTO,SARMIENTO,2,bottom,Jonathan Herrera,Argentina,unknown,7,7,1,1,0.5714285714285714,1.1149092970521541,0.75,-0.1428571428571428,2.7444444444444445,,0.0,1.0,-0.8928571428571428,-0.8928571428571428,False,False,Jonathan Herrera,,,,,,,,,,,True,False
Julián Mavilla,julian mavilla,SARMIENTO,Liga Profesional de Fútbol,1.4285714285714286,7,shots,shots,SARMIENTO,SARMIENTO,3,bottom,Julián Mavilla,Argentina,unknown,8,8,2,1,0.875,1.0029761904761905,1.7,0.75,0.30000000000000004,-0.43870972630244925,1.0,1.0,-0.95,-0.95,False,False,Julián Mavilla,,,,,,,,,,,True,False
Junior Marabel,junior marabel,SARMIENTO,Liga Profesional de Fútbol,2.0,9,shots,shots,SARMIENTO,SARMIENTO,1,top,Junior Marabel,Argentina,unknown,10,10,3,1,0.8,0.9212337662337662,-0.02619047619047617,1.2,0.75,0.4534446332970081,1.0,0.6666666666666666,1.226190476190476,1.226190476190476,False,False,Junior Marabel,,,,,,,,,,,True,False
Julián Mavilla,julian mavilla,SARMIENTO,Liga Profesional de Fútbol,1.4285714285714286,7,shots,shots,SARMIENTO,SARMIENTO,2,top,Julián Mavilla,Argentina,unknown,8,8,2,1,0.875,1.0029761904761905,1.7,0.75,0.30000000000000004,-0.43870972630244925,1.0,1.0,-0.95,-0.95,False,False,Julián Mavilla,,,,,,,,,,,True,False
Jonathan Herrera,jonathan herrera,SARMIENTO,Liga Profesional de Fútbol,0.8571428571428571,7,shots,shots,SARMIENTO,SARMIENTO,3,top,Jonathan Herrera,Argentina,unknown,7,7,1,1,0.5714285714285714,1.1149092970521541,0.75,-0.1428571428571428,2.7444444444444445,,0.0,1.0,-0.8928571428571428,-0.8928571428571428,False,False,Jonathan Herrera,,,,,,,,,,,True,False
Diego Churín,diego churin,SARMIENTO,Liga Profesional de Fútbol,0.3333333333333333,9,shots_on_target,shots_on_target,SARMIENTO,SARMIENTO,1,bottom,Diego Churín,Argentina,unknown,10,10,3,1,0.2,-0.1866017316017316,-0.3952380952380952,-0.4,0.20833333333333334,0.0914005397776797,0.0,0.0,-0.0047619047619048005,-0.0047619047619048005,False,True,Diego Churín,,,,,,,,,,,True,False
Jonathan Herrera,jonathan herrera,SARMIENTO,Liga Profesional de Fútbol,0.42857142857142855,7,shots_on_target,shots_on_target,SARMIENTO,SARMIENTO,2,bottom,Jonathan Herrera,Argentina,unknown,7,7,1,1,0.42857142857142855,0.26026077097505673,-0.25,-0.7142857142857143,1.1222222222222222,,0.0,0.0,-0.4642857142857143,-0.4642857142857143,False,False,Jonathan Herrera,,,,,,,,,,,True,False
Julián Mavilla,julian mavilla,SARMIENTO,Liga Profesional de Fútbol,0.7142857142857143,7,shots_on_target,shots_on_target,SARMIENTO,SARMIENTO,3,bottom,Julián Mavilla,Argentina,unknown,8,8,2,1,0.875,0.7026785714285715,0.3,1.5,0.43333333333333335,0.8853581185851926,1.0,0.5,1.2,1.2,False,False,Julián Mavilla,,,,,,,,,,,True,False
Junior Marabel,junior marabel,SARMIENTO,Liga Profesional de Fútbol,0.7777777777777778,9,shots_on_target,shots_on_target,SARMIENTO,SARMIENTO,1,top,Junior Marabel,Argentina,unknown,10,10,3,1,0.7,0.29993506493506494,0.32857142857142857,0.4,-0.20833333333333331,0.15072923263603738,1.0,0.6666666666666666,0.07142857142857145,0.07142857142857145,False,False,Junior Marabel,,,,,,,,,,,True,False
Julián Mavilla,julian mavilla,SARMIENTO,Liga Profesional de Fútbol,0.7142857142857143,7,shots_on_target,shots_on_target,SARMIENTO,SARMIENTO,2,top,Julián Mavilla,Argentina,unknown,8,8,2,1,0.875,0.7026785714285715,0.3,1.5,0.43333333333333335,0.8853581185851926,1.0,0.5,1.2,1.2,False,False,Julián Mavilla,,,,,,,,,,,True,False
Jonathan Herrera,jonathan herrera,SARMIENTO,Liga Profesional de Fútbol,0.42857142857142855,7,shots_on_target,shots_on_target,SARMIENTO,SARMIENTO,3,top,Jonathan Herrera,Argentina,unknown,7,7,1,1,0.42857142857142855,0.26026077097505673,-0.25,-0.7142857142857143,1.1222222222222222,,0.0,0.0,-0.4642857142857143,-0.4642857142857143,False,False,Jonathan Herrera,,,,,,,,,,,True,False
Junior Marabel,junior marabel,SARMIENTO,Liga Profesional de Fútbol,0.1111111111111111,9,tackles,tackles,SARMIENTO,SARMIENTO,1,bottom,Junior Marabel,Liga Profesional de Fútbol,unknown,7,7,3,0,0.14285714285714285,0.10912698412698411,0.3333333333333333,,,,,0.3333333333333333,,,False,False,Junior Marabel,,,,,,,,,,,True,False
Jonathan Herrera,jonathan herrera,SARMIENTO,Liga Profesional de Fútbol,0.42857142857142855,7,tackles,tackles,SARMIENTO,SARMIENTO,2,bottom,Jonathan Herrera,Liga Profesional de Fútbol,unknown,4,4,1,0,0.0,-0.7125,-0.75,,,,,0.0,,,False,False,Jonathan Herrera,,,,,,,,,,,True,False
Diego Churín,diego churin,SARMIENTO,Liga Profesional de Fútbol,0.4444444444444444,9,tackles,tackles,SARMIENTO,SARMIENTO,3,bottom,Diego Churín,Liga Profesional de Fútbol,unknown,7,7,3,0,0.2857142857142857,0.20498866213151928,0.13571428571428576,,,,,0.3333333333333333,,,False,False,Diego Churín,,,,,,,,,,,True,False
Julián Mavilla,julian mavilla,SARMIENTO,Liga Profesional de Fútbol,1.0,7,tackles,tackles,SARMIENTO,SARMIENTO,1,top,Julián Mavilla,Liga Profesional de Fútbol,unknown,5,5,2,0,0.4,0.4333333333333334,0.33333333333333337,,,,,0.5,,,False,False,Julián Mavilla,,,,,,,,,,,True,False
Diego Churín,diego churin,SARMIENTO,Liga Profesional de Fútbol,0.4444444444444444,9,tackles,tackles,SARMIENTO,SARMIENTO,2,top,Diego Churín,Liga Profesional de Fútbol,unknown,7,7,3,0,0.2857142857142857,0.20498866213151928,0.13571428571428576,,,,,0.3333333333333333,,,False,False,Diego Churín,,,,,,,,,,,True,False
Jonathan Herrera,jonathan herrera,SARMIENTO,Liga Profesional de Fútbol,0.42857142857142855,7,tackles,tackles,SARMIENTO,SARMIENTO,3,top,Jonathan Herrera,Liga Profesional de Fútbol,unknown,4,4,1,0,0.0,-0.7125,-0.75,,,,,0.0,,,False,False,Jonathan Herrera,,,,,,,,,,,True,False
Abdullah Saeed,abdullah saeed,SHA,ksa.1,0.0,5,assists,assists,SHA,SHA,1,bottom,Abdullah Saeed,ksa.1,unknown,2,2,0,0,0.0,0.0,,,,,,,,,False,False,Abdullah Saeed,,,,,,,,,,,True,False
Ali Al-Asmari,ali al-asmari,SHA,ksa.1,0.0,5,assists,assists,SHA,SHA,2,bottom,Ali Al-Asmari,ksa.1,unknown,2,2,0,0,0.0,0.0,,,,,,,,,False,False,Ali Al-Asmari,,,,,,,,,,,True,False
Awad Al Nashri,awad al nashri,SHA,ksa.1,0.0,5,assists,assists,SHA,SHA,3,bottom,Awad Al Nashri,ksa.1,unknown,2,2,0,0,0.0,0.0,,,,,,,,,False,False,Awad Al Nashri,,,,,,,,,,,True,False
Josh Brownhill,josh brownhill,SHA,ksa.1,0.2,5,assists,assists,SHA,SHA,1,top,Josh Brownhill,ksa.1,unknown,2,2,0,0,0.5,0.5,,,,,,,,,False,False,Josh Brownhill,,,,,,,,,,,True,False
Yacine Adli,yacine adli,SHA,ksa.1,0.2,5,assists,assists,SHA,SHA,2,top,Yacine Adli,ksa.1,unknown,2,2,0,0,0.0,-0.29166666666666663,,,,,,,,,False,False,Yacine Adli,,,,,,,,,,,True,False
Yannick Carrasco,yannick carrasco,SHA,ksa.1,0.2,5,assists,assists,SHA,SHA,3,top,Yannick Carrasco,ksa.1,unknown,2,2,0,0,0.0,-0.29166666666666663,,,,,,,,,False,False,Yannick Carrasco,,,,,,,,,,,True,False
Abdullah Saeed,abdullah saeed,SHA,ksa.1,0.0,5,goals,goals,SHA,SHA,1,bottom,Abdullah Saeed,ksa.1,unknown,2,2,0,0,0.0,0.0,,,,,,,,,False,False,Abdullah Saeed,,,,,,,,,,,True,False
Ali Al-Asmari,ali al-asmari,SHA,ksa.1,0.0,5,goals,goals,SHA,SHA,2,bottom,Ali Al-Asmari,ksa.1,unknown,2,2,0,0,0.0,0.0,,,,,,,,,False,False,Ali Al-Asmari,,,,,,,,,,,True,False
Awad Al Nashri,awad al nashri,SHA,ksa.1,0.0,5,goals,goals,SHA,SHA,3,bottom,Awad Al Nashri,ksa.1,unknown,2,2,0,0,0.0,0.0,,,,,,,,,False,False,Awad Al Nashri,,,,,,,,,,,True,False
Roger Martínez,roger martinez,SHA,ksa.1,0.4,5,goals,goals,SHA,SHA,1,top,Roger Martínez,ksa.1,unknown,2,2,0,0,0.5,0.20833333333333334,,,,,,,,,False,False,Roger Martínez,,,,,,,,,,,True,False
Yannick Carrasco,yannick carrasco,SHA,ksa.1,0.4,5,goals,goals,SHA,SHA,2,top,Yannick Carrasco,ksa.1,unknown,2,2,0,0,0.0,-0.5833333333333333,,,,,,,,,False,False,Yannick Carrasco,,,,,,,,,,,True,False
Josh Brownhill,josh brownhill,SHA,ksa.1,0.2,5,goals,goals,SHA,SHA,3,top,Josh Brownhill,ksa.1,unknown,2,2,0,0,0.0,-0.29166666666666663,,,,,,,,,False,False,Josh Brownhill,,,,,,,,,,,True,False
Mohammed Al Mahasna,mohammed al mahasna,SHA,ksa.1,0.8,5,saves,saves,SHA,SHA,1,bottom,Mohammed Al Mahasna,ksa.1,unknown,2,2,0,0,0.0,-1.1666666666666665,,,,,,,,,False,False,Mohammed Al Mahasna,,,,,,,,,,,True,False
Mohammed Al Mahasna,mohammed al mahasna,SHA,ksa.1,0.8,5,saves,saves,SHA,SHA,1,top,Mohammed Al Mahasna,ksa.1,unknown,2,2,0,0,0.0,-1.1666666666666665,,,,,,,,,False,False,Mohammed Al Mahasna,,,,,,,,,,,True,False
Awad Al Nashri,awad al nashri,SHA,ksa.1,0.0,5,shots,shots,SHA,SHA,1,bottom,Awad Al Nashri,ksa.1,unknown,2,2,0,0,0.0,0.0,,,,,,,,,False,False,Awad Al Nashri,,,,,,,,,,,True,False
Mohammed Al Mahasna,mohammed al mahasna,SHA,ksa.1,0.0,5,shots,shots,SHA,SHA,2,bottom,Mohammed Al Mahasna,ksa.1,unknown,2,2,0,0,0.0,0.0,,,,,,,,,False,False,Mohammed Al Mahasna,,,,,,,,,,,True,False
Tin Jedvaj,tin jedvaj,SHA,ksa.1,0.0,5,shots,shots,SHA,SHA,3,bottom,Tin Jedvaj,ksa.1,unknown,2,2,0,0,0.0,0.0,,,,,,,,,False,False,Tin Jedvaj,,,,,,,,,,,True,False
Yannick Carrasco,yannick carrasco,SHA,ksa.1,2.8,5,shots,shots,SHA,SHA,1,top,Yannick Carrasco,ksa.1,unknown,2,2,0,0,0.0,-2.5,,,,,,,,,False,False,Yannick Carrasco,,,,,,,,,,,True,False
Roger Martínez,roger martinez,SHA,ksa.1,1.8,5,shots,shots,SHA,SHA,2,top,Roger Martínez,ksa.1,unknown,2,2,0,0,0.0,-1.8333333333333333,,,,,,,,,False,False,Roger Martínez,,,,,,,,,,,True,False
Hammam Al-Hammami,hammam al-hammami,SHA,ksa.1,1.6,5,shots,shots,SHA,SHA,3,top,Hammam Al-Hammami,ksa.1,unknown,2,2,0,0,0.5,-0.75,,,,,,,,,False,False,Hammam Al-Hammami,,,,,,,,,,,True,False
Awad Al Nashri,awad al nashri,SHA,ksa.1,0.0,5,shots_on_target,shots_on_target,SHA,SHA,1,bottom,Awad Al Nashri,ksa.1,unknown,2,2,0,0,0.0,0.0,,,,,,,,,False,False,Awad Al Nashri,,,,,,,,,,,True,False
Mamadou Barry,mamadou barry,SHA,ksa.1,0.0,5,shots_on_target,shots_on_target,SHA,SHA,2,bottom,Mamadou Barry,ksa.1,unknown,2,2,0,0,0.0,0.0,,,,,,,,,False,False,Mamadou Barry,,,,,,,,,,,True,False
Mohammed Al Mahasna,mohammed al mahasna,SHA,ksa.1,0.0,5,shots_on_target,shots_on_target,SHA,SHA,3,bottom,Mohammed Al Mahasna,ksa.1,unknown,2,2,0,0,0.0,0.0,,,,,,,,,False,False,Mohammed Al Mahasna,,,,,,,,,,,True,False
Roger Martínez,roger martinez,SHA,ksa.1,1.2,5,shots_on_target,shots_on_target,SHA,SHA,1,top,Roger Martínez,ksa.1,unknown,2,2,0,0,0.0,-0.9583333333333334,,,,,,,,,False,False,Roger Martínez,,,,,,,,,,,True,False
Yannick Carrasco,yannick carrasco,SHA,ksa.1,1.2,5,shots_on_target,shots_on_target,SHA,SHA,2,top,Yannick Carrasco,ksa.1,unknown,2,2,0,0,0.0,-0.9583333333333334,,,,,,,,,False,False,Yannick Carrasco,,,,,,,,,,,True,False
Abdullah Saeed,abdullah saeed,SHA,ksa.1,0.4,5,shots_on_target,shots_on_target,SHA,SHA,3,top,Abdullah Saeed,ksa.1,unknown,2,2,0,0,0.0,-0.5833333333333333,,,,,,,,,False,False,Abdullah Saeed,,,,,,,,,,,True,False
Adam Rhys Davies,adam rhys davies,SHEFF UTD,Championship,0.0,6,assists,assists,SHEFF UTD,SHEFF UTD,1,bottom,Adam Rhys Davies,Championship,unknown,4,4,0,1,0.0,0.0,,0.0,0.0,,0.0,,,,False,False,Adam Rhys Davies,,,,,,,,,,,True,False
Jairo Riedewald,jairo riedewald,SHEFF UTD,Championship,0.0,6,assists,assists,SHEFF UTD,SHEFF UTD,2,bottom,Jairo Riedewald,Championship,unknown,4,4,0,1,0.0,0.0,,0.0,0.0,,0.0,,,,False,False,Jairo Riedewald,,,,,,,,,,,True,False
Jamal Baptiste,jamal baptiste,SHEFF UTD,Championship,0.0,6,assists,assists,SHEFF UTD,SHEFF UTD,3,bottom,Jamal Baptiste,Championship,unknown,4,4,0,1,0.0,0.0,,0.0,0.0,,0.0,,,,False,False,Jamal Baptiste,,,,,,,,,,,True,False
Sydie Peck,sydie peck,SHEFF UTD,Championship,0.3333333333333333,6,assists,assists,SHEFF UTD,SHEFF UTD,1,top,Sydie Peck,Championship,unknown,4,4,0,1,0.5,0.4083333333333333,,-0.2,0.8333333333333334,,0.0,,,,False,False,Sydie Peck,,,,,,,,,,,True,False
Joe Rothwell,joe rothwell,SHEFF UTD,Championship,0.16666666666666666,6,assists,assists,SHEFF UTD,SHEFF UTD,2,top,Joe Rothwell,Championship,unknown,4,4,0,1,0.25,0.25,,0.0,1.0,,0.0,,,,False,False,Joe Rothwell,,,,,,,,,,,True,False
Patrick Bamford,patrick bamford,SHEFF UTD,Championship,0.16666666666666666,6,assists,assists,SHEFF UTD,SHEFF UTD,3,top,Patrick Bamford,Championship,mid,3,3,0,1,0.0,-0.26111111111111107,,-0.25,-0.2,,0.0,,,,False,False,Patrick Bamford,,,,,,,,,,,True,False
Adam Rhys Davies,adam rhys davies,SHEFF UTD,Championship,0.0,6,goals,goals,SHEFF UTD,SHEFF UTD,1,bottom,Adam Rhys Davies,Championship,unknown,4,4,0,1,0.0,0.0,,0.0,0.0,,0.0,,,,False,False,Adam Rhys Davies,,,,,,,,,,,True,False
Jairo Riedewald,jairo riedewald,SHEFF UTD,Championship,0.0,6,goals,goals,SHEFF UTD,SHEFF UTD,2,bottom,Jairo Riedewald,Championship,unknown,4,4,0,1,0.0,0.0,,0.0,0.0,,0.0,,,,False,False,Jairo Riedewald,,,,,,,,,,,True,False
Jamal Baptiste,jamal baptiste,SHEFF UTD,Championship,0.0,6,goals,goals,SHEFF UTD,SHEFF UTD,3,bottom,Jamal Baptiste,Championship,unknown,4,4,0,1,0.0,0.0,,0.0,0.0,,0.0,,,,False,False,Jamal Baptiste,,,,,,,,,,,True,False
Patrick Bamford,patrick bamford,SHEFF UTD,Championship,0.3333333333333333,6,goals,goals,SHEFF UTD,SHEFF UTD,1,top,Patrick Bamford,Championship,mid,3,3,0,1,0.6666666666666666,0.45,,0.75,-0.4,,1.0,,,,False,False,Patrick Bamford,,,,,,,,,,,True,False
Thomas Cannon,thomas cannon,SHEFF UTD,Championship,0.3333333333333333,6,goals,goals,SHEFF UTD,SHEFF UTD,2,top,Thomas Cannon,Championship,unknown,4,4,0,1,0.5,0.10833333333333336,,-0.4,0.6666666666666667,,0.0,,,,False,False,Thomas Cannon,,,,,,,,,,,True,False
Japhet Tanganga,japhet tanganga,SHEFF UTD,Championship,0.16666666666666666,6,goals,goals,SHEFF UTD,SHEFF UTD,3,top,Japhet Tanganga,Championship,mid,3,3,0,1,0.3333333333333333,0.18333333333333335,,-0.25,-0.2,,0.0,,,,False,False,Japhet Tanganga,,,,,,,,,,,True,False
Adam Rhys Davies,adam rhys davies,SHEFF UTD,Championship,0.0,5,saves,saves,SHEFF UTD,SHEFF UTD,1,bottom,Adam Rhys Davies,Championship,mid,3,3,0,1,0.0,-1.0444444444444443,,-1.0,-0.8,,0.0,,,,False,False,Adam Rhys Davies,,,,,,,,,,,True,False
Michael Cooper,michael cooper,SHEFF UTD,Championship,3.6666666666666665,6,saves,saves,SHEFF UTD,SHEFF UTD,2,bottom,Michael Cooper,Championship,unknown,4,4,0,1,0.75,2.2708333333333335,,1.0,-0.16666666666666652,,1.0,,,,False,False,Michael Cooper,,,,,,,,,,,True,False
Michael Cooper,michael cooper,SHEFF UTD,Championship,3.6666666666666665,6,saves,saves,SHEFF UTD,SHEFF UTD,1,top,Michael Cooper,Championship,unknown,4,4,0,1,0.75,2.2708333333333335,,1.0,-0.16666666666666652,,1.0,,,,False,False,Michael Cooper,,,,,,,,,,,True,False
Adam Rhys Davies,adam rhys davies,SHEFF UTD,Championship,0.0,5,saves,saves,SHEFF UTD,SHEFF UTD,2,top,Adam Rhys Davies,Championship,mid,3,3,0,1,0.0,-1.0444444444444443,,-1.0,-0.8,,0.0,,,,False,False,Adam Rhys Davies,,,,,,,,,,,True,False
Adam Rhys Davies,adam rhys davies,SHEFF UTD,Championship,0.0,6,shots,shots,SHEFF UTD,SHEFF UTD,1,bottom,Adam Rhys Davies,Championship,unknown,4,4,0,1,0.0,0.0,,0.0,0.0,,0.0,,,,False,False,Adam Rhys Davies,,,,,,,,,,,True,False
Jamal Baptiste,jamal baptiste,SHEFF UTD,Championship,0.0,6,shots,shots,SHEFF UTD,SHEFF UTD,2,bottom,Jamal Baptiste,Championship,unknown,4,4,0,1,0.0,-0.23749999999999996,,-0.2,-0.16666666666666666,,0.0,,,,False,False,Jamal Baptiste,,,,,,,,,,,True,False
Matt Doherty,matt doherty,SHEFF UTD,Championship,0.0,5,shots,shots,SHEFF UTD,SHEFF UTD,3,bottom,Matt Doherty,Championship,unknown,3,3,0,0,0.0,0.0,,,0.0,,,,,,False,False,Matt Doherty,,,,,,,,,,,True,False
Sydie Peck,sydie peck,SHEFF UTD,Championship,1.5,6,shots,shots,SHEFF UTD,SHEFF UTD,1,top,Sydie Peck,Championship,unknown,4,4,0,1,0.25,0.5,,0.0,2.0,,0.0,,,,False,False,Sydie Peck,,,,,,,,,,,True,False
Patrick Bamford,patrick bamford,SHEFF UTD,Championship,1.3333333333333333,6,shots,shots,SHEFF UTD,SHEFF UTD,2,top,Patrick Bamford,Championship,mid,3,3,0,1,0.3333333333333333,0.21666666666666665,,-0.75,-1.6,,0.0,,,,False,False,Patrick Bamford,,,,,,,,,,,True,False
Sam McCallum,sam mccallum,SHEFF UTD,Championship,1.1666666666666667,6,shots,shots,SHEFF UTD,SHEFF UTD,3,top,Sam McCallum,Championship,unknown,4,4,0,1,0.5,0.11249999999999999,,1.2,0.0,,1.0,,,,False,False,Sam McCallum,,,,,,,,,,,True,False
Adam Rhys Davies,adam rhys davies,SHEFF UTD,Championship,0.0,6,shots_on_target,shots_on_target,SHEFF UTD,SHEFF UTD,1,bottom,Adam Rhys Davies,Championship,unknown,4,4,0,1,0.0,0.0,,0.0,0.0,,0.0,,,,False,False,Adam Rhys Davies,,,,,,,,,,,True,False
Jamal Baptiste,jamal baptiste,SHEFF UTD,Championship,0.0,6,shots_on_target,shots_on_target,SHEFF UTD,SHEFF UTD,2,bottom,Jamal Baptiste,Championship,unknown,4,4,0,1,0.0,0.0,,0.0,0.0,,0.0,,,,False,False,Jamal Baptiste,,,,,,,,,,,True,False
Joe Rothwell,joe rothwell,SHEFF UTD,Championship,0.0,6,shots_on_target,shots_on_target,SHEFF UTD,SHEFF UTD,3,bottom,Joe Rothwell,Championship,unknown,4,4,0,1,0.0,0.0,,0.0,0.0,,0.0,,,,False,False,Joe Rothwell,,,,,,,,,,,True,False
Patrick Bamford,patrick bamford,SHEFF UTD,Championship,0.6666666666666666,6,shots_on_target,shots_on_target,SHEFF UTD,SHEFF UTD,1,top,Patrick Bamford,Championship,mid,3,3,0,1,0.6666666666666666,0.37222222222222223,,0.25,-0.8,,1.0,,,,False,False,Patrick Bamford,,,,,,,,,,,True,False
Sydie Peck,sydie peck,SHEFF UTD,Championship,0.5,6,shots_on_target,shots_on_target,SHEFF UTD,SHEFF UTD,2,top,Sydie Peck,Championship,unknown,4,4,0,1,0.5,0.22083333333333338,,0.8,0.6666666666666667,,1.0,,,,False,False,Sydie Peck,,,,,,,,,,,True,False
Thomas Cannon,thomas cannon,SHEFF UTD,Championship,0.5,6,shots_on_target,shots_on_target,SHEFF UTD,SHEFF UTD,3,top,Thomas Cannon,Championship,unknown,4,4,0,1,0.5,0.2041666666666667,,-0.6,0.5,,0.0,,,,False,False,Thomas Cannon,,,,,,,,,,,True,False
Cyle Larin,cyle larin,SOUTHAMPTON,Championship,0.0,8,assists,assists,SOUTHAMPTON,SOUTHAMPTON,1,bottom,Cyle Larin,Championship,elite,8,8,4,2,0.0,0.0,0.0,0.0,,,0.0,0.0,0.0,0.0,False,False,Cyle Larin,,,,,,,,,,,True,False
Daniel Peretz,daniel peretz,SOUTHAMPTON,Championship,0.0,5,assists,assists,SOUTHAMPTON,SOUTHAMPTON,2,bottom,Daniel Peretz,Championship,elite,4,4,3,0,0.0,0.0,0.0,,,,,0.0,,,False,False,Daniel Peretz,,,,,,,,,,,True,False
Divin Mubama,divin mubama,SOUTHAMPTON,Championship,0.0,8,assists,assists,SOUTHAMPTON,SOUTHAMPTON,3,bottom,Divin Mubama,Championship,elite,6,6,4,0,0.0,0.0,0.0,,,,,0.0,,,False,False,Divin Mubama,,,,,,,,,,,True,False
Finn Azaz,finn azaz,SOUTHAMPTON,Championship,0.3333333333333333,12,assists,assists,SOUTHAMPTON,SOUTHAMPTON,1,top,Finn Azaz,Championship,elite,12,12,5,2,0.4166666666666667,0.15078601953601956,0.0385531135531136,0.7083333333333334,0.0,0.34754704797095476,1.0,0.4,0.6697802197802197,0.6697802197802197,True,False,Finn Azaz,,,,,,,,,,,True,False
Flynn Downes,flynn downes,SOUTHAMPTON,Championship,0.3333333333333333,9,assists,assists,SOUTHAMPTON,SOUTHAMPTON,2,top,Flynn Downes,Championship,elite,9,9,5,2,0.3333333333333333,0.16066217732884402,0.03222222222222222,0.9,,0.7323197881167215,1.0,0.2,0.8677777777777778,0.8677777777777778,True,False,Flynn Downes,,,,,,,,,,,True,False
Léo Scienza,leo scienza,SOUTHAMPTON,Championship,0.3333333333333333,9,assists,assists,SOUTHAMPTON,SOUTHAMPTON,3,top,Léo Scienza,Championship,elite,9,9,5,2,0.3333333333333333,0.24068462401795734,0.4877777777777778,0.0,,-0.5306677362948911,0.0,0.6,-0.4877777777777778,-0.4877777777777778,False,False,Léo Scienza,,,,,,,,,,,True,False
Cameron Bragg,cameron bragg,SOUTHAMPTON,Championship,0.0,5,goals,goals,SOUTHAMPTON,SOUTHAMPTON,1,bottom,Cameron Bragg,Championship,elite,4,4,3,0,0.0,0.0,0.0,,,,,0.0,,,False,False,Cameron Bragg,,,,,,,,,,,True,False
Daniel Peretz,daniel peretz,SOUTHAMPTON,Championship,0.0,5,goals,goals,SOUTHAMPTON,SOUTHAMPTON,2,bottom,Daniel Peretz,Championship,elite,4,4,3,0,0.0,0.0,0.0,,,,,0.0,,,False,False,Daniel Peretz,,,,,,,,,,,True,False
Flynn Downes,flynn downes,SOUTHAMPTON,Championship,0.0,5,goals,goals,SOUTHAMPTON,SOUTHAMPTON,3,bottom,Flynn Downes,Championship,elite,4,4,3,0,0.0,0.0,0.0,,,,,0.0,,,False,False,Flynn Downes,,,,,,,,,,,True,False
Cyle Larin,cyle larin,SOUTHAMPTON,Championship,1.0,8,goals,goals,SOUTHAMPTON,SOUTHAMPTON,1,top,Cyle Larin,Championship,elite,7,7,4,2,0.42857142857142855,0.020238095238095215,0.28541666666666665,0.0,,-0.3719811147330075,0.0,0.75,-0.28541666666666665,-0.28541666666666665,False,False,Cyle Larin,,,,,,,,,,,True,False
Finn Azaz,finn azaz,SOUTHAMPTON,Championship,0.5,6,goals,goals,SOUTHAMPTON,SOUTHAMPTON,2,top,Finn Azaz,Championship,elite,5,5,4,0,0.6,0.2092857142857143,0.36875,,,,,0.75,,,False,False,Finn Azaz,,,,,,,,,,,True,False
Léo Scienza,leo scienza,SOUTHAMPTON,Championship,0.5,6,goals,goals,SOUTHAMPTON,SOUTHAMPTON,3,top,Léo Scienza,Championship,elite,5,5,4,0,0.6,0.0323809523809524,0.18333333333333335,,,,,0.75,,,False,False,Léo Scienza,,,,,,,,,,,True,False
Cameron Archer,cameron archer,SOUTHAMPTON,Championship,3.0,5,passes,passes,SOUTHAMPTON,SOUTHAMPTON,1,bottom,Cameron Archer,EFL Cup,unknown,4,4,1,1,0.25,-2.8916666666666666,-5.5,-4.4,,,0.0,0.0,1.0999999999999996,1.0999999999999996,False,False,Cameron Archer,,,,,,,,,,,True,False
Samuel Edozie,samuel edozie,SOUTHAMPTON,Championship,3.2857142857142856,7,passes,passes,SOUTHAMPTON,SOUTHAMPTON,2,bottom,Samuel Edozie,Championship,elite,6,6,2,1,0.5,0.949206349206349,0.17499999999999982,-4.166666666666667,2.041666666666667,-0.13044137520605986,0.0,0.5,-4.341666666666667,-4.341666666666667,False,False,Samuel Edozie,,,,,,,,,,,True,False
Tom Fellows,tom fellows,SOUTHAMPTON,Championship,11.0,6,passes,passes,SOUTHAMPTON,SOUTHAMPTON,3,bottom,Tom Fellows,Championship,elite,5,5,2,1,0.6,4.912857142857144,-10.767857142857142,20.6,,,1.0,0.0,31.367857142857144,31.367857142857144,False,True,Tom Fellows,,,,,,,,,,,True,False
Ryan Manning,ryan manning,SOUTHAMPTON,Championship,53.6,5,passes,passes,SOUTHAMPTON,SOUTHAMPTON,1,top,Ryan Manning,Championship,elite,4,4,2,1,0.25,-19.791666666666668,1.1666666666666679,-17.5,,,0.0,0.5,-18.666666666666668,-18.666666666666668,False,False,Ryan Manning,,,,,,,,,,,True,False
Caspar Jander,caspar jander,SOUTHAMPTON,Championship,43.25,8,passes,passes,SOUTHAMPTON,SOUTHAMPTON,2,top,Caspar Jander,Championship,mid,6,6,0,2,0.5,4.750198412698413,,-4.083333333333332,20.758928571428573,,0.5,,,,False,False,Caspar Jander,,,,,,,,,,,True,False
Finn Azaz,finn azaz,SOUTHAMPTON,Championship,29.857142857142858,7,passes,passes,SOUTHAMPTON,SOUTHAMPTON,3,top,Finn Azaz,Championship,elite,7,7,2,1,0.7142857142857143,6.076303854875284,5.194444444444445,17.428571428571427,14.333333333333334,0.19247936256683246,1.0,0.5,12.234126984126982,12.234126984126982,False,False,Finn Azaz,,,,,,,,,,,True,False
Cameron Archer,cameron archer,SOUTHAMPTON,Championship,0.0,5,saves,saves,SOUTHAMPTON,SOUTHAMPTON,1,bottom,Cameron Archer,EFL Cup,unknown,4,4,1,1,0.0,0.0,0.0,0.0,,,0.0,0.0,0.0,0.0,False,False,Cameron Archer,,,,,,,,,,,True,False
Cameron Bragg,cameron bragg,SOUTHAMPTON,Championship,0.0,5,saves,saves,SOUTHAMPTON,SOUTHAMPTON,2,bottom,Cameron Bragg,Championship,elite,4,4,2,1,0.0,0.0,0.0,0.0,,,0.0,0.0,0.0,0.0,False,False,Cameron Bragg,,,,,,,,,,,True,False
Caspar Jander,caspar jander,SOUTHAMPTON,Championship,0.0,8,saves,saves,SOUTHAMPTON,SOUTHAMPTON,3,bottom,Caspar Jander,Championship,mid,6,6,0,2,0.0,0.0,,0.0,0.0,,0.0,,,,False,False,Caspar Jander,,,,,,,,,,,True,False
Daniel Peretz,daniel peretz,SOUTHAMPTON,Championship,2.6,5,saves,saves,SOUTHAMPTON,SOUTHAMPTON,1,top,Daniel Peretz,Championship,elite,4,4,3,0,0.5,-0.19583333333333341,-0.5277777777777778,,,,,0.3333333333333333,,,False,True,Daniel Peretz,,,,,,,,,,,True,False
Cameron Archer,cameron archer,SOUTHAMPTON,Championship,0.0,5,saves,saves,SOUTHAMPTON,SOUTHAMPTON,2,top,Cameron Archer,EFL Cup,unknown,4,4,1,1,0.0,0.0,0.0,0.0,,,0.0,0.0,0.0,0.0,False,False,Cameron Archer,,,,,,,,,,,True,False
Cameron Bragg,cameron bragg,SOUTHAMPTON,Championship,0.0,5,saves,saves,SOUTHAMPTON,SOUTHAMPTON,3,top,Cameron Bragg,Championship,elite,4,4,2,1,0.0,0.0,0.0,0.0,,,0.0,0.0,0.0,0.0,False,False,Cameron Bragg,,,,,,,,,,,True,False
Daniel Peretz,daniel peretz,SOUTHAMPTON,Championship,0.0,5,shots,shots,SOUTHAMPTON,SOUTHAMPTON,1,bottom,Daniel Peretz,Championship,elite,4,4,3,0,0.0,0.0,0.0,,,,,0.0,,,False,False,Daniel Peretz,,,,,,,,,,,True,False
George Long,george long,SOUTHAMPTON,Championship,0.0,5,shots,shots,SOUTHAMPTON,SOUTHAMPTON,2,bottom,George Long,Championship,elite,4,4,3,0,0.0,0.0,0.0,,,,,0.0,,,False,False,George Long,,,,,,,,,,,True,False
Romeo Akachukwu,romeo akachukwu,SOUTHAMPTON,Championship,0.0,5,shots,shots,SOUTHAMPTON,SOUTHAMPTON,3,bottom,Romeo Akachukwu,Championship,elite,5,5,3,1,0.2,-0.38095238095238093,-0.5793650793650793,-0.6666666666666666,,,0.0,0.0,-0.08730158730158732,-0.08730158730158732,False,True,Romeo Akachukwu,,,,,,,,,,,True,False
Cyle Larin,cyle larin,SOUTHAMPTON,Championship,4.375,8,shots,shots,SOUTHAMPTON,SOUTHAMPTON,1,top,Cyle Larin,Championship,elite,8,8,4,2,0.625,0.8141774891774891,2.2283549783549783,1.25,,-0.49826879354562237,1.0,0.75,-0.9783549783549783,-0.9783549783549783,False,False,Cyle Larin,,,,,,,,,,,True,False
Finn Azaz,finn azaz,SOUTHAMPTON,Championship,2.5,12,shots,shots,SOUTHAMPTON,SOUTHAMPTON,2,top,Finn Azaz,Championship,elite,12,12,5,2,0.75,0.15803189865689865,1.1109432234432233,0.35416666666666663,-0.8333333333333333,-0.39320904398776035,1.0,1.0,-0.7567765567765566,-0.7567765567765566,False,False,Finn Azaz,,,,,,,,,,,True,False
Léo Scienza,leo scienza,SOUTHAMPTON,Championship,1.8888888888888888,9,shots,shots,SOUTHAMPTON,SOUTHAMPTON,3,top,Léo Scienza,Championship,elite,9,9,5,2,0.3333333333333333,-0.19551066217732885,-0.6688888888888889,-0.44999999999999996,,-0.01721577059080087,0.0,0.2,0.2188888888888889,0.2188888888888889,False,True,Léo Scienza,,,,,,,,,,,True,False
Cameron Archer,cameron archer,SOUTHAMPTON,Championship,0.0,6,shots_on_target,shots_on_target,SOUTHAMPTON,SOUTHAMPTON,1,bottom,Cameron Archer,EFL Cup,unknown,5,5,1,2,0.0,0.0,0.0,0.0,,,0.0,0.0,0.0,0.0,False,False,Cameron Archer,,,,,,,,,,,True,False
Cameron Bragg,cameron bragg,SOUTHAMPTON,Championship,0.0,10,shots_on_target,shots_on_target,SOUTHAMPTON,SOUTHAMPTON,2,bottom,Cameron Bragg,Championship,elite,9,9,5,2,0.0,0.0,0.0,0.0,,,0.0,0.0,0.0,0.0,False,False,Cameron Bragg,,,,,,,,,,,True,False
Caspar Jander,caspar jander,SOUTHAMPTON,Championship,0.0,8,shots_on_target,shots_on_target,SOUTHAMPTON,SOUTHAMPTON,3,bottom,Caspar Jander,Championship,mid,6,6,0,2,0.0,0.0,,0.0,0.0,,0.0,,,,False,False,Caspar Jander,,,,,,,,,,,True,False
Cyle Larin,cyle larin,SOUTHAMPTON,Championship,1.75,8,shots_on_target,shots_on_target,SOUTHAMPTON,SOUTHAMPTON,1,top,Cyle Larin,Championship,elite,8,8,4,2,0.25,-0.25960046897546896,0.405799062049062,0.0,,-0.3841030032095359,0.0,0.5,-0.405799062049062,-0.405799062049062,False,False,Cyle Larin,,,,,,,,,,,True,False
Léo Scienza,leo scienza,SOUTHAMPTON,Championship,0.7777777777777778,9,shots_on_target,shots_on_target,SOUTHAMPTON,SOUTHAMPTON,2,top,Léo Scienza,Championship,elite,9,9,5,2,0.7777777777777778,0.5179573512906847,0.18444444444444444,0.9,,0.38061432805813994,1.0,0.6,0.7155555555555556,0.7155555555555556,True,False,Léo Scienza,,,,,,,,,,,True,False
Keven Schlotterbeck,keven schlotterbeck,SOUTHAMPTON,Championship,0.6,5,shots_on_target,shots_on_target,SOUTHAMPTON,SOUTHAMPTON,3,top,Keven Schlotterbeck,Championship,elite,2,2,1,0,0.0,-0.875,-0.75,,,,,0.0,,,False,False,Keven Schlotterbeck,,,,,,,,,,,True,False
Tom Fellows,tom fellows,SOUTHAMPTON,Championship,0.16666666666666666,6,tackles,tackles,SOUTHAMPTON,SOUTHAMPTON,1,bottom,Tom Fellows,Championship,elite,5,5,2,1,0.4,0.30952380952380953,-0.14285714285714285,1.0,,,1.0,0.0,1.1428571428571428,1.1428571428571428,False,False,Tom Fellows,,,,,,,,,,,True,False
Cameron Archer,cameron archer,SOUTHAMPTON,Championship,0.2,5,tackles,tackles,SOUTHAMPTON,SOUTHAMPTON,2,bottom,Cameron Archer,EFL Cup,unknown,4,4,1,1,0.25,-0.14166666666666666,-0.5,-0.4,,,0.0,0.0,0.09999999999999998,0.09999999999999998,False,False,Cameron Archer,,,,,,,,,,,True,False
Samuel Edozie,samuel edozie,SOUTHAMPTON,Championship,0.5714285714285714,7,tackles,tackles,SOUTHAMPTON,SOUTHAMPTON,3,bottom,Samuel Edozie,Championship,elite,6,6,2,1,0.6666666666666666,0.1783730158730159,-0.012500000000000011,0.5,0.08333333333333337,0.47582978060285525,1.0,0.5,0.5125,0.5125,False,False,Samuel Edozie,,,,,,,,,,,True,False
Caspar Jander,caspar jander,SOUTHAMPTON,Championship,3.5,8,tackles,tackles,SOUTHAMPTON,SOUTHAMPTON,1,top,Caspar Jander,Championship,mid,6,6,0,2,0.6666666666666666,1.4061507936507935,,-0.5833333333333333,1.5267857142857142,,0.5,,,,False,False,Caspar Jander,,,,,,,,,,,True,False
Ryan Manning,ryan manning,SOUTHAMPTON,Championship,1.4,5,tackles,tackles,SOUTHAMPTON,SOUTHAMPTON,2,top,Ryan Manning,Championship,elite,4,4,2,1,0.25,-0.4749999999999999,-1.25,2.0,,,1.0,0.0,3.25,3.25,False,True,Ryan Manning,,,,,,,,,,,True,False
Finn Azaz,finn azaz,SOUTHAMPTON,Championship,1.1428571428571428,7,tackles,tackles,SOUTHAMPTON,SOUTHAMPTON,3,top,Finn Azaz,Championship,elite,7,7,2,1,0.42857142857142855,0.17976190476190476,0.0,1.0,1.2916666666666667,0.49677228110808286,1.0,0.0,1.0,1.0,False,False,Finn Azaz,,,,,,,,,,,True,False
Benjamin Lundt,benjamin lundt,ST. LOUIS,MLS,0.0,5,assists,assists,ST. LOUIS,ST. LOUIS,1,bottom,Benjamin Lundt,MLS,elite,2,2,1,1,0.0,0.0,0.0,0.0,,,0.0,0.0,0.0,0.0,False,False,Benjamin Lundt,,,,,,,,,,,True,False
Carlo Holse,carlo holse,ST. LOUIS,MLS,0.0,5,assists,assists,ST. LOUIS,ST. LOUIS,2,bottom,Carlo Holse,MLS,elite,2,2,1,1,0.0,0.0,0.0,0.0,,,0.0,0.0,0.0,0.0,False,False,Carlo Holse,,,,,,,,,,,True,False
Dante Polvara,dante polvara,ST. LOUIS,MLS,0.0,5,assists,assists,ST. LOUIS,ST. LOUIS,3,bottom,Dante Polvara,MLS,elite,2,2,1,1,0.0,0.0,0.0,0.0,,,0.0,0.0,0.0,0.0,False,False,Dante Polvara,,,,,,,,,,,True,False
Alexandru Matan,alexandru matan,ST. LOUIS,MLS,0.4,5,assists,assists,ST. LOUIS,ST. LOUIS,1,top,Alexandru Matan,MLS,elite,2,2,1,1,0.5,0.08333333333333337,0.6666666666666667,-0.5,,,0.0,1.0,-1.1666666666666667,-1.1666666666666667,False,False,Alexandru Matan,,,,,,,,,,,True,False
Daniel Edelman,daniel edelman,ST. LOUIS,MLS,0.2,5,assists,assists,ST. LOUIS,ST. LOUIS,2,top,Daniel Edelman,MLS,elite,2,2,1,1,0.5,0.375,1.0,-0.25,,,0.0,1.0,-1.25,-1.25,False,False,Daniel Edelman,,,,,,,,,,,True,False
Tomas Totland,tomas totland,ST. LOUIS,MLS,0.2,5,assists,assists,ST. LOUIS,ST. LOUIS,3,top,Tomas Totland,MLS,elite,2,2,1,1,0.5,0.375,1.0,-0.25,,,0.0,1.0,-1.25,-1.25,False,False,Tomas Totland,,,,,,,,,,,True,False
Alexandru Matan,alexandru matan,ST. LOUIS,MLS,0.0,5,goals,goals,ST. LOUIS,ST. LOUIS,1,bottom,Alexandru Matan,MLS,elite,2,2,1,1,0.0,0.0,0.0,0.0,,,0.0,0.0,0.0,0.0,False,False,Alexandru Matan,,,,,,,,,,,True,False
Benjamin Lundt,benjamin lundt,ST. LOUIS,MLS,0.0,5,goals,goals,ST. LOUIS,ST. LOUIS,2,bottom,Benjamin Lundt,MLS,elite,2,2,1,1,0.0,0.0,0.0,0.0,,,0.0,0.0,0.0,0.0,False,False,Benjamin Lundt,,,,,,,,,,,True,False
Jeong Sang-Bin,jeong sang-bin,ST. LOUIS,MLS,0.0,5,goals,goals,ST. LOUIS,ST. LOUIS,3,bottom,Jeong Sang-Bin,MLS,elite,2,2,1,1,0.0,0.0,0.0,0.0,,,0.0,0.0,0.0,0.0,False,False,Jeong Sang-Bin,,,,,,,,,,,True,False
Simon Becher,simon becher,ST. LOUIS,MLS,0.6,5,goals,goals,ST. LOUIS,ST. LOUIS,1,top,Simon Becher,MLS,elite,2,2,1,1,0.5,-0.20833333333333331,0.33333333333333337,-0.75,,,0.0,1.0,-1.0833333333333335,-1.0833333333333335,False,False,Simon Becher,,,,,,,,,,,True,False
Carlo Holse,carlo holse,ST. LOUIS,MLS,0.2,5,goals,goals,ST. LOUIS,ST. LOUIS,2,top,Carlo Holse,MLS,elite,2,2,1,1,0.0,-0.29166666666666663,-0.3333333333333333,-0.25,,,0.0,0.0,0.08333333333333331,0.08333333333333331,False,False,Carlo Holse,,,,,,,,,,,True,False
Daniel Edelman,daniel edelman,ST. LOUIS,MLS,0.2,5,goals,goals,ST. LOUIS,ST. LOUIS,3,top,Daniel Edelman,MLS,elite,2,2,1,1,0.0,-0.29166666666666663,-0.3333333333333333,-0.25,,,0.0,0.0,0.08333333333333331,0.08333333333333331,False,False,Daniel Edelman,,,,,,,,,,,True,False
Roman Bürki,roman burki,ST. LOUIS,MLS,2.4,5,saves,saves,ST. LOUIS,ST. LOUIS,1,bottom,Roman Bürki,MLS,elite,2,2,1,1,0.0,-1.375,-1.0,-1.75,,,0.0,0.0,-0.75,-0.75,False,False,Roman Bürki,,,,,,,,,,,True,False
Roman Bürki,roman burki,ST. LOUIS,MLS,2.4,5,saves,saves,ST. LOUIS,ST. LOUIS,1,top,Roman Bürki,MLS,elite,2,2,1,1,0.0,-1.375,-1.0,-1.75,,,0.0,0.0,-0.75,-0.75,False,False,Roman Bürki,,,,,,,,,,,True,False
Benjamin Lundt,benjamin lundt,ST. LOUIS,MLS,0.0,5,shots,shots,ST. LOUIS,ST. LOUIS,1,bottom,Benjamin Lundt,MLS,elite,2,2,1,1,0.0,0.0,0.0,0.0,,,0.0,0.0,0.0,0.0,False,False,Benjamin Lundt,,,,,,,,,,,True,False
Lukas MacNaughton,lukas macnaughton,ST. LOUIS,MLS,0.0,5,shots,shots,ST. LOUIS,ST. LOUIS,2,bottom,Lukas MacNaughton,MLS,elite,2,2,1,1,0.0,0.0,0.0,0.0,,,0.0,0.0,0.0,0.0,False,False,Lukas MacNaughton,,,,,,,,,,,True,False
Miguel Perez,miguel perez,ST. LOUIS,MLS,0.0,5,shots,shots,ST. LOUIS,ST. LOUIS,3,bottom,Miguel Perez,MLS,elite,2,2,1,1,0.0,0.0,0.0,0.0,,,0.0,0.0,0.0,0.0,False,False,Miguel Perez,,,,,,,,,,,True,False
Jeong Sang-Bin,jeong sang-bin,ST. LOUIS,MLS,1.4,5,shots,shots,ST. LOUIS,ST. LOUIS,1,top,Jeong Sang-Bin,MLS,elite,2,2,1,1,0.5,0.20833333333333337,-0.33333333333333326,0.75,,,1.0,0.0,1.0833333333333333,1.0833333333333333,False,False,Jeong Sang-Bin,,,,,,,,,,,True,False
Simon Becher,simon becher,ST. LOUIS,MLS,1.4,5,shots,shots,ST. LOUIS,ST. LOUIS,2,top,Simon Becher,MLS,elite,2,2,1,1,0.5,-0.04166666666666663,1.6666666666666667,-1.75,,,0.0,1.0,-3.416666666666667,-3.416666666666667,False,False,Simon Becher,,,,,,,,,,,True,False
Dante Polvara,dante polvara,ST. LOUIS,MLS,1.2,5,shots,shots,ST. LOUIS,ST. LOUIS,3,top,Dante Polvara,MLS,elite,2,2,1,1,0.0,-0.29166666666666663,-0.33333333333333326,-0.25,,,0.0,0.0,0.08333333333333326,0.08333333333333326,False,False,Dante Polvara,,,,,,,,,,,True,False
Alexandru Matan,alexandru matan,ST. LOUIS,MLS,0.0,5,shots_on_target,shots_on_target,ST. LOUIS,ST. LOUIS,1,bottom,Alexandru Matan,MLS,elite,2,2,1,1,0.0,0.0,0.0,0.0,,,0.0,0.0,0.0,0.0,False,False,Alexandru Matan,,,,,,,,,,,True,False
Benjamin Lundt,benjamin lundt,ST. LOUIS,MLS,0.0,5,shots_on_target,shots_on_target,ST. LOUIS,ST. LOUIS,2,bottom,Benjamin Lundt,MLS,elite,2,2,1,1,0.0,0.0,0.0,0.0,,,0.0,0.0,0.0,0.0,False,False,Benjamin Lundt,,,,,,,,,,,True,False
Lukas MacNaughton,lukas macnaughton,ST. LOUIS,MLS,0.0,5,shots_on_target,shots_on_target,ST. LOUIS,ST. LOUIS,3,bottom,Lukas MacNaughton,MLS,elite,2,2,1,1,0.0,0.0,0.0,0.0,,,0.0,0.0,0.0,0.0,False,False,Lukas MacNaughton,,,,,,,,,,,True,False
Simon Becher,simon becher,ST. LOUIS,MLS,1.4,5,shots_on_target,shots_on_target,ST. LOUIS,ST. LOUIS,1,top,Simon Becher,MLS,elite,2,2,1,1,0.5,-0.04166666666666663,1.6666666666666667,-1.75,,,0.0,1.0,-3.416666666666667,-3.416666666666667,False,False,Simon Becher,,,,,,,,,,,True,False
Carlo Holse,carlo holse,ST. LOUIS,MLS,0.4,5,shots_on_target,shots_on_target,ST. LOUIS,ST. LOUIS,2,top,Carlo Holse,MLS,elite,2,2,1,1,0.0,-0.5833333333333333,-0.6666666666666666,-0.5,,,0.0,0.0,0.16666666666666663,0.16666666666666663,False,False,Carlo Holse,,,,,,,,,,,True,False
Dante Polvara,dante polvara,ST. LOUIS,MLS,0.4,5,shots_on_target,shots_on_target,ST. LOUIS,ST. LOUIS,3,top,Dante Polvara,MLS,elite,2,2,1,1,0.0,-0.5833333333333333,-0.6666666666666666,-0.5,,,0.0,0.0,0.16666666666666663,0.16666666666666663,False,False,Dante Polvara,,,,,,,,,,,True,False
Bae Jun-Ho,bae jun-ho,STOKE CITY,Championship,0.0,6,assists,assists,STOKE CITY,STOKE CITY,1,bottom,Bae Jun-Ho,Championship,unknown,4,4,1,1,0.0,-0.18988095238095237,-0.16666666666666666,-0.2,,,0.0,0.0,-0.033333333333333354,-0.033333333333333354,False,False,Bae Jun-Ho,,,,,,,,,,,True,False
Ben Johnson,ben johnson,STOKE CITY,Championship,0.0,5,assists,assists,STOKE CITY,STOKE CITY,2,bottom,Ben Johnson,Championship,elite,3,3,1,1,0.0,0.0,0.0,0.0,,,0.0,0.0,0.0,0.0,False,False,Ben Johnson,,,,,,,,,,,True,False
Ben Pearson,ben pearson,STOKE CITY,Championship,0.0,6,assists,assists,STOKE CITY,STOKE CITY,3,bottom,Ben Pearson,Championship,unknown,4,4,1,1,0.0,0.0,0.0,0.0,,,0.0,0.0,0.0,0.0,False,False,Ben Pearson,,,,,,,,,,,True,False
Eric Bocat,eric bocat,STOKE CITY,Championship,0.3333333333333333,6,assists,assists,STOKE CITY,STOKE CITY,1,top,Eric Bocat,Championship,unknown,4,4,1,1,0.25,0.4166666666666667,2.0,0.0,,,0.0,1.0,-2.0,-2.0,False,False,Eric Bocat,,,,,,,,,,,True,False
Sam Gallagher,sam gallagher,STOKE CITY,Championship,0.2,5,assists,assists,STOKE CITY,STOKE CITY,2,top,Sam Gallagher,Championship,elite,3,3,1,1,0.0,-0.20555555555555557,-0.16666666666666666,-0.2,,,0.0,0.0,-0.033333333333333354,-0.033333333333333354,False,False,Sam Gallagher,,,,,,,,,,,True,False
Róbert Bozeník,robert bozenik,STOKE CITY,Championship,0.16666666666666666,6,assists,assists,STOKE CITY,STOKE CITY,3,top,Róbert Bozeník,Championship,unknown,4,4,1,1,0.25,0.25,0.0,0.0,,,0.0,0.0,0.0,0.0,False,False,Róbert Bozeník,,,,,,,,,,,True,False
Bae Jun-Ho,bae jun-ho,STOKE CITY,Championship,0.0,6,goals,goals,STOKE CITY,STOKE CITY,1,bottom,Bae Jun-Ho,Championship,unknown,4,4,1,1,0.0,0.0,0.0,0.0,,,0.0,0.0,0.0,0.0,False,False,Bae Jun-Ho,,,,,,,,,,,True,False
Ben Pearson,ben pearson,STOKE CITY,Championship,0.0,6,goals,goals,STOKE CITY,STOKE CITY,2,bottom,Ben Pearson,Championship,unknown,4,4,1,1,0.0,0.0,0.0,0.0,,,0.0,0.0,0.0,0.0,False,False,Ben Pearson,,,,,,,,,,,True,False
Ben Wilmot,ben wilmot,STOKE CITY,Championship,0.0,6,goals,goals,STOKE CITY,STOKE CITY,3,bottom,Ben Wilmot,Championship,unknown,4,4,1,1,0.0,0.0,0.0,0.0,,,0.0,0.0,0.0,0.0,False,False,Ben Wilmot,,,,,,,,,,,True,False
Ethan Galbraith,ethan galbraith,STOKE CITY,Championship,0.5,6,goals,goals,STOKE CITY,STOKE CITY,1,top,Ethan Galbraith,Championship,unknown,4,4,1,1,0.5,0.19702380952380955,0.6666666666666667,0.8,,,1.0,1.0,0.1333333333333333,0.1333333333333333,False,False,Ethan Galbraith,,,,,,,,,,,True,False
Ben Johnson,ben johnson,STOKE CITY,Championship,0.2,5,goals,goals,STOKE CITY,STOKE CITY,2,top,Ben Johnson,Championship,elite,3,3,1,1,0.3333333333333333,0.3333333333333333,0.0,0.0,,,0.0,0.0,0.0,0.0,False,False,Ben Johnson,,,,,,,,,,,True,False
George Hirst,george hirst,STOKE CITY,Championship,0.2,5,goals,goals,STOKE CITY,STOKE CITY,3,top,George Hirst,Championship,elite,3,3,1,1,0.3333333333333333,0.26666666666666666,1.0,0.0,,,0.0,1.0,-1.0,-1.0,False,False,George Hirst,,,,,,,,,,,True,False
Joshua Griffiths,joshua griffiths,STOKE CITY,Championship,0.0,6,saves,saves,STOKE CITY,STOKE CITY,1,bottom,Joshua Griffiths,Championship,unknown,4,4,1,1,0.0,-0.949404761904762,-0.8333333333333334,-1.0,,,0.0,0.0,-0.16666666666666663,-0.16666666666666663,False,False,Joshua Griffiths,,,,,,,,,,,True,False
Viktor Johansson,viktor johansson,STOKE CITY,Championship,3.5,6,saves,saves,STOKE CITY,STOKE CITY,2,bottom,Viktor Johansson,Championship,unknown,4,4,1,1,0.75,1.6375,-0.20000000000000018,2.25,,,1.0,0.0,2.45,2.45,False,False,Viktor Johansson,,,,,,,,,,,True,False
Viktor Johansson,viktor johansson,STOKE CITY,Championship,3.5,6,saves,saves,STOKE CITY,STOKE CITY,1,top,Viktor Johansson,Championship,unknown,4,4,1,1,0.75,1.6375,-0.20000000000000018,2.25,,,1.0,0.0,2.45,2.45,False,False,Viktor Johansson,,,,,,,,,,,True,False
Joshua Griffiths,joshua griffiths,STOKE CITY,Championship,0.0,6,saves,saves,STOKE CITY,STOKE CITY,2,top,Joshua Griffiths,Championship,unknown,4,4,1,1,0.0,-0.949404761904762,-0.8333333333333334,-1.0,,,0.0,0.0,-0.16666666666666663,-0.16666666666666663,False,False,Joshua Griffiths,,,,,,,,,,,True,False
Ben Pearson,ben pearson,STOKE CITY,Championship,0.0,6,shots,shots,STOKE CITY,STOKE CITY,1,bottom,Ben Pearson,Championship,unknown,4,4,1,1,0.0,0.0,0.0,0.0,,,0.0,0.0,0.0,0.0,False,False,Ben Pearson,,,,,,,,,,,True,False
Joshua Griffiths,joshua griffiths,STOKE CITY,Championship,0.0,6,shots,shots,STOKE CITY,STOKE CITY,2,bottom,Joshua Griffiths,Championship,unknown,4,4,1,1,0.0,0.0,0.0,0.0,,,0.0,0.0,0.0,0.0,False,False,Joshua Griffiths,,,,,,,,,,,True,False
Luke Graham,luke graham,STOKE CITY,Championship,0.0,6,shots,shots,STOKE CITY,STOKE CITY,3,bottom,Luke Graham,Championship,unknown,4,4,1,1,0.0,-0.18988095238095237,-0.16666666666666666,-0.2,,,0.0,0.0,-0.033333333333333354,-0.033333333333333354,False,False,Luke Graham,,,,,,,,,,,True,False
George Hirst,george hirst,STOKE CITY,Championship,1.4,5,shots,shots,STOKE CITY,STOKE CITY,1,top,George Hirst,Championship,elite,3,3,1,1,0.6666666666666666,0.15555555555555559,1.0,-1.3333333333333333,,,0.0,1.0,-2.333333333333333,-2.333333333333333,False,False,George Hirst,,,,,,,,,,,True,False
Sam Gallagher,sam gallagher,STOKE CITY,Championship,1.2,5,shots,shots,STOKE CITY,STOKE CITY,2,top,Sam Gallagher,Championship,elite,3,3,1,1,0.3333333333333333,0.3,-1.5,-0.6000000000000001,,,0.0,0.0,0.8999999999999999,0.8999999999999999,False,False,Sam Gallagher,,,,,,,,,,,True,False
Eric Bocat,eric bocat,STOKE CITY,Championship,1.1666666666666667,6,shots,shots,STOKE CITY,STOKE CITY,3,top,Eric Bocat,Championship,unknown,4,4,1,1,0.0,0.0,0.0,0.0,,,0.0,0.0,0.0,0.0,False,False,Eric Bocat,,,,,,,,,,,True,False
Bae Jun-Ho,bae jun-ho,STOKE CITY,Championship,0.0,6,shots_on_target,shots_on_target,STOKE CITY,STOKE CITY,1,bottom,Bae Jun-Ho,Championship,unknown,4,4,1,1,0.0,0.0,0.0,0.0,,,0.0,0.0,0.0,0.0,False,False,Bae Jun-Ho,,,,,,,,,,,True,False
Ben Pearson,ben pearson,STOKE CITY,Championship,0.0,6,shots_on_target,shots_on_target,STOKE CITY,STOKE CITY,2,bottom,Ben Pearson,Championship,unknown,4,4,1,1,0.0,0.0,0.0,0.0,,,0.0,0.0,0.0,0.0,False,False,Ben Pearson,,,,,,,,,,,True,False
Ben Wilmot,ben wilmot,STOKE CITY,Championship,0.0,6,shots_on_target,shots_on_target,STOKE CITY,STOKE CITY,3,bottom,Ben Wilmot,Championship,unknown,4,4,1,1,0.0,0.0,0.0,0.0,,,0.0,0.0,0.0,0.0,False,False,Ben Wilmot,,,,,,,,,,,True,False
Ethan Galbraith,ethan galbraith,STOKE CITY,Championship,0.6666666666666666,6,shots_on_target,shots_on_target,STOKE CITY,STOKE CITY,1,top,Ethan Galbraith,Championship,unknown,4,4,1,1,0.5,0.41130952380952385,1.6666666666666667,0.8,,,1.0,1.0,-0.8666666666666667,-0.8666666666666667,False,False,Ethan Galbraith,,,,,,,,,,,True,False
George Hirst,george hirst,STOKE CITY,Championship,0.6,5,shots_on_target,shots_on_target,STOKE CITY,STOKE CITY,2,top,George Hirst,Championship,elite,3,3,1,1,0.6666666666666666,0.6722222222222222,0.75,-0.3333333333333333,,,0.0,1.0,-1.0833333333333333,-1.0833333333333333,False,False,George Hirst,,,,,,,,,,,True,False
Sam Gallagher,sam gallagher,STOKE CITY,Championship,0.6,5,shots_on_target,shots_on_target,STOKE CITY,STOKE CITY,3,top,Sam Gallagher,Championship,elite,3,3,1,1,0.3333333333333333,0.42777777777777776,-0.6666666666666666,-0.8,,,0.0,0.0,-0.13333333333333341,-0.13333333333333341,False,False,Sam Gallagher,,,,,,,,,,,True,False
Andrew Fisher,andrew fisher,SWANSEA,Championship,0.0,6,assists,assists,SWANSEA,SWANSEA,1,bottom,Andrew Fisher,Championship,elite,4,4,2,1,0.0,0.0,0.0,0.0,0.0,,0.0,0.0,0.0,0.0,False,False,Andrew Fisher,,,,,,,,,,,True,False
Elijah Just,elijah just,SWANSEA,Championship,0.0,6,assists,assists,SWANSEA,SWANSEA,2,bottom,Elijah Just,Championship,elite,4,4,2,1,0.0,0.0,0.0,0.0,0.0,,0.0,0.0,0.0,0.0,False,False,Elijah Just,,,,,,,,,,,True,False
Filip Lissah,filip lissah,SWANSEA,Championship,0.0,6,assists,assists,SWANSEA,SWANSEA,3,bottom,Filip Lissah,Championship,elite,4,4,2,1,0.0,0.0,0.0,0.0,0.0,,0.0,0.0,0.0,0.0,False,False,Filip Lissah,,,,,,,,,,,True,False
Eom Ji-Sung,eom ji-sung,SWANSEA,Championship,0.3333333333333333,6,assists,assists,SWANSEA,SWANSEA,1,top,Eom Ji-Sung,Championship,elite,4,4,2,1,0.5,0.2541666666666667,0.175,1.0,-0.3333333333333333,,1.0,0.5,0.825,0.825,False,False,Eom Ji-Sung,,,,,,,,,,,True,False
Adam Idah,adam idah,SWANSEA,Championship,0.16666666666666666,6,assists,assists,SWANSEA,SWANSEA,2,top,Adam Idah,Championship,elite,4,4,2,1,0.25,0.15833333333333335,0.4,0.0,-0.16666666666666666,,0.0,0.5,-0.4,-0.4,False,False,Adam Idah,,,,,,,,,,,True,False
Josh Tymon,josh tymon,SWANSEA,Championship,0.16666666666666666,6,assists,assists,SWANSEA,SWANSEA,3,top,Josh Tymon,Championship,elite,4,4,2,1,0.0,-0.23749999999999996,-0.225,-0.3333333333333333,-0.16666666666666666,,0.0,0.0,-0.10833333333333331,-0.10833333333333331,False,False,Josh Tymon,,,,,,,,,,,True,False
Andrew Fisher,andrew fisher,SWANSEA,Championship,0.0,6,goals,goals,SWANSEA,SWANSEA,1,bottom,Andrew Fisher,Championship,elite,4,4,2,1,0.0,0.0,0.0,0.0,0.0,,0.0,0.0,0.0,0.0,False,False,Andrew Fisher,,,,,,,,,,,True,False
Elijah Just,elijah just,SWANSEA,Championship,0.0,6,goals,goals,SWANSEA,SWANSEA,2,bottom,Elijah Just,Championship,elite,4,4,2,1,0.0,0.0,0.0,0.0,0.0,,0.0,0.0,0.0,0.0,False,False,Elijah Just,,,,,,,,,,,True,False
Filip Lissah,filip lissah,SWANSEA,Championship,0.0,6,goals,goals,SWANSEA,SWANSEA,3,bottom,Filip Lissah,Championship,elite,4,4,2,1,0.0,0.0,0.0,0.0,0.0,,0.0,0.0,0.0,0.0,False,False,Filip Lissah,,,,,,,,,,,True,False
Adam Idah,adam idah,SWANSEA,Championship,0.3333333333333333,6,goals,goals,SWANSEA,SWANSEA,1,top,Adam Idah,Championship,elite,4,4,2,1,0.25,-0.07916666666666666,0.175,-0.3333333333333333,-0.3333333333333333,,0.0,0.5,-0.5083333333333333,-0.5083333333333333,False,False,Adam Idah,,,,,,,,,,,True,False
Eom Ji-Sung,eom ji-sung,SWANSEA,Championship,0.3333333333333333,6,goals,goals,SWANSEA,SWANSEA,2,top,Eom Ji-Sung,Championship,elite,4,4,2,1,0.5,0.2541666666666667,0.175,1.0,-0.3333333333333333,,1.0,0.5,0.825,0.825,False,False,Eom Ji-Sung,,,,,,,,,,,True,False
Joseph Opoku,joseph opoku,SWANSEA,Championship,0.3333333333333333,6,goals,goals,SWANSEA,SWANSEA,3,top,Joseph Opoku,Championship,elite,4,4,2,1,0.25,-0.14166666666666666,-0.45,0.6666666666666667,-0.3333333333333333,,1.0,0.0,1.1166666666666667,1.1166666666666667,False,True,Joseph Opoku,,,,,,,,,,,True,False
Andrew Fisher,andrew fisher,SWANSEA,Championship,0.0,6,saves,saves,SWANSEA,SWANSEA,1,bottom,Andrew Fisher,Championship,elite,4,4,2,1,0.0,0.0,0.0,0.0,0.0,,0.0,0.0,0.0,0.0,False,False,Andrew Fisher,,,,,,,,,,,True,False
Lawrence Vigouroux,lawrence vigouroux,SWANSEA,Championship,1.3333333333333333,6,saves,saves,SWANSEA,SWANSEA,2,bottom,Lawrence Vigouroux,Championship,elite,4,4,2,1,0.25,0.22083333333333333,1.025,-1.0,-0.16666666666666674,,0.0,0.5,-2.025,-2.025,False,False,Lawrence Vigouroux,,,,,,,,,,,True,False
Lawrence Vigouroux,lawrence vigouroux,SWANSEA,Championship,1.3333333333333333,6,saves,saves,SWANSEA,SWANSEA,1,top,Lawrence Vigouroux,Championship,elite,4,4,2,1,0.25,0.22083333333333333,1.025,-1.0,-0.16666666666666674,,0.0,0.5,-2.025,-2.025,False,False,Lawrence Vigouroux,,,,,,,,,,,True,False
Andrew Fisher,andrew fisher,SWANSEA,Championship,0.0,6,saves,saves,SWANSEA,SWANSEA,2,top,Andrew Fisher,Championship,elite,4,4,2,1,0.0,0.0,0.0,0.0,0.0,,0.0,0.0,0.0,0.0,False,False,Andrew Fisher,,,,,,,,,,,True,False
Andrew Fisher,andrew fisher,SWANSEA,Championship,0.0,6,shots,shots,SWANSEA,SWANSEA,1,bottom,Andrew Fisher,Championship,elite,4,4,2,1,0.0,0.0,0.0,0.0,0.0,,0.0,0.0,0.0,0.0,False,False,Andrew Fisher,,,,,,,,,,,True,False
Filip Lissah,filip lissah,SWANSEA,Championship,0.0,6,shots,shots,SWANSEA,SWANSEA,2,bottom,Filip Lissah,Championship,elite,4,4,2,1,0.0,0.0,0.0,0.0,0.0,,0.0,0.0,0.0,0.0,False,False,Filip Lissah,,,,,,,,,,,True,False
Jay Fulton,jay fulton,SWANSEA,Championship,0.0,6,shots,shots,SWANSEA,SWANSEA,3,bottom,Jay Fulton,Championship,elite,4,4,2,1,0.0,-0.23749999999999996,-0.225,-0.3333333333333333,-0.16666666666666666,,0.0,0.0,-0.10833333333333331,-0.10833333333333331,False,False,Jay Fulton,,,,,,,,,,,True,False
Adam Idah,adam idah,SWANSEA,Championship,2.5,6,shots,shots,SWANSEA,SWANSEA,1,top,Adam Idah,Championship,elite,4,4,2,1,0.5,0.6041666666666666,0.875,2.333333333333333,-1.6666666666666665,,1.0,0.5,1.458333333333333,1.458333333333333,False,False,Adam Idah,,,,,,,,,,,True,False
Zan Vipotnik,zan vipotnik,SWANSEA,Championship,1.6666666666666667,6,shots,shots,SWANSEA,SWANSEA,2,top,Zan Vipotnik,Championship,elite,4,4,2,1,0.25,0.050000000000000044,-0.9,2.666666666666667,-0.6666666666666667,,1.0,0.0,3.566666666666667,3.566666666666667,False,True,Zan Vipotnik,,,,,,,,,,,True,False
Joseph Opoku,joseph opoku,SWANSEA,Championship,1.5,6,shots,shots,SWANSEA,SWANSEA,3,top,Joseph Opoku,Championship,elite,4,4,2,1,0.5,0.016666666666666663,-0.050000000000000044,0.6666666666666667,-0.5,,1.0,0.5,0.7166666666666668,0.7166666666666668,False,False,Joseph Opoku,,,,,,,,,,,True,False
Andrew Fisher,andrew fisher,SWANSEA,Championship,0.0,6,shots_on_target,shots_on_target,SWANSEA,SWANSEA,1,bottom,Andrew Fisher,Championship,elite,4,4,2,1,0.0,0.0,0.0,0.0,0.0,,0.0,0.0,0.0,0.0,False,False,Andrew Fisher,,,,,,,,,,,True,False
Filip Lissah,filip lissah,SWANSEA,Championship,0.0,6,shots_on_target,shots_on_target,SWANSEA,SWANSEA,2,bottom,Filip Lissah,Championship,elite,4,4,2,1,0.0,0.0,0.0,0.0,0.0,,0.0,0.0,0.0,0.0,False,False,Filip Lissah,,,,,,,,,,,True,False
Jay Fulton,jay fulton,SWANSEA,Championship,0.0,6,shots_on_target,shots_on_target,SWANSEA,SWANSEA,3,bottom,Jay Fulton,Championship,elite,4,4,2,1,0.0,-0.23749999999999996,-0.225,-0.3333333333333333,-0.16666666666666666,,0.0,0.0,-0.10833333333333331,-0.10833333333333331,False,False,Jay Fulton,,,,,,,,,,,True,False
Zan Vipotnik,zan vipotnik,SWANSEA,Championship,1.0,6,shots_on_target,shots_on_target,SWANSEA,SWANSEA,1,top,Zan Vipotnik,Championship,elite,4,4,2,1,0.75,0.5083333333333333,-0.4,2.6666666666666665,0.16666666666666663,,1.0,0.5,3.0666666666666664,3.0666666666666664,False,True,Zan Vipotnik,,,,,,,,,,,True,False
Joseph Opoku,joseph opoku,SWANSEA,Championship,0.8333333333333334,6,shots_on_target,shots_on_target,SWANSEA,SWANSEA,2,top,Joseph Opoku,Championship,elite,4,4,2,1,0.75,0.3833333333333334,0.85,0.6666666666666667,-0.8333333333333334,,1.0,1.0,-0.18333333333333324,-0.18333333333333324,False,False,Joseph Opoku,,,,,,,,,,,True,False
Adam Idah,adam idah,SWANSEA,Championship,0.6666666666666666,6,shots_on_target,shots_on_target,SWANSEA,SWANSEA,3,top,Adam Idah,Championship,elite,4,4,2,1,0.5,-0.06249999999999997,0.125,0.33333333333333337,-0.8333333333333334,,1.0,0.5,0.20833333333333337,0.20833333333333337,False,False,Adam Idah,,,,,,,,,,,True,False
Abdulrahman Hendi,abdulrahman hendi,TAA,ksa.1,0.0,5,assists,assists,TAA,TAA,1,bottom,Abdulrahman Hendi,ksa.1,unknown,2,2,0,0,0.0,0.0,,,,,,,,,False,False,Abdulrahman Hendi,,,,,,,,,,,True,False
Al Mufarrij,al mufarrij,TAA,ksa.1,0.0,5,assists,assists,TAA,TAA,2,bottom,Al Mufarrij,ksa.1,unknown,2,2,0,0,0.0,0.0,,,,,,,,,False,False,Al Mufarrij,,,,,,,,,,,True,False
Aschraf El Mahdioui,aschraf el mahdioui,TAA,ksa.1,0.0,5,assists,assists,TAA,TAA,3,bottom,Aschraf El Mahdioui,ksa.1,unknown,2,2,0,0,0.0,0.0,,,,,,,,,False,False,Aschraf El Mahdioui,,,,,,,,,,,True,False
Marin Petkov,marin petkov,TAA,ksa.1,0.2,5,assists,assists,TAA,TAA,1,top,Marin Petkov,ksa.1,unknown,2,2,0,0,0.0,-0.29166666666666663,,,,,,,,,False,False,Marin Petkov,,,,,,,,,,,True,False
Abdulrahman Hendi,abdulrahman hendi,TAA,ksa.1,0.0,5,assists,assists,TAA,TAA,2,top,Abdulrahman Hendi,ksa.1,unknown,2,2,0,0,0.0,0.0,,,,,,,,,False,False,Abdulrahman Hendi,,,,,,,,,,,True,False
Al Mufarrij,al mufarrij,TAA,ksa.1,0.0,5,assists,assists,TAA,TAA,3,top,Al Mufarrij,ksa.1,unknown,2,2,0,0,0.0,0.0,,,,,,,,,False,False,Al Mufarrij,,,,,,,,,,,True,False
Abdulrahman Hendi,abdulrahman hendi,TAA,ksa.1,0.0,5,goals,goals,TAA,TAA,1,bottom,Abdulrahman Hendi,ksa.1,unknown,2,2,0,0,0.0,0.0,,,,,,,,,False,False,Abdulrahman Hendi,,,,,,,,,,,True,False
Al Mufarrij,al mufarrij,TAA,ksa.1,0.0,5,goals,goals,TAA,TAA,2,bottom,Al Mufarrij,ksa.1,unknown,2,2,0,0,0.0,0.0,,,,,,,,,False,False,Al Mufarrij,,,,,,,,,,,True,False
Aschraf El Mahdioui,aschraf el mahdioui,TAA,ksa.1,0.0,5,goals,goals,TAA,TAA,3,bottom,Aschraf El Mahdioui,ksa.1,unknown,2,2,0,0,0.0,0.0,,,,,,,,,False,False,Aschraf El Mahdioui,,,,,,,,,,,True,False
Abdulrahman Hendi,abdulrahman hendi,TAA,ksa.1,0.0,5,goals,goals,TAA,TAA,1,top,Abdulrahman Hendi,ksa.1,unknown,2,2,0,0,0.0,0.0,,,,,,,,,False,False,Abdulrahman Hendi,,,,,,,,,,,True,False
Al Mufarrij,al mufarrij,TAA,ksa.1,0.0,5,goals,goals,TAA,TAA,2,top,Al Mufarrij,ksa.1,unknown,2,2,0,0,0.0,0.0,,,,,,,,,False,False,Al Mufarrij,,,,,,,,,,,True,False
Aschraf El Mahdioui,aschraf el mahdioui,TAA,ksa.1,0.0,5,goals,goals,TAA,TAA,3,top,Aschraf El Mahdioui,ksa.1,unknown,2,2,0,0,0.0,0.0,,,,,,,,,False,False,Aschraf El Mahdioui,,,,,,,,,,,True,False
Mailson,mailson,TAA,ksa.1,3.4,5,saves,saves,TAA,TAA,1,bottom,Mailson,ksa.1,unknown,2,2,0,0,0.0,-0.5833333333333333,,,,,,,,,False,False,Mailson,,,,,,,,,,,True,False
Mailson,mailson,TAA,ksa.1,3.4,5,saves,saves,TAA,TAA,1,top,Mailson,ksa.1,unknown,2,2,0,0,0.0,-0.5833333333333333,,,,,,,,,False,False,Mailson,,,,,,,,,,,True,False
Abdulrahman Hendi,abdulrahman hendi,TAA,ksa.1,0.0,5,shots,shots,TAA,TAA,1,bottom,Abdulrahman Hendi,ksa.1,unknown,2,2,0,0,0.0,0.0,,,,,,,,,False,False,Abdulrahman Hendi,,,,,,,,,,,True,False
Bassem Al-Arini,bassem al-arini,TAA,ksa.1,0.0,5,shots,shots,TAA,TAA,2,bottom,Bassem Al-Arini,ksa.1,unknown,2,2,0,0,0.0,0.0,,,,,,,,,False,False,Bassem Al-Arini,,,,,,,,,,,True,False
Mailson,mailson,TAA,ksa.1,0.0,5,shots,shots,TAA,TAA,3,bottom,Mailson,ksa.1,unknown,2,2,0,0,0.0,0.0,,,,,,,,,False,False,Mailson,,,,,,,,,,,True,False
Aschraf El Mahdioui,aschraf el mahdioui,TAA,ksa.1,1.8,5,shots,shots,TAA,TAA,1,top,Aschraf El Mahdioui,ksa.1,unknown,2,2,0,0,1.0,2.666666666666667,,,,,,,,,False,False,Aschraf El Mahdioui,,,,,,,,,,,True,False
Marin Petkov,marin petkov,TAA,ksa.1,1.6,5,shots,shots,TAA,TAA,2,top,Marin Petkov,ksa.1,unknown,2,2,0,0,1.0,1.375,,,,,,,,,False,False,Marin Petkov,,,,,,,,,,,True,False
Mohammed Al Kuwaykibi,mohammed al kuwaykibi,TAA,ksa.1,1.6,5,shots,shots,TAA,TAA,3,top,Mohammed Al Kuwaykibi,ksa.1,unknown,2,2,0,0,0.5,-0.08333333333333337,,,,,,,,,False,False,Mohammed Al Kuwaykibi,,,,,,,,,,,True,False
Abdulrahman Hendi,abdulrahman hendi,TAA,ksa.1,0.0,5,shots_on_target,shots_on_target,TAA,TAA,1,bottom,Abdulrahman Hendi,ksa.1,unknown,2,2,0,0,0.0,0.0,,,,,,,,,False,False,Abdulrahman Hendi,,,,,,,,,,,True,False
Al Mufarrij,al mufarrij,TAA,ksa.1,0.0,5,shots_on_target,shots_on_target,TAA,TAA,2,bottom,Al Mufarrij,ksa.1,unknown,2,2,0,0,0.0,0.0,,,,,,,,,False,False,Al Mufarrij,,,,,,,,,,,True,False
Bassem Al-Arini,bassem al-arini,TAA,ksa.1,0.0,5,shots_on_target,shots_on_target,TAA,TAA,3,bottom,Bassem Al-Arini,ksa.1,unknown,2,2,0,0,0.0,0.0,,,,,,,,,False,False,Bassem Al-Arini,,,,,,,,,,,True,False
Aschraf El Mahdioui,aschraf el mahdioui,TAA,ksa.1,0.4,5,shots_on_target,shots_on_target,TAA,TAA,1,top,Aschraf El Mahdioui,ksa.1,unknown,2,2,0,0,0.5,0.20833333333333334,,,,,,,,,False,False,Aschraf El Mahdioui,,,,,,,,,,,True,False
Marin Petkov,marin petkov,TAA,ksa.1,0.4,5,shots_on_target,shots_on_target,TAA,TAA,2,top,Marin Petkov,ksa.1,unknown,2,2,0,0,0.5,0.20833333333333334,,,,,,,,,False,False,Marin Petkov,,,,,,,,,,,True,False
Saif Rashad Mohamed,saif rashad mohamed,TAA,ksa.1,0.4,5,shots_on_target,shots_on_target,TAA,TAA,3,top,Saif Rashad Mohamed,ksa.1,unknown,2,2,0,0,0.5,1.0,,,,,,,,,False,False,Saif Rashad Mohamed,,,,,,,,,,,True,False
Alonso Coello,alonso coello,TORONTO,MLS,0.0,5,assists,assists,TORONTO,TORONTO,1,bottom,Alonso Coello,MLS,elite,2,2,2,0,0.0,0.0,0.0,,,,,0.0,,,False,False,Alonso Coello,,,,,,,,,,,True,False
Benjamín Kuscevic,benjamin kuscevic,TORONTO,MLS,0.0,5,assists,assists,TORONTO,TORONTO,2,bottom,Benjamín Kuscevic,MLS,elite,2,2,2,0,0.0,0.0,0.0,,,,,0.0,,,False,False,Benjamín Kuscevic,,,,,,,,,,,True,False
Emilio Aristizábal,emilio aristizabal,TORONTO,MLS,0.0,5,assists,assists,TORONTO,TORONTO,3,bottom,Emilio Aristizábal,MLS,elite,2,2,2,0,0.0,0.0,0.0,,,,,0.0,,,False,False,Emilio Aristizábal,,,,,,,,,,,True,False
Dániel Sallói,daniel salloi,TORONTO,MLS,0.6,5,assists,assists,TORONTO,TORONTO,1,top,Dániel Sallói,MLS,elite,2,2,2,0,1.0,0.5833333333333334,0.5833333333333334,,,,,1.0,,,False,False,Dániel Sallói,,,,,,,,,,,True,False
Theo Corbeanu,theo corbeanu,TORONTO,MLS,0.6,5,assists,assists,TORONTO,TORONTO,2,top,Theo Corbeanu,MLS,elite,2,2,2,0,0.5,-0.08333333333333331,-0.08333333333333331,,,,,0.5,,,False,False,Theo Corbeanu,,,,,,,,,,,True,False
Derrick Etienne Jr.,derrick etienne jr.,TORONTO,MLS,0.2,5,assists,assists,TORONTO,TORONTO,3,top,Derrick Etienne Jr.,MLS,elite,2,2,2,0,0.0,-0.29166666666666663,-0.29166666666666663,,,,,0.0,,,False,False,Derrick Etienne Jr.,,,,,,,,,,,True,False
Alonso Coello,alonso coello,TORONTO,MLS,0.0,5,goals,goals,TORONTO,TORONTO,1,bottom,Alonso Coello,MLS,elite,2,2,2,0,0.0,0.0,0.0,,,,,0.0,,,False,False,Alonso Coello,,,,,,,,,,,True,False
Benjamín Kuscevic,benjamin kuscevic,TORONTO,MLS,0.0,5,goals,goals,TORONTO,TORONTO,2,bottom,Benjamín Kuscevic,MLS,elite,2,2,2,0,0.0,0.0,0.0,,,,,0.0,,,False,False,Benjamín Kuscevic,,,,,,,,,,,True,False
Jackson Gilman,jackson gilman,TORONTO,MLS,0.0,5,goals,goals,TORONTO,TORONTO,3,bottom,Jackson Gilman,MLS,elite,2,2,2,0,0.0,0.0,0.0,,,,,0.0,,,False,False,Jackson Gilman,,,,,,,,,,,True,False
Josh Sargent,josh sargent,TORONTO,MLS,0.8,5,goals,goals,TORONTO,TORONTO,1,top,Josh Sargent,MLS,elite,2,2,2,0,0.5,0.8333333333333333,0.8333333333333333,,,,,0.5,,,False,False,Josh Sargent,,,,,,,,,,,True,False
Dániel Sallói,daniel salloi,TORONTO,MLS,0.6,5,goals,goals,TORONTO,TORONTO,2,top,Dániel Sallói,MLS,elite,2,2,2,0,0.5,-0.08333333333333331,-0.08333333333333331,,,,,0.5,,,False,False,Dániel Sallói,,,,,,,,,,,True,False
Derrick Etienne Jr.,derrick etienne jr.,TORONTO,MLS,0.4,5,goals,goals,TORONTO,TORONTO,3,top,Derrick Etienne Jr.,MLS,elite,2,2,2,0,0.5,0.08333333333333337,0.08333333333333337,,,,,0.5,,,False,False,Derrick Etienne Jr.,,,,,,,,,,,True,False
William Yarbrough,william yarbrough,TORONTO,MLS,0.0,5,saves,saves,TORONTO,TORONTO,1,bottom,William Yarbrough,MLS,elite,2,2,2,0,0.0,0.0,0.0,,,,,0.0,,,False,False,William Yarbrough,,,,,,,,,,,True,False
Luka Gavran,luka gavran,TORONTO,MLS,3.6,5,saves,saves,TORONTO,TORONTO,2,bottom,Luka Gavran,MLS,elite,2,2,2,0,0.5,0.7083333333333333,0.7083333333333333,,,,,0.5,,,False,False,Luka Gavran,,,,,,,,,,,True,False
Luka Gavran,luka gavran,TORONTO,MLS,3.6,5,saves,saves,TORONTO,TORONTO,1,top,Luka Gavran,MLS,elite,2,2,2,0,0.5,0.7083333333333333,0.7083333333333333,,,,,0.5,,,False,False,Luka Gavran,,,,,,,,,,,True,False
William Yarbrough,william yarbrough,TORONTO,MLS,0.0,5,saves,saves,TORONTO,TORONTO,2,top,William Yarbrough,MLS,elite,2,2,2,0,0.0,0.0,0.0,,,,,0.0,,,False,False,William Yarbrough,,,,,,,,,,,True,False
Kobe Franklin,kobe franklin,TORONTO,MLS,0.0,5,shots,shots,TORONTO,TORONTO,1,bottom,Kobe Franklin,MLS,elite,2,2,2,0,0.0,0.0,0.0,,,,,0.0,,,False,False,Kobe Franklin,,,,,,,,,,,True,False
Luka Gavran,luka gavran,TORONTO,MLS,0.0,5,shots,shots,TORONTO,TORONTO,2,bottom,Luka Gavran,MLS,elite,2,2,2,0,0.0,0.0,0.0,,,,,0.0,,,False,False,Luka Gavran,,,,,,,,,,,True,False
Raheem Edwards,raheem edwards,TORONTO,MLS,0.0,5,shots,shots,TORONTO,TORONTO,3,bottom,Raheem Edwards,MLS,elite,2,2,2,0,0.0,0.0,0.0,,,,,0.0,,,False,False,Raheem Edwards,,,,,,,,,,,True,False
Josh Sargent,josh sargent,TORONTO,MLS,3.0,5,shots,shots,TORONTO,TORONTO,1,top,Josh Sargent,MLS,elite,2,2,2,0,1.0,3.4583333333333335,3.4583333333333335,,,,,1.0,,,False,False,Josh Sargent,,,,,,,,,,,True,False
Dániel Sallói,daniel salloi,TORONTO,MLS,1.4,5,shots,shots,TORONTO,TORONTO,2,top,Dániel Sallói,MLS,elite,2,2,2,0,0.5,0.33333333333333337,0.33333333333333337,,,,,0.5,,,False,False,Dániel Sallói,,,,,,,,,,,True,False
Theo Corbeanu,theo corbeanu,TORONTO,MLS,1.2,5,shots,shots,TORONTO,TORONTO,3,top,Theo Corbeanu,MLS,elite,2,2,2,0,0.0,-1.0833333333333335,-1.0833333333333335,,,,,0.0,,,False,True,Theo Corbeanu,,,,,,,,,,,True,False
Jackson Gilman,jackson gilman,TORONTO,MLS,0.0,5,shots_on_target,shots_on_target,TORONTO,TORONTO,1,bottom,Jackson Gilman,MLS,elite,2,2,2,0,0.0,0.0,0.0,,,,,0.0,,,False,False,Jackson Gilman,,,,,,,,,,,True,False
Kobe Franklin,kobe franklin,TORONTO,MLS,0.0,5,shots_on_target,shots_on_target,TORONTO,TORONTO,2,bottom,Kobe Franklin,MLS,elite,2,2,2,0,0.0,0.0,0.0,,,,,0.0,,,False,False,Kobe Franklin,,,,,,,,,,,True,False
Luka Gavran,luka gavran,TORONTO,MLS,0.0,5,shots_on_target,shots_on_target,TORONTO,TORONTO,3,bottom,Luka Gavran,MLS,elite,2,2,2,0,0.0,0.0,0.0,,,,,0.0,,,False,False,Luka Gavran,,,,,,,,,,,True,False
Josh Sargent,josh sargent,TORONTO,MLS,1.6,5,shots_on_target,shots_on_target,TORONTO,TORONTO,1,top,Josh Sargent,MLS,elite,2,2,2,0,0.5,1.7916666666666665,1.7916666666666665,,,,,0.5,,,False,False,Josh Sargent,,,,,,,,,,,True,False
Alonso Coello,alonso coello,TORONTO,MLS,0.6,5,shots_on_target,shots_on_target,TORONTO,TORONTO,2,top,Alonso Coello,MLS,elite,2,2,2,0,0.5,-0.08333333333333331,-0.08333333333333331,,,,,0.5,,,False,False,Alonso Coello,,,,,,,,,,,True,False
Dániel Sallói,daniel salloi,TORONTO,MLS,0.6,5,shots_on_target,shots_on_target,TORONTO,TORONTO,3,top,Dániel Sallói,MLS,elite,2,2,2,0,0.5,-0.08333333333333331,-0.08333333333333331,,,,,0.5,,,False,False,Dániel Sallói,,,,,,,,,,,True,False
Alexis Vossah,alexis vossah,TOULOUSE,Ligue 1,0.0,6,assists,assists,TOULOUSE,TOULOUSE,1,bottom,Alexis Vossah,Ligue 1,elite,4,4,2,0,0.0,0.0,0.0,,0.0,,,0.0,,,False,False,Alexis Vossah,,,,,,,,,,,True,False
Christ Tapé,christ tape,TOULOUSE,Ligue 1,0.0,5,assists,assists,TOULOUSE,TOULOUSE,2,bottom,Christ Tapé,Ligue 1,elite,2,2,1,0,0.0,0.0,0.0,,0.0,,,0.0,,,False,False,Christ Tapé,,,,,,,,,,,True,False
Guillaume Restes,guillaume restes,TOULOUSE,Ligue 1,0.0,8,assists,assists,TOULOUSE,TOULOUSE,3,bottom,Guillaume Restes,Ligue 1,elite,5,5,3,0,0.0,0.0,0.0,,0.0,,,0.0,,,False,False,Guillaume Restes,,,,,,,,,,,True,False
Yann Gboho,yann gboho,TOULOUSE,Ligue 1,0.375,8,assists,assists,TOULOUSE,TOULOUSE,1,top,Yann Gboho,Ligue 1,elite,5,5,3,0,0.6,0.4195238095238095,0.18333333333333335,,0.7142857142857143,,,0.3333333333333333,,,False,False,Yann Gboho,,,,,,,,,,,True,False
Santiago Hidalgo,santiago hidalgo,TOULOUSE,Ligue 1,0.125,8,assists,assists,TOULOUSE,TOULOUSE,2,top,Santiago Hidalgo,Ligue 1,elite,6,6,4,0,0.16666666666666666,0.01924603174603175,0.10625000000000001,,-0.14285714285714285,-0.21028886966311006,,0.25,,,False,False,Santiago Hidalgo,,,,,,,,,,,True,False
Alexis Vossah,alexis vossah,TOULOUSE,Ligue 1,0.0,6,assists,assists,TOULOUSE,TOULOUSE,3,top,Alexis Vossah,Ligue 1,elite,4,4,2,0,0.0,0.0,0.0,,0.0,,,0.0,,,False,False,Alexis Vossah,,,,,,,,,,,True,False
Jacen Russell-Rowe,jacen russell-rowe,TOULOUSE,Ligue 1,0.6,5,goals,goals,TOULOUSE,TOULOUSE,1,bottom,Jacen Russell-Rowe,Ligue 1,elite,2,2,1,0,0.5,-0.20833333333333331,-0.75,,0.33333333333333337,,,0.0,,,False,False,Jacen Russell-Rowe,,,,,,,,,,,True,False
Jacen Russell-Rowe,jacen russell-rowe,TOULOUSE,Ligue 1,0.6,5,goals,goals,TOULOUSE,TOULOUSE,1,top,Jacen Russell-Rowe,Ligue 1,elite,2,2,1,0,0.5,-0.20833333333333331,-0.75,,0.33333333333333337,,,0.0,,,False,False,Jacen Russell-Rowe,,,,,,,,,,,True,False
Ilyas Azizi,ilyas azizi,TOULOUSE,Ligue 1,3.8333333333333335,6,passes,passes,TOULOUSE,TOULOUSE,1,bottom,Ilyas Azizi,Ligue 1,elite,4,4,2,1,0.5,0.9666666666666665,2.3499999999999996,3.3333333333333335,,,1.0,0.5,0.9833333333333338,0.9833333333333338,False,False,Ilyas Azizi,,,,,,,,,,,True,False
Julián Vignolo,julian vignolo,TOULOUSE,Ligue 1,4.2,5,passes,passes,TOULOUSE,TOULOUSE,2,bottom,Julián Vignolo,Ligue 1,elite,2,2,1,0,1.0,8.708333333333334,7.666666666666667,,,,,1.0,,,False,False,Julián Vignolo,,,,,,,,,,,True,False
Jacen Russell-Rowe,jacen russell-rowe,TOULOUSE,Ligue 1,11.2,5,passes,passes,TOULOUSE,TOULOUSE,3,bottom,Jacen Russell-Rowe,Ligue 1,elite,2,2,1,0,0.5,-1.541666666666667,-10.333333333333334,,,,,0.0,,,False,False,Jacen Russell-Rowe,,,,,,,,,,,True,False
Guillaume Restes,guillaume restes,TOULOUSE,Ligue 1,33.2,5,passes,passes,TOULOUSE,TOULOUSE,1,top,Guillaume Restes,Ligue 1,elite,2,2,1,0,1.0,10.75,18.0,,,,,1.0,,,False,False,Guillaume Restes,,,,,,,,,,,True,False
Yann Gboho,yann gboho,TOULOUSE,Ligue 1,23.666666666666668,6,passes,passes,TOULOUSE,TOULOUSE,2,top,Yann Gboho,Ligue 1,elite,3,3,2,0,1.0,6.966666666666666,7.25,,,,,1.0,,,False,False,Yann Gboho,,,,,,,,,,,True,False
Rafik Messali,rafik messali,TOULOUSE,Ligue 1,21.5,8,passes,passes,TOULOUSE,TOULOUSE,3,top,Rafik Messali,Ligue 1,unknown,6,6,1,0,0.3333333333333333,-1.9291666666666665,-5.0,,1.6500000000000004,,,0.0,,,False,False,Rafik Messali,,,,,,,,,,,True,False
Ilyas Azizi,ilyas azizi,TOULOUSE,Ligue 1,0.0,6,saves,saves,TOULOUSE,TOULOUSE,1,bottom,Ilyas Azizi,Ligue 1,elite,4,4,2,1,0.0,0.0,0.0,0.0,,,0.0,0.0,0.0,0.0,False,False,Ilyas Azizi,,,,,,,,,,,True,False
Jacen Russell-Rowe,jacen russell-rowe,TOULOUSE,Ligue 1,0.0,5,saves,saves,TOULOUSE,TOULOUSE,2,bottom,Jacen Russell-Rowe,Ligue 1,elite,2,2,1,0,0.0,0.0,0.0,,,,,0.0,,,False,False,Jacen Russell-Rowe,,,,,,,,,,,True,False
Julián Vignolo,julian vignolo,TOULOUSE,Ligue 1,0.0,5,saves,saves,TOULOUSE,TOULOUSE,3,bottom,Julián Vignolo,Ligue 1,elite,2,2,1,0,0.0,0.0,0.0,,,,,0.0,,,False,False,Julián Vignolo,,,,,,,,,,,True,False
Guillaume Restes,guillaume restes,TOULOUSE,Ligue 1,2.875,8,saves,saves,TOULOUSE,TOULOUSE,1,top,Guillaume Restes,Ligue 1,elite,5,5,3,0,0.6,0.5452380952380953,-0.9246031746031745,,2.5,,,0.3333333333333333,,,False,True,Guillaume Restes,,,,,,,,,,,True,False
Ilyas Azizi,ilyas azizi,TOULOUSE,Ligue 1,0.0,6,saves,saves,TOULOUSE,TOULOUSE,2,top,Ilyas Azizi,Ligue 1,elite,4,4,2,1,0.0,0.0,0.0,0.0,,,0.0,0.0,0.0,0.0,False,False,Ilyas Azizi,,,,,,,,,,,True,False
Jacen Russell-Rowe,jacen russell-rowe,TOULOUSE,Ligue 1,0.0,5,saves,saves,TOULOUSE,TOULOUSE,3,top,Jacen Russell-Rowe,Ligue 1,elite,2,2,1,0,0.0,0.0,0.0,,,,,0.0,,,False,False,Jacen Russell-Rowe,,,,,,,,,,,True,False
Guillaume Restes,guillaume restes,TOULOUSE,Ligue 1,0.0,8,shots,shots,TOULOUSE,TOULOUSE,1,bottom,Guillaume Restes,Ligue 1,elite,5,5,3,0,0.0,0.0,0.0,,0.0,,,0.0,,,False,False,Guillaume Restes,,,,,,,,,,,True,False
Mark McKenzie,mark mckenzie,TOULOUSE,Ligue 1,0.0,5,shots,shots,TOULOUSE,TOULOUSE,2,bottom,Mark McKenzie,Ligue 1,elite,2,2,1,0,0.0,0.0,0.0,,0.0,,,0.0,,,False,False,Mark McKenzie,,,,,,,,,,,True,False
Rafik Messali,rafik messali,TOULOUSE,Ligue 1,0.0,11,shots,shots,TOULOUSE,TOULOUSE,3,bottom,Rafik Messali,Ligue 1,elite,9,9,3,0,0.0,0.0,0.0,,0.0,,,0.0,,,False,False,Rafik Messali,,,,,,,,,,,True,False
Santiago Hidalgo,santiago hidalgo,TOULOUSE,Ligue 1,2.0,8,shots,shots,TOULOUSE,TOULOUSE,1,top,Santiago Hidalgo,Ligue 1,elite,6,6,4,0,0.6666666666666666,0.5446428571428572,1.8229166666666667,,-1.8571428571428572,-0.8712466073472047,,1.0,,,False,False,Santiago Hidalgo,,,,,,,,,,,True,False
Christ Tapé,christ tape,TOULOUSE,Ligue 1,1.8,5,shots,shots,TOULOUSE,TOULOUSE,2,top,Christ Tapé,Ligue 1,elite,2,2,1,0,0.0,-0.5,-1.0,,0.0,,,0.0,,,False,False,Christ Tapé,,,,,,,,,,,True,False
Yann Gboho,yann gboho,TOULOUSE,Ligue 1,1.625,8,shots,shots,TOULOUSE,TOULOUSE,3,top,Yann Gboho,Ligue 1,elite,5,5,3,0,0.2,-0.6947619047619048,0.18333333333333326,,-1.8571428571428572,,,0.3333333333333333,,,False,False,Yann Gboho,,,,,,,,,,,True,False
Alexis Vossah,alexis vossah,TOULOUSE,Ligue 1,0.0,6,shots_on_target,shots_on_target,TOULOUSE,TOULOUSE,1,bottom,Alexis Vossah,Ligue 1,elite,4,4,2,0,0.0,0.0,0.0,,0.0,,,0.0,,,False,False,Alexis Vossah,,,,,,,,,,,True,False
Guillaume Restes,guillaume restes,TOULOUSE,Ligue 1,0.0,8,shots_on_target,shots_on_target,TOULOUSE,TOULOUSE,2,bottom,Guillaume Restes,Ligue 1,elite,5,5,3,0,0.0,0.0,0.0,,0.0,,,0.0,,,False,False,Guillaume Restes,,,,,,,,,,,True,False
Mark McKenzie,mark mckenzie,TOULOUSE,Ligue 1,0.0,5,shots_on_target,shots_on_target,TOULOUSE,TOULOUSE,3,bottom,Mark McKenzie,Ligue 1,elite,2,2,1,0,0.0,0.0,0.0,,0.0,,,0.0,,,False,False,Mark McKenzie,,,,,,,,,,,True,False
Santiago Hidalgo,santiago hidalgo,TOULOUSE,Ligue 1,1.125,8,shots_on_target,shots_on_target,TOULOUSE,TOULOUSE,1,top,Santiago Hidalgo,Ligue 1,elite,6,6,4,0,0.3333333333333333,0.45436507936507936,1.1458333333333335,,-0.8571428571428571,-0.5582680922590483,,0.5,,,False,False,Santiago Hidalgo,,,,,,,,,,,True,False
Jacen Russell-Rowe,jacen russell-rowe,TOULOUSE,Ligue 1,1.0,8,shots_on_target,shots_on_target,TOULOUSE,TOULOUSE,2,top,Jacen Russell-Rowe,Ligue 1,elite,5,5,3,0,0.6,0.2538095238095238,0.17857142857142852,,0.33333333333333337,,,0.3333333333333333,,,False,False,Jacen Russell-Rowe,,,,,,,,,,,True,False
Christ Tapé,christ tape,TOULOUSE,Ligue 1,0.6,5,shots_on_target,shots_on_target,TOULOUSE,TOULOUSE,3,top,Christ Tapé,Ligue 1,elite,2,2,1,0,1.0,0.5833333333333334,0.5,,0.6666666666666667,,,1.0,,,False,False,Christ Tapé,,,,,,,,,,,True,False
Guillaume Restes,guillaume restes,TOULOUSE,Ligue 1,0.0,5,tackles,tackles,TOULOUSE,TOULOUSE,1,bottom,Guillaume Restes,Ligue 1,elite,2,2,1,0,0.0,0.0,0.0,,,,,0.0,,,False,False,Guillaume Restes,,,,,,,,,,,True,False
Ilyas Azizi,ilyas azizi,TOULOUSE,Ligue 1,0.16666666666666666,6,tackles,tackles,TOULOUSE,TOULOUSE,2,bottom,Ilyas Azizi,Ligue 1,elite,4,4,2,1,0.0,-0.475,-0.45,-0.6666666666666666,,,0.0,0.0,-0.21666666666666662,-0.21666666666666662,False,True,Ilyas Azizi,,,,,,,,,,,True,False
Jacen Russell-Rowe,jacen russell-rowe,TOULOUSE,Ligue 1,0.4,5,tackles,tackles,TOULOUSE,TOULOUSE,3,bottom,Jacen Russell-Rowe,Ligue 1,elite,2,2,1,0,0.5,0.20833333333333334,-0.3333333333333333,,,,,0.0,,,False,False,Jacen Russell-Rowe,,,,,,,,,,,True,False
Santiago Hidalgo,santiago hidalgo,TOULOUSE,Ligue 1,2.0,5,tackles,tackles,TOULOUSE,TOULOUSE,1,top,Santiago Hidalgo,Ligue 1,elite,3,3,2,0,0.0,-2.1611111111111114,-2.041666666666667,,,,,0.0,,,False,True,Santiago Hidalgo,,,,,,,,,,,True,False
Yann Gboho,yann gboho,TOULOUSE,Ligue 1,1.3333333333333333,6,tackles,tackles,TOULOUSE,TOULOUSE,2,top,Yann Gboho,Ligue 1,elite,3,3,2,0,0.3333333333333333,0.1333333333333333,1.0,,,,,0.5,,,False,False,Yann Gboho,,,,,,,,,,,True,False
Rafik Messali,rafik messali,TOULOUSE,Ligue 1,1.125,8,tackles,tackles,TOULOUSE,TOULOUSE,3,top,Rafik Messali,Ligue 1,unknown,6,6,1,0,0.16666666666666666,-0.041666666666666664,0.0,,0.0,,,0.0,,,False,False,Rafik Messali,,,,,,,,,,,True,False
Bruno Caicedo,bruno caicedo,VANCOUVER WHITECAPS,MLS,0.0,5,assists,assists,VANCOUVER WHITECAPS,VANCOUVER WHITECAPS,1,bottom,Bruno Caicedo,MLS,elite,2,2,1,0,0.0,0.0,0.0,,0.0,,,0.0,,,False,False,Bruno Caicedo,,,,,,,,,,,True,False
Cheick Sabaly,cheick sabaly,VANCOUVER WHITECAPS,MLS,0.0,5,assists,assists,VANCOUVER WHITECAPS,VANCOUVER WHITECAPS,2,bottom,Cheick Sabaly,MLS,elite,2,2,1,0,0.0,0.0,0.0,,0.0,,,0.0,,,False,False,Cheick Sabaly,,,,,,,,,,,True,False
Emmanuel Sabbi,emmanuel sabbi,VANCOUVER WHITECAPS,MLS,0.0,5,assists,assists,VANCOUVER WHITECAPS,VANCOUVER WHITECAPS,3,bottom,Emmanuel Sabbi,MLS,elite,2,2,1,0,0.0,0.0,0.0,,0.0,,,0.0,,,False,False,Emmanuel Sabbi,,,,,,,,,,,True,False
Thomas Müller,thomas muller,VANCOUVER WHITECAPS,MLS,0.6,5,assists,assists,VANCOUVER WHITECAPS,VANCOUVER WHITECAPS,1,top,Thomas Müller,MLS,elite,2,2,1,0,0.5,-0.08333333333333331,-0.6666666666666666,,0.5,,,0.0,,,False,False,Thomas Müller,,,,,,,,,,,True,False
Andrés Cubas,andres cubas,VANCOUVER WHITECAPS,MLS,0.2,5,assists,assists,VANCOUVER WHITECAPS,VANCOUVER WHITECAPS,2,top,Andrés Cubas,MLS,elite,2,2,1,0,0.0,-0.29166666666666663,-0.3333333333333333,,-0.25,,,0.0,,,False,False,Andrés Cubas,,,,,,,,,,,True,False
Oliver Larraz,oliver larraz,VANCOUVER WHITECAPS,MLS,0.2,5,assists,assists,VANCOUVER WHITECAPS,VANCOUVER WHITECAPS,3,top,Oliver Larraz,MLS,elite,2,2,1,0,0.0,-0.29166666666666663,-0.3333333333333333,,-0.25,,,0.0,,,False,False,Oliver Larraz,,,,,,,,,,,True,False
Andrés Cubas,andres cubas,VANCOUVER WHITECAPS,MLS,0.0,5,goals,goals,VANCOUVER WHITECAPS,VANCOUVER WHITECAPS,1,bottom,Andrés Cubas,MLS,elite,2,2,1,0,0.0,0.0,0.0,,0.0,,,0.0,,,False,False,Andrés Cubas,,,,,,,,,,,True,False
Cheick Sabaly,cheick sabaly,VANCOUVER WHITECAPS,MLS,0.0,5,goals,goals,VANCOUVER WHITECAPS,VANCOUVER WHITECAPS,2,bottom,Cheick Sabaly,MLS,elite,2,2,1,0,0.0,0.0,0.0,,0.0,,,0.0,,,False,False,Cheick Sabaly,,,,,,,,,,,True,False
Isaac Boehmer,isaac boehmer,VANCOUVER WHITECAPS,MLS,0.0,5,goals,goals,VANCOUVER WHITECAPS,VANCOUVER WHITECAPS,3,bottom,Isaac Boehmer,MLS,elite,2,2,1,0,0.0,0.0,0.0,,0.0,,,0.0,,,False,False,Isaac Boehmer,,,,,,,,,,,True,False
Bruno Caicedo,bruno caicedo,VANCOUVER WHITECAPS,MLS,0.4,5,goals,goals,VANCOUVER WHITECAPS,VANCOUVER WHITECAPS,1,top,Bruno Caicedo,MLS,elite,2,2,1,0,0.5,0.20833333333333334,-0.3333333333333333,,0.75,,,0.0,,,False,False,Bruno Caicedo,,,,,,,,,,,True,False
Emmanuel Sabbi,emmanuel sabbi,VANCOUVER WHITECAPS,MLS,0.4,5,goals,goals,VANCOUVER WHITECAPS,VANCOUVER WHITECAPS,2,top,Emmanuel Sabbi,MLS,elite,2,2,1,0,0.5,0.08333333333333337,0.6666666666666667,,-0.5,,,1.0,,,False,False,Emmanuel Sabbi,,,,,,,,,,,True,False
Rayan Elloumi,rayan elloumi,VANCOUVER WHITECAPS,MLS,0.2,5,goals,goals,VANCOUVER WHITECAPS,VANCOUVER WHITECAPS,3,top,Rayan Elloumi,MLS,elite,2,2,1,0,0.0,-0.29166666666666663,-0.3333333333333333,,-0.25,,,0.0,,,False,False,Rayan Elloumi,,,,,,,,,,,True,False
Isaac Boehmer,isaac boehmer,VANCOUVER WHITECAPS,MLS,0.0,5,saves,saves,VANCOUVER WHITECAPS,VANCOUVER WHITECAPS,1,bottom,Isaac Boehmer,MLS,elite,2,2,1,0,0.0,0.0,0.0,,0.0,,,0.0,,,False,False,Isaac Boehmer,,,,,,,,,,,True,False
Yohei Takaoka,yohei takaoka,VANCOUVER WHITECAPS,MLS,2.4,5,saves,saves,VANCOUVER WHITECAPS,VANCOUVER WHITECAPS,2,bottom,Yohei Takaoka,MLS,elite,2,2,1,0,1.0,2.4583333333333335,1.6666666666666667,,3.25,,,1.0,,,False,False,Yohei Takaoka,,,,,,,,,,,True,False
Yohei Takaoka,yohei takaoka,VANCOUVER WHITECAPS,MLS,2.4,5,saves,saves,VANCOUVER WHITECAPS,VANCOUVER WHITECAPS,1,top,Yohei Takaoka,MLS,elite,2,2,1,0,1.0,2.4583333333333335,1.6666666666666667,,3.25,,,1.0,,,False,False,Yohei Takaoka,,,,,,,,,,,True,False
Isaac Boehmer,isaac boehmer,VANCOUVER WHITECAPS,MLS,0.0,5,saves,saves,VANCOUVER WHITECAPS,VANCOUVER WHITECAPS,2,top,Isaac Boehmer,MLS,elite,2,2,1,0,0.0,0.0,0.0,,0.0,,,0.0,,,False,False,Isaac Boehmer,,,,,,,,,,,True,False
Isaac Boehmer,isaac boehmer,VANCOUVER WHITECAPS,MLS,0.0,5,shots,shots,VANCOUVER WHITECAPS,VANCOUVER WHITECAPS,1,bottom,Isaac Boehmer,MLS,elite,2,2,1,0,0.0,0.0,0.0,,0.0,,,0.0,,,False,False,Isaac Boehmer,,,,,,,,,,,True,False
Sam Adekugbe,sam adekugbe,VANCOUVER WHITECAPS,MLS,0.0,5,shots,shots,VANCOUVER WHITECAPS,VANCOUVER WHITECAPS,2,bottom,Sam Adekugbe,MLS,elite,2,2,1,0,0.0,0.0,0.0,,0.0,,,0.0,,,False,False,Sam Adekugbe,,,,,,,,,,,True,False
Tate Johnson,tate johnson,VANCOUVER WHITECAPS,MLS,0.0,5,shots,shots,VANCOUVER WHITECAPS,VANCOUVER WHITECAPS,3,bottom,Tate Johnson,MLS,elite,2,2,1,0,0.0,0.0,0.0,,0.0,,,0.0,,,False,False,Tate Johnson,,,,,,,,,,,True,False
Emmanuel Sabbi,emmanuel sabbi,VANCOUVER WHITECAPS,MLS,2.4,5,shots,shots,VANCOUVER WHITECAPS,VANCOUVER WHITECAPS,1,top,Emmanuel Sabbi,MLS,elite,2,2,1,0,1.0,2.5833333333333335,0.6666666666666667,,4.5,,,1.0,,,False,False,Emmanuel Sabbi,,,,,,,,,,,True,False
Ryan Gauld,ryan gauld,VANCOUVER WHITECAPS,MLS,2.4,5,shots,shots,VANCOUVER WHITECAPS,VANCOUVER WHITECAPS,2,top,Ryan Gauld,MLS,elite,2,2,1,0,1.0,1.7916666666666665,0.33333333333333326,,3.25,,,1.0,,,False,False,Ryan Gauld,,,,,,,,,,,True,False
Rayan Elloumi,rayan elloumi,VANCOUVER WHITECAPS,MLS,1.4,5,shots,shots,VANCOUVER WHITECAPS,VANCOUVER WHITECAPS,3,top,Rayan Elloumi,MLS,elite,2,2,1,0,0.5,-0.7083333333333334,0.33333333333333326,,-1.75,,,1.0,,,False,False,Rayan Elloumi,,,,,,,,,,,True,False
Andrés Cubas,andres cubas,VANCOUVER WHITECAPS,MLS,0.0,5,shots_on_target,shots_on_target,VANCOUVER WHITECAPS,VANCOUVER WHITECAPS,1,bottom,Andrés Cubas,MLS,elite,2,2,1,0,0.0,0.0,0.0,,0.0,,,0.0,,,False,False,Andrés Cubas,,,,,,,,,,,True,False
Isaac Boehmer,isaac boehmer,VANCOUVER WHITECAPS,MLS,0.0,5,shots_on_target,shots_on_target,VANCOUVER WHITECAPS,VANCOUVER WHITECAPS,2,bottom,Isaac Boehmer,MLS,elite,2,2,1,0,0.0,0.0,0.0,,0.0,,,0.0,,,False,False,Isaac Boehmer,,,,,,,,,,,True,False
Mathías Laborda,mathias laborda,VANCOUVER WHITECAPS,MLS,0.0,5,shots_on_target,shots_on_target,VANCOUVER WHITECAPS,VANCOUVER WHITECAPS,3,bottom,Mathías Laborda,MLS,elite,2,2,1,0,0.0,0.0,0.0,,0.0,,,0.0,,,False,False,Mathías Laborda,,,,,,,,,,,True,False
Emmanuel Sabbi,emmanuel sabbi,VANCOUVER WHITECAPS,MLS,1.2,5,shots_on_target,shots_on_target,VANCOUVER WHITECAPS,VANCOUVER WHITECAPS,1,top,Emmanuel Sabbi,MLS,elite,2,2,1,0,0.0,-0.29166666666666663,-0.33333333333333326,,-0.25,,,0.0,,,False,False,Emmanuel Sabbi,,,,,,,,,,,True,False
Ryan Gauld,ryan gauld,VANCOUVER WHITECAPS,MLS,1.0,5,shots_on_target,shots_on_target,VANCOUVER WHITECAPS,VANCOUVER WHITECAPS,2,top,Ryan Gauld,MLS,elite,2,2,1,0,0.5,1.7083333333333333,-0.3333333333333333,,3.75,,,0.0,,,False,False,Ryan Gauld,,,,,,,,,,,True,False
Bruno Caicedo,bruno caicedo,VANCOUVER WHITECAPS,MLS,0.8,5,shots_on_target,shots_on_target,VANCOUVER WHITECAPS,VANCOUVER WHITECAPS,3,top,Bruno Caicedo,MLS,elite,2,2,1,0,0.5,-0.375,-1.0,,0.25,,,0.0,,,False,False,Bruno Caicedo,,,,,,,,,,,True,False
Gerard Moreno,gerard moreno,VILLARREAL,LaLiga,0.0,5,assists,assists,VILLARREAL,VILLARREAL,1,bottom,Gerard Moreno,LaLiga,elite,7,7,3,1,0.0,0.0,0.0,0.0,,,0.0,0.0,0.0,0.0,False,False,Gerard Moreno,,,,,,,,,,,True,False
Juan Foyth,juan foyth,VILLARREAL,LaLiga,0.0,7,assists,assists,VILLARREAL,VILLARREAL,2,bottom,Juan Foyth,LaLiga,elite,8,8,5,0,0.0,0.0,0.0,,,,,0.0,,,False,False,Juan Foyth,,,,,,,,,,,True,False
Santi Comesaña,santi comesana,VILLARREAL,LaLiga,0.14285714285714285,7,assists,assists,VILLARREAL,VILLARREAL,3,bottom,Santi Comesaña,LaLiga,elite,9,9,4,1,0.0,-0.1688752605419272,-0.16765873015873012,-0.09090909090909091,,0.4936994633964891,0.0,0.0,0.0767496392496392,0.0767496392496392,False,False,Santi Comesaña,,,,,,,,,,,True,False
Santi Comesaña,santi comesana,VILLARREAL,LaLiga,0.14285714285714285,7,assists,assists,VILLARREAL,VILLARREAL,1,top,Santi Comesaña,LaLiga,elite,9,9,4,1,0.0,-0.1688752605419272,-0.16765873015873012,-0.09090909090909091,,0.4936994633964891,0.0,0.0,0.0767496392496392,0.0767496392496392,False,False,Santi Comesaña,,,,,,,,,,,True,False
Gerard Moreno,gerard moreno,VILLARREAL,LaLiga,0.0,5,assists,assists,VILLARREAL,VILLARREAL,2,top,Gerard Moreno,LaLiga,elite,7,7,3,1,0.0,0.0,0.0,0.0,,,0.0,0.0,0.0,0.0,False,False,Gerard Moreno,,,,,,,,,,,True,False
Juan Foyth,juan foyth,VILLARREAL,LaLiga,0.0,7,assists,assists,VILLARREAL,VILLARREAL,3,top,Juan Foyth,LaLiga,elite,8,8,5,0,0.0,0.0,0.0,,,,,0.0,,,False,False,Juan Foyth,,,,,,,,,,,True,False
Pau Navarro,pau navarro,VILLARREAL,LaLiga,8.4,5,passes,passes,VILLARREAL,VILLARREAL,1,bottom,Pau Navarro,LaLiga,elite,4,4,2,0,0.0,-16.945833333333333,-14.933333333333334,,,,,0.0,,,False,True,Pau Navarro,,,,,,,,,,,True,False
Georges Mikautadze,georges mikautadze,VILLARREAL,LaLiga,18.8,5,passes,passes,VILLARREAL,VILLARREAL,2,bottom,Georges Mikautadze,LaLiga,elite,4,4,2,0,0.75,5.95,6.233333333333334,,,,,0.5,,,False,False,Georges Mikautadze,,,,,,,,,,,True,False
Gerard Moreno,gerard moreno,VILLARREAL,LaLiga,25.0,5,passes,passes,VILLARREAL,VILLARREAL,3,bottom,Gerard Moreno,LaLiga,unknown,3,3,1,0,0.3333333333333333,-2.7944444444444443,-12.25,,,,,0.0,,,False,False,Gerard Moreno,,,,,,,,,,,True,False
Juan Foyth,juan foyth,VILLARREAL,LaLiga,49.714285714285715,7,passes,passes,VILLARREAL,VILLARREAL,1,top,Juan Foyth,LaLiga,elite,6,6,3,0,0.6666666666666666,15.428968253968256,0.719047619047617,,,,,0.3333333333333333,,,False,False,Juan Foyth,,,,,,,,,,,True,False
Santi Comesaña,santi comesana,VILLARREAL,LaLiga,39.42857142857143,7,passes,passes,VILLARREAL,VILLARREAL,2,top,Santi Comesaña,LaLiga,unknown,5,5,2,0,0.6,3.958571428571429,13.625,,,,,1.0,,,False,False,Santi Comesaña,,,,,,,,,,,True,False
Gerard Moreno,gerard moreno,VILLARREAL,LaLiga,25.0,5,passes,passes,VILLARREAL,VILLARREAL,3,top,Gerard Moreno,LaLiga,unknown,3,3,1,0,0.3333333333333333,-2.7944444444444443,-12.25,,,,,0.0,,,False,False,Gerard Moreno,,,,,,,,,,,True,False
Georges Mikautadze,georges mikautadze,VILLARREAL,LaLiga,0.0,5,saves,saves,VILLARREAL,VILLARREAL,1,bottom,Georges Mikautadze,LaLiga,elite,4,4,2,0,0.0,0.0,0.0,,,,,0.0,,,False,False,Georges Mikautadze,,,,,,,,,,,True,False
Gerard Moreno,gerard moreno,VILLARREAL,LaLiga,0.0,5,saves,saves,VILLARREAL,VILLARREAL,2,bottom,Gerard Moreno,LaLiga,unknown,3,3,1,0,0.0,0.0,0.0,,,,,0.0,,,False,False,Gerard Moreno,,,,,,,,,,,True,False
Juan Foyth,juan foyth,VILLARREAL,LaLiga,0.0,7,saves,saves,VILLARREAL,VILLARREAL,3,bottom,Juan Foyth,LaLiga,elite,6,6,3,0,0.0,0.0,0.0,,,,,0.0,,,False,False,Juan Foyth,,,,,,,,,,,True,False
Georges Mikautadze,georges mikautadze,VILLARREAL,LaLiga,0.0,5,saves,saves,VILLARREAL,VILLARREAL,1,top,Georges Mikautadze,LaLiga,elite,4,4,2,0,0.0,0.0,0.0,,,,,0.0,,,False,False,Georges Mikautadze,,,,,,,,,,,True,False
Gerard Moreno,gerard moreno,VILLARREAL,LaLiga,0.0,5,saves,saves,VILLARREAL,VILLARREAL,2,top,Gerard Moreno,LaLiga,unknown,3,3,1,0,0.0,0.0,0.0,,,,,0.0,,,False,False,Gerard Moreno,,,,,,,,,,,True,False
Juan Foyth,juan foyth,VILLARREAL,LaLiga,0.0,7,saves,saves,VILLARREAL,VILLARREAL,3,top,Juan Foyth,LaLiga,elite,6,6,3,0,0.0,0.0,0.0,,,,,0.0,,,False,False,Juan Foyth,,,,,,,,,,,True,False
Pau Navarro,pau navarro,VILLARREAL,LaLiga,0.0,5,shots,shots,VILLARREAL,VILLARREAL,1,bottom,Pau Navarro,LaLiga,elite,8,8,4,1,0.125,0.125,0.0,1.0,,0.997177527534851,1.0,0.0,1.0,1.0,False,False,Pau Navarro,,,,,,,,,,,True,False
Juan Foyth,juan foyth,VILLARREAL,LaLiga,0.5714285714285714,7,shots,shots,VILLARREAL,VILLARREAL,2,bottom,Juan Foyth,LaLiga,elite,8,8,5,0,0.25,0.95,0.72,,,-0.7905694150420949,,0.2,,,False,False,Juan Foyth,,,,,,,,,,,True,False
Santi Comesaña,santi comesana,VILLARREAL,LaLiga,0.5714285714285714,7,shots,shots,VILLARREAL,VILLARREAL,3,bottom,Santi Comesaña,LaLiga,elite,9,9,4,1,0.1111111111111111,-0.41624178290844965,-0.6706349206349205,0.6363636363636364,,0.9167556577806346,1.0,0.0,1.3069985569985567,1.3069985569985567,False,True,Santi Comesaña,,,,,,,,,,,True,False
Georges Mikautadze,georges mikautadze,VILLARREAL,LaLiga,2.6,5,shots,shots,VILLARREAL,VILLARREAL,1,top,Georges Mikautadze,LaLiga,elite,8,8,4,1,0.5,-0.5531250000000001,0.15208333333333324,-1.2000000000000002,,-0.297350277846154,0.0,0.75,-1.3520833333333333,-1.3520833333333333,False,False,Georges Mikautadze,,,,,,,,,,,True,False
Gerard Moreno,gerard moreno,VILLARREAL,LaLiga,1.2,5,shots,shots,VILLARREAL,VILLARREAL,2,top,Gerard Moreno,LaLiga,elite,7,7,3,1,0.2857142857142857,0.06235827664399093,0.5714285714285714,-1.4444444444444444,,,0.0,0.3333333333333333,-2.015873015873016,-2.015873015873016,False,False,Gerard Moreno,,,,,,,,,,,True,False
Juan Foyth,juan foyth,VILLARREAL,LaLiga,0.5714285714285714,7,shots,shots,VILLARREAL,VILLARREAL,3,top,Juan Foyth,LaLiga,elite,8,8,5,0,0.25,0.95,0.72,,,-0.7905694150420949,,0.2,,,False,False,Juan Foyth,,,,,,,,,,,True,False
Pau Navarro,pau navarro,VILLARREAL,LaLiga,0.0,5,shots_on_target,shots_on_target,VILLARREAL,VILLARREAL,1,bottom,Pau Navarro,LaLiga,elite,8,8,4,1,0.0,0.0,0.0,0.0,,,0.0,0.0,0.0,0.0,False,False,Pau Navarro,,,,,,,,,,,True,False
Santi Comesaña,santi comesana,VILLARREAL,LaLiga,0.0,7,shots_on_target,shots_on_target,VILLARREAL,VILLARREAL,2,bottom,Santi Comesaña,LaLiga,elite,9,9,4,1,0.1111111111111111,0.1111111111111111,0.0,1.0,,0.997177527534851,1.0,0.0,1.0,1.0,False,False,Santi Comesaña,,,,,,,,,,,True,False
Juan Foyth,juan foyth,VILLARREAL,LaLiga,0.14285714285714285,7,shots_on_target,shots_on_target,VILLARREAL,VILLARREAL,3,bottom,Juan Foyth,LaLiga,elite,8,8,5,0,0.25,0.2375,0.18,,,-0.7905694150420949,,0.2,,,False,False,Juan Foyth,,,,,,,,,,,True,False
Georges Mikautadze,georges mikautadze,VILLARREAL,LaLiga,1.4,5,shots_on_target,shots_on_target,VILLARREAL,VILLARREAL,1,top,Georges Mikautadze,LaLiga,elite,8,8,4,1,0.0,-1.183482142857143,-0.9770833333333333,-1.5,,-0.2740188346230483,0.0,0.0,-0.5229166666666667,-0.5229166666666667,False,True,Georges Mikautadze,,,,,,,,,,,True,False
Gerard Moreno,gerard moreno,VILLARREAL,LaLiga,0.6,5,shots_on_target,shots_on_target,VILLARREAL,VILLARREAL,2,top,Gerard Moreno,LaLiga,elite,7,7,3,1,0.5714285714285714,-0.08061224489795916,0.3952380952380952,-0.6666666666666666,,,0.0,1.0,-1.061904761904762,-1.061904761904762,False,False,Gerard Moreno,,,,,,,,,,,True,False
Juan Foyth,juan foyth,VILLARREAL,LaLiga,0.14285714285714285,7,shots_on_target,shots_on_target,VILLARREAL,VILLARREAL,3,top,Juan Foyth,LaLiga,elite,8,8,5,0,0.25,0.2375,0.18,,,-0.7905694150420949,,0.2,,,False,False,Juan Foyth,,,,,,,,,,,True,False
Georges Mikautadze,georges mikautadze,VILLARREAL,LaLiga,0.0,5,tackles,tackles,VILLARREAL,VILLARREAL,1,bottom,Georges Mikautadze,LaLiga,elite,4,4,2,0,0.0,-0.2375,-0.26666666666666666,,,,,0.0,,,False,False,Georges Mikautadze,,,,,,,,,,,True,False
Gerard Moreno,gerard moreno,VILLARREAL,LaLiga,0.4,5,tackles,tackles,VILLARREAL,VILLARREAL,2,bottom,Gerard Moreno,LaLiga,unknown,3,3,1,0,0.6666666666666666,0.5166666666666667,-0.25,,,,,0.0,,,False,False,Gerard Moreno,,,,,,,,,,,True,False
Pau Navarro,pau navarro,VILLARREAL,LaLiga,0.4,5,tackles,tackles,VILLARREAL,VILLARREAL,3,bottom,Pau Navarro,LaLiga,elite,4,4,2,0,0.0,-0.6166666666666667,-0.4,,,,,0.0,,,False,True,Pau Navarro,,,,,,,,,,,True,False
Juan Foyth,juan foyth,VILLARREAL,LaLiga,1.5714285714285714,7,tackles,tackles,VILLARREAL,VILLARREAL,1,top,Juan Foyth,LaLiga,elite,6,6,3,0,0.5,0.2617063492063493,-0.5738095238095238,,,,,0.3333333333333333,,,False,True,Juan Foyth,,,,,,,,,,,True,False
Santi Comesaña,santi comesana,VILLARREAL,LaLiga,1.1428571428571428,7,tackles,tackles,VILLARREAL,VILLARREAL,2,top,Santi Comesaña,LaLiga,unknown,5,5,2,0,0.8,0.8800000000000001,-0.33333333333333337,,,,,0.5,,,False,True,Santi Comesaña,,,,,,,,,,,True,False
Gerard Moreno,gerard moreno,VILLARREAL,LaLiga,0.4,5,tackles,tackles,VILLARREAL,VILLARREAL,3,top,Gerard Moreno,LaLiga,unknown,3,3,1,0,0.6666666666666666,0.5166666666666667,-0.25,,,,,0.0,,,False,False,Gerard Moreno,,,,,,,,,,,True,False
Albert Eames,albert eames,WATFORD,Championship,0.0,5,assists,assists,WATFORD,WATFORD,1,bottom,Albert Eames,Championship,elite,3,3,2,1,0.0,0.0,0.0,0.0,,,0.0,0.0,0.0,0.0,False,False,Albert Eames,,,,,,,,,,,True,False
Amin Nabizada,amin nabizada,WATFORD,Championship,0.0,8,assists,assists,WATFORD,WATFORD,2,bottom,Amin Nabizada,Championship,elite,8,8,4,2,0.125,-0.017469336219336218,-0.10555555555555556,-0.23376623376623376,,-0.39688348076126273,0.0,0.0,-0.12821067821067822,-0.12821067821067822,False,False,Amin Nabizada,,,,,,,,,,,True,False
Daniel Bachmann,daniel bachmann,WATFORD,Championship,0.0,5,assists,assists,WATFORD,WATFORD,3,bottom,Daniel Bachmann,Championship,elite,4,4,2,1,0.0,0.0,0.0,0.0,,,0.0,0.0,0.0,0.0,False,False,Daniel Bachmann,,,,,,,,,,,True,False
Iker Bravo,iker bravo,WATFORD,Championship,0.125,8,assists,assists,WATFORD,WATFORD,1,top,Iker Bravo,Championship,elite,7,7,4,2,0.14285714285714285,0.14285714285714285,0.0,0.5,,0.755969761814279,0.5,0.0,0.5,0.5,False,False,Iker Bravo,,,,,,,,,,,True,False
Albert Eames,albert eames,WATFORD,Championship,0.0,5,assists,assists,WATFORD,WATFORD,2,top,Albert Eames,Championship,elite,3,3,2,1,0.0,0.0,0.0,0.0,,,0.0,0.0,0.0,0.0,False,False,Albert Eames,,,,,,,,,,,True,False
Amin Nabizada,amin nabizada,WATFORD,Championship,0.0,8,assists,assists,WATFORD,WATFORD,3,top,Amin Nabizada,Championship,elite,8,8,4,2,0.125,-0.017469336219336218,-0.10555555555555556,-0.23376623376623376,,-0.39688348076126273,0.0,0.0,-0.12821067821067822,-0.12821067821067822,False,False,Amin Nabizada,,,,,,,,,,,True,False
Albert Eames,albert eames,WATFORD,Championship,0.0,5,goals,goals,WATFORD,WATFORD,1,bottom,Albert Eames,Championship,elite,3,3,2,1,0.0,0.0,0.0,0.0,,,0.0,0.0,0.0,0.0,False,False,Albert Eames,,,,,,,,,,,True,False
Daniel Bachmann,daniel bachmann,WATFORD,Championship,0.0,5,goals,goals,WATFORD,WATFORD,2,bottom,Daniel Bachmann,Championship,elite,4,4,2,1,0.0,0.0,0.0,0.0,,,0.0,0.0,0.0,0.0,False,False,Daniel Bachmann,,,,,,,,,,,True,False
Federico Ravaglia,federico ravaglia,WATFORD,Championship,0.0,5,goals,goals,WATFORD,WATFORD,3,bottom,Federico Ravaglia,Championship,elite,3,3,2,1,0.0,0.0,0.0,0.0,,,0.0,0.0,0.0,0.0,False,False,Federico Ravaglia,,,,,,,,,,,True,False
Amin Nabizada,amin nabizada,WATFORD,Championship,0.42857142857142855,7,goals,goals,WATFORD,WATFORD,1,top,Amin Nabizada,Championship,elite,5,5,2,2,0.4,0.009285714285714286,-0.4642857142857143,0.1875,,,0.5,0.0,0.6517857142857143,0.6517857142857143,False,True,Amin Nabizada,,,,,,,,,,,True,False
Edo Kayembe,edo kayembe,WATFORD,Championship,0.2,5,goals,goals,WATFORD,WATFORD,2,top,Edo Kayembe,Championship,elite,4,4,2,1,0.25,0.25,0.0,1.0,,,1.0,0.0,1.0,1.0,False,False,Edo Kayembe,,,,,,,,,,,True,False
Luca Kjerrumgaard,luca kjerrumgaard,WATFORD,Championship,0.2,5,goals,goals,WATFORD,WATFORD,3,top,Luca Kjerrumgaard,Championship,elite,3,3,2,1,0.0,-0.26111111111111107,-0.29166666666666663,-0.2,,,0.0,0.0,0.09166666666666662,0.09166666666666662,False,False,Luca Kjerrumgaard,,,,,,,,,,,True,False
Rocco Vata,rocco vata,WATFORD,Championship,10.571428571428571,7,passes,passes,WATFORD,WATFORD,1,bottom,Rocco Vata,Championship,mid,6,6,1,1,0.16666666666666666,-6.28968253968254,-7.666666666666666,-3.75,-9.5,,0.0,0.0,3.916666666666666,3.916666666666666,False,False,Rocco Vata,,,,,,,,,,,True,False
Rocco Vata,rocco vata,WATFORD,Championship,10.571428571428571,7,passes,passes,WATFORD,WATFORD,1,top,Rocco Vata,Championship,mid,6,6,1,1,0.16666666666666666,-6.28968253968254,-7.666666666666666,-3.75,-9.5,,0.0,0.0,3.916666666666666,3.916666666666666,False,False,Rocco Vata,,,,,,,,,,,True,False
Daniel Bachmann,daniel bachmann,WATFORD,Championship,0.0,5,saves,saves,WATFORD,WATFORD,1,bottom,Daniel Bachmann,Championship,elite,4,4,2,1,0.0,-1.425,-1.35,-1.0,,,0.0,0.0,0.3500000000000001,0.3500000000000001,False,True,Daniel Bachmann,,,,,,,,,,,True,False
Rocco Vata,rocco vata,WATFORD,Championship,0.0,7,saves,saves,WATFORD,WATFORD,2,bottom,Rocco Vata,Championship,mid,6,6,1,1,0.0,0.0,0.0,0.0,0.0,,0.0,0.0,0.0,0.0,False,False,Rocco Vata,,,,,,,,,,,True,False
Federico Ravaglia,federico ravaglia,WATFORD,Championship,2.5,8,saves,saves,WATFORD,WATFORD,3,bottom,Federico Ravaglia,Championship,elite,7,7,4,2,0.42857142857142855,0.4217687074829932,0.5297619047619048,0.8333333333333333,,0.014967133469293794,0.5,0.5,0.3035714285714285,0.3035714285714285,False,False,Federico Ravaglia,,,,,,,,,,,True,False
Federico Ravaglia,federico ravaglia,WATFORD,Championship,2.5,8,saves,saves,WATFORD,WATFORD,1,top,Federico Ravaglia,Championship,elite,7,7,4,2,0.42857142857142855,0.4217687074829932,0.5297619047619048,0.8333333333333333,,0.014967133469293794,0.5,0.5,0.3035714285714285,0.3035714285714285,False,False,Federico Ravaglia,,,,,,,,,,,True,False
Daniel Bachmann,daniel bachmann,WATFORD,Championship,0.0,5,saves,saves,WATFORD,WATFORD,2,top,Daniel Bachmann,Championship,elite,4,4,2,1,0.0,-1.425,-1.35,-1.0,,,0.0,0.0,0.3500000000000001,0.3500000000000001,False,True,Daniel Bachmann,,,,,,,,,,,True,False
Rocco Vata,rocco vata,WATFORD,Championship,0.0,7,saves,saves,WATFORD,WATFORD,3,top,Rocco Vata,Championship,mid,6,6,1,1,0.0,0.0,0.0,0.0,0.0,,0.0,0.0,0.0,0.0,False,False,Rocco Vata,,,,,,,,,,,True,False
Albert Eames,albert eames,WATFORD,Championship,0.0,5,shots,shots,WATFORD,WATFORD,1,bottom,Albert Eames,Championship,elite,3,3,2,1,0.0,0.0,0.0,0.0,,,0.0,0.0,0.0,0.0,False,False,Albert Eames,,,,,,,,,,,True,False
Daniel Bachmann,daniel bachmann,WATFORD,Championship,0.0,5,shots,shots,WATFORD,WATFORD,2,bottom,Daniel Bachmann,Championship,elite,4,4,2,1,0.0,0.0,0.0,0.0,,,0.0,0.0,0.0,0.0,False,False,Daniel Bachmann,,,,,,,,,,,True,False
Kévin Keben,kevin keben,WATFORD,Championship,0.1111111111111111,9,shots,shots,WATFORD,WATFORD,3,bottom,Kévin Keben,Championship,elite,9,9,4,2,0.1111111111111111,0.1111111111111111,0.0,0.5,0.0,0.7271614469220992,0.5,0.0,0.5,0.5,False,False,Kévin Keben,,,,,,,,,,,True,False
Iker Bravo,iker bravo,WATFORD,Championship,2.5,8,shots,shots,WATFORD,WATFORD,1,top,Iker Bravo,Championship,elite,8,8,4,2,0.375,-0.861976911976912,-1.113888888888889,0.1298701298701299,,0.3175068931640771,0.5,0.25,1.2437590187590188,1.2437590187590188,False,True,Iker Bravo,,,,,,,,,,,True,False
Rocco Vata,rocco vata,WATFORD,Championship,1.5,12,shots,shots,WATFORD,WATFORD,2,top,Rocco Vata,Championship,elite,11,11,4,2,0.36363636363636365,-0.5708897163442619,-1.0968406593406592,0.17878787878787872,-1.8333333333333333,0.48812867016260975,1.0,0.0,1.275628538128538,1.275628538128538,True,True,Rocco Vata,,,,,,,,,,,True,False
Othmane Maamma,othmane maamma,WATFORD,Championship,1.3333333333333333,9,shots,shots,WATFORD,WATFORD,3,top,Othmane Maamma,Championship,elite,9,9,4,2,0.3333333333333333,-1.001122334455668,-1.6136363636363638,-0.5,0.0,0.3092394583641191,0.5,0.25,1.1136363636363638,1.1136363636363638,False,True,Othmane Maamma,,,,,,,,,,,True,False
Albert Eames,albert eames,WATFORD,Championship,0.0,5,shots_on_target,shots_on_target,WATFORD,WATFORD,1,bottom,Albert Eames,Championship,elite,3,3,2,1,0.0,0.0,0.0,0.0,,,0.0,0.0,0.0,0.0,False,False,Albert Eames,,,,,,,,,,,True,False
Daniel Bachmann,daniel bachmann,WATFORD,Championship,0.0,5,shots_on_target,shots_on_target,WATFORD,WATFORD,2,bottom,Daniel Bachmann,Championship,elite,4,4,2,1,0.0,0.0,0.0,0.0,,,0.0,0.0,0.0,0.0,False,False,Daniel Bachmann,,,,,,,,,,,True,False
Edoardo Bove,edoardo bove,WATFORD,Championship,0.0,8,shots_on_target,shots_on_target,WATFORD,WATFORD,3,bottom,Edoardo Bove,Championship,elite,8,8,4,1,0.0,-0.34425505050505045,-0.3204545454545455,-0.25,-0.6666666666666666,-0.18567941452472922,0.0,0.0,0.07045454545454549,0.07045454545454549,False,True,Edoardo Bove,,,,,,,,,,,True,False
Iker Bravo,iker bravo,WATFORD,Championship,1.0,8,shots_on_target,shots_on_target,WATFORD,WATFORD,1,top,Iker Bravo,Championship,elite,8,8,4,2,0.5,-0.012044552669552691,-0.17222222222222222,0.7337662337662336,,0.6489142747472222,1.0,0.25,0.9059884559884559,0.9059884559884559,True,False,Iker Bravo,,,,,,,,,,,True,False
Amin Nabizada,amin nabizada,WATFORD,Championship,0.625,8,shots_on_target,shots_on_target,WATFORD,WATFORD,2,top,Amin Nabizada,Championship,elite,8,8,4,2,0.625,-0.0014700577200577186,-0.07777777777777775,-0.17532467532467533,,-0.0621021961608651,0.5,0.5,-0.09754689754689758,-0.09754689754689758,False,False,Amin Nabizada,,,,,,,,,,,True,False
Othmane Maamma,othmane maamma,WATFORD,Championship,0.5555555555555556,9,shots_on_target,shots_on_target,WATFORD,WATFORD,3,top,Othmane Maamma,Championship,elite,9,9,4,2,0.3333333333333333,-0.574635241301908,-0.8068181818181819,-0.25,-0.6666666666666667,0.2933925159245104,0.5,0.25,0.5568181818181819,0.5568181818181819,False,True,Othmane Maamma,,,,,,,,,,,True,False
Rocco Vata,rocco vata,WATFORD,Championship,0.8571428571428571,7,tackles,tackles,WATFORD,WATFORD,1,bottom,Rocco Vata,Championship,mid,6,6,1,1,0.5,-0.06507936507936507,-1.0,1.0,-1.2666666666666666,,1.0,0.0,2.0,2.0,False,False,Rocco Vata,,,,,,,,,,,True,False
Rocco Vata,rocco vata,WATFORD,Championship,0.8571428571428571,7,tackles,tackles,WATFORD,WATFORD,1,top,Rocco Vata,Championship,mid,6,6,1,1,0.5,-0.06507936507936507,-1.0,1.0,-1.2666666666666666,,1.0,0.0,2.0,2.0,False,False,Rocco Vata,,,,,,,,,,,True,False
Aune Heggebo,aune heggebo,WEST BROM,Championship,0.0,5,assists,assists,WEST BROM,WEST BROM,1,bottom,Aune Heggebo,Championship,elite,3,3,2,1,0.0,0.0,0.0,0.0,,,0.0,0.0,0.0,0.0,False,False,Aune Heggebo,,,,,,,,,,,True,False
Barney Stewart,barney stewart,WEST BROM,Championship,0.0,6,assists,assists,WEST BROM,WEST BROM,2,bottom,Barney Stewart,Championship,elite,4,4,2,1,0.0,0.0,0.0,0.0,0.0,,0.0,0.0,0.0,0.0,False,False,Barney Stewart,,,,,,,,,,,True,False
Callum Styles,callum styles,WEST BROM,Championship,0.0,6,assists,assists,WEST BROM,WEST BROM,3,bottom,Callum Styles,Championship,elite,4,4,2,1,0.0,-0.18988095238095237,-0.18333333333333335,-0.14285714285714285,-0.25,,0.0,0.0,0.0404761904761905,0.0404761904761905,False,False,Callum Styles,,,,,,,,,,,True,False
Jimmy Morgan,jimmy morgan,WEST BROM,Championship,0.5,6,assists,assists,WEST BROM,WEST BROM,1,top,Jimmy Morgan,Championship,elite,4,4,2,1,0.25,-0.12976190476190477,-0.3666666666666667,0.7142857142857143,-0.5,,1.0,0.0,1.080952380952381,1.080952380952381,False,True,Jimmy Morgan,,,,,,,,,,,True,False
Harry Whitwell,harry whitwell,WEST BROM,Championship,0.16666666666666666,6,assists,assists,WEST BROM,WEST BROM,2,top,Harry Whitwell,Championship,elite,4,4,2,1,0.25,0.024404761904761915,0.31666666666666665,-0.2857142857142857,-0.25,,0.0,0.5,-0.6023809523809524,-0.6023809523809524,False,False,Harry Whitwell,,,,,,,,,,,True,False
Isaac Price,isaac price,WEST BROM,Championship,0.16666666666666666,6,assists,assists,WEST BROM,WEST BROM,3,top,Isaac Price,Championship,elite,4,4,2,1,0.25,0.12261904761904764,-0.18333333333333335,-0.14285714285714285,1.0,,0.0,0.0,0.0404761904761905,0.0404761904761905,False,False,Isaac Price,,,,,,,,,,,True,False
Barney Stewart,barney stewart,WEST BROM,Championship,0.0,6,goals,goals,WEST BROM,WEST BROM,1,bottom,Barney Stewart,Championship,elite,4,4,2,1,0.0,0.0,0.0,0.0,0.0,,0.0,0.0,0.0,0.0,False,False,Barney Stewart,,,,,,,,,,,True,False
Chris Mepham,chris mepham,WEST BROM,Championship,0.0,6,goals,goals,WEST BROM,WEST BROM,2,bottom,Chris Mepham,Championship,elite,4,4,2,1,0.0,0.0,0.0,0.0,0.0,,0.0,0.0,0.0,0.0,False,False,Chris Mepham,,,,,,,,,,,True,False
Conor Townsend,conor townsend,WEST BROM,Championship,0.0,6,goals,goals,WEST BROM,WEST BROM,3,bottom,Conor Townsend,Championship,elite,4,4,2,1,0.0,0.0,0.0,0.0,0.0,,0.0,0.0,0.0,0.0,False,False,Conor Townsend,,,,,,,,,,,True,False
Jimmy Morgan,jimmy morgan,WEST BROM,Championship,0.5,6,goals,goals,WEST BROM,WEST BROM,1,top,Jimmy Morgan,Championship,elite,4,4,2,1,0.5,-0.23273809523809524,-0.23333333333333334,-0.7142857142857143,0.25,,0.0,0.5,-0.48095238095238096,-0.48095238095238096,False,False,Jimmy Morgan,,,,,,,,,,,True,False
Aune Heggebo,aune heggebo,WEST BROM,Championship,0.4,5,goals,goals,WEST BROM,WEST BROM,2,top,Aune Heggebo,Championship,elite,3,3,2,1,0.3333333333333333,0.07222222222222226,-0.29166666666666663,0.8,,,1.0,0.0,1.0916666666666668,1.0916666666666668,False,False,Aune Heggebo,,,,,,,,,,,True,False
Isaac Price,isaac price,WEST BROM,Championship,0.3333333333333333,6,goals,goals,WEST BROM,WEST BROM,3,top,Isaac Price,Championship,elite,4,4,2,1,0.0,-0.7595238095238095,-0.7333333333333334,-0.5714285714285714,-1.0,,0.0,0.0,0.161904761904762,0.161904761904762,False,True,Isaac Price,,,,,,,,,,,True,False
Matt Ingram,matt ingram,WEST BROM,Championship,0.0,5,saves,saves,WEST BROM,WEST BROM,1,bottom,Matt Ingram,Championship,elite,3,3,2,0,0.0,-0.8222222222222223,-0.7333333333333334,,-1.0,,,0.0,,,False,True,Matt Ingram,,,,,,,,,,,True,False
Max O'Leary,max o'leary,WEST BROM,Championship,3.1666666666666665,6,saves,saves,WEST BROM,WEST BROM,2,bottom,Max O'Leary,Championship,elite,4,4,2,1,0.5,-0.4196428571428571,-1.75,0.5714285714285716,1.25,,1.0,0.0,2.3214285714285716,2.3214285714285716,False,True,Max O'Leary,,,,,,,,,,,True,False
Max O'Leary,max o'leary,WEST BROM,Championship,3.1666666666666665,6,saves,saves,WEST BROM,WEST BROM,1,top,Max O'Leary,Championship,elite,4,4,2,1,0.5,-0.4196428571428571,-1.75,0.5714285714285716,1.25,,1.0,0.0,2.3214285714285716,2.3214285714285716,False,True,Max O'Leary,,,,,,,,,,,True,False
Matt Ingram,matt ingram,WEST BROM,Championship,0.0,5,saves,saves,WEST BROM,WEST BROM,2,top,Matt Ingram,Championship,elite,3,3,2,0,0.0,-0.8222222222222223,-0.7333333333333334,,-1.0,,,0.0,,,False,True,Matt Ingram,,,,,,,,,,,True,False
Barney Stewart,barney stewart,WEST BROM,Championship,0.0,6,shots,shots,WEST BROM,WEST BROM,1,bottom,Barney Stewart,Championship,elite,4,4,2,1,0.0,-0.37976190476190474,-0.3666666666666667,-0.2857142857142857,-0.5,,0.0,0.0,0.080952380952381,0.080952380952381,False,True,Barney Stewart,,,,,,,,,,,True,False
Chris Mepham,chris mepham,WEST BROM,Championship,0.0,6,shots,shots,WEST BROM,WEST BROM,2,bottom,Chris Mepham,Championship,elite,4,4,2,1,0.0,0.0,0.0,0.0,0.0,,0.0,0.0,0.0,0.0,False,False,Chris Mepham,,,,,,,,,,,True,False
Conor Townsend,conor townsend,WEST BROM,Championship,0.0,6,shots,shots,WEST BROM,WEST BROM,3,bottom,Conor Townsend,Championship,elite,4,4,2,1,0.0,0.0,0.0,0.0,0.0,,0.0,0.0,0.0,0.0,False,False,Conor Townsend,,,,,,,,,,,True,False
Isaac Price,isaac price,WEST BROM,Championship,2.5,6,shots,shots,WEST BROM,WEST BROM,1,top,Isaac Price,Championship,elite,4,4,2,1,0.5,-1.263095238095238,-1.1333333333333333,-3.2857142857142856,0.5,,0.0,0.5,-2.1523809523809523,-2.1523809523809523,False,True,Isaac Price,,,,,,,,,,,True,False
Jimmy Morgan,jimmy morgan,WEST BROM,Championship,1.5,6,shots,shots,WEST BROM,WEST BROM,2,top,Jimmy Morgan,Championship,elite,4,4,2,1,0.25,-0.30654761904761896,0.5833333333333335,-1.1428571428571428,-1.25,,0.0,0.5,-1.7261904761904763,-1.7261904761904763,False,False,Jimmy Morgan,,,,,,,,,,,True,False
Aune Heggebo,aune heggebo,WEST BROM,Championship,1.2,5,shots,shots,WEST BROM,WEST BROM,3,top,Aune Heggebo,Championship,elite,3,3,2,1,0.3333333333333333,-0.37222222222222223,-0.9583333333333334,0.8,,,1.0,0.0,1.7583333333333333,1.7583333333333333,False,True,Aune Heggebo,,,,,,,,,,,True,False
Barney Stewart,barney stewart,WEST BROM,Championship,0.0,6,shots_on_target,shots_on_target,WEST BROM,WEST BROM,1,bottom,Barney Stewart,Championship,elite,4,4,2,1,0.0,0.0,0.0,0.0,0.0,,0.0,0.0,0.0,0.0,False,False,Barney Stewart,,,,,,,,,,,True,False
Chris Mepham,chris mepham,WEST BROM,Championship,0.0,6,shots_on_target,shots_on_target,WEST BROM,WEST BROM,2,bottom,Chris Mepham,Championship,elite,4,4,2,1,0.0,0.0,0.0,0.0,0.0,,0.0,0.0,0.0,0.0,False,False,Chris Mepham,,,,,,,,,,,True,False
Conor Townsend,conor townsend,WEST BROM,Championship,0.0,6,shots_on_target,shots_on_target,WEST BROM,WEST BROM,3,bottom,Conor Townsend,Championship,elite,4,4,2,1,0.0,0.0,0.0,0.0,0.0,,0.0,0.0,0.0,0.0,False,False,Conor Townsend,,,,,,,,,,,True,False
Isaac Price,isaac price,WEST BROM,Championship,1.1666666666666667,6,shots_on_target,shots_on_target,WEST BROM,WEST BROM,1,top,Isaac Price,Championship,elite,4,4,2,1,0.0,-1.413690476190476,-1.4166666666666665,-1.5714285714285714,-1.25,,0.0,0.0,-0.15476190476190488,-0.15476190476190488,False,True,Isaac Price,,,,,,,,,,,True,False
Jimmy Morgan,jimmy morgan,WEST BROM,Championship,0.8333333333333334,6,shots_on_target,shots_on_target,WEST BROM,WEST BROM,2,top,Jimmy Morgan,Championship,elite,4,4,2,1,0.25,0.005952380952380931,0.5833333333333333,-1.1428571428571428,0.0,,0.0,0.5,-1.726190476190476,-1.726190476190476,False,False,Jimmy Morgan,,,,,,,,,,,True,False
Aune Heggebo,aune heggebo,WEST BROM,Championship,0.6,5,shots_on_target,shots_on_target,WEST BROM,WEST BROM,3,top,Aune Heggebo,Championship,elite,3,3,2,1,0.6666666666666666,0.33888888888888885,0.20833333333333334,0.6,,,1.0,0.5,0.3916666666666666,0.3916666666666666,False,False,Aune Heggebo,,,,,,,,,,,True,False
Divine Mukasa,divine mukasa,WHU,Championship,0.0,5,assists,assists,WHU,WHU,1,bottom,Divine Mukasa,Championship,unknown,3,3,0,1,0.0,0.0,,0.0,,,0.0,,,,False,False,Divine Mukasa,Divine Mukasa,WEST HAM,WREXHAM,assists,0.5,6.0,Above Avg,0.0,0.0,divine mukasa,True,False
Joël Piroe,joel piroe,WHU,Championship,0.0,5,assists,assists,WHU,WHU,2,bottom,Joël Piroe,Championship,unknown,3,3,0,1,0.0,0.0,,0.0,,,0.0,,,,False,False,Joël Piroe,Joël Piroe,WEST HAM,WREXHAM,assists,0.5,6.0,Above Avg,0.0,0.0,joel piroe,True,False
Keiber Lamadrid,keiber lamadrid,WHU,Championship,0.0,5,assists,assists,WHU,WHU,3,bottom,Keiber Lamadrid,Championship,unknown,3,3,0,1,0.0,0.0,,0.0,,,0.0,,,,False,False,Keiber Lamadrid,Keiber Lamadrid,WEST HAM,WREXHAM,assists,0.5,6.0,Above Avg,0.0,0.0,keiber lamadrid,True,False
Arne Engels,arne engels,WHU,Championship,0.4,5,assists,assists,WHU,WHU,1,top,Arne Engels,Championship,unknown,3,3,0,1,0.6666666666666666,0.5166666666666667,,-0.25,,,0.0,,,,False,False,Arne Engels,Arne Engels,WEST HAM,WREXHAM,assists,0.5,6.0,Above Avg,,,arne engels,True,False
Jarrod Bowen,jarrod bowen,WHU,Championship,0.2,5,assists,assists,WHU,WHU,2,top,Jarrod Bowen,Championship,unknown,4,4,1,1,0.25,-0.07916666666666666,-0.3333333333333333,-0.4,,,0.0,0.0,-0.06666666666666671,-0.06666666666666671,False,False,Jarrod Bowen,Jarrod Bowen,WEST HAM,WREXHAM,assists,0.5,6.0,Above Avg,0.2,0.2,jarrod bowen,True,False
Joël Veltman,joel veltman,WHU,Championship,0.2,5,assists,assists,WHU,WHU,3,top,Joël Veltman,Championship,unknown,4,4,1,1,0.25,0.012500000000000039,-0.3333333333333333,-0.2,,,0.0,0.0,0.1333333333333333,0.1333333333333333,False,False,Joël Veltman,Joël Veltman,WEST HAM,WREXHAM,assists,0.5,6.0,Above Avg,0.2,0.2,joel veltman,True,False
Arne Engels,arne engels,WHU,Championship,0.0,5,goals,goals,WHU,WHU,1,bottom,Arne Engels,Championship,unknown,3,3,0,1,0.0,0.0,,0.0,,,0.0,,,,False,False,Arne Engels,Arne Engels,WEST HAM,WREXHAM,goals,0.5,6.0,Above Avg,,,arne engels,True,False
Joël Veltman,joel veltman,WHU,Championship,0.0,5,goals,goals,WHU,WHU,2,bottom,Joël Veltman,Championship,unknown,4,4,1,1,0.0,0.0,0.0,0.0,,,0.0,0.0,0.0,0.0,False,False,Joël Veltman,Joël Veltman,WEST HAM,WREXHAM,goals,0.5,6.0,Above Avg,0.0,0.0,joel veltman,True,False
Keiber Lamadrid,keiber lamadrid,WHU,Championship,0.0,5,goals,goals,WHU,WHU,3,bottom,Keiber Lamadrid,Championship,unknown,3,3,0,1,0.0,0.0,,0.0,,,0.0,,,,False,False,Keiber Lamadrid,Keiber Lamadrid,WEST HAM,WREXHAM,goals,0.5,6.0,Above Avg,0.0,0.0,keiber lamadrid,True,False
Jarrod Bowen,jarrod bowen,WHU,Championship,0.6,5,goals,goals,WHU,WHU,1,top,Jarrod Bowen,Championship,unknown,4,4,1,1,0.5,0.18333333333333335,-0.6666666666666666,-0.6,,,0.0,0.0,0.06666666666666665,0.06666666666666665,False,False,Jarrod Bowen,Jarrod Bowen,WEST HAM,WREXHAM,goals,1.5,6.0,Above Avg,0.2,0.8,jarrod bowen,True,False
Jarrod Bowen,jarrod bowen,WHU,Championship,0.6,5,goals,goals,WHU,WHU,1,top,Jarrod Bowen,Championship,unknown,4,4,1,1,0.5,0.18333333333333335,-0.6666666666666666,-0.6,,,0.0,0.0,0.06666666666666665,0.06666666666666665,False,False,Jarrod Bowen,Jarrod Bowen,WEST HAM,WREXHAM,goals,0.5,6.0,Above Avg,0.6,0.8,jarrod bowen,True,False
Divine Mukasa,divine mukasa,WHU,Championship,0.4,5,goals,goals,WHU,WHU,2,top,Divine Mukasa,Championship,unknown,3,3,0,1,0.3333333333333333,0.3666666666666667,,-0.5,,,0.0,,,,False,False,Divine Mukasa,Divine Mukasa,WEST HAM,WREXHAM,goals,1.5,6.0,Above Avg,0.2,0.4,divine mukasa,True,False
Divine Mukasa,divine mukasa,WHU,Championship,0.4,5,goals,goals,WHU,WHU,2,top,Divine Mukasa,Championship,unknown,3,3,0,1,0.3333333333333333,0.3666666666666667,,-0.5,,,0.0,,,,False,False,Divine Mukasa,Divine Mukasa,WEST HAM,WREXHAM,goals,0.5,6.0,Above Avg,0.2,0.4,divine mukasa,True,False
Joël Piroe,joel piroe,WHU,Championship,0.4,5,goals,goals,WHU,WHU,3,top,Joël Piroe,Championship,unknown,3,3,0,1,0.3333333333333333,0.005555555555555554,,0.75,,,1.0,,,,False,False,Joël Piroe,Joël Piroe,WEST HAM,WREXHAM,goals,1.5,6.0,Above Avg,0.0,0.2,joel piroe,True,False
Joël Piroe,joel piroe,WHU,Championship,0.4,5,goals,goals,WHU,WHU,3,top,Joël Piroe,Championship,unknown,3,3,0,1,0.3333333333333333,0.005555555555555554,,0.75,,,1.0,,,,False,False,Joël Piroe,Joël Piroe,WEST HAM,WREXHAM,goals,0.5,6.0,Above Avg,0.2,0.2,joel piroe,True,False
Mads Hermansen,mads hermansen,WHU,Championship,2.6,5,saves,saves,WHU,WHU,1,bottom,Mads Hermansen,Championship,unknown,4,4,1,1,0.5,0.275,2.0,-2.4,,,0.0,1.0,-4.4,-4.4,False,False,Mads Hermansen,Mads Hermansen,WEST HAM,WREXHAM,saves,2.0,6.0,Above Avg,0.75,2.8,mads hermansen,True,False
Mads Hermansen,mads hermansen,WHU,Championship,2.6,5,saves,saves,WHU,WHU,1,bottom,Mads Hermansen,Championship,unknown,4,4,1,1,0.5,0.275,2.0,-2.4,,,0.0,1.0,-4.4,-4.4,False,False,Mads Hermansen,Mads Hermansen,WEST HAM,WREXHAM,saves,4.5,6.0,Above Avg,0.0,2.8,mads hermansen,True,False
Mads Hermansen,mads hermansen,WHU,Championship,2.6,5,saves,saves,WHU,WHU,1,bottom,Mads Hermansen,Championship,unknown,4,4,1,1,0.5,0.275,2.0,-2.4,,,0.0,1.0,-4.4,-4.4,False,False,Mads Hermansen,Mads Hermansen,WEST HAM,WREXHAM,saves,2.5,6.0,Above Avg,0.6,2.8,mads hermansen,True,False
Mads Hermansen,mads hermansen,WHU,Championship,2.6,5,saves,saves,WHU,WHU,1,bottom,Mads Hermansen,Championship,unknown,4,4,1,1,0.5,0.275,2.0,-2.4,,,0.0,1.0,-4.4,-4.4,False,False,Mads Hermansen,Mads Hermansen,WEST HAM,WREXHAM,saves,1.5,6.0,Above Avg,0.8,2.8,mads hermansen,True,False
Mads Hermansen,mads hermansen,WHU,Championship,2.6,5,saves,saves,WHU,WHU,1,top,Mads Hermansen,Championship,unknown,4,4,1,1,0.5,0.275,2.0,-2.4,,,0.0,1.0,-4.4,-4.4,False,False,Mads Hermansen,Mads Hermansen,WEST HAM,WREXHAM,saves,2.0,6.0,Above Avg,0.75,2.8,mads hermansen,True,False
Mads Hermansen,mads hermansen,WHU,Championship,2.6,5,saves,saves,WHU,WHU,1,top,Mads Hermansen,Championship,unknown,4,4,1,1,0.5,0.275,2.0,-2.4,,,0.0,1.0,-4.4,-4.4,False,False,Mads Hermansen,Mads Hermansen,WEST HAM,WREXHAM,saves,4.5,6.0,Above Avg,0.0,2.8,mads hermansen,True,False
Mads Hermansen,mads hermansen,WHU,Championship,2.6,5,saves,saves,WHU,WHU,1,top,Mads Hermansen,Championship,unknown,4,4,1,1,0.5,0.275,2.0,-2.4,,,0.0,1.0,-4.4,-4.4,False,False,Mads Hermansen,Mads Hermansen,WEST HAM,WREXHAM,saves,2.5,6.0,Above Avg,0.6,2.8,mads hermansen,True,False
Mads Hermansen,mads hermansen,WHU,Championship,2.6,5,saves,saves,WHU,WHU,1,top,Mads Hermansen,Championship,unknown,4,4,1,1,0.5,0.275,2.0,-2.4,,,0.0,1.0,-4.4,-4.4,False,False,Mads Hermansen,Mads Hermansen,WEST HAM,WREXHAM,saves,1.5,6.0,Above Avg,0.8,2.8,mads hermansen,True,False
Joël Veltman,joel veltman,WHU,Championship,0.0,5,shots,shots,WHU,WHU,1,bottom,Joël Veltman,Championship,unknown,4,4,1,1,0.0,-0.23749999999999996,-0.3333333333333333,-0.2,,,0.0,0.0,0.1333333333333333,0.1333333333333333,False,False,Joël Veltman,Joël Veltman,WEST HAM,WREXHAM,shots,3.5,6.0,Above Avg,0.0,0.0,joel veltman,True,False
Joël Veltman,joel veltman,WHU,Championship,0.0,5,shots,shots,WHU,WHU,1,bottom,Joël Veltman,Championship,unknown,4,4,1,1,0.0,-0.23749999999999996,-0.3333333333333333,-0.2,,,0.0,0.0,0.1333333333333333,0.1333333333333333,False,False,Joël Veltman,Joël Veltman,WEST HAM,WREXHAM,shots,0.5,6.0,Above Avg,0.0,0.0,joel veltman,True,False
Keiber Lamadrid,keiber lamadrid,WHU,Championship,0.0,5,shots,shots,WHU,WHU,2,bottom,Keiber Lamadrid,Championship,unknown,3,3,0,1,0.0,-0.26111111111111107,,-0.25,,,0.0,,,,False,False,Keiber Lamadrid,Keiber Lamadrid,WEST HAM,WREXHAM,shots,6.5,6.0,Above Avg,0.0,0.0,keiber lamadrid,True,False
Keiber Lamadrid,keiber lamadrid,WHU,Championship,0.0,5,shots,shots,WHU,WHU,2,bottom,Keiber Lamadrid,Championship,unknown,3,3,0,1,0.0,-0.26111111111111107,,-0.25,,,0.0,,,,False,False,Keiber Lamadrid,Keiber Lamadrid,WEST HAM,WREXHAM,shots,2.5,6.0,Above Avg,0.0,0.0,keiber lamadrid,True,False
Keiber Lamadrid,keiber lamadrid,WHU,Championship,0.0,5,shots,shots,WHU,WHU,2,bottom,Keiber Lamadrid,Championship,unknown,3,3,0,1,0.0,-0.26111111111111107,,-0.25,,,0.0,,,,False,False,Keiber Lamadrid,Keiber Lamadrid,WEST HAM,WREXHAM,shots,1.5,6.0,Above Avg,0.0,0.0,keiber lamadrid,True,False
Kyle Walker-Peters,kyle walker-peters,WHU,Championship,0.0,5,shots,shots,WHU,WHU,3,bottom,Kyle Walker-Peters,Championship,unknown,4,4,1,1,0.0,-0.23749999999999996,-0.3333333333333333,-0.2,,,0.0,0.0,0.1333333333333333,0.1333333333333333,False,False,Kyle Walker-Peters,Kyle Walker-Peters,WEST HAM,WREXHAM,shots,3.5,6.0,Above Avg,0.0,0.0,kyle walker-peters,True,False
Kyle Walker-Peters,kyle walker-peters,WHU,Championship,0.0,5,shots,shots,WHU,WHU,3,bottom,Kyle Walker-Peters,Championship,unknown,4,4,1,1,0.0,-0.23749999999999996,-0.3333333333333333,-0.2,,,0.0,0.0,0.1333333333333333,0.1333333333333333,False,False,Kyle Walker-Peters,Kyle Walker-Peters,WEST HAM,WREXHAM,shots,1.5,6.0,Above Avg,0.0,0.0,kyle walker-peters,True,False
Kyle Walker-Peters,kyle walker-peters,WHU,Championship,0.0,5,shots,shots,WHU,WHU,3,bottom,Kyle Walker-Peters,Championship,unknown,4,4,1,1,0.0,-0.23749999999999996,-0.3333333333333333,-0.2,,,0.0,0.0,0.1333333333333333,0.1333333333333333,False,False,Kyle Walker-Peters,Kyle Walker-Peters,WEST HAM,WREXHAM,shots,0.5,6.0,Above Avg,0.0,0.0,kyle walker-peters,True,False
Jarrod Bowen,jarrod bowen,WHU,Championship,4.4,5,shots,shots,WHU,WHU,1,top,Jarrod Bowen,Championship,unknown,4,4,1,1,0.25,0.3583333333333334,-0.6666666666666665,3.6,,,1.0,0.0,4.266666666666667,4.266666666666667,False,False,Jarrod Bowen,Jarrod Bowen,WEST HAM,WREXHAM,shots,8.5,6.0,Above Avg,0.0,3.8,jarrod bowen,True,False
Jarrod Bowen,jarrod bowen,WHU,Championship,4.4,5,shots,shots,WHU,WHU,1,top,Jarrod Bowen,Championship,unknown,4,4,1,1,0.25,0.3583333333333334,-0.6666666666666665,3.6,,,1.0,0.0,4.266666666666667,4.266666666666667,False,False,Jarrod Bowen,Jarrod Bowen,WEST HAM,WREXHAM,shots,3.5,6.0,Above Avg,0.2,3.8,jarrod bowen,True,False
Jarrod Bowen,jarrod bowen,WHU,Championship,4.4,5,shots,shots,WHU,WHU,1,top,Jarrod Bowen,Championship,unknown,4,4,1,1,0.25,0.3583333333333334,-0.6666666666666665,3.6,,,1.0,0.0,4.266666666666667,4.266666666666667,False,False,Jarrod Bowen,Jarrod Bowen,WEST HAM,WREXHAM,shots,2.5,6.0,Above Avg,1.0,3.8,jarrod bowen,True,False
Joël Piroe,joel piroe,WHU,Championship,1.8,5,shots,shots,WHU,WHU,2,top,Joël Piroe,Championship,unknown,3,3,0,1,0.3333333333333333,-0.9555555555555556,,1.0,,,1.0,,,,False,False,Joël Piroe,Joël Piroe,WEST HAM,WREXHAM,shots,7.5,6.0,Above Avg,0.0,1.6,joel piroe,True,False
Joël Piroe,joel piroe,WHU,Championship,1.8,5,shots,shots,WHU,WHU,2,top,Joël Piroe,Championship,unknown,3,3,0,1,0.3333333333333333,-0.9555555555555556,,1.0,,,1.0,,,,False,False,Joël Piroe,Joël Piroe,WEST HAM,WREXHAM,shots,3.5,6.0,Above Avg,0.0,1.6,joel piroe,True,False
Joël Piroe,joel piroe,WHU,Championship,1.8,5,shots,shots,WHU,WHU,2,top,Joël Piroe,Championship,unknown,3,3,0,1,0.3333333333333333,-0.9555555555555556,,1.0,,,1.0,,,,False,False,Joël Piroe,Joël Piroe,WEST HAM,WREXHAM,shots,2.5,6.0,Above Avg,0.4,1.6,joel piroe,True,False
Divine Mukasa,divine mukasa,WHU,Championship,1.2,5,shots,shots,WHU,WHU,3,top,Divine Mukasa,Championship,unknown,3,3,0,1,0.3333333333333333,-0.7555555555555555,,-2.0,,,0.0,,,,False,False,Divine Mukasa,Divine Mukasa,WEST HAM,WREXHAM,shots,6.5,6.0,Above Avg,0.0,1.0,divine mukasa,True,False
Divine Mukasa,divine mukasa,WHU,Championship,1.2,5,shots,shots,WHU,WHU,3,top,Divine Mukasa,Championship,unknown,3,3,0,1,0.3333333333333333,-0.7555555555555555,,-2.0,,,0.0,,,,False,False,Divine Mukasa,Divine Mukasa,WEST HAM,WREXHAM,shots,3.5,6.0,Above Avg,0.0,1.0,divine mukasa,True,False
Divine Mukasa,divine mukasa,WHU,Championship,1.2,5,shots,shots,WHU,WHU,3,top,Divine Mukasa,Championship,unknown,3,3,0,1,0.3333333333333333,-0.7555555555555555,,-2.0,,,0.0,,,,False,False,Divine Mukasa,Divine Mukasa,WEST HAM,WREXHAM,shots,1.5,6.0,Above Avg,0.2,1.0,divine mukasa,True,False
Arne Engels,arne engels,WHU,Championship,0.0,5,shots_on_target,shots_on_target,WHU,WHU,1,bottom,Arne Engels,Championship,unknown,3,3,0,1,0.0,0.0,,0.0,,,0.0,,,,False,False,Arne Engels,Arne Engels,WEST HAM,WREXHAM,shots_on_target,1.5,6.0,Above Avg,,,arne engels,True,False
Joël Veltman,joel veltman,WHU,Championship,0.0,5,shots_on_target,shots_on_target,WHU,WHU,2,bottom,Joël Veltman,Championship,unknown,4,4,1,1,0.0,0.0,0.0,0.0,,,0.0,0.0,0.0,0.0,False,False,Joël Veltman,Joël Veltman,WEST HAM,WREXHAM,shots_on_target,1.5,6.0,Above Avg,0.0,0.0,joel veltman,True,False
Joël Veltman,joel veltman,WHU,Championship,0.0,5,shots_on_target,shots_on_target,WHU,WHU,2,bottom,Joël Veltman,Championship,unknown,4,4,1,1,0.0,0.0,0.0,0.0,,,0.0,0.0,0.0,0.0,False,False,Joël Veltman,Joël Veltman,WEST HAM,WREXHAM,shots_on_target,0.5,6.0,Above Avg,0.0,0.0,joel veltman,True,False
Keiber Lamadrid,keiber lamadrid,WHU,Championship,0.0,5,shots_on_target,shots_on_target,WHU,WHU,3,bottom,Keiber Lamadrid,Championship,unknown,3,3,0,1,0.0,0.0,,0.0,,,0.0,,,,False,False,Keiber Lamadrid,Keiber Lamadrid,WEST HAM,WREXHAM,shots_on_target,2.5,6.0,Above Avg,0.0,0.0,keiber lamadrid,True,False
Keiber Lamadrid,keiber lamadrid,WHU,Championship,0.0,5,shots_on_target,shots_on_target,WHU,WHU,3,bottom,Keiber Lamadrid,Championship,unknown,3,3,0,1,0.0,0.0,,0.0,,,0.0,,,,False,False,Keiber Lamadrid,Keiber Lamadrid,WEST HAM,WREXHAM,shots_on_target,3.5,6.0,Above Avg,0.0,0.0,keiber lamadrid,True,False
Keiber Lamadrid,keiber lamadrid,WHU,Championship,0.0,5,shots_on_target,shots_on_target,WHU,WHU,3,bottom,Keiber Lamadrid,Championship,unknown,3,3,0,1,0.0,0.0,,0.0,,,0.0,,,,False,False,Keiber Lamadrid,Keiber Lamadrid,WEST HAM,WREXHAM,shots_on_target,1.5,6.0,Above Avg,0.0,0.0,keiber lamadrid,True,False
Keiber Lamadrid,keiber lamadrid,WHU,Championship,0.0,5,shots_on_target,shots_on_target,WHU,WHU,3,bottom,Keiber Lamadrid,Championship,unknown,3,3,0,1,0.0,0.0,,0.0,,,0.0,,,,False,False,Keiber Lamadrid,Keiber Lamadrid,WEST HAM,WREXHAM,shots_on_target,0.5,6.0,Above Avg,0.0,0.0,keiber lamadrid,True,False
Jarrod Bowen,jarrod bowen,WHU,Championship,1.6,5,shots_on_target,shots_on_target,WHU,WHU,1,top,Jarrod Bowen,Championship,unknown,4,4,1,1,0.75,0.3791666666666667,-0.33333333333333326,0.6000000000000001,,,1.0,0.0,0.9333333333333333,0.9333333333333333,False,False,Jarrod Bowen,Jarrod Bowen,WEST HAM,WREXHAM,shots_on_target,4.5,6.0,Above Avg,0.0,1.6,jarrod bowen,True,False
Jarrod Bowen,jarrod bowen,WHU,Championship,1.6,5,shots_on_target,shots_on_target,WHU,WHU,1,top,Jarrod Bowen,Championship,unknown,4,4,1,1,0.75,0.3791666666666667,-0.33333333333333326,0.6000000000000001,,,1.0,0.0,0.9333333333333333,0.9333333333333333,False,False,Jarrod Bowen,Jarrod Bowen,WEST HAM,WREXHAM,shots_on_target,3.5,6.0,Above Avg,0.0,1.6,jarrod bowen,True,False
Jarrod Bowen,jarrod bowen,WHU,Championship,1.6,5,shots_on_target,shots_on_target,WHU,WHU,1,top,Jarrod Bowen,Championship,unknown,4,4,1,1,0.75,0.3791666666666667,-0.33333333333333326,0.6000000000000001,,,1.0,0.0,0.9333333333333333,0.9333333333333333,False,False,Jarrod Bowen,Jarrod Bowen,WEST HAM,WREXHAM,shots_on_target,1.5,6.0,Above Avg,0.6,1.6,jarrod bowen,True,False
Jarrod Bowen,jarrod bowen,WHU,Championship,1.6,5,shots_on_target,shots_on_target,WHU,WHU,1,top,Jarrod Bowen,Championship,unknown,4,4,1,1,0.75,0.3791666666666667,-0.33333333333333326,0.6000000000000001,,,1.0,0.0,0.9333333333333333,0.9333333333333333,False,False,Jarrod Bowen,Jarrod Bowen,WEST HAM,WREXHAM,shots_on_target,0.5,6.0,Above Avg,1.0,1.6,jarrod bowen,True,False
Joël Piroe,joel piroe,WHU,Championship,1.0,5,shots_on_target,shots_on_target,WHU,WHU,2,top,Joël Piroe,Championship,unknown,3,3,0,1,0.0,-1.3,,-0.5,,,0.0,,,,False,False,Joël Piroe,Joël Piroe,WEST HAM,WREXHAM,shots_on_target,4.5,6.0,Above Avg,0.0,0.6,joel piroe,True,False
Joël Piroe,joel piroe,WHU,Championship,1.0,5,shots_on_target,shots_on_target,WHU,WHU,2,top,Joël Piroe,Championship,unknown,3,3,0,1,0.0,-1.3,,-0.5,,,0.0,,,,False,False,Joël Piroe,Joël Piroe,WEST HAM,WREXHAM,shots_on_target,1.5,6.0,Above Avg,0.2,0.6,joel piroe,True,False
Joël Piroe,joel piroe,WHU,Championship,1.0,5,shots_on_target,shots_on_target,WHU,WHU,2,top,Joël Piroe,Championship,unknown,3,3,0,1,0.0,-1.3,,-0.5,,,0.0,,,,False,False,Joël Piroe,Joël Piroe,WEST HAM,WREXHAM,shots_on_target,0.5,6.0,Above Avg,0.4,0.6,joel piroe,True,False
Divine Mukasa,divine mukasa,WHU,Championship,0.6,5,shots_on_target,shots_on_target,WHU,WHU,3,top,Divine Mukasa,Championship,unknown,3,3,0,1,0.3333333333333333,0.10555555555555558,,-0.75,,,0.0,,,,False,False,Divine Mukasa,Divine Mukasa,WEST HAM,WREXHAM,shots_on_target,2.5,6.0,Above Avg,0.0,0.4,divine mukasa,True,False
Divine Mukasa,divine mukasa,WHU,Championship,0.6,5,shots_on_target,shots_on_target,WHU,WHU,3,top,Divine Mukasa,Championship,unknown,3,3,0,1,0.3333333333333333,0.10555555555555558,,-0.75,,,0.0,,,,False,False,Divine Mukasa,Divine Mukasa,WEST HAM,WREXHAM,shots_on_target,1.5,6.0,Above Avg,0.2,0.4,divine mukasa,True,False
Divine Mukasa,divine mukasa,WHU,Championship,0.6,5,shots_on_target,shots_on_target,WHU,WHU,3,top,Divine Mukasa,Championship,unknown,3,3,0,1,0.3333333333333333,0.10555555555555558,,-0.75,,,0.0,,,,False,False,Divine Mukasa,Divine Mukasa,WEST HAM,WREXHAM,shots_on_target,0.5,6.0,Above Avg,0.2,0.4,divine mukasa,True,False
Anthony Patterson,anthony patterson,WREXHAM,Championship,0.0,8,assists,assists,WREXHAM,WREXHAM,1,bottom,Anthony Patterson,Championship,elite,5,5,4,0,0.0,0.0,0.0,,,,,0.0,,,False,False,Anthony Patterson,,,,,,,,,,,True,False
Ben Sheaf,ben sheaf,WREXHAM,Championship,0.0,8,assists,assists,WREXHAM,WREXHAM,2,bottom,Ben Sheaf,Championship,unknown,7,7,2,1,0.0,0.0,0.0,0.0,0.0,,0.0,0.0,0.0,0.0,False,False,Ben Sheaf,Ben Sheaf,WREXHAM,WEST HAM,assists,0.5,16.0,Below Avg,0.0,0.0,ben sheaf,True,False
Ben Sheaf,ben sheaf,WREXHAM,Championship,0.0,8,assists,assists,WREXHAM,WREXHAM,2,bottom,Ben Sheaf,Championship,unknown,7,7,2,1,0.0,0.0,0.0,0.0,0.0,,0.0,0.0,0.0,0.0,False,False,Ben Sheaf,Ben Sheaf,WREXHAM,WEST HAM,assists,0.5,1.0,Avg,0.0,0.0,ben sheaf,True,False
Benjamin Whiteman,benjamin whiteman,WREXHAM,Championship,0.0,9,assists,assists,WREXHAM,WREXHAM,3,bottom,Benjamin Whiteman,Championship,elite,7,7,6,0,0.0,0.0,0.0,,,,,0.0,,,False,False,Benjamin Whiteman,Benjamin Whiteman,WREXHAM,WEST HAM,assists,0.5,16.0,Below Avg,0.0,0.0,benjamin whiteman,True,False
Benjamin Whiteman,benjamin whiteman,WREXHAM,Championship,0.0,9,assists,assists,WREXHAM,WREXHAM,3,bottom,Benjamin Whiteman,Championship,elite,7,7,6,0,0.0,0.0,0.0,,,,,0.0,,,False,False,Benjamin Whiteman,Benjamin Whiteman,WREXHAM,WEST HAM,assists,0.5,1.0,Avg,0.0,0.0,benjamin whiteman,True,False
Issa Kaboré,issa kabore,WREXHAM,Championship,0.2857142857142857,14,assists,assists,WREXHAM,WREXHAM,1,top,Issa Kaboré,Championship,elite,11,11,6,2,0.2727272727272727,0.00022326158689794424,-0.3107323232323232,0.2916666666666667,0.7142857142857143,0.5147984146106958,0.5,0.0,0.6023989898989899,0.6023989898989899,False,True,Issa Kaboré,Issa Kaboré,WREXHAM,WEST HAM,assists,0.5,16.0,Below Avg,0.2,0.2,issa kabore,True,False
Issa Kaboré,issa kabore,WREXHAM,Championship,0.2857142857142857,14,assists,assists,WREXHAM,WREXHAM,1,top,Issa Kaboré,Championship,elite,11,11,6,2,0.2727272727272727,0.00022326158689794424,-0.3107323232323232,0.2916666666666667,0.7142857142857143,0.5147984146106958,0.5,0.0,0.6023989898989899,0.6023989898989899,False,True,Issa Kaboré,Issa Kaboré,WREXHAM,WEST HAM,assists,0.5,1.0,Avg,0.2,0.2,issa kabore,True,False
Lewis O'Brien,lewis o'brien,WREXHAM,Championship,0.2222222222222222,9,assists,assists,WREXHAM,WREXHAM,2,top,Lewis O'Brien,Championship,elite,9,9,7,0,0.2222222222222222,-0.057419432419432405,0.012755102040816344,,-0.3333333333333333,0.21930163265193006,,0.2857142857142857,,,False,False,Lewis O'Brien,Lewis O'Brien,WREXHAM,WEST HAM,assists,0.5,16.0,Below Avg,0.2,0.2,lewis o'brien,True,False
Lewis O'Brien,lewis o'brien,WREXHAM,Championship,0.2222222222222222,9,assists,assists,WREXHAM,WREXHAM,2,top,Lewis O'Brien,Championship,elite,9,9,7,0,0.2222222222222222,-0.057419432419432405,0.012755102040816344,,-0.3333333333333333,0.21930163265193006,,0.2857142857142857,,,False,False,Lewis O'Brien,Lewis O'Brien,WREXHAM,WEST HAM,assists,0.5,1.0,Avg,0.2,0.2,lewis o'brien,True,False
Danny Imray,danny imray,WREXHAM,Championship,0.2,5,assists,assists,WREXHAM,WREXHAM,3,top,Danny Imray,Championship,elite,2,2,1,0,0.0,-0.29166666666666663,-0.3333333333333333,,,,,0.0,,,False,False,Danny Imray,Danny Imray,WREXHAM,WEST HAM,assists,0.5,16.0,Below Avg,0.2,0.2,danny imray,True,False
Danny Imray,danny imray,WREXHAM,Championship,0.2,5,assists,assists,WREXHAM,WREXHAM,3,top,Danny Imray,Championship,elite,2,2,1,0,0.0,-0.29166666666666663,-0.3333333333333333,,,,,0.0,,,False,False,Danny Imray,Danny Imray,WREXHAM,WEST HAM,assists,0.5,1.0,Avg,0.2,0.2,danny imray,True,False
Anthony Patterson,anthony patterson,WREXHAM,Championship,0.0,5,goals,goals,WREXHAM,WREXHAM,1,bottom,Anthony Patterson,Championship,elite,2,2,1,0,0.0,0.0,0.0,,,,,0.0,,,False,False,Anthony Patterson,,,,,,,,,,,True,False
Benjamin Whiteman,benjamin whiteman,WREXHAM,Championship,0.0,5,goals,goals,WREXHAM,WREXHAM,2,bottom,Benjamin Whiteman,Championship,elite,2,2,1,0,0.0,0.0,0.0,,,,,0.0,,,False,False,Benjamin Whiteman,Benjamin Whiteman,WREXHAM,WEST HAM,goals,0.5,16.0,Below Avg,0.0,0.0,benjamin whiteman,True,False
Benjamin Whiteman,benjamin whiteman,WREXHAM,Championship,0.0,5,goals,goals,WREXHAM,WREXHAM,2,bottom,Benjamin Whiteman,Championship,elite,2,2,1,0,0.0,0.0,0.0,,,,,0.0,,,False,False,Benjamin Whiteman,Benjamin Whiteman,WREXHAM,WEST HAM,goals,0.5,1.0,Avg,0.0,0.0,benjamin whiteman,True,False
Danny Ward,danny ward,WREXHAM,Championship,0.0,5,goals,goals,WREXHAM,WREXHAM,3,bottom,Danny Ward,Championship,elite,2,2,1,0,0.0,0.0,0.0,,,,,0.0,,,False,False,Danny Ward,,,,,,,,,,,True,False
Josh Windass,josh windass,WREXHAM,Championship,0.7,10,goals,goals,WREXHAM,WREXHAM,1,top,Josh Windass,Championship,elite,7,7,3,1,0.14285714285714285,-0.46706349206349207,-1.013888888888889,1.0,-0.19999999999999996,0.9460725689595757,1.0,0.0,2.0138888888888893,2.0138888888888893,False,True,Josh Windass,Josh Windass,WREXHAM,WEST HAM,goals,0.5,16.0,Below Avg,0.2,0.2,josh windass,True,False
Josh Windass,josh windass,WREXHAM,Championship,0.7,10,goals,goals,WREXHAM,WREXHAM,1,top,Josh Windass,Championship,elite,7,7,3,1,0.14285714285714285,-0.46706349206349207,-1.013888888888889,1.0,-0.19999999999999996,0.9460725689595757,1.0,0.0,2.0138888888888893,2.0138888888888893,False,True,Josh Windass,Josh Windass,WREXHAM,WEST HAM,goals,0.5,1.0,Avg,0.2,0.2,josh windass,True,False
Kieffer Moore,kieffer moore,WREXHAM,Championship,0.42857142857142855,7,goals,goals,WREXHAM,WREXHAM,2,top,Kieffer Moore,Championship,elite,4,4,3,0,0.5,0.01666666666666669,0.1888888888888889,,,,,0.6666666666666666,,,False,False,Kieffer Moore,Kieffer Moore,WREXHAM,WEST HAM,goals,0.5,16.0,Below Avg,0.4,0.4,kieffer moore,True,False
Kieffer Moore,kieffer moore,WREXHAM,Championship,0.42857142857142855,7,goals,goals,WREXHAM,WREXHAM,2,top,Kieffer Moore,Championship,elite,4,4,3,0,0.5,0.01666666666666669,0.1888888888888889,,,,,0.6666666666666666,,,False,False,Kieffer Moore,Kieffer Moore,WREXHAM,WEST HAM,goals,0.5,1.0,Avg,0.4,0.4,kieffer moore,True,False
Callum Doyle,callum doyle,WREXHAM,Championship,0.3333333333333333,6,goals,goals,WREXHAM,WREXHAM,3,top,Callum Doyle,Championship,elite,3,3,2,0,0.0,-0.5222222222222221,-0.5833333333333333,,,,,0.0,,,False,True,Callum Doyle,Callum Doyle,WREXHAM,WEST HAM,goals,0.5,16.0,Below Avg,0.4,0.4,callum doyle,True,False
Callum Doyle,callum doyle,WREXHAM,Championship,0.3333333333333333,6,goals,goals,WREXHAM,WREXHAM,3,top,Callum Doyle,Championship,elite,3,3,2,0,0.0,-0.5222222222222221,-0.5833333333333333,,,,,0.0,,,False,True,Callum Doyle,Callum Doyle,WREXHAM,WEST HAM,goals,0.5,1.0,Avg,0.4,0.4,callum doyle,True,False
Ryan Longman,ryan longman,WREXHAM,Championship,7.0,6,passes,passes,WREXHAM,WREXHAM,1,bottom,Ryan Longman,Championship,elite,5,5,4,0,0.4,0.5814285714285716,2.0392857142857146,,-5.25,-0.0013749678841373442,,0.5,,,False,False,Ryan Longman,,,,,,,,,,,True,False
Max Cleworth,max cleworth,WREXHAM,Championship,9.571428571428571,7,passes,passes,WREXHAM,WREXHAM,2,bottom,Max Cleworth,Championship,elite,6,6,4,0,0.3333333333333333,11.436111111111112,14.354166666666666,,-2.8,-0.8113194265861441,,0.25,,,False,False,Max Cleworth,,,,,,,,,,,True,False
Issa Kaboré,issa kabore,WREXHAM,Championship,17.8,10,passes,passes,WREXHAM,WREXHAM,3,bottom,Issa Kaboré,Championship,elite,7,7,3,2,0.42857142857142855,-2.852891156462585,0.125,-3.958333333333334,1.571428571428573,-0.37998108557167537,0.0,0.6666666666666666,-4.083333333333334,-4.083333333333334,False,False,Issa Kaboré,,,,,,,,,,,True,False
Callum Doyle,callum doyle,WREXHAM,Championship,57.2,5,passes,passes,WREXHAM,WREXHAM,1,top,Callum Doyle,Championship,elite,5,5,4,0,0.8,19.97761904761905,27.65952380952381,,-10.75,-0.17383035916220896,,1.0,,,False,False,Callum Doyle,Callum Doyle,WREXHAM,WEST HAM,passes,63.5,16.0,Below Avg,,,callum doyle,True,False
Callum Doyle,callum doyle,WREXHAM,Championship,57.2,5,passes,passes,WREXHAM,WREXHAM,1,top,Callum Doyle,Championship,elite,5,5,4,0,0.8,19.97761904761905,27.65952380952381,,-10.75,-0.17383035916220896,,1.0,,,False,False,Callum Doyle,Callum Doyle,WREXHAM,WEST HAM,passes,63.5,1.0,Avg,,,callum doyle,True,False
Ben Sheaf,ben sheaf,WREXHAM,Championship,47.5,8,passes,passes,WREXHAM,WREXHAM,2,top,Ben Sheaf,Championship,unknown,7,7,2,1,0.2857142857142857,-12.941836734693876,-9.933333333333334,14.857142857142854,-17.666666666666664,,1.0,0.0,24.790476190476188,24.790476190476188,False,True,Ben Sheaf,,,,,,,,,,,True,False
Lewis O'Brien,lewis o'brien,WREXHAM,Championship,41.2,5,passes,passes,WREXHAM,WREXHAM,3,top,Lewis O'Brien,Championship,elite,5,5,4,0,1.0,21.19095238095238,25.926190476190474,,2.25,0.2669534061126909,,1.0,,,False,False,Lewis O'Brien,Lewis O'Brien,WREXHAM,WEST HAM,passes,41.5,16.0,Below Avg,,,lewis o'brien,True,False
Lewis O'Brien,lewis o'brien,WREXHAM,Championship,41.2,5,passes,passes,WREXHAM,WREXHAM,3,top,Lewis O'Brien,Championship,elite,5,5,4,0,1.0,21.19095238095238,25.926190476190474,,2.25,0.2669534061126909,,1.0,,,False,False,Lewis O'Brien,Lewis O'Brien,WREXHAM,WEST HAM,passes,41.5,1.0,Avg,,,lewis o'brien,True,False
Ben Sheaf,ben sheaf,WREXHAM,Championship,0.0,8,saves,saves,WREXHAM,WREXHAM,1,bottom,Ben Sheaf,Championship,unknown,7,7,2,1,0.0,0.0,0.0,0.0,0.0,,0.0,0.0,0.0,0.0,False,False,Ben Sheaf,,,,,,,,,,,True,False
Callum Doyle,callum doyle,WREXHAM,Championship,0.0,5,saves,saves,WREXHAM,WREXHAM,2,bottom,Callum Doyle,Championship,elite,5,5,4,0,0.0,0.0,0.0,,0.0,,,0.0,,,False,False,Callum Doyle,,,,,,,,,,,True,False
Danny Ward,danny ward,WREXHAM,Championship,0.0,5,saves,saves,WREXHAM,WREXHAM,3,bottom,Danny Ward,Championship,elite,2,2,1,0,0.0,0.0,0.0,,,,,0.0,,,False,False,Danny Ward,,,,,,,,,,,True,False
Anthony Patterson,anthony patterson,WREXHAM,Championship,2.375,8,saves,saves,WREXHAM,WREXHAM,1,top,Anthony Patterson,Championship,elite,5,5,4,0,0.2,-1.5623809523809526,-1.8458333333333337,,,,,0.25,,,False,True,Anthony Patterson,Anthony Patterson,WREXHAM,WEST HAM,saves,4.0,16.0,Below Avg,0.0,1.4,anthony patterson,True,False
Anthony Patterson,anthony patterson,WREXHAM,Championship,2.375,8,saves,saves,WREXHAM,WREXHAM,1,top,Anthony Patterson,Championship,elite,5,5,4,0,0.2,-1.5623809523809526,-1.8458333333333337,,,,,0.25,,,False,True,Anthony Patterson,Anthony Patterson,WREXHAM,WEST HAM,saves,4.0,1.0,Avg,0.0,1.4,anthony patterson,True,False
Anthony Patterson,anthony patterson,WREXHAM,Championship,2.375,8,saves,saves,WREXHAM,WREXHAM,1,top,Anthony Patterson,Championship,elite,5,5,4,0,0.2,-1.5623809523809526,-1.8458333333333337,,,,,0.25,,,False,True,Anthony Patterson,Anthony Patterson,WREXHAM,WEST HAM,saves,4.5,16.0,Below Avg,0.0,1.4,anthony patterson,True,False
Anthony Patterson,anthony patterson,WREXHAM,Championship,2.375,8,saves,saves,WREXHAM,WREXHAM,1,top,Anthony Patterson,Championship,elite,5,5,4,0,0.2,-1.5623809523809526,-1.8458333333333337,,,,,0.25,,,False,True,Anthony Patterson,Anthony Patterson,WREXHAM,WEST HAM,saves,4.5,1.0,Avg,0.0,1.4,anthony patterson,True,False
Anthony Patterson,anthony patterson,WREXHAM,Championship,2.375,8,saves,saves,WREXHAM,WREXHAM,1,top,Anthony Patterson,Championship,elite,5,5,4,0,0.2,-1.5623809523809526,-1.8458333333333337,,,,,0.25,,,False,True,Anthony Patterson,Anthony Patterson,WREXHAM,WEST HAM,saves,3.5,16.0,Below Avg,0.0,1.4,anthony patterson,True,False
Anthony Patterson,anthony patterson,WREXHAM,Championship,2.375,8,saves,saves,WREXHAM,WREXHAM,1,top,Anthony Patterson,Championship,elite,5,5,4,0,0.2,-1.5623809523809526,-1.8458333333333337,,,,,0.25,,,False,True,Anthony Patterson,Anthony Patterson,WREXHAM,WEST HAM,saves,3.5,1.0,Avg,0.0,1.4,anthony patterson,True,False
Anthony Patterson,anthony patterson,WREXHAM,Championship,2.375,8,saves,saves,WREXHAM,WREXHAM,1,top,Anthony Patterson,Championship,elite,5,5,4,0,0.2,-1.5623809523809526,-1.8458333333333337,,,,,0.25,,,False,True,Anthony Patterson,Anthony Patterson,WREXHAM,WEST HAM,saves,2.5,16.0,Below Avg,0.2,1.4,anthony patterson,True,False
Anthony Patterson,anthony patterson,WREXHAM,Championship,2.375,8,saves,saves,WREXHAM,WREXHAM,1,top,Anthony Patterson,Championship,elite,5,5,4,0,0.2,-1.5623809523809526,-1.8458333333333337,,,,,0.25,,,False,True,Anthony Patterson,Anthony Patterson,WREXHAM,WEST HAM,saves,2.5,1.0,Avg,0.2,1.4,anthony patterson,True,False
Ben Sheaf,ben sheaf,WREXHAM,Championship,0.0,8,saves,saves,WREXHAM,WREXHAM,2,top,Ben Sheaf,Championship,unknown,7,7,2,1,0.0,0.0,0.0,0.0,0.0,,0.0,0.0,0.0,0.0,False,False,Ben Sheaf,,,,,,,,,,,True,False
Callum Doyle,callum doyle,WREXHAM,Championship,0.0,5,saves,saves,WREXHAM,WREXHAM,3,top,Callum Doyle,Championship,elite,5,5,4,0,0.0,0.0,0.0,,0.0,,,0.0,,,False,False,Callum Doyle,,,,,,,,,,,True,False
Anthony Patterson,anthony patterson,WREXHAM,Championship,0.0,8,shots,shots,WREXHAM,WREXHAM,1,bottom,Anthony Patterson,Championship,elite,5,5,4,0,0.0,0.0,0.0,,,,,0.0,,,False,False,Anthony Patterson,,,,,,,,,,,True,False
Danny Ward,danny ward,WREXHAM,Championship,0.0,5,shots,shots,WREXHAM,WREXHAM,2,bottom,Danny Ward,Championship,elite,2,2,1,0,0.0,0.0,0.0,,,,,0.0,,,False,False,Danny Ward,,,,,,,,,,,True,False
George Dobson,george dobson,WREXHAM,Championship,0.16666666666666666,6,shots,shots,WREXHAM,WREXHAM,3,bottom,George Dobson,Championship,elite,6,6,3,0,0.16666666666666666,-0.14206349206349203,-0.3119047619047619,,-0.3333333333333333,,,0.0,,,False,True,George Dobson,George Dobson,WREXHAM,WEST HAM,shots,2.5,16.0,Below Avg,0.0,0.2,george dobson,True,False
George Dobson,george dobson,WREXHAM,Championship,0.16666666666666666,6,shots,shots,WREXHAM,WREXHAM,3,bottom,George Dobson,Championship,elite,6,6,3,0,0.16666666666666666,-0.14206349206349203,-0.3119047619047619,,-0.3333333333333333,,,0.0,,,False,True,George Dobson,George Dobson,WREXHAM,WEST HAM,shots,2.5,1.0,Avg,0.0,0.2,george dobson,True,False
George Dobson,george dobson,WREXHAM,Championship,0.16666666666666666,6,shots,shots,WREXHAM,WREXHAM,3,bottom,George Dobson,Championship,elite,6,6,3,0,0.16666666666666666,-0.14206349206349203,-0.3119047619047619,,-0.3333333333333333,,,0.0,,,False,True,George Dobson,George Dobson,WREXHAM,WEST HAM,shots,1.5,16.0,Below Avg,0.0,0.2,george dobson,True,False
George Dobson,george dobson,WREXHAM,Championship,0.16666666666666666,6,shots,shots,WREXHAM,WREXHAM,3,bottom,George Dobson,Championship,elite,6,6,3,0,0.16666666666666666,-0.14206349206349203,-0.3119047619047619,,-0.3333333333333333,,,0.0,,,False,True,George Dobson,George Dobson,WREXHAM,WEST HAM,shots,1.5,1.0,Avg,0.0,0.2,george dobson,True,False
George Dobson,george dobson,WREXHAM,Championship,0.16666666666666666,6,shots,shots,WREXHAM,WREXHAM,3,bottom,George Dobson,Championship,elite,6,6,3,0,0.16666666666666666,-0.14206349206349203,-0.3119047619047619,,-0.3333333333333333,,,0.0,,,False,True,George Dobson,George Dobson,WREXHAM,WEST HAM,shots,0.5,16.0,Below Avg,0.2,0.2,george dobson,True,False
George Dobson,george dobson,WREXHAM,Championship,0.16666666666666666,6,shots,shots,WREXHAM,WREXHAM,3,bottom,George Dobson,Championship,elite,6,6,3,0,0.16666666666666666,-0.14206349206349203,-0.3119047619047619,,-0.3333333333333333,,,0.0,,,False,True,George Dobson,George Dobson,WREXHAM,WEST HAM,shots,0.5,1.0,Avg,0.2,0.2,george dobson,True,False
Josh Windass,josh windass,WREXHAM,Championship,2.2666666666666666,15,shots,shots,WREXHAM,WREXHAM,1,top,Josh Windass,Championship,elite,12,12,6,2,0.4166666666666667,-0.23230796980796994,-1.911441336441337,0.6142857142857141,3.083333333333333,0.5328149656235884,0.5,0.0,2.525727050727051,2.525727050727051,False,True,Josh Windass,Josh Windass,WREXHAM,WEST HAM,shots,6.5,16.0,Below Avg,0.0,1.4,josh windass,True,False
Josh Windass,josh windass,WREXHAM,Championship,2.2666666666666666,15,shots,shots,WREXHAM,WREXHAM,1,top,Josh Windass,Championship,elite,12,12,6,2,0.4166666666666667,-0.23230796980796994,-1.911441336441337,0.6142857142857141,3.083333333333333,0.5328149656235884,0.5,0.0,2.525727050727051,2.525727050727051,False,True,Josh Windass,Josh Windass,WREXHAM,WEST HAM,shots,6.5,1.0,Avg,0.0,1.4,josh windass,True,False
Josh Windass,josh windass,WREXHAM,Championship,2.2666666666666666,15,shots,shots,WREXHAM,WREXHAM,1,top,Josh Windass,Championship,elite,12,12,6,2,0.4166666666666667,-0.23230796980796994,-1.911441336441337,0.6142857142857141,3.083333333333333,0.5328149656235884,0.5,0.0,2.525727050727051,2.525727050727051,False,True,Josh Windass,Josh Windass,WREXHAM,WEST HAM,shots,7.5,16.0,Below Avg,0.0,1.4,josh windass,True,False
Josh Windass,josh windass,WREXHAM,Championship,2.2666666666666666,15,shots,shots,WREXHAM,WREXHAM,1,top,Josh Windass,Championship,elite,12,12,6,2,0.4166666666666667,-0.23230796980796994,-1.911441336441337,0.6142857142857141,3.083333333333333,0.5328149656235884,0.5,0.0,2.525727050727051,2.525727050727051,False,True,Josh Windass,Josh Windass,WREXHAM,WEST HAM,shots,7.5,1.0,Avg,0.0,1.4,josh windass,True,False
Josh Windass,josh windass,WREXHAM,Championship,2.2666666666666666,15,shots,shots,WREXHAM,WREXHAM,1,top,Josh Windass,Championship,elite,12,12,6,2,0.4166666666666667,-0.23230796980796994,-1.911441336441337,0.6142857142857141,3.083333333333333,0.5328149656235884,0.5,0.0,2.525727050727051,2.525727050727051,False,True,Josh Windass,Josh Windass,WREXHAM,WEST HAM,shots,2.5,16.0,Below Avg,0.2,1.4,josh windass,True,False
Josh Windass,josh windass,WREXHAM,Championship,2.2666666666666666,15,shots,shots,WREXHAM,WREXHAM,1,top,Josh Windass,Championship,elite,12,12,6,2,0.4166666666666667,-0.23230796980796994,-1.911441336441337,0.6142857142857141,3.083333333333333,0.5328149656235884,0.5,0.0,2.525727050727051,2.525727050727051,False,True,Josh Windass,Josh Windass,WREXHAM,WEST HAM,shots,2.5,1.0,Avg,0.2,1.4,josh windass,True,False
Josh Windass,josh windass,WREXHAM,Championship,2.2666666666666666,15,shots,shots,WREXHAM,WREXHAM,1,top,Josh Windass,Championship,elite,12,12,6,2,0.4166666666666667,-0.23230796980796994,-1.911441336441337,0.6142857142857141,3.083333333333333,0.5328149656235884,0.5,0.0,2.525727050727051,2.525727050727051,False,True,Josh Windass,Josh Windass,WREXHAM,WEST HAM,shots,1.5,16.0,Below Avg,0.4,1.4,josh windass,True,False
Josh Windass,josh windass,WREXHAM,Championship,2.2666666666666666,15,shots,shots,WREXHAM,WREXHAM,1,top,Josh Windass,Championship,elite,12,12,6,2,0.4166666666666667,-0.23230796980796994,-1.911441336441337,0.6142857142857141,3.083333333333333,0.5328149656235884,0.5,0.0,2.525727050727051,2.525727050727051,False,True,Josh Windass,Josh Windass,WREXHAM,WEST HAM,shots,1.5,1.0,Avg,0.4,1.4,josh windass,True,False
Kieffer Moore,kieffer moore,WREXHAM,Championship,1.8888888888888888,9,shots,shots,WREXHAM,WREXHAM,2,top,Kieffer Moore,Championship,elite,9,9,7,0,0.3333333333333333,0.46178852012185334,0.35130385487528343,,2.3333333333333335,0.7160742928796945,,0.2857142857142857,,,False,False,Kieffer Moore,Kieffer Moore,WREXHAM,WEST HAM,shots,6.5,16.0,Below Avg,0.0,1.6,kieffer moore,True,False
Kieffer Moore,kieffer moore,WREXHAM,Championship,1.8888888888888888,9,shots,shots,WREXHAM,WREXHAM,2,top,Kieffer Moore,Championship,elite,9,9,7,0,0.3333333333333333,0.46178852012185334,0.35130385487528343,,2.3333333333333335,0.7160742928796945,,0.2857142857142857,,,False,False,Kieffer Moore,Kieffer Moore,WREXHAM,WEST HAM,shots,6.5,1.0,Avg,0.0,1.6,kieffer moore,True,False
Kieffer Moore,kieffer moore,WREXHAM,Championship,1.8888888888888888,9,shots,shots,WREXHAM,WREXHAM,2,top,Kieffer Moore,Championship,elite,9,9,7,0,0.3333333333333333,0.46178852012185334,0.35130385487528343,,2.3333333333333335,0.7160742928796945,,0.2857142857142857,,,False,False,Kieffer Moore,Kieffer Moore,WREXHAM,WEST HAM,shots,2.5,16.0,Below Avg,0.2,1.6,kieffer moore,True,False
Kieffer Moore,kieffer moore,WREXHAM,Championship,1.8888888888888888,9,shots,shots,WREXHAM,WREXHAM,2,top,Kieffer Moore,Championship,elite,9,9,7,0,0.3333333333333333,0.46178852012185334,0.35130385487528343,,2.3333333333333335,0.7160742928796945,,0.2857142857142857,,,False,False,Kieffer Moore,Kieffer Moore,WREXHAM,WEST HAM,shots,2.5,1.0,Avg,0.2,1.6,kieffer moore,True,False
Kieffer Moore,kieffer moore,WREXHAM,Championship,1.8888888888888888,9,shots,shots,WREXHAM,WREXHAM,2,top,Kieffer Moore,Championship,elite,9,9,7,0,0.3333333333333333,0.46178852012185334,0.35130385487528343,,2.3333333333333335,0.7160742928796945,,0.2857142857142857,,,False,False,Kieffer Moore,Kieffer Moore,WREXHAM,WEST HAM,shots,1.5,16.0,Below Avg,0.2,1.6,kieffer moore,True,False
Kieffer Moore,kieffer moore,WREXHAM,Championship,1.8888888888888888,9,shots,shots,WREXHAM,WREXHAM,2,top,Kieffer Moore,Championship,elite,9,9,7,0,0.3333333333333333,0.46178852012185334,0.35130385487528343,,2.3333333333333335,0.7160742928796945,,0.2857142857142857,,,False,False,Kieffer Moore,Kieffer Moore,WREXHAM,WEST HAM,shots,1.5,1.0,Avg,0.2,1.6,kieffer moore,True,False
George Thomason,george thomason,WREXHAM,Championship,1.4,5,shots,shots,WREXHAM,WREXHAM,3,top,George Thomason,Championship,elite,5,5,3,0,0.8,0.5419047619047619,0.9920634920634921,,0.4,,,1.0,,,False,False,George Thomason,George Thomason,WREXHAM,WEST HAM,shots,2.5,16.0,Below Avg,0.0,1.2,george thomason,True,False
George Thomason,george thomason,WREXHAM,Championship,1.4,5,shots,shots,WREXHAM,WREXHAM,3,top,George Thomason,Championship,elite,5,5,3,0,0.8,0.5419047619047619,0.9920634920634921,,0.4,,,1.0,,,False,False,George Thomason,George Thomason,WREXHAM,WEST HAM,shots,2.5,1.0,Avg,0.0,1.2,george thomason,True,False
George Thomason,george thomason,WREXHAM,Championship,1.4,5,shots,shots,WREXHAM,WREXHAM,3,top,George Thomason,Championship,elite,5,5,3,0,0.8,0.5419047619047619,0.9920634920634921,,0.4,,,1.0,,,False,False,George Thomason,George Thomason,WREXHAM,WEST HAM,shots,1.5,16.0,Below Avg,0.4,1.2,george thomason,True,False
George Thomason,george thomason,WREXHAM,Championship,1.4,5,shots,shots,WREXHAM,WREXHAM,3,top,George Thomason,Championship,elite,5,5,3,0,0.8,0.5419047619047619,0.9920634920634921,,0.4,,,1.0,,,False,False,George Thomason,George Thomason,WREXHAM,WEST HAM,shots,1.5,1.0,Avg,0.4,1.2,george thomason,True,False
George Thomason,george thomason,WREXHAM,Championship,1.4,5,shots,shots,WREXHAM,WREXHAM,3,top,George Thomason,Championship,elite,5,5,3,0,0.8,0.5419047619047619,0.9920634920634921,,0.4,,,1.0,,,False,False,George Thomason,George Thomason,WREXHAM,WEST HAM,shots,0.5,16.0,Below Avg,0.8,1.2,george thomason,True,False
George Thomason,george thomason,WREXHAM,Championship,1.4,5,shots,shots,WREXHAM,WREXHAM,3,top,George Thomason,Championship,elite,5,5,3,0,0.8,0.5419047619047619,0.9920634920634921,,0.4,,,1.0,,,False,False,George Thomason,George Thomason,WREXHAM,WEST HAM,shots,0.5,1.0,Avg,0.8,1.2,george thomason,True,False
Anthony Patterson,anthony patterson,WREXHAM,Championship,0.0,8,shots_on_target,shots_on_target,WREXHAM,WREXHAM,1,bottom,Anthony Patterson,Championship,elite,5,5,4,0,0.0,0.0,0.0,,,,,0.0,,,False,False,Anthony Patterson,,,,,,,,,,,True,False
Benjamin Whiteman,benjamin whiteman,WREXHAM,Championship,0.0,9,shots_on_target,shots_on_target,WREXHAM,WREXHAM,2,bottom,Benjamin Whiteman,Championship,elite,7,7,6,0,0.0,0.0,0.0,,,,,0.0,,,False,False,Benjamin Whiteman,Benjamin Whiteman,WREXHAM,WEST HAM,shots_on_target,1.5,16.0,Below Avg,0.0,0.0,benjamin whiteman,True,False
Benjamin Whiteman,benjamin whiteman,WREXHAM,Championship,0.0,9,shots_on_target,shots_on_target,WREXHAM,WREXHAM,2,bottom,Benjamin Whiteman,Championship,elite,7,7,6,0,0.0,0.0,0.0,,,,,0.0,,,False,False,Benjamin Whiteman,Benjamin Whiteman,WREXHAM,WEST HAM,shots_on_target,1.5,1.0,Avg,0.0,0.0,benjamin whiteman,True,False
Benjamin Whiteman,benjamin whiteman,WREXHAM,Championship,0.0,9,shots_on_target,shots_on_target,WREXHAM,WREXHAM,2,bottom,Benjamin Whiteman,Championship,elite,7,7,6,0,0.0,0.0,0.0,,,,,0.0,,,False,False,Benjamin Whiteman,Benjamin Whiteman,WREXHAM,WEST HAM,shots_on_target,0.5,16.0,Below Avg,0.0,0.0,benjamin whiteman,True,False
Benjamin Whiteman,benjamin whiteman,WREXHAM,Championship,0.0,9,shots_on_target,shots_on_target,WREXHAM,WREXHAM,2,bottom,Benjamin Whiteman,Championship,elite,7,7,6,0,0.0,0.0,0.0,,,,,0.0,,,False,False,Benjamin Whiteman,Benjamin Whiteman,WREXHAM,WEST HAM,shots_on_target,0.5,1.0,Avg,0.0,0.0,benjamin whiteman,True,False
Danny Ward,danny ward,WREXHAM,Championship,0.0,5,shots_on_target,shots_on_target,WREXHAM,WREXHAM,3,bottom,Danny Ward,Championship,elite,2,2,1,0,0.0,0.0,0.0,,,,,0.0,,,False,False,Danny Ward,,,,,,,,,,,True,False
Kieffer Moore,kieffer moore,WREXHAM,Championship,1.1111111111111112,9,shots_on_target,shots_on_target,WREXHAM,WREXHAM,1,top,Kieffer Moore,Championship,elite,9,9,7,0,0.7777777777777778,0.5610309443642776,0.40963718820861683,,2.0,0.5390631376238479,,0.7142857142857143,,,False,False,Kieffer Moore,Kieffer Moore,WREXHAM,WEST HAM,shots_on_target,3.5,16.0,Below Avg,0.0,1.2,kieffer moore,True,False
Kieffer Moore,kieffer moore,WREXHAM,Championship,1.1111111111111112,9,shots_on_target,shots_on_target,WREXHAM,WREXHAM,1,top,Kieffer Moore,Championship,elite,9,9,7,0,0.7777777777777778,0.5610309443642776,0.40963718820861683,,2.0,0.5390631376238479,,0.7142857142857143,,,False,False,Kieffer Moore,Kieffer Moore,WREXHAM,WEST HAM,shots_on_target,3.5,1.0,Avg,0.0,1.2,kieffer moore,True,False
Kieffer Moore,kieffer moore,WREXHAM,Championship,1.1111111111111112,9,shots_on_target,shots_on_target,WREXHAM,WREXHAM,1,top,Kieffer Moore,Championship,elite,9,9,7,0,0.7777777777777778,0.5610309443642776,0.40963718820861683,,2.0,0.5390631376238479,,0.7142857142857143,,,False,False,Kieffer Moore,Kieffer Moore,WREXHAM,WEST HAM,shots_on_target,1.5,16.0,Below Avg,0.2,1.2,kieffer moore,True,False
Kieffer Moore,kieffer moore,WREXHAM,Championship,1.1111111111111112,9,shots_on_target,shots_on_target,WREXHAM,WREXHAM,1,top,Kieffer Moore,Championship,elite,9,9,7,0,0.7777777777777778,0.5610309443642776,0.40963718820861683,,2.0,0.5390631376238479,,0.7142857142857143,,,False,False,Kieffer Moore,Kieffer Moore,WREXHAM,WEST HAM,shots_on_target,1.5,1.0,Avg,0.2,1.2,kieffer moore,True,False
Kieffer Moore,kieffer moore,WREXHAM,Championship,1.1111111111111112,9,shots_on_target,shots_on_target,WREXHAM,WREXHAM,1,top,Kieffer Moore,Championship,elite,9,9,7,0,0.7777777777777778,0.5610309443642776,0.40963718820861683,,2.0,0.5390631376238479,,0.7142857142857143,,,False,False,Kieffer Moore,Kieffer Moore,WREXHAM,WEST HAM,shots_on_target,0.5,16.0,Below Avg,1.0,1.2,kieffer moore,True,False
Kieffer Moore,kieffer moore,WREXHAM,Championship,1.1111111111111112,9,shots_on_target,shots_on_target,WREXHAM,WREXHAM,1,top,Kieffer Moore,Championship,elite,9,9,7,0,0.7777777777777778,0.5610309443642776,0.40963718820861683,,2.0,0.5390631376238479,,0.7142857142857143,,,False,False,Kieffer Moore,Kieffer Moore,WREXHAM,WEST HAM,shots_on_target,0.5,1.0,Avg,1.0,1.2,kieffer moore,True,False
Josh Windass,josh windass,WREXHAM,Championship,0.6666666666666666,15,shots_on_target,shots_on_target,WREXHAM,WREXHAM,2,top,Josh Windass,Championship,elite,12,12,6,2,0.16666666666666666,-0.5191590816590816,-0.9787943537943539,-0.0714285714285714,0.33333333333333337,0.582892664782683,0.5,0.0,0.9073657823657825,0.9073657823657825,False,True,Josh Windass,Josh Windass,WREXHAM,WEST HAM,shots_on_target,3.5,16.0,Below Avg,0.0,0.0,josh windass,True,False
Josh Windass,josh windass,WREXHAM,Championship,0.6666666666666666,15,shots_on_target,shots_on_target,WREXHAM,WREXHAM,2,top,Josh Windass,Championship,elite,12,12,6,2,0.16666666666666666,-0.5191590816590816,-0.9787943537943539,-0.0714285714285714,0.33333333333333337,0.582892664782683,0.5,0.0,0.9073657823657825,0.9073657823657825,False,True,Josh Windass,Josh Windass,WREXHAM,WEST HAM,shots_on_target,3.5,1.0,Avg,0.0,0.0,josh windass,True,False
Josh Windass,josh windass,WREXHAM,Championship,0.6666666666666666,15,shots_on_target,shots_on_target,WREXHAM,WREXHAM,2,top,Josh Windass,Championship,elite,12,12,6,2,0.16666666666666666,-0.5191590816590816,-0.9787943537943539,-0.0714285714285714,0.33333333333333337,0.582892664782683,0.5,0.0,0.9073657823657825,0.9073657823657825,False,True,Josh Windass,Josh Windass,WREXHAM,WEST HAM,shots_on_target,1.5,16.0,Below Avg,0.0,0.0,josh windass,True,False
Josh Windass,josh windass,WREXHAM,Championship,0.6666666666666666,15,shots_on_target,shots_on_target,WREXHAM,WREXHAM,2,top,Josh Windass,Championship,elite,12,12,6,2,0.16666666666666666,-0.5191590816590816,-0.9787943537943539,-0.0714285714285714,0.33333333333333337,0.582892664782683,0.5,0.0,0.9073657823657825,0.9073657823657825,False,True,Josh Windass,Josh Windass,WREXHAM,WEST HAM,shots_on_target,1.5,1.0,Avg,0.0,0.0,josh windass,True,False
Josh Windass,josh windass,WREXHAM,Championship,0.6666666666666666,15,shots_on_target,shots_on_target,WREXHAM,WREXHAM,2,top,Josh Windass,Championship,elite,12,12,6,2,0.16666666666666666,-0.5191590816590816,-0.9787943537943539,-0.0714285714285714,0.33333333333333337,0.582892664782683,0.5,0.0,0.9073657823657825,0.9073657823657825,False,True,Josh Windass,Josh Windass,WREXHAM,WEST HAM,shots_on_target,0.5,16.0,Below Avg,0.0,0.0,josh windass,True,False
Josh Windass,josh windass,WREXHAM,Championship,0.6666666666666666,15,shots_on_target,shots_on_target,WREXHAM,WREXHAM,2,top,Josh Windass,Championship,elite,12,12,6,2,0.16666666666666666,-0.5191590816590816,-0.9787943537943539,-0.0714285714285714,0.33333333333333337,0.582892664782683,0.5,0.0,0.9073657823657825,0.9073657823657825,False,True,Josh Windass,Josh Windass,WREXHAM,WEST HAM,shots_on_target,0.5,1.0,Avg,0.0,0.0,josh windass,True,False
Danny Imray,danny imray,WREXHAM,Championship,0.6,5,shots_on_target,shots_on_target,WREXHAM,WREXHAM,3,top,Danny Imray,Championship,elite,2,2,1,0,0.0,-0.875,-1.0,,,,,0.0,,,False,False,Danny Imray,Danny Imray,WREXHAM,WEST HAM,shots_on_target,1.5,16.0,Below Avg,0.2,0.6,danny imray,True,False
Danny Imray,danny imray,WREXHAM,Championship,0.6,5,shots_on_target,shots_on_target,WREXHAM,WREXHAM,3,top,Danny Imray,Championship,elite,2,2,1,0,0.0,-0.875,-1.0,,,,,0.0,,,False,False,Danny Imray,Danny Imray,WREXHAM,WEST HAM,shots_on_target,1.5,1.0,Avg,0.2,0.6,danny imray,True,False
Danny Imray,danny imray,WREXHAM,Championship,0.6,5,shots_on_target,shots_on_target,WREXHAM,WREXHAM,3,top,Danny Imray,Championship,elite,2,2,1,0,0.0,-0.875,-1.0,,,,,0.0,,,False,False,Danny Imray,Danny Imray,WREXHAM,WEST HAM,shots_on_target,0.5,16.0,Below Avg,0.4,0.6,danny imray,True,False
Danny Imray,danny imray,WREXHAM,Championship,0.6,5,shots_on_target,shots_on_target,WREXHAM,WREXHAM,3,top,Danny Imray,Championship,elite,2,2,1,0,0.0,-0.875,-1.0,,,,,0.0,,,False,False,Danny Imray,Danny Imray,WREXHAM,WEST HAM,shots_on_target,0.5,1.0,Avg,0.4,0.6,danny imray,True,False
Josh Windass,josh windass,WREXHAM,Championship,0.0,11,tackles,tackles,WREXHAM,WREXHAM,1,bottom,Josh Windass,Championship,elite,8,8,3,2,0.0,0.0,0.0,0.0,0.0,,0.0,0.0,0.0,0.0,False,False,Josh Windass,Josh Windass,WREXHAM,WEST HAM,tackles,2.5,16.0,Below Avg,,,josh windass,True,False
Josh Windass,josh windass,WREXHAM,Championship,0.0,11,tackles,tackles,WREXHAM,WREXHAM,1,bottom,Josh Windass,Championship,elite,8,8,3,2,0.0,0.0,0.0,0.0,0.0,,0.0,0.0,0.0,0.0,False,False,Josh Windass,Josh Windass,WREXHAM,WEST HAM,tackles,2.5,1.0,Avg,,,josh windass,True,False
Josh Windass,josh windass,WREXHAM,Championship,0.0,11,tackles,tackles,WREXHAM,WREXHAM,1,bottom,Josh Windass,Championship,elite,8,8,3,2,0.0,0.0,0.0,0.0,0.0,,0.0,0.0,0.0,0.0,False,False,Josh Windass,Josh Windass,WREXHAM,WEST HAM,tackles,1.5,16.0,Below Avg,,,josh windass,True,False
Josh Windass,josh windass,WREXHAM,Championship,0.0,11,tackles,tackles,WREXHAM,WREXHAM,1,bottom,Josh Windass,Championship,elite,8,8,3,2,0.0,0.0,0.0,0.0,0.0,,0.0,0.0,0.0,0.0,False,False,Josh Windass,Josh Windass,WREXHAM,WEST HAM,tackles,1.5,1.0,Avg,,,josh windass,True,False
Josh Windass,josh windass,WREXHAM,Championship,0.0,11,tackles,tackles,WREXHAM,WREXHAM,1,bottom,Josh Windass,Championship,elite,8,8,3,2,0.0,0.0,0.0,0.0,0.0,,0.0,0.0,0.0,0.0,False,False,Josh Windass,Josh Windass,WREXHAM,WEST HAM,tackles,0.5,16.0,Below Avg,,,josh windass,True,False
Josh Windass,josh windass,WREXHAM,Championship,0.0,11,tackles,tackles,WREXHAM,WREXHAM,1,bottom,Josh Windass,Championship,elite,8,8,3,2,0.0,0.0,0.0,0.0,0.0,,0.0,0.0,0.0,0.0,False,False,Josh Windass,Josh Windass,WREXHAM,WEST HAM,tackles,0.5,1.0,Avg,,,josh windass,True,False
Max Cleworth,max cleworth,WREXHAM,Championship,0.2857142857142857,7,tackles,tackles,WREXHAM,WREXHAM,2,bottom,Max Cleworth,Championship,elite,6,6,4,0,0.16666666666666666,0.3333333333333333,0.5,,0.0,-0.8017837257372731,,0.25,,,False,False,Max Cleworth,,,,,,,,,,,True,False
Ryan Longman,ryan longman,WREXHAM,Championship,0.3333333333333333,6,tackles,tackles,WREXHAM,WREXHAM,3,bottom,Ryan Longman,Championship,elite,5,5,4,0,0.2,0.1961904761904762,-0.25476190476190474,,2.0,0.6122185621211514,,0.0,,,False,False,Ryan Longman,Ryan Longman,WREXHAM,WEST HAM,tackles,2.5,16.0,Below Avg,,,ryan longman,True,False
Ryan Longman,ryan longman,WREXHAM,Championship,0.3333333333333333,6,tackles,tackles,WREXHAM,WREXHAM,3,bottom,Ryan Longman,Championship,elite,5,5,4,0,0.2,0.1961904761904762,-0.25476190476190474,,2.0,0.6122185621211514,,0.0,,,False,False,Ryan Longman,Ryan Longman,WREXHAM,WEST HAM,tackles,2.5,1.0,Avg,,,ryan longman,True,False
Ryan Longman,ryan longman,WREXHAM,Championship,0.3333333333333333,6,tackles,tackles,WREXHAM,WREXHAM,3,bottom,Ryan Longman,Championship,elite,5,5,4,0,0.2,0.1961904761904762,-0.25476190476190474,,2.0,0.6122185621211514,,0.0,,,False,False,Ryan Longman,Ryan Longman,WREXHAM,WEST HAM,tackles,1.5,16.0,Below Avg,,,ryan longman,True,False
Ryan Longman,ryan longman,WREXHAM,Championship,0.3333333333333333,6,tackles,tackles,WREXHAM,WREXHAM,3,bottom,Ryan Longman,Championship,elite,5,5,4,0,0.2,0.1961904761904762,-0.25476190476190474,,2.0,0.6122185621211514,,0.0,,,False,False,Ryan Longman,Ryan Longman,WREXHAM,WEST HAM,tackles,1.5,1.0,Avg,,,ryan longman,True,False
Ryan Longman,ryan longman,WREXHAM,Championship,0.3333333333333333,6,tackles,tackles,WREXHAM,WREXHAM,3,bottom,Ryan Longman,Championship,elite,5,5,4,0,0.2,0.1961904761904762,-0.25476190476190474,,2.0,0.6122185621211514,,0.0,,,False,False,Ryan Longman,Ryan Longman,WREXHAM,WEST HAM,tackles,0.5,16.0,Below Avg,,,ryan longman,True,False
Ryan Longman,ryan longman,WREXHAM,Championship,0.3333333333333333,6,tackles,tackles,WREXHAM,WREXHAM,3,bottom,Ryan Longman,Championship,elite,5,5,4,0,0.2,0.1961904761904762,-0.25476190476190474,,2.0,0.6122185621211514,,0.0,,,False,False,Ryan Longman,Ryan Longman,WREXHAM,WEST HAM,tackles,0.5,1.0,Avg,,,ryan longman,True,False
Lewis O'Brien,lewis o'brien,WREXHAM,Championship,1.6,5,tackles,tackles,WREXHAM,WREXHAM,1,top,Lewis O'Brien,Championship,elite,5,5,4,0,0.8,0.7471428571428571,0.8714285714285714,,0.25,0.1989697299028176,,0.75,,,False,False,Lewis O'Brien,Lewis O'Brien,WREXHAM,WEST HAM,tackles,2.5,16.0,Below Avg,,,lewis o'brien,True,False
Lewis O'Brien,lewis o'brien,WREXHAM,Championship,1.6,5,tackles,tackles,WREXHAM,WREXHAM,1,top,Lewis O'Brien,Championship,elite,5,5,4,0,0.8,0.7471428571428571,0.8714285714285714,,0.25,0.1989697299028176,,0.75,,,False,False,Lewis O'Brien,Lewis O'Brien,WREXHAM,WEST HAM,tackles,2.5,1.0,Avg,,,lewis o'brien,True,False
Lewis O'Brien,lewis o'brien,WREXHAM,Championship,1.6,5,tackles,tackles,WREXHAM,WREXHAM,1,top,Lewis O'Brien,Championship,elite,5,5,4,0,0.8,0.7471428571428571,0.8714285714285714,,0.25,0.1989697299028176,,0.75,,,False,False,Lewis O'Brien,Lewis O'Brien,WREXHAM,WEST HAM,tackles,1.5,16.0,Below Avg,,,lewis o'brien,True,False
Lewis O'Brien,lewis o'brien,WREXHAM,Championship,1.6,5,tackles,tackles,WREXHAM,WREXHAM,1,top,Lewis O'Brien,Championship,elite,5,5,4,0,0.8,0.7471428571428571,0.8714285714285714,,0.25,0.1989697299028176,,0.75,,,False,False,Lewis O'Brien,Lewis O'Brien,WREXHAM,WEST HAM,tackles,1.5,1.0,Avg,,,lewis o'brien,True,False
Oliver Rathbone,oliver rathbone,WREXHAM,Championship,1.6,5,tackles,tackles,WREXHAM,WREXHAM,2,top,Oliver Rathbone,Championship,elite,5,5,4,0,0.6,0.6557142857142858,0.007142857142857201,,3.25,0.7203621532753433,,0.5,,,False,False,Oliver Rathbone,Oliver Rathbone,WREXHAM,WEST HAM,tackles,2.5,16.0,Below Avg,,,oliver rathbone,True,False
Oliver Rathbone,oliver rathbone,WREXHAM,Championship,1.6,5,tackles,tackles,WREXHAM,WREXHAM,2,top,Oliver Rathbone,Championship,elite,5,5,4,0,0.6,0.6557142857142858,0.007142857142857201,,3.25,0.7203621532753433,,0.5,,,False,False,Oliver Rathbone,Oliver Rathbone,WREXHAM,WEST HAM,tackles,2.5,1.0,Avg,,,oliver rathbone,True,False
Oliver Rathbone,oliver rathbone,WREXHAM,Championship,1.6,5,tackles,tackles,WREXHAM,WREXHAM,2,top,Oliver Rathbone,Championship,elite,5,5,4,0,0.6,0.6557142857142858,0.007142857142857201,,3.25,0.7203621532753433,,0.5,,,False,False,Oliver Rathbone,Oliver Rathbone,WREXHAM,WEST HAM,tackles,1.5,16.0,Below Avg,,,oliver rathbone,True,False
Oliver Rathbone,oliver rathbone,WREXHAM,Championship,1.6,5,tackles,tackles,WREXHAM,WREXHAM,2,top,Oliver Rathbone,Championship,elite,5,5,4,0,0.6,0.6557142857142858,0.007142857142857201,,3.25,0.7203621532753433,,0.5,,,False,False,Oliver Rathbone,Oliver Rathbone,WREXHAM,WEST HAM,tackles,1.5,1.0,Avg,,,oliver rathbone,True,False
Callum Doyle,callum doyle,WREXHAM,Championship,1.4,5,tackles,tackles,WREXHAM,WREXHAM,3,top,Callum Doyle,Championship,elite,5,5,4,0,0.4,-0.36428571428571427,-0.7678571428571428,,1.25,0.6306760464635517,,0.25,,,False,True,Callum Doyle,Callum Doyle,WREXHAM,WEST HAM,tackles,2.5,16.0,Below Avg,,,callum doyle,True,False
Callum Doyle,callum doyle,WREXHAM,Championship,1.4,5,tackles,tackles,WREXHAM,WREXHAM,3,top,Callum Doyle,Championship,elite,5,5,4,0,0.4,-0.36428571428571427,-0.7678571428571428,,1.25,0.6306760464635517,,0.25,,,False,True,Callum Doyle,Callum Doyle,WREXHAM,WEST HAM,tackles,2.5,1.0,Avg,,,callum doyle,True,False
Callum Doyle,callum doyle,WREXHAM,Championship,1.4,5,tackles,tackles,WREXHAM,WREXHAM,3,top,Callum Doyle,Championship,elite,5,5,4,0,0.4,-0.36428571428571427,-0.7678571428571428,,1.25,0.6306760464635517,,0.25,,,False,True,Callum Doyle,Callum Doyle,WREXHAM,WEST HAM,tackles,1.5,16.0,Below Avg,,,callum doyle,True,False
Callum Doyle,callum doyle,WREXHAM,Championship,1.4,5,tackles,tackles,WREXHAM,WREXHAM,3,top,Callum Doyle,Championship,elite,5,5,4,0,0.4,-0.36428571428571427,-0.7678571428571428,,1.25,0.6306760464635517,,0.25,,,False,True,Callum Doyle,Callum Doyle,WREXHAM,WEST HAM,tackles,1.5,1.0,Avg,,,callum doyle,True,False
